date,PRECTOTCORR,T2M,T2M_MAX,T2M_MIN,RH2M,WS10M,city
2018-01-01,0.0,19.98,26.26,14.46,73.07,1.48,Bengaluru
2018-01-02,0.0,20.0,26.4,13.28,74.26,2.03,Bengaluru
2018-01-03,0.0,20.18,26.81,14.56,73.81,2.1,Bengaluru
2018-01-04,0.0,19.48,26.71,14.02,75.11,2.93,Bengaluru
2018-01-05,0.0,18.11,26.05,12.17,71.16,2.93,Bengaluru
2018-01-06,0.0,17.38,25.55,10.82,68.3,2.45,Bengaluru
2018-01-07,0.0,17.64,25.54,11.69,64.28,2.53,Bengaluru
2018-01-08,0.0,17.29,25.73,10.17,69.5,3.4,Bengaluru
2018-01-09,0.0,19.01,25.83,12.99,75.96,3.71,Bengaluru
2018-01-10,0.0,20.94,27.69,15.54,79.14,4.3,Bengaluru
2018-01-11,0.0,22.02,28.56,16.54,78.5,3.45,Bengaluru
2018-01-12,0.0,21.99,29.21,16.33,72.87,3.51,Bengaluru
2018-01-13,0.0,20.57,28.18,15.32,71.2,3.13,Bengaluru
2018-01-14,0.0,20.2,29.21,13.19,69.15,3.48,Bengaluru
2018-01-15,0.0,21.11,29.66,14.73,68.7,3.62,Bengaluru
2018-01-16,0.0,21.05,28.48,15.26,70.8,2.55,Bengaluru
2018-01-17,0.0,20.06,28.24,14.2,67.42,3.08,Bengaluru
2018-01-18,0.0,18.84,28.01,11.92,65.43,3.61,Bengaluru
2018-01-19,0.0,18.35,27.72,11.66,66.76,3.34,Bengaluru
2018-01-20,0.0,18.61,28.02,11.7,65.27,2.62,Bengaluru
2018-01-21,0.0,18.84,28.25,12.12,64.87,3.21,Bengaluru
2018-01-22,0.0,19.52,28.72,13.01,64.24,2.38,Bengaluru
2018-01-23,0.0,20.62,28.37,13.63,69.62,2.05,Bengaluru
2018-01-24,0.0,21.1,28.71,15.62,67.84,2.32,Bengaluru
2018-01-25,0.0,20.44,28.91,14.43,57.04,2.79,Bengaluru
2018-01-26,0.0,19.99,28.66,12.77,61.9,2.67,Bengaluru
2018-01-27,0.0,20.24,28.55,14.11,66.14,2.36,Bengaluru
2018-01-28,0.0,20.22,29.39,13.27,61.98,2.93,Bengaluru
2018-01-29,0.0,20.11,29.54,12.22,62.19,3.72,Bengaluru
2018-01-30,0.0,19.96,29.7,12.2,61.9,3.62,Bengaluru
2018-01-31,0.0,19.81,29.63,12.3,57.64,3.44,Bengaluru
2018-02-01,0.0,19.9,30.23,11.98,46.39,3.46,Bengaluru
2018-02-02,0.0,20.0,30.64,11.97,47.66,3.22,Bengaluru
2018-02-03,0.0,19.38,30.3,10.56,51.82,3.64,Bengaluru
2018-02-04,0.0,18.78,28.98,10.66,55.39,3.28,Bengaluru
2018-02-05,0.0,20.58,31.21,11.86,53.72,3.28,Bengaluru
2018-02-06,0.0,22.64,31.76,13.91,62.7,2.77,Bengaluru
2018-02-07,3.7,21.61,25.75,18.54,80.01,2.58,Bengaluru
2018-02-08,0.58,22.2,28.22,16.18,62.74,1.57,Bengaluru
2018-02-09,1.29,22.77,28.68,16.87,68.79,1.61,Bengaluru
2018-02-10,0.0,22.02,27.95,17.13,67.04,2.71,Bengaluru
2018-02-11,0.0,22.62,30.44,16.16,64.12,3.81,Bengaluru
2018-02-12,0.0,22.73,29.72,18.09,62.15,3.53,Bengaluru
2018-02-13,0.0,21.96,29.36,17.71,63.46,3.35,Bengaluru
2018-02-14,0.0,22.05,30.26,17.12,61.38,4.44,Bengaluru
2018-02-15,0.0,19.99,25.95,15.05,65.49,4.05,Bengaluru
2018-02-16,0.0,21.28,29.99,14.32,55.86,3.47,Bengaluru
2018-02-17,0.0,21.84,31.32,15.36,56.16,2.83,Bengaluru
2018-02-18,0.0,22.13,32.63,13.51,53.24,3.23,Bengaluru
2018-02-19,0.0,21.97,32.35,13.62,53.98,3.17,Bengaluru
2018-02-20,0.0,22.39,32.32,14.54,56.38,3.64,Bengaluru
2018-02-21,0.0,22.12,31.98,13.52,52.06,4.26,Bengaluru
2018-02-22,0.0,22.62,32.43,14.57,47.27,3.64,Bengaluru
2018-02-23,0.0,22.1,32.13,13.52,47.27,4.12,Bengaluru
2018-02-24,0.0,21.67,32.23,12.47,48.04,3.79,Bengaluru
2018-02-25,0.0,22.5,32.87,14.48,50.8,4.05,Bengaluru
2018-02-26,0.0,22.87,33.26,13.59,42.32,3.48,Bengaluru
2018-02-27,0.0,23.05,33.52,13.48,40.36,4.48,Bengaluru
2018-02-28,0.0,23.69,33.88,14.98,32.5,4.61,Bengaluru
2018-03-01,0.0,23.37,33.74,13.73,38.11,4.07,Bengaluru
2018-03-02,0.0,23.95,34.4,14.6,34.72,4.36,Bengaluru
2018-03-03,0.0,24.29,35.05,15.6,29.88,3.49,Bengaluru
2018-03-04,0.0,24.27,35.0,14.85,29.78,3.75,Bengaluru
2018-03-05,0.0,24.46,35.28,14.53,28.28,3.95,Bengaluru
2018-03-06,0.0,24.5,35.73,14.12,32.64,3.68,Bengaluru
2018-03-07,0.0,24.63,35.38,14.18,36.14,4.11,Bengaluru
2018-03-08,0.0,25.12,35.46,15.6,33.59,4.28,Bengaluru
2018-03-09,0.0,25.48,35.44,16.12,36.34,4.17,Bengaluru
2018-03-10,0.0,25.87,35.03,16.8,38.2,4.4,Bengaluru
2018-03-11,0.0,25.74,34.78,16.93,39.51,5.07,Bengaluru
2018-03-12,0.0,25.48,34.28,17.09,44.21,5.33,Bengaluru
2018-03-13,0.01,25.5,34.44,17.49,55.99,4.96,Bengaluru
2018-03-14,0.03,25.5,32.7,20.31,55.75,4.05,Bengaluru
2018-03-15,2.38,25.47,30.4,21.09,56.87,1.82,Bengaluru
2018-03-16,1.67,25.06,30.81,21.24,67.08,1.34,Bengaluru
2018-03-17,16.54,24.81,31.08,18.87,67.49,2.64,Bengaluru
2018-03-18,0.13,24.61,30.31,20.07,66.79,2.64,Bengaluru
2018-03-19,0.0,25.2,34.1,19.17,53.76,3.98,Bengaluru
2018-03-20,0.0,25.7,35.1,17.8,47.74,3.53,Bengaluru
2018-03-21,0.0,26.14,34.79,17.12,48.21,2.01,Bengaluru
2018-03-22,0.0,27.52,34.1,21.16,47.38,2.27,Bengaluru
2018-03-23,0.0,27.68,35.74,21.25,40.02,3.42,Bengaluru
2018-03-24,0.02,27.94,34.92,20.97,45.99,3.54,Bengaluru
2018-03-25,0.0,27.99,36.52,20.65,42.85,4.84,Bengaluru
2018-03-26,0.0,27.48,36.71,18.71,38.43,4.51,Bengaluru
2018-03-27,0.0,27.7,37.34,18.87,36.82,2.55,Bengaluru
2018-03-28,0.0,28.67,36.43,21.33,45.66,2.37,Bengaluru
2018-03-29,0.0,28.7,34.13,21.66,43.57,1.62,Bengaluru
2018-03-30,1.19,29.18,35.38,22.98,44.51,1.8,Bengaluru
2018-03-31,0.14,27.37,32.73,23.27,54.25,2.62,Bengaluru
2018-04-01,0.0,28.54,36.13,20.33,47.31,2.49,Bengaluru
2018-04-02,1.37,28.45,35.19,22.47,46.97,3.66,Bengaluru
2018-04-03,1.4,28.83,36.58,21.05,44.32,3.31,Bengaluru
2018-04-04,0.0,28.76,36.78,20.68,42.24,3.98,Bengaluru
2018-04-05,0.0,27.88,36.1,19.85,46.54,4.47,Bengaluru
2018-04-06,0.0,27.24,34.98,20.47,43.98,3.23,Bengaluru
2018-04-07,0.0,28.27,36.66,19.87,42.38,3.96,Bengaluru
2018-04-08,0.01,27.71,36.02,19.55,48.48,4.85,Bengaluru
2018-04-09,0.06,27.59,35.68,19.48,48.21,4.4,Bengaluru
2018-04-10,0.0,28.07,35.93,20.51,47.09,4.23,Bengaluru
2018-04-11,0.01,28.42,35.36,21.36,48.24,2.77,Bengaluru
2018-04-12,0.0,29.18,36.64,22.1,47.71,3.72,Bengaluru
2018-04-13,0.0,29.05,35.74,21.96,47.7,4.07,Bengaluru
2018-04-14,0.05,29.82,37.72,22.03,45.86,3.97,Bengaluru
2018-04-15,0.01,29.82,37.69,22.67,49.53,4.5,Bengaluru
2018-04-16,1.86,30.18,37.65,23.09,46.64,3.58,Bengaluru
2018-04-17,0.0,30.16,38.49,22.47,44.6,4.09,Bengaluru
2018-04-18,0.0,30.42,38.44,22.23,39.46,3.67,Bengaluru
2018-04-19,0.14,29.69,35.6,23.1,44.83,2.48,Bengaluru
2018-04-20,5.29,28.74,33.79,23.8,48.25,2.6,Bengaluru
2018-04-21,2.78,28.12,35.08,21.9,57.28,2.29,Bengaluru
2018-04-22,6.28,28.72,35.56,22.53,54.28,3.19,Bengaluru
2018-04-23,0.76,28.66,35.07,23.33,56.21,2.49,Bengaluru
2018-04-24,1.14,28.3,34.83,23.43,50.88,2.32,Bengaluru
2018-04-25,4.8,28.19,35.14,20.94,56.17,2.46,Bengaluru
2018-04-26,0.67,28.53,35.61,21.74,53.52,2.65,Bengaluru
2018-04-27,0.29,28.33,35.45,21.8,51.97,3.75,Bengaluru
2018-04-28,0.0,28.73,36.97,22.05,51.78,4.03,Bengaluru
2018-04-29,0.01,30.44,38.2,23.12,44.33,2.28,Bengaluru
2018-04-30,2.95,29.48,37.04,24.23,50.63,3.44,Bengaluru
2018-05-01,7.9,28.7,36.1,22.2,59.75,2.62,Bengaluru
2018-05-02,0.6,28.58,35.24,22.72,59.96,2.3,Bengaluru
2018-05-03,19.53,28.42,35.96,23.45,61.41,2.72,Bengaluru
2018-05-04,5.5,26.69,33.07,22.59,66.49,3.12,Bengaluru
2018-05-05,0.02,27.15,34.62,20.32,59.41,3.37,Bengaluru
2018-05-06,0.02,27.78,36.19,20.36,58.69,3.3,Bengaluru
2018-05-07,0.03,27.79,35.01,21.17,61.24,3.32,Bengaluru
2018-05-08,3.05,26.59,32.57,22.42,65.77,2.92,Bengaluru
2018-05-09,2.43,25.2,29.97,21.22,70.73,2.87,Bengaluru
2018-05-10,13.27,25.65,31.5,21.06,68.37,1.91,Bengaluru
2018-05-11,14.92,25.83,32.16,20.64,72.99,2.12,Bengaluru
2018-05-12,0.6,26.13,31.71,21.13,70.97,1.94,Bengaluru
2018-05-13,13.39,26.31,31.51,21.71,68.36,1.93,Bengaluru
2018-05-14,2.44,23.97,26.89,21.53,76.81,2.11,Bengaluru
2018-05-15,2.69,25.28,32.11,19.81,63.8,2.77,Bengaluru
2018-05-16,2.89,26.08,33.29,19.29,62.31,1.96,Bengaluru
2018-05-17,3.01,26.78,33.04,20.67,65.0,1.81,Bengaluru
2018-05-18,4.5,25.43,31.01,21.2,73.14,2.88,Bengaluru
2018-05-19,8.01,26.77,33.15,20.91,66.72,1.95,Bengaluru
2018-05-20,5.86,26.61,32.31,21.34,69.62,2.52,Bengaluru
2018-05-21,5.37,26.33,32.06,20.83,68.48,2.06,Bengaluru
2018-05-22,2.22,26.23,32.28,21.37,69.7,2.45,Bengaluru
2018-05-23,3.04,27.64,34.12,21.08,61.35,1.65,Bengaluru
2018-05-24,2.05,26.68,32.6,21.42,68.51,3.2,Bengaluru
2018-05-25,16.54,25.62,30.38,21.51,75.11,3.18,Bengaluru
2018-05-26,1.54,25.86,32.01,21.3,72.9,2.89,Bengaluru
2018-05-27,2.35,25.65,31.14,21.16,73.88,3.53,Bengaluru
2018-05-28,0.03,26.11,31.03,21.57,71.66,2.02,Bengaluru
2018-05-29,0.42,26.12,32.14,20.93,72.09,4.5,Bengaluru
2018-05-30,9.07,25.63,29.57,22.04,78.73,3.32,Bengaluru
2018-05-31,1.59,25.95,30.19,22.04,78.29,2.24,Bengaluru
2018-06-01,7.46,24.99,29.11,22.2,81.1,2.01,Bengaluru
2018-06-02,8.45,25.28,30.01,21.03,74.37,1.58,Bengaluru
2018-06-03,2.52,24.01,28.45,21.13,82.92,3.08,Bengaluru
2018-06-04,2.11,23.81,27.3,21.74,82.82,2.98,Bengaluru
2018-06-05,0.36,24.91,30.58,20.32,72.43,4.4,Bengaluru
2018-06-06,2.83,25.06,31.45,19.99,70.47,5.14,Bengaluru
2018-06-07,5.86,23.6,28.51,20.3,79.4,6.85,Bengaluru
2018-06-08,0.72,23.42,27.12,20.69,77.87,8.34,Bengaluru
2018-06-09,0.93,23.29,27.72,19.81,76.37,9.18,Bengaluru
2018-06-10,0.68,24.24,29.41,19.15,77.86,7.98,Bengaluru
2018-06-11,0.25,24.64,28.62,21.68,79.27,7.67,Bengaluru
2018-06-12,0.01,24.65,29.03,21.58,78.68,7.22,Bengaluru
2018-06-13,0.44,24.66,28.95,21.14,78.4,6.81,Bengaluru
2018-06-14,1.04,24.46,30.37,20.6,70.04,5.89,Bengaluru
2018-06-15,3.01,24.46,31.75,19.28,69.1,5.07,Bengaluru
2018-06-16,3.58,23.55,31.05,18.21,63.8,5.92,Bengaluru
2018-06-17,1.52,23.22,30.78,17.49,67.28,6.08,Bengaluru
2018-06-18,2.16,23.15,29.69,17.98,72.61,6.38,Bengaluru
2018-06-19,0.06,23.91,28.95,20.41,77.62,6.63,Bengaluru
2018-06-20,0.0,23.95,27.8,20.59,77.89,6.49,Bengaluru
2018-06-21,0.06,24.09,29.73,20.05,75.01,6.04,Bengaluru
2018-06-22,0.06,23.4,28.6,19.21,74.32,5.78,Bengaluru
2018-06-23,4.66,23.39,29.28,18.79,77.34,5.07,Bengaluru
2018-06-24,0.45,23.21,29.18,19.06,72.03,5.75,Bengaluru
2018-06-25,0.25,22.89,28.97,18.25,70.68,5.92,Bengaluru
2018-06-26,0.57,23.17,29.62,18.34,74.39,6.85,Bengaluru
2018-06-27,6.04,23.52,28.98,20.16,78.46,6.53,Bengaluru
2018-06-28,0.29,23.44,27.95,20.21,77.71,5.95,Bengaluru
2018-06-29,0.02,23.65,29.61,19.99,73.2,4.74,Bengaluru
2018-06-30,0.25,23.83,29.63,18.72,66.08,4.13,Bengaluru
2018-07-01,4.26,24.26,30.86,19.4,68.32,3.53,Bengaluru
2018-07-02,19.78,23.7,30.57,18.84,73.49,4.87,Bengaluru
2018-07-03,4.39,22.72,26.97,19.53,77.81,4.26,Bengaluru
2018-07-04,0.03,24.05,30.6,19.2,72.97,5.41,Bengaluru
2018-07-05,0.0,24.19,30.94,19.44,71.0,6.31,Bengaluru
2018-07-06,0.29,23.52,28.58,19.76,76.58,6.04,Bengaluru
2018-07-07,0.05,22.91,27.55,20.23,78.98,5.74,Bengaluru
2018-07-08,0.39,23.33,27.09,19.82,75.7,6.46,Bengaluru
2018-07-09,0.82,23.76,28.9,19.58,75.52,6.25,Bengaluru
2018-07-10,7.28,23.26,28.54,19.51,73.86,6.43,Bengaluru
2018-07-11,5.38,23.05,27.75,19.44,79.96,7.63,Bengaluru
2018-07-12,0.34,23.79,28.98,20.11,75.65,8.52,Bengaluru
2018-07-13,1.12,23.02,27.06,20.0,79.41,7.29,Bengaluru
2018-07-14,0.41,23.41,27.11,20.31,79.0,7.45,Bengaluru
2018-07-15,0.03,24.05,29.46,20.16,74.59,8.36,Bengaluru
2018-07-16,0.32,22.78,27.28,19.99,77.77,8.56,Bengaluru
2018-07-17,0.02,23.7,29.73,19.42,74.1,8.75,Bengaluru
2018-07-18,0.0,23.76,29.43,19.59,75.14,7.35,Bengaluru
2018-07-19,0.08,24.58,30.66,20.36,74.64,7.09,Bengaluru
2018-07-20,0.01,24.17,29.78,20.89,74.61,7.95,Bengaluru
2018-07-21,0.04,23.91,28.61,20.43,75.11,7.54,Bengaluru
2018-07-22,0.01,24.76,31.19,20.19,70.41,7.46,Bengaluru
2018-07-23,5.33,24.49,30.54,20.18,73.7,6.88,Bengaluru
2018-07-24,1.39,23.98,30.18,19.6,76.85,6.3,Bengaluru
2018-07-25,0.42,24.45,30.98,19.59,74.43,6.1,Bengaluru
2018-07-26,0.56,24.85,31.8,19.92,72.1,5.83,Bengaluru
2018-07-27,0.11,24.49,30.96,19.88,72.47,6.21,Bengaluru
2018-07-28,2.26,24.58,30.79,19.69,73.18,5.75,Bengaluru
2018-07-29,0.39,24.43,29.52,20.15,74.29,5.37,Bengaluru
2018-07-30,1.09,24.27,29.96,20.05,74.92,5.21,Bengaluru
2018-07-31,2.43,23.33,27.61,20.25,79.31,5.91,Bengaluru
2018-08-01,4.54,23.59,29.16,19.36,76.81,5.85,Bengaluru
2018-08-02,0.6,24.04,30.08,19.19,73.62,5.48,Bengaluru
2018-08-03,0.5,23.42,29.61,19.1,72.98,5.97,Bengaluru
2018-08-04,0.02,23.22,28.86,19.07,75.12,5.87,Bengaluru
2018-08-05,0.02,24.21,30.58,19.9,71.19,6.37,Bengaluru
2018-08-06,3.72,23.9,30.35,19.41,71.98,7.45,Bengaluru
2018-08-07,0.82,22.86,28.19,19.17,75.97,7.43,Bengaluru
2018-08-08,2.07,23.63,30.06,19.72,75.63,6.87,Bengaluru
2018-08-09,0.42,23.81,30.2,19.72,73.59,6.68,Bengaluru
2018-08-10,1.02,22.83,27.76,19.43,78.16,5.86,Bengaluru
2018-08-11,0.78,23.45,29.52,19.23,74.99,7.79,Bengaluru
2018-08-12,1.21,22.24,26.84,19.42,78.69,7.63,Bengaluru
2018-08-13,0.34,22.97,29.24,18.19,71.62,8.56,Bengaluru
2018-08-14,6.11,22.57,27.55,18.9,81.91,7.55,Bengaluru
2018-08-15,7.61,23.29,27.55,20.95,83.4,6.89,Bengaluru
2018-08-16,0.23,23.46,28.38,20.52,76.91,8.89,Bengaluru
2018-08-17,0.01,24.51,30.78,20.44,71.87,8.94,Bengaluru
2018-08-18,0.09,24.07,30.43,19.67,72.26,7.74,Bengaluru
2018-08-19,0.0,24.59,31.37,19.44,69.7,7.49,Bengaluru
2018-08-20,0.06,23.87,29.97,19.1,71.55,7.58,Bengaluru
2018-08-21,0.14,24.46,31.69,19.34,69.62,6.89,Bengaluru
2018-08-22,0.04,24.15,30.81,18.83,69.13,6.01,Bengaluru
2018-08-23,0.99,24.41,31.14,19.79,71.71,5.56,Bengaluru
2018-08-24,7.91,23.73,29.84,19.16,75.28,5.2,Bengaluru
2018-08-25,1.65,23.62,29.37,19.07,75.23,4.71,Bengaluru
2018-08-26,2.32,24.03,30.86,19.15,72.47,5.34,Bengaluru
2018-08-27,0.52,23.82,30.34,19.07,73.01,5.98,Bengaluru
2018-08-28,1.97,23.69,30.22,18.75,73.34,5.3,Bengaluru
2018-08-29,0.71,23.96,30.39,18.96,72.7,5.06,Bengaluru
2018-08-30,7.2,24.49,31.55,19.1,72.65,5.06,Bengaluru
2018-08-31,0.81,24.46,31.4,19.47,71.66,5.31,Bengaluru
2018-09-01,0.01,23.91,29.51,19.39,72.74,3.71,Bengaluru
2018-09-02,0.0,24.95,31.97,19.16,66.87,4.33,Bengaluru
2018-09-03,0.0,23.22,28.52,18.95,69.67,3.67,Bengaluru
2018-09-04,0.15,24.93,32.47,18.76,65.54,3.93,Bengaluru
2018-09-05,0.08,24.05,29.91,19.17,67.84,4.4,Bengaluru
2018-09-06,0.0,24.44,31.63,18.57,66.49,5.19,Bengaluru
2018-09-07,0.0,24.33,31.69,18.19,66.33,5.22,Bengaluru
2018-09-08,0.0,24.73,32.08,18.55,65.75,4.58,Bengaluru
2018-09-09,3.91,25.37,31.95,18.74,66.03,2.09,Bengaluru
2018-09-10,1.47,24.91,31.62,18.6,69.43,1.88,Bengaluru
2018-09-11,1.49,25.98,32.49,20.71,68.42,1.56,Bengaluru
2018-09-12,8.93,24.05,28.87,21.45,75.29,2.55,Bengaluru
2018-09-13,2.31,25.91,33.3,17.94,62.4,2.05,Bengaluru
2018-09-14,11.59,25.77,32.91,18.9,63.7,1.5,Bengaluru
2018-09-15,14.1,24.67,30.24,20.31,74.0,2.07,Bengaluru
2018-09-16,18.93,23.88,28.54,20.28,80.16,2.88,Bengaluru
2018-09-17,9.52,23.21,28.46,19.85,79.95,4.31,Bengaluru
2018-09-18,2.88,23.66,29.72,19.15,75.89,4.25,Bengaluru
2018-09-19,0.04,22.71,27.81,18.85,73.37,4.97,Bengaluru
2018-09-20,5.8,22.96,29.56,17.95,76.54,3.78,Bengaluru
2018-09-21,0.96,23.09,27.93,19.09,78.94,3.74,Bengaluru
2018-09-22,0.65,23.84,31.76,17.02,67.34,3.07,Bengaluru
2018-09-23,7.81,24.19,30.21,18.84,75.87,1.48,Bengaluru
2018-09-24,8.35,23.46,26.91,20.65,82.35,1.8,Bengaluru
2018-09-25,1.05,24.35,30.14,19.26,77.37,1.49,Bengaluru
2018-09-26,8.78,24.22,29.85,19.94,79.58,2.56,Bengaluru
2018-09-27,1.65,24.59,30.68,19.55,75.41,2.43,Bengaluru
2018-09-28,2.1,24.33,30.12,19.89,78.52,2.65,Bengaluru
2018-09-29,0.38,24.83,30.73,19.91,74.97,3.26,Bengaluru
2018-09-30,0.25,25.49,32.32,19.99,72.01,3.11,Bengaluru
2018-10-01,0.21,25.23,32.03,20.01,72.35,3.87,Bengaluru
2018-10-02,0.06,25.07,31.23,20.21,71.94,3.21,Bengaluru
2018-10-03,6.57,24.39,31.56,19.51,75.13,3.08,Bengaluru
2018-10-04,7.83,23.2,28.4,20.07,79.07,3.91,Bengaluru
2018-10-05,6.95,22.72,27.06,19.48,82.44,4.52,Bengaluru
2018-10-06,5.33,23.09,28.26,19.62,82.04,4.34,Bengaluru
2018-10-07,0.2,23.9,30.05,18.99,76.06,3.04,Bengaluru
2018-10-08,4.8,24.36,30.65,20.06,70.86,2.55,Bengaluru
2018-10-09,2.2,23.59,29.09,18.65,73.44,2.21,Bengaluru
2018-10-10,0.01,23.28,30.35,17.93,62.06,3.45,Bengaluru
2018-10-11,0.0,24.08,31.75,15.67,50.49,2.61,Bengaluru
2018-10-12,0.0,24.14,31.69,17.64,66.05,2.67,Bengaluru
2018-10-13,0.53,25.29,32.43,19.1,59.17,1.09,Bengaluru
2018-10-14,7.03,24.53,30.41,19.5,74.67,1.33,Bengaluru
2018-10-15,1.71,23.98,28.56,20.97,79.33,1.88,Bengaluru
2018-10-16,2.55,23.61,28.76,19.53,79.63,2.23,Bengaluru
2018-10-17,14.46,22.26,25.71,20.09,83.48,2.04,Bengaluru
2018-10-18,1.7,22.49,27.32,18.12,78.33,1.22,Bengaluru
2018-10-19,0.15,23.25,29.04,18.79,76.3,2.23,Bengaluru
2018-10-20,0.0,23.01,30.11,17.46,65.69,2.89,Bengaluru
2018-10-21,0.05,23.55,30.92,17.46,68.88,2.85,Bengaluru
2018-10-22,0.01,22.68,30.94,16.26,61.35,3.35,Bengaluru
2018-10-23,0.0,22.87,31.52,16.18,61.66,3.26,Bengaluru
2018-10-24,0.0,22.59,30.98,15.62,64.41,3.51,Bengaluru
2018-10-25,0.0,22.83,31.47,14.64,64.74,4.29,Bengaluru
2018-10-26,0.0,23.14,31.16,16.52,66.57,4.38,Bengaluru
2018-10-27,0.0,22.76,31.11,16.84,61.97,4.01,Bengaluru
2018-10-28,0.0,21.98,30.72,15.04,60.78,4.41,Bengaluru
2018-10-29,0.0,21.74,31.05,14.77,49.63,3.73,Bengaluru
2018-10-30,0.0,22.37,31.78,14.43,52.88,3.27,Bengaluru
2018-10-31,0.01,23.83,32.06,16.65,69.78,3.92,Bengaluru
2018-11-01,0.09,24.09,31.12,19.44,73.04,3.91,Bengaluru
2018-11-02,1.6,23.15,29.66,19.44,77.86,4.04,Bengaluru
2018-11-03,1.13,23.5,30.46,19.16,76.73,4.43,Bengaluru
2018-11-04,0.29,23.91,32.01,17.96,72.03,4.42,Bengaluru
2018-11-05,0.0,24.39,32.02,19.07,65.66,4.46,Bengaluru
2018-11-06,0.0,22.87,28.55,17.94,68.37,3.35,Bengaluru
2018-11-07,0.0,22.57,31.77,15.99,58.65,3.88,Bengaluru
2018-11-08,0.0,22.51,31.93,13.09,59.15,3.63,Bengaluru
2018-11-09,0.0,23.31,31.99,16.64,62.15,3.82,Bengaluru
2018-11-10,0.0,22.85,31.72,16.55,61.87,3.13,Bengaluru
2018-11-11,0.0,22.56,31.35,16.15,60.55,3.01,Bengaluru
2018-11-12,0.0,22.17,31.2,15.74,52.5,3.15,Bengaluru
2018-11-13,0.0,21.75,31.24,15.83,40.71,2.68,Bengaluru
2018-11-14,0.0,21.98,32.02,14.68,37.35,2.64,Bengaluru
2018-11-15,1.03,22.24,30.52,14.38,61.92,4.39,Bengaluru
2018-11-16,0.56,22.9,28.1,19.4,78.38,5.29,Bengaluru
2018-11-17,0.05,24.09,30.68,19.24,71.72,3.17,Bengaluru
2018-11-18,0.09,24.72,31.81,19.66,70.78,3.06,Bengaluru
2018-11-19,0.01,25.16,32.74,19.66,66.15,3.72,Bengaluru
2018-11-20,0.0,24.08,31.06,19.02,66.14,4.37,Bengaluru
2018-11-21,2.66,21.32,26.49,17.68,78.8,5.03,Bengaluru
2018-11-22,5.55,21.72,27.27,18.81,81.47,5.03,Bengaluru
2018-11-23,9.89,22.68,28.7,18.93,81.55,3.99,Bengaluru
2018-11-24,0.3,23.58,31.02,18.41,70.01,3.43,Bengaluru
2018-11-25,0.0,23.5,31.48,18.4,67.52,3.03,Bengaluru
2018-11-26,0.0,22.22,30.94,16.39,64.59,3.4,Bengaluru
2018-11-27,0.0,20.43,29.2,14.55,63.92,3.52,Bengaluru
2018-11-28,0.0,21.0,30.14,13.92,67.27,3.97,Bengaluru
2018-11-29,0.2,22.45,30.3,16.21,71.51,3.78,Bengaluru
2018-11-30,0.01,22.78,31.1,17.01,67.0,3.24,Bengaluru
2018-12-01,0.0,22.0,30.52,16.35,64.51,3.32,Bengaluru
2018-12-02,0.0,21.66,30.16,15.42,65.63,3.43,Bengaluru
2018-12-03,0.0,22.72,30.84,17.02,65.92,3.88,Bengaluru
2018-12-04,2.43,21.18,25.4,17.29,82.9,2.93,Bengaluru
2018-12-05,0.76,23.11,29.8,18.36,76.96,1.86,Bengaluru
2018-12-06,0.03,24.41,31.69,19.6,66.24,3.37,Bengaluru
2018-12-07,0.0,23.73,31.44,18.38,65.33,3.86,Bengaluru
2018-12-08,0.0,23.43,30.81,17.69,67.43,4.18,Bengaluru
2018-12-09,0.0,23.18,31.22,16.98,63.51,3.71,Bengaluru
2018-12-10,0.0,23.51,31.3,17.38,63.67,2.29,Bengaluru
2018-12-11,0.0,23.26,31.79,16.13,62.18,2.65,Bengaluru
2018-12-12,0.0,23.6,31.54,17.39,61.74,2.0,Bengaluru
2018-12-13,0.0,23.47,31.09,17.57,62.48,2.6,Bengaluru
2018-12-14,0.0,23.17,30.54,16.59,57.02,3.87,Bengaluru
2018-12-15,0.0,21.94,29.69,16.13,62.83,5.19,Bengaluru
2018-12-16,0.0,20.43,27.14,15.56,62.34,4.45,Bengaluru
2018-12-17,0.0,21.07,30.4,13.38,53.66,3.77,Bengaluru
2018-12-18,0.0,20.96,30.5,12.72,41.97,3.27,Bengaluru
2018-12-19,0.0,19.26,26.08,13.02,62.05,2.32,Bengaluru
2018-12-20,0.0,21.6,30.28,14.33,60.99,2.62,Bengaluru
2018-12-21,0.0,23.34,31.63,16.45,61.32,2.44,Bengaluru
2018-12-22,0.0,23.87,32.18,16.58,61.12,3.52,Bengaluru
2018-12-23,0.01,24.33,31.81,18.39,63.69,4.09,Bengaluru
2018-12-24,0.0,24.54,32.17,18.76,59.08,3.58,Bengaluru
2018-12-25,0.0,24.17,32.71,17.5,56.54,3.32,Bengaluru
2018-12-26,0.0,23.86,32.97,16.54,54.42,2.4,Bengaluru
2018-12-27,0.0,23.88,31.8,16.72,54.58,2.64,Bengaluru
2018-12-28,1.13,22.97,29.51,16.38,57.72,2.34,Bengaluru
2018-12-29,0.42,22.65,30.86,16.63,56.31,3.84,Bengaluru
2018-12-30,0.0,20.91,29.74,14.78,57.29,4.08,Bengaluru
2018-12-31,0.0,20.9,29.67,14.95,52.87,3.87,Bengaluru
2019-01-01,0.0,19.39,30.31,10.27,47.59,3.79,Bengaluru
2019-01-02,0.0,19.22,30.3,9.86,49.99,4.26,Bengaluru
2019-01-03,0.0,19.63,30.61,11.18,49.04,4.09,Bengaluru
2019-01-04,0.0,19.57,29.92,10.35,51.83,4.66,Bengaluru
2019-01-05,0.0,19.89,31.27,10.88,52.66,3.56,Bengaluru
2019-01-06,0.0,20.9,32.42,12.72,52.72,3.16,Bengaluru
2019-01-07,0.0,21.08,32.0,13.21,51.33,3.56,Bengaluru
2019-01-08,0.0,21.1,31.52,13.02,45.71,3.38,Bengaluru
2019-01-09,0.0,21.1,32.38,12.33,45.27,3.51,Bengaluru
2019-01-10,0.0,21.26,32.62,12.85,49.96,3.46,Bengaluru
2019-01-11,0.0,21.44,32.37,13.49,51.42,2.82,Bengaluru
2019-01-12,0.0,21.56,31.88,14.03,53.2,3.41,Bengaluru
2019-01-13,0.0,21.27,32.15,12.56,46.41,3.03,Bengaluru
2019-01-14,0.0,20.96,31.56,11.85,46.86,3.41,Bengaluru
2019-01-15,0.0,20.81,31.53,11.4,40.55,4.11,Bengaluru
2019-01-16,0.0,21.07,31.58,11.99,49.88,3.85,Bengaluru
2019-01-17,0.0,21.62,31.51,14.25,54.83,3.88,Bengaluru
2019-01-18,0.0,21.4,31.34,13.67,54.26,4.06,Bengaluru
2019-01-19,0.0,21.18,31.68,13.33,48.29,4.04,Bengaluru
2019-01-20,0.0,20.87,32.0,12.18,46.93,3.86,Bengaluru
2019-01-21,0.0,21.09,32.45,11.1,46.58,3.7,Bengaluru
2019-01-22,0.0,21.51,32.08,13.57,49.54,2.1,Bengaluru
2019-01-23,0.0,22.62,31.98,15.47,54.38,2.37,Bengaluru
2019-01-24,0.0,23.27,31.95,16.5,54.09,3.05,Bengaluru
2019-01-25,0.0,24.02,31.85,17.33,57.45,4.0,Bengaluru
2019-01-26,0.0,24.74,31.51,18.9,59.07,3.49,Bengaluru
2019-01-27,0.67,23.85,30.46,19.2,64.32,3.5,Bengaluru
2019-01-28,8.05,23.08,30.53,18.85,66.06,3.18,Bengaluru
2019-01-29,1.81,21.44,27.89,17.12,67.19,3.79,Bengaluru
2019-01-30,0.0,21.44,29.68,15.8,59.51,3.69,Bengaluru
2019-01-31,0.0,20.89,30.28,13.11,55.22,3.88,Bengaluru
2019-02-01,0.0,21.46,30.05,15.03,58.57,3.28,Bengaluru
2019-02-02,0.0,22.51,30.98,15.71,55.15,3.28,Bengaluru
2019-02-03,0.0,23.25,31.79,15.99,55.21,3.3,Bengaluru
2019-02-04,0.0,24.19,32.95,16.98,54.52,4.25,Bengaluru
2019-02-05,0.0,23.45,31.49,16.44,54.81,3.87,Bengaluru
2019-02-06,0.0,24.28,33.26,15.51,48.04,3.31,Bengaluru
2019-02-07,0.0,25.01,33.67,16.6,51.73,3.68,Bengaluru
2019-02-08,0.0,25.99,34.06,17.8,51.21,2.55,Bengaluru
2019-02-09,5.85,25.92,32.92,19.99,55.73,2.54,Bengaluru
2019-02-10,11.56,22.89,26.94,20.59,77.58,3.12,Bengaluru
2019-02-11,0.02,23.8,30.34,18.82,66.81,5.1,Bengaluru
2019-02-12,0.0,23.04,31.55,16.36,60.17,5.46,Bengaluru
2019-02-13,0.0,22.92,32.0,15.59,58.2,4.65,Bengaluru
2019-02-14,0.0,23.71,32.55,14.37,57.93,4.31,Bengaluru
2019-02-15,0.0,24.88,32.77,17.09,58.93,2.29,Bengaluru
2019-02-16,0.0,25.62,32.95,18.91,55.77,2.69,Bengaluru
2019-02-17,0.0,25.73,33.75,19.12,49.13,2.99,Bengaluru
2019-02-18,0.0,25.46,34.78,17.63,35.37,1.94,Bengaluru
2019-02-19,0.01,27.0,34.82,20.03,55.5,4.31,Bengaluru
2019-02-20,0.0,26.0,34.81,19.42,52.57,5.11,Bengaluru
2019-02-21,0.0,24.59,33.48,17.12,50.06,4.95,Bengaluru
2019-02-22,0.0,24.11,34.57,14.7,38.78,4.98,Bengaluru
2019-02-23,0.0,24.77,35.53,15.43,29.76,4.86,Bengaluru
2019-02-24,0.0,25.2,35.67,15.47,32.28,4.69,Bengaluru
2019-02-25,0.0,25.26,36.24,14.85,32.77,3.13,Bengaluru
2019-02-26,0.0,25.89,35.48,15.75,37.6,2.55,Bengaluru
2019-02-27,0.0,27.58,35.77,18.98,44.95,2.73,Bengaluru
2019-02-28,0.0,27.18,34.86,21.42,37.1,2.72,Bengaluru
2019-03-01,0.01,28.17,36.12,20.07,49.33,2.95,Bengaluru
2019-03-02,0.08,27.78,35.28,21.68,51.76,4.54,Bengaluru
2019-03-03,0.0,27.36,34.43,20.14,50.39,2.8,Bengaluru
2019-03-04,0.0,28.5,36.16,19.82,45.33,2.69,Bengaluru
2019-03-05,0.0,30.15,37.03,22.14,34.61,2.13,Bengaluru
2019-03-06,0.0,29.71,37.19,22.12,29.14,2.33,Bengaluru
2019-03-07,0.0,29.69,38.97,21.89,23.99,2.23,Bengaluru
2019-03-08,0.0,29.33,37.49,21.65,34.2,2.55,Bengaluru
2019-03-09,0.01,29.17,35.57,22.17,44.65,3.71,Bengaluru
2019-03-10,0.0,29.63,36.49,22.51,42.87,3.63,Bengaluru
2019-03-11,0.0,28.86,36.35,22.83,38.47,4.69,Bengaluru
2019-03-12,0.0,27.44,35.99,19.35,36.17,4.25,Bengaluru
2019-03-13,0.0,26.95,35.76,18.5,30.31,4.96,Bengaluru
2019-03-14,0.0,27.01,36.21,18.06,29.49,5.09,Bengaluru
2019-03-15,0.0,27.0,36.04,18.52,30.3,4.69,Bengaluru
2019-03-16,0.0,26.5,36.07,16.89,34.67,4.65,Bengaluru
2019-03-17,0.0,26.16,36.06,15.99,36.41,3.7,Bengaluru
2019-03-18,0.0,27.1,36.19,18.13,46.42,3.45,Bengaluru
2019-03-19,0.0,28.42,36.57,19.17,45.32,3.43,Bengaluru
2019-03-20,0.0,28.45,36.08,21.17,42.4,4.59,Bengaluru
2019-03-21,0.0,28.18,36.31,19.85,37.47,3.34,Bengaluru
2019-03-22,0.0,28.47,37.06,19.08,38.41,2.9,Bengaluru
2019-03-23,0.0,29.53,37.68,20.56,40.52,2.86,Bengaluru
2019-03-24,0.0,30.09,38.51,22.39,31.9,4.07,Bengaluru
2019-03-25,0.0,29.12,38.07,20.56,35.09,4.37,Bengaluru
2019-03-26,0.0,28.71,37.4,20.28,35.38,4.31,Bengaluru
2019-03-27,0.0,28.8,38.06,20.35,30.99,4.15,Bengaluru
2019-03-28,0.0,29.07,39.11,19.36,32.74,4.16,Bengaluru
2019-03-29,0.0,29.96,38.98,20.24,25.75,3.12,Bengaluru
2019-03-30,0.0,29.76,38.18,21.4,28.82,3.75,Bengaluru
2019-03-31,0.0,29.99,38.4,21.37,28.85,3.07,Bengaluru
2019-04-01,0.0,30.39,38.46,21.74,26.92,3.76,Bengaluru
2019-04-02,0.0,30.11,38.27,21.01,33.38,3.55,Bengaluru
2019-04-03,0.01,29.93,37.9,21.75,35.5,4.67,Bengaluru
2019-04-04,0.0,28.76,37.44,19.6,34.85,4.51,Bengaluru
2019-04-05,0.0,29.49,38.17,20.39,39.08,3.78,Bengaluru
2019-04-06,0.0,29.47,38.13,20.82,32.64,3.96,Bengaluru
2019-04-07,0.0,29.43,37.2,21.16,33.61,3.81,Bengaluru
2019-04-08,0.59,29.83,38.3,20.72,42.81,3.59,Bengaluru
2019-04-09,1.57,29.94,36.8,23.18,44.05,3.21,Bengaluru
2019-04-10,0.11,30.74,37.97,23.7,38.23,4.48,Bengaluru
2019-04-11,0.03,29.09,36.2,21.51,39.5,2.73,Bengaluru
2019-04-12,0.0,30.47,38.87,22.22,31.0,3.36,Bengaluru
2019-04-13,0.0,29.62,37.88,20.85,34.78,3.95,Bengaluru
2019-04-14,0.0,29.81,38.8,21.11,28.78,4.69,Bengaluru
2019-04-15,0.0,29.21,38.14,20.36,25.55,3.28,Bengaluru
2019-04-16,0.0,30.22,38.3,21.28,34.87,3.18,Bengaluru
2019-04-17,3.84,29.01,35.69,22.91,49.81,2.67,Bengaluru
2019-04-18,5.62,29.4,35.68,24.34,48.32,2.96,Bengaluru
2019-04-19,2.67,29.3,36.91,22.82,51.72,2.1,Bengaluru
2019-04-20,3.01,27.12,33.68,22.9,62.65,2.75,Bengaluru
2019-04-21,0.77,27.73,34.89,21.36,59.89,2.37,Bengaluru
2019-04-22,3.61,28.29,35.36,22.62,54.86,2.87,Bengaluru
2019-04-23,1.71,26.47,31.79,20.87,57.91,3.43,Bengaluru
2019-04-24,0.0,28.55,36.71,20.74,44.22,3.92,Bengaluru
2019-04-25,0.0,28.61,37.42,20.22,37.87,3.41,Bengaluru
2019-04-26,0.0,29.78,38.87,20.5,41.16,4.25,Bengaluru
2019-04-27,0.01,29.8,39.01,20.58,38.71,3.73,Bengaluru
2019-04-28,0.0,30.09,38.43,22.88,41.63,3.66,Bengaluru
2019-04-29,0.0,30.09,37.76,22.79,40.32,2.74,Bengaluru
2019-04-30,15.07,29.22,36.57,23.64,55.06,3.79,Bengaluru
2019-05-01,25.11,26.95,33.5,22.07,65.41,4.88,Bengaluru
2019-05-02,0.0,27.7,37.0,20.19,55.45,5.17,Bengaluru
2019-05-03,0.0,28.06,36.69,20.92,55.63,4.33,Bengaluru
2019-05-04,0.0,27.8,35.85,19.72,52.89,3.0,Bengaluru
2019-05-05,0.57,28.99,36.46,21.34,54.3,1.91,Bengaluru
2019-05-06,0.97,29.32,35.74,23.79,54.01,1.82,Bengaluru
2019-05-07,8.89,28.0,35.54,23.52,59.92,3.73,Bengaluru
2019-05-08,3.22,25.87,31.2,21.89,71.34,4.65,Bengaluru
2019-05-09,2.16,27.74,34.96,20.29,60.19,3.59,Bengaluru
2019-05-10,0.56,28.93,36.63,20.47,54.59,3.12,Bengaluru
2019-05-11,0.55,28.89,35.98,22.11,55.87,2.04,Bengaluru
2019-05-12,1.5,29.02,35.27,23.26,57.21,1.67,Bengaluru
2019-05-13,1.1,28.8,35.2,22.07,58.32,1.91,Bengaluru
2019-05-14,2.83,28.12,34.15,22.86,58.69,2.86,Bengaluru
2019-05-15,4.6,27.98,33.62,22.78,63.19,2.51,Bengaluru
2019-05-16,1.76,28.95,35.73,22.61,58.54,2.07,Bengaluru
2019-05-17,7.82,27.67,32.95,23.41,63.83,1.66,Bengaluru
2019-05-18,0.98,28.2,35.51,21.07,60.42,2.18,Bengaluru
2019-05-19,2.84,29.95,36.89,23.19,52.18,2.33,Bengaluru
2019-05-20,0.0,29.38,36.36,23.11,50.65,2.74,Bengaluru
2019-05-21,0.18,29.47,37.48,21.95,44.78,2.88,Bengaluru
2019-05-22,2.88,28.14,33.63,23.3,60.99,2.25,Bengaluru
2019-05-23,1.96,27.82,32.92,22.64,63.8,1.71,Bengaluru
2019-05-24,0.48,28.73,35.34,22.68,61.78,1.98,Bengaluru
2019-05-25,6.11,27.45,32.74,22.64,67.34,4.09,Bengaluru
2019-05-26,10.91,27.23,32.82,22.21,70.72,3.32,Bengaluru
2019-05-27,3.45,28.51,34.84,22.67,64.19,2.53,Bengaluru
2019-05-28,2.13,29.42,35.31,23.51,57.83,2.01,Bengaluru
2019-05-29,4.32,25.79,30.14,22.94,74.72,3.7,Bengaluru
2019-05-30,3.02,26.34,32.51,22.27,69.01,3.02,Bengaluru
2019-05-31,3.14,25.04,28.34,21.95,77.79,3.55,Bengaluru
2019-06-01,1.86,26.51,32.3,20.78,70.54,3.53,Bengaluru
2019-06-02,9.63,28.06,35.69,21.35,67.29,3.11,Bengaluru
2019-06-03,0.15,25.65,30.42,22.37,73.9,3.62,Bengaluru
2019-06-04,6.3,26.68,32.6,21.79,71.67,2.91,Bengaluru
2019-06-05,11.35,26.2,30.61,21.38,73.97,2.32,Bengaluru
2019-06-06,1.27,26.7,32.58,21.91,72.44,2.22,Bengaluru
2019-06-07,4.02,26.88,31.98,22.08,71.73,1.46,Bengaluru
2019-06-08,0.97,26.03,31.37,22.21,71.51,3.35,Bengaluru
2019-06-09,0.39,26.85,34.88,21.45,63.42,5.23,Bengaluru
2019-06-10,0.0,25.51,32.67,19.78,67.58,5.03,Bengaluru
2019-06-11,0.0,25.89,32.55,20.76,66.14,7.06,Bengaluru
2019-06-12,0.0,26.27,32.76,21.55,67.78,7.65,Bengaluru
2019-06-13,0.0,25.17,30.14,21.34,69.13,7.19,Bengaluru
2019-06-14,0.26,25.47,31.82,20.67,63.51,6.74,Bengaluru
2019-06-15,0.72,26.52,33.74,21.23,64.54,5.7,Bengaluru
2019-06-16,0.03,26.74,33.88,21.34,64.81,5.27,Bengaluru
2019-06-17,0.0,26.15,31.99,21.22,65.73,5.52,Bengaluru
2019-06-18,0.08,26.41,33.06,20.95,65.7,5.0,Bengaluru
2019-06-19,3.25,27.34,34.99,21.69,64.34,5.55,Bengaluru
2019-06-20,0.68,26.21,32.87,21.05,61.81,6.37,Bengaluru
2019-06-21,0.01,24.85,30.21,20.21,66.74,5.08,Bengaluru
2019-06-22,1.95,24.8,30.34,20.51,71.34,5.71,Bengaluru
2019-06-23,4.16,24.43,29.92,19.96,72.17,5.24,Bengaluru
2019-06-24,3.7,25.39,31.94,20.19,67.82,4.85,Bengaluru
2019-06-25,0.43,25.7,32.82,20.58,64.34,4.73,Bengaluru
2019-06-26,0.8,24.57,29.21,21.32,73.57,4.55,Bengaluru
2019-06-27,2.9,25.55,32.07,20.92,71.08,5.76,Bengaluru
2019-06-28,0.16,25.2,30.42,20.85,70.39,6.42,Bengaluru
2019-06-29,0.0,24.7,28.92,21.28,71.39,6.49,Bengaluru
2019-06-30,0.02,24.8,29.11,20.53,71.32,6.51,Bengaluru
2019-07-01,0.04,26.44,33.29,21.39,66.56,6.39,Bengaluru
2019-07-02,0.01,25.66,31.54,21.1,69.93,6.32,Bengaluru
2019-07-03,0.0,25.8,31.31,21.69,68.97,6.73,Bengaluru
2019-07-04,0.21,25.68,30.47,21.87,69.94,7.01,Bengaluru
2019-07-05,1.19,25.02,29.76,21.75,73.9,7.4,Bengaluru
2019-07-06,0.46,24.49,28.46,21.56,74.91,7.63,Bengaluru
2019-07-07,0.13,24.98,30.56,20.88,70.3,7.46,Bengaluru
2019-07-08,0.01,25.36,31.67,21.02,68.88,7.64,Bengaluru
2019-07-09,0.34,24.3,29.51,20.3,75.0,6.42,Bengaluru
2019-07-10,0.79,24.65,31.34,20.65,67.56,7.09,Bengaluru
2019-07-11,1.4,23.95,30.73,20.01,69.44,6.09,Bengaluru
2019-07-12,2.13,25.63,31.86,19.6,64.16,3.29,Bengaluru
2019-07-13,10.17,25.54,32.28,19.97,66.39,4.17,Bengaluru
2019-07-14,8.29,24.73,29.79,21.19,75.26,3.96,Bengaluru
2019-07-15,2.93,24.86,31.07,20.27,68.37,4.42,Bengaluru
2019-07-16,0.86,24.43,30.18,20.1,69.76,4.44,Bengaluru
2019-07-17,1.11,23.89,29.15,19.89,70.55,4.95,Bengaluru
2019-07-18,7.38,21.57,23.72,18.98,80.68,5.36,Bengaluru
2019-07-19,1.17,22.87,26.84,19.45,79.49,4.65,Bengaluru
2019-07-20,0.19,24.3,30.25,20.25,74.05,5.72,Bengaluru
2019-07-21,0.32,24.64,30.13,20.65,73.42,7.07,Bengaluru
2019-07-22,4.44,23.42,26.85,20.53,78.97,6.52,Bengaluru
2019-07-23,4.55,23.17,29.06,19.29,75.84,6.44,Bengaluru
2019-07-24,1.27,23.78,29.44,19.05,75.32,5.63,Bengaluru
2019-07-25,5.3,24.26,31.38,19.51,72.59,5.24,Bengaluru
2019-07-26,0.32,23.28,28.76,19.71,75.93,5.82,Bengaluru
2019-07-27,0.05,23.72,29.8,19.37,73.14,6.05,Bengaluru
2019-07-28,1.04,24.06,30.6,19.71,72.85,6.72,Bengaluru
2019-07-29,0.27,24.02,29.28,19.81,74.56,6.16,Bengaluru
2019-07-30,0.0,23.79,29.12,20.1,69.86,6.44,Bengaluru
2019-07-31,0.0,24.43,31.44,19.37,67.31,5.93,Bengaluru
2019-08-01,0.06,25.67,32.94,20.17,67.37,6.06,Bengaluru
2019-08-02,0.01,24.27,29.89,20.35,69.55,7.28,Bengaluru
2019-08-03,0.05,23.82,28.38,20.52,73.98,7.08,Bengaluru
2019-08-04,0.09,23.43,28.99,19.0,66.71,7.24,Bengaluru
2019-08-05,2.25,22.36,26.28,19.94,80.28,8.01,Bengaluru
2019-08-06,1.96,23.11,28.19,19.83,75.53,8.38,Bengaluru
2019-08-07,1.76,23.68,27.76,20.09,75.88,9.63,Bengaluru
2019-08-08,6.17,23.89,29.0,20.41,77.24,10.18,Bengaluru
2019-08-09,2.08,24.17,29.81,20.68,74.34,9.64,Bengaluru
2019-08-10,0.01,24.02,29.59,19.92,71.62,9.05,Bengaluru
2019-08-11,2.02,24.36,31.4,19.52,71.46,6.94,Bengaluru
2019-08-12,5.87,23.76,29.76,18.93,73.24,6.59,Bengaluru
2019-08-13,0.5,24.54,31.13,19.77,71.96,6.0,Bengaluru
2019-08-14,3.84,24.2,30.57,20.12,75.73,5.27,Bengaluru
2019-08-15,0.45,24.03,30.5,19.51,75.6,5.39,Bengaluru
2019-08-16,16.26,23.9,29.81,20.41,77.52,5.02,Bengaluru
2019-08-17,19.01,23.36,28.26,20.35,80.64,5.26,Bengaluru
2019-08-18,27.56,22.39,25.81,19.99,85.36,4.33,Bengaluru
2019-08-19,15.85,23.65,28.25,19.94,82.15,2.64,Bengaluru
2019-08-20,10.45,23.17,26.52,20.77,86.54,3.35,Bengaluru
2019-08-21,8.05,21.88,24.63,19.84,87.52,5.26,Bengaluru
2019-08-22,2.62,21.83,25.6,19.08,84.84,4.96,Bengaluru
2019-08-23,1.46,22.1,26.5,18.73,84.0,6.0,Bengaluru
2019-08-24,0.04,22.54,28.1,18.27,81.37,5.34,Bengaluru
2019-08-25,0.23,22.46,27.22,18.99,79.44,5.69,Bengaluru
2019-08-26,0.2,23.29,29.36,18.99,76.13,5.85,Bengaluru
2019-08-27,0.03,23.24,29.17,18.53,76.33,5.04,Bengaluru
2019-08-28,0.3,23.04,28.09,19.6,78.47,5.12,Bengaluru
2019-08-29,3.85,23.66,28.83,19.83,79.89,4.77,Bengaluru
2019-08-30,0.46,23.09,27.39,20.23,78.8,6.18,Bengaluru
2019-08-31,0.04,23.45,28.95,19.92,77.84,6.08,Bengaluru
2019-09-01,0.36,22.41,26.16,19.94,81.9,5.47,Bengaluru
2019-09-02,7.76,22.88,28.5,19.64,79.99,5.79,Bengaluru
2019-09-03,4.51,23.2,29.22,18.96,79.63,6.14,Bengaluru
2019-09-04,1.21,22.22,26.8,19.54,79.46,6.82,Bengaluru
2019-09-05,2.01,23.13,28.69,19.46,77.7,7.22,Bengaluru
2019-09-06,1.22,23.6,28.57,19.84,80.14,6.94,Bengaluru
2019-09-07,0.26,23.98,30.04,19.88,76.91,7.15,Bengaluru
2019-09-08,0.12,23.8,29.28,20.45,77.31,6.57,Bengaluru
2019-09-09,0.02,23.25,27.93,19.35,78.79,6.02,Bengaluru
2019-09-10,0.74,24.65,30.37,20.14,77.27,4.75,Bengaluru
2019-09-11,0.74,24.34,29.54,20.56,78.91,4.49,Bengaluru
2019-09-12,10.96,23.02,27.3,20.29,83.37,4.53,Bengaluru
2019-09-13,4.37,23.25,28.19,19.77,80.99,4.06,Bengaluru
2019-09-14,2.45,23.87,29.48,19.41,78.78,3.71,Bengaluru
2019-09-15,5.06,23.96,29.27,19.97,78.29,3.57,Bengaluru
2019-09-16,10.02,23.65,29.62,19.98,78.65,5.0,Bengaluru
2019-09-17,11.92,22.65,27.0,19.97,85.31,3.78,Bengaluru
2019-09-18,8.75,22.83,27.45,19.85,85.46,3.79,Bengaluru
2019-09-19,5.04,22.15,25.39,20.01,87.2,3.52,Bengaluru
2019-09-20,2.27,23.15,28.06,18.82,78.25,2.76,Bengaluru
2019-09-21,1.48,24.73,30.75,19.11,76.81,2.09,Bengaluru
2019-09-22,16.52,22.44,24.39,20.86,91.09,2.14,Bengaluru
2019-09-23,19.09,23.09,27.11,19.83,86.71,2.49,Bengaluru
2019-09-24,28.09,21.82,24.04,19.97,92.87,2.59,Bengaluru
2019-09-25,12.36,22.41,24.72,20.2,91.34,3.58,Bengaluru
2019-09-26,1.78,22.35,26.04,19.4,85.8,5.01,Bengaluru
2019-09-27,0.57,22.82,28.14,18.61,83.16,2.06,Bengaluru
2019-09-28,1.59,22.96,28.52,18.77,83.7,2.76,Bengaluru
2019-09-29,0.04,22.73,27.45,19.21,82.23,3.23,Bengaluru
2019-09-30,0.0,21.79,26.08,18.35,84.1,3.11,Bengaluru
2019-10-01,9.26,23.19,28.26,17.75,80.56,1.82,Bengaluru
2019-10-02,8.87,23.68,28.59,19.66,82.53,1.71,Bengaluru
2019-10-03,11.65,23.66,28.34,19.71,84.2,1.78,Bengaluru
2019-10-04,21.86,23.31,27.65,20.29,85.89,1.71,Bengaluru
2019-10-05,10.15,22.51,25.77,20.32,90.29,2.02,Bengaluru
2019-10-06,2.51,22.68,25.78,19.95,86.84,2.22,Bengaluru
2019-10-07,9.54,22.86,25.81,20.02,86.5,1.47,Bengaluru
2019-10-08,7.71,23.64,27.44,20.55,84.61,1.12,Bengaluru
2019-10-09,3.96,23.14,26.76,20.51,88.95,1.04,Bengaluru
2019-10-10,0.87,23.0,26.48,19.86,85.55,1.64,Bengaluru
2019-10-11,0.31,23.05,26.98,19.88,86.44,2.33,Bengaluru
2019-10-12,0.43,23.29,27.61,19.63,84.7,2.79,Bengaluru
2019-10-13,0.52,23.48,28.25,19.79,84.7,2.6,Bengaluru
2019-10-14,0.54,23.5,28.06,20.35,85.57,2.73,Bengaluru
2019-10-15,3.02,22.96,27.23,20.15,87.76,3.11,Bengaluru
2019-10-16,7.26,22.43,26.66,19.63,86.39,3.46,Bengaluru
2019-10-17,2.25,22.23,26.81,19.08,86.35,3.07,Bengaluru
2019-10-18,7.8,22.43,26.66,19.56,88.37,3.51,Bengaluru
2019-10-19,4.71,22.53,27.08,19.76,86.89,3.49,Bengaluru
2019-10-20,14.5,22.25,26.67,19.18,87.89,3.33,Bengaluru
2019-10-21,6.6,21.85,26.29,18.22,88.43,2.34,Bengaluru
2019-10-22,18.74,22.47,26.95,19.32,87.67,2.43,Bengaluru
2019-10-23,3.88,21.9,25.96,19.03,87.22,3.65,Bengaluru
2019-10-24,0.14,21.56,26.14,18.39,87.02,4.61,Bengaluru
2019-10-25,3.53,21.62,26.19,18.77,87.01,4.03,Bengaluru
2019-10-26,0.71,22.03,26.34,18.28,87.17,3.2,Bengaluru
2019-10-27,12.3,22.13,26.77,18.72,85.24,1.69,Bengaluru
2019-10-28,1.61,22.14,26.32,19.5,87.29,3.33,Bengaluru
2019-10-29,6.33,20.13,23.03,18.52,87.02,4.13,Bengaluru
2019-10-30,3.25,21.51,25.06,19.02,90.7,4.56,Bengaluru
2019-10-31,2.71,21.83,25.6,19.53,89.22,5.0,Bengaluru
2019-11-01,0.55,22.09,26.88,18.69,85.33,2.39,Bengaluru
2019-11-02,0.02,22.38,27.07,19.4,86.11,2.66,Bengaluru
2019-11-03,0.0,22.07,27.46,18.19,84.52,2.56,Bengaluru
2019-11-04,0.0,21.91,28.5,16.97,80.53,2.37,Bengaluru
2019-11-05,0.0,22.56,28.32,17.55,79.07,2.17,Bengaluru
2019-11-06,0.0,23.0,28.48,19.38,78.29,1.77,Bengaluru
2019-11-07,6.14,22.68,27.74,18.29,82.16,1.42,Bengaluru
2019-11-08,4.54,22.64,26.33,20.15,87.98,1.77,Bengaluru
2019-11-09,7.7,22.58,26.75,19.39,88.71,2.24,Bengaluru
2019-11-10,3.46,22.72,26.15,19.89,84.1,2.13,Bengaluru
2019-11-11,0.0,21.5,26.59,16.8,81.84,2.66,Bengaluru
2019-11-12,0.0,21.45,26.58,18.14,83.66,3.19,Bengaluru
2019-11-13,0.0,21.13,26.61,16.8,83.7,3.57,Bengaluru
2019-11-14,7.62,21.85,27.25,17.05,87.44,3.56,Bengaluru
2019-11-15,0.61,22.33,27.5,18.62,85.87,2.99,Bengaluru
2019-11-16,0.07,22.46,27.52,18.96,84.5,3.54,Bengaluru
2019-11-17,0.01,21.26,26.74,17.46,80.22,3.04,Bengaluru
2019-11-18,0.01,22.32,27.6,17.62,86.49,3.84,Bengaluru
2019-11-19,0.1,22.74,27.79,18.22,83.0,2.25,Bengaluru
2019-11-20,2.91,22.3,26.9,19.7,88.28,3.17,Bengaluru
2019-11-21,0.97,22.29,27.27,18.98,86.31,4.0,Bengaluru
2019-11-22,0.0,20.59,26.35,15.72,83.03,4.26,Bengaluru
2019-11-23,0.0,19.88,26.3,14.92,82.21,3.94,Bengaluru
2019-11-24,0.0,20.6,26.62,15.56,83.27,3.85,Bengaluru
2019-11-25,0.0,20.91,27.1,15.84,82.63,4.28,Bengaluru
2019-11-26,0.55,20.44,26.11,16.0,82.43,4.61,Bengaluru
2019-11-27,1.95,21.38,27.37,17.09,85.63,4.45,Bengaluru
2019-11-28,0.63,21.97,27.13,18.45,85.81,5.0,Bengaluru
2019-11-29,0.35,22.12,27.23,18.5,84.76,4.43,Bengaluru
2019-11-30,2.1,22.27,27.48,18.08,86.67,4.84,Bengaluru
2019-12-01,6.59,22.16,26.14,19.47,87.65,5.0,Bengaluru
2019-12-02,1.12,21.21,25.25,19.02,86.76,4.11,Bengaluru
2019-12-03,0.36,20.92,25.01,18.22,84.75,4.7,Bengaluru
2019-12-04,0.02,21.1,26.83,17.68,82.37,5.23,Bengaluru
2019-12-05,0.0,20.49,26.67,16.76,80.91,5.0,Bengaluru
2019-12-06,0.0,19.91,26.48,16.21,78.65,4.65,Bengaluru
2019-12-07,0.2,20.81,27.51,15.07,82.29,4.3,Bengaluru
2019-12-08,0.05,21.47,27.57,16.79,80.75,4.22,Bengaluru
2019-12-09,0.0,20.85,27.0,16.53,78.64,4.29,Bengaluru
2019-12-10,0.0,20.8,27.54,15.44,78.37,3.58,Bengaluru
2019-12-11,0.0,21.24,27.86,16.37,76.79,2.98,Bengaluru
2019-12-12,0.0,21.39,28.57,15.71,75.28,2.63,Bengaluru
2019-12-13,0.01,22.17,28.83,16.9,78.39,3.23,Bengaluru
2019-12-14,3.93,21.67,26.71,17.77,83.11,3.93,Bengaluru
2019-12-15,0.23,21.46,27.96,17.6,78.76,4.01,Bengaluru
2019-12-16,0.54,21.58,28.54,16.77,79.13,3.85,Bengaluru
2019-12-17,0.14,21.11,27.83,17.17,77.04,4.75,Bengaluru
2019-12-18,0.0,21.3,28.61,15.58,76.76,4.54,Bengaluru
2019-12-19,0.0,21.26,28.72,16.3,75.44,4.66,Bengaluru
2019-12-20,0.0,20.97,28.08,15.63,76.17,3.7,Bengaluru
2019-12-21,0.0,21.14,26.79,17.61,79.4,3.35,Bengaluru
2019-12-22,0.0,22.05,29.45,17.35,74.85,3.36,Bengaluru
2019-12-23,0.0,21.52,29.19,16.12,72.46,3.19,Bengaluru
2019-12-24,0.01,21.87,29.43,15.57,72.9,3.17,Bengaluru
2019-12-25,0.0,22.78,29.15,18.32,76.42,3.43,Bengaluru
2019-12-26,0.0,23.64,31.49,18.23,69.89,2.46,Bengaluru
2019-12-27,0.0,22.82,30.9,17.6,69.06,3.15,Bengaluru
2019-12-28,0.0,22.07,29.45,16.76,73.57,3.55,Bengaluru
2019-12-29,0.0,22.21,29.34,17.29,71.97,3.7,Bengaluru
2019-12-30,0.0,22.15,28.97,16.86,72.31,3.31,Bengaluru
2019-12-31,0.03,22.7,29.16,17.89,73.87,3.47,Bengaluru
2020-01-01,0.05,22.9,29.42,18.3,74.47,3.41,Bengaluru
2020-01-02,0.0,23.45,29.94,18.7,73.02,3.31,Bengaluru
2020-01-03,0.0,23.88,30.84,18.42,72.03,2.72,Bengaluru
2020-01-04,0.0,24.38,30.59,19.2,72.06,2.04,Bengaluru
2020-01-05,0.0,24.15,30.86,19.69,74.21,2.63,Bengaluru
2020-01-06,0.13,23.64,30.03,19.43,72.34,4.55,Bengaluru
2020-01-07,0.04,22.47,29.89,17.27,70.75,4.36,Bengaluru
2020-01-08,0.01,22.33,30.11,16.77,69.04,2.82,Bengaluru
2020-01-09,0.0,22.58,30.77,16.62,69.05,2.56,Bengaluru
2020-01-10,0.0,21.96,29.52,16.58,71.28,4.44,Bengaluru
2020-01-11,0.0,21.19,29.61,15.33,65.59,4.24,Bengaluru
2020-01-12,0.0,21.36,29.35,15.74,68.71,3.89,Bengaluru
2020-01-13,0.0,21.96,30.28,15.96,68.12,1.9,Bengaluru
2020-01-14,0.0,21.46,30.67,14.56,63.42,2.89,Bengaluru
2020-01-15,0.0,20.44,30.31,13.91,60.38,3.52,Bengaluru
2020-01-16,0.0,20.43,29.48,13.66,64.36,3.36,Bengaluru
2020-01-17,0.0,21.52,30.3,15.06,66.75,3.71,Bengaluru
2020-01-18,0.08,23.1,30.72,17.12,71.85,4.33,Bengaluru
2020-01-19,0.01,23.48,30.83,18.25,68.94,3.46,Bengaluru
2020-01-20,0.0,23.02,31.32,17.6,61.73,4.01,Bengaluru
2020-01-21,0.0,21.87,31.02,15.22,59.43,4.22,Bengaluru
2020-01-22,0.0,21.97,31.25,13.99,64.36,4.73,Bengaluru
2020-01-23,0.0,22.6,31.52,15.81,62.42,4.38,Bengaluru
2020-01-24,0.0,22.12,31.44,15.58,56.4,3.85,Bengaluru
2020-01-25,0.0,21.42,31.66,12.71,50.77,3.33,Bengaluru
2020-01-26,0.0,22.09,32.63,12.85,54.92,3.19,Bengaluru
2020-01-27,0.0,22.83,32.97,14.08,54.76,3.07,Bengaluru
2020-01-28,0.0,23.76,32.38,16.25,56.05,3.32,Bengaluru
2020-01-29,0.0,23.81,32.72,16.41,56.6,2.84,Bengaluru
2020-01-30,0.0,24.26,33.52,16.73,55.7,2.26,Bengaluru
2020-01-31,0.0,24.1,32.92,16.35,56.0,3.18,Bengaluru
2020-02-01,0.0,23.78,31.06,17.89,60.85,4.82,Bengaluru
2020-02-02,0.0,23.64,31.42,17.55,58.44,4.84,Bengaluru
2020-02-03,0.0,23.56,32.38,17.02,55.58,4.11,Bengaluru
2020-02-04,0.0,23.61,32.19,17.33,57.31,4.07,Bengaluru
2020-02-05,0.0,23.76,32.53,16.77,57.31,3.69,Bengaluru
2020-02-06,0.0,24.04,32.85,15.78,54.94,3.1,Bengaluru
2020-02-07,0.0,24.51,32.87,17.14,56.61,3.74,Bengaluru
2020-02-08,0.0,25.4,32.88,18.41,51.98,2.75,Bengaluru
2020-02-09,0.0,24.3,31.31,18.47,58.96,4.58,Bengaluru
2020-02-10,0.0,24.52,32.68,18.41,55.74,5.19,Bengaluru
2020-02-11,0.0,24.09,32.64,17.71,55.04,5.51,Bengaluru
2020-02-12,0.0,23.36,32.61,15.9,52.52,4.79,Bengaluru
2020-02-13,0.0,23.71,33.51,14.48,50.17,3.77,Bengaluru
2020-02-14,0.0,24.31,33.97,15.93,48.29,2.59,Bengaluru
2020-02-15,0.0,24.72,35.28,15.26,39.26,2.66,Bengaluru
2020-02-16,0.0,24.08,34.77,14.41,37.45,3.98,Bengaluru
2020-02-17,0.0,23.31,34.51,13.71,36.45,3.88,Bengaluru
2020-02-18,0.0,23.72,34.32,13.79,45.81,4.32,Bengaluru
2020-02-19,0.0,24.3,34.25,15.62,52.06,3.77,Bengaluru
2020-02-20,0.0,24.14,34.44,16.26,46.66,4.42,Bengaluru
2020-02-21,0.0,23.92,35.0,14.96,44.1,4.33,Bengaluru
2020-02-22,0.0,24.36,34.64,15.64,52.06,4.39,Bengaluru
2020-02-23,0.0,25.06,34.72,17.44,49.12,4.18,Bengaluru
2020-02-24,0.0,25.39,34.96,17.41,50.2,4.23,Bengaluru
2020-02-25,0.0,25.86,34.87,18.24,49.88,3.09,Bengaluru
2020-02-26,0.0,26.47,34.67,19.03,52.76,3.94,Bengaluru
2020-02-27,0.0,25.84,32.44,19.75,55.98,3.65,Bengaluru
2020-02-28,0.0,26.17,33.74,19.77,52.54,4.47,Bengaluru
2020-02-29,0.0,26.53,34.27,19.56,50.11,3.82,Bengaluru
2020-03-01,0.08,26.96,34.58,20.03,49.61,3.77,Bengaluru
2020-03-02,0.13,26.22,33.22,19.02,52.17,2.31,Bengaluru
2020-03-03,0.06,27.66,35.01,20.04,47.46,2.23,Bengaluru
2020-03-04,0.11,27.98,33.93,22.1,47.82,1.39,Bengaluru
2020-03-05,0.69,27.55,33.48,21.39,50.19,3.95,Bengaluru
2020-03-06,0.85,27.23,33.73,22.31,52.74,3.38,Bengaluru
2020-03-07,2.27,25.12,30.59,21.65,64.66,3.49,Bengaluru
2020-03-08,0.01,27.45,34.18,21.44,56.57,3.39,Bengaluru
2020-03-09,0.0,27.77,34.79,20.91,51.25,3.36,Bengaluru
2020-03-10,0.0,27.82,36.18,19.45,41.35,3.8,Bengaluru
2020-03-11,0.0,27.55,35.79,18.92,45.62,3.4,Bengaluru
2020-03-12,0.0,27.49,36.13,19.15,38.87,3.69,Bengaluru
2020-03-13,0.0,26.77,35.91,17.71,37.82,4.27,Bengaluru
2020-03-14,0.0,27.04,36.57,17.73,46.07,4.01,Bengaluru
2020-03-15,0.0,27.67,37.32,19.48,48.5,4.27,Bengaluru
2020-03-16,0.0,27.78,37.07,19.96,47.28,4.45,Bengaluru
2020-03-17,0.0,27.15,36.33,18.75,44.42,5.09,Bengaluru
2020-03-18,0.0,26.86,36.54,17.08,39.12,4.3,Bengaluru
2020-03-19,0.0,27.67,36.71,18.54,36.58,2.98,Bengaluru
2020-03-20,1.09,27.68,34.7,19.95,41.86,2.96,Bengaluru
2020-03-21,0.04,28.43,36.53,20.95,38.96,2.59,Bengaluru
2020-03-22,0.0,29.08,36.16,20.85,39.06,2.54,Bengaluru
2020-03-23,2.89,28.9,34.95,23.34,40.77,3.49,Bengaluru
2020-03-24,0.09,28.3,36.53,21.2,39.59,3.96,Bengaluru
2020-03-25,0.0,27.52,35.55,19.2,46.03,4.21,Bengaluru
2020-03-26,0.0,27.58,36.54,19.01,44.67,4.73,Bengaluru
2020-03-27,0.0,26.97,36.16,18.62,45.85,4.39,Bengaluru
2020-03-28,0.0,26.95,37.03,17.4,36.73,4.15,Bengaluru
2020-03-29,0.0,27.1,36.95,17.07,32.77,3.99,Bengaluru
2020-03-30,0.0,27.53,37.32,18.18,32.87,4.73,Bengaluru
2020-03-31,0.0,27.62,37.34,17.53,34.73,4.49,Bengaluru
2020-04-01,0.0,28.3,37.69,18.43,37.97,4.14,Bengaluru
2020-04-02,0.0,29.21,38.02,20.29,38.23,4.02,Bengaluru
2020-04-03,0.0,28.88,37.53,21.25,39.58,4.57,Bengaluru
2020-04-04,0.0,28.27,38.12,18.55,41.6,3.85,Bengaluru
2020-04-05,0.1,29.15,37.8,20.81,47.38,3.98,Bengaluru
2020-04-06,2.52,28.42,34.6,22.95,53.76,2.53,Bengaluru
2020-04-07,7.19,24.66,28.24,22.11,64.53,2.69,Bengaluru
2020-04-08,0.95,27.53,34.39,19.85,53.9,1.25,Bengaluru
2020-04-09,9.77,26.7,33.35,21.92,61.57,3.08,Bengaluru
2020-04-10,0.41,26.86,34.51,20.4,55.4,3.79,Bengaluru
2020-04-11,0.0,26.52,34.51,19.9,55.21,4.05,Bengaluru
2020-04-12,0.0,27.21,35.36,19.84,47.92,3.83,Bengaluru
2020-04-13,0.0,27.78,36.28,19.79,41.07,4.66,Bengaluru
2020-04-14,0.0,27.54,36.8,18.52,35.37,5.29,Bengaluru
2020-04-15,0.0,27.19,36.85,17.33,38.87,3.94,Bengaluru
2020-04-16,0.0,28.34,37.13,18.91,45.84,4.12,Bengaluru
2020-04-17,0.0,29.48,37.86,21.32,46.87,4.39,Bengaluru
2020-04-18,0.0,29.78,37.98,21.81,45.41,4.85,Bengaluru
2020-04-19,0.0,29.34,37.7,22.27,46.8,5.14,Bengaluru
2020-04-20,0.0,28.78,37.56,20.62,45.44,4.84,Bengaluru
2020-04-21,0.0,28.88,38.3,18.92,39.62,3.35,Bengaluru
2020-04-22,0.0,29.84,36.8,21.46,46.22,3.3,Bengaluru
2020-04-23,1.45,30.2,36.12,24.62,47.33,2.8,Bengaluru
2020-04-24,2.17,28.8,34.62,23.51,55.44,2.37,Bengaluru
2020-04-25,0.79,27.87,33.72,24.7,62.28,2.28,Bengaluru
2020-04-26,1.76,28.37,35.59,23.72,56.88,4.01,Bengaluru
2020-04-27,1.09,27.47,33.02,23.45,60.22,2.72,Bengaluru
2020-04-28,21.68,26.61,33.55,22.53,71.49,2.93,Bengaluru
2020-04-29,11.6,23.42,26.2,21.12,79.26,3.56,Bengaluru
2020-04-30,0.02,27.24,35.16,19.94,60.38,2.97,Bengaluru
2020-05-01,0.7,27.99,35.3,21.56,60.05,2.57,Bengaluru
2020-05-02,0.05,28.72,35.77,22.43,57.0,2.34,Bengaluru
2020-05-03,0.25,28.56,35.13,22.23,55.36,2.84,Bengaluru
2020-05-04,0.06,29.79,37.13,23.27,49.48,3.07,Bengaluru
2020-05-05,0.0,29.44,36.36,24.14,50.8,3.22,Bengaluru
2020-05-06,0.12,28.44,34.72,22.73,55.64,3.07,Bengaluru
2020-05-07,0.4,28.37,34.05,23.28,59.4,1.97,Bengaluru
2020-05-08,0.13,28.37,34.15,22.55,57.61,2.84,Bengaluru
2020-05-09,0.0,29.52,36.72,22.85,49.17,4.02,Bengaluru
2020-05-10,0.0,28.75,35.34,22.57,49.7,4.43,Bengaluru
2020-05-11,0.0,28.58,35.88,21.84,49.49,4.32,Bengaluru
2020-05-12,0.0,27.77,33.99,22.87,53.57,3.62,Bengaluru
2020-05-13,0.04,29.06,37.3,20.58,39.19,3.02,Bengaluru
2020-05-14,0.03,29.42,35.15,23.99,46.45,3.53,Bengaluru
2020-05-15,0.0,30.03,38.69,23.07,39.97,3.54,Bengaluru
2020-05-16,0.0,30.25,37.23,22.62,40.33,3.96,Bengaluru
2020-05-17,2.51,28.65,35.0,24.55,54.06,3.06,Bengaluru
2020-05-18,2.34,25.75,30.41,21.99,70.22,7.26,Bengaluru
2020-05-19,0.17,27.45,34.57,22.04,61.87,7.48,Bengaluru
2020-05-20,0.0,28.54,36.38,22.27,57.06,5.9,Bengaluru
2020-05-21,0.95,28.75,36.69,21.66,55.83,4.87,Bengaluru
2020-05-22,0.02,28.85,37.49,21.06,49.33,5.08,Bengaluru
2020-05-23,0.0,30.62,38.35,22.06,42.06,2.43,Bengaluru
2020-05-24,4.31,30.82,36.89,25.47,45.97,3.32,Bengaluru
2020-05-25,3.89,28.98,35.09,23.62,61.46,2.11,Bengaluru
2020-05-26,3.2,28.8,35.32,23.1,64.73,2.39,Bengaluru
2020-05-27,9.34,27.39,32.48,23.32,73.56,2.63,Bengaluru
2020-05-28,5.72,27.16,31.96,22.74,71.57,2.63,Bengaluru
2020-05-29,20.41,24.53,28.11,22.22,80.29,3.46,Bengaluru
2020-05-30,1.5,25.68,30.45,21.33,72.94,1.9,Bengaluru
2020-05-31,0.46,26.36,32.1,21.78,70.31,3.32,Bengaluru
2020-06-01,2.68,25.15,28.66,22.06,77.56,3.35,Bengaluru
2020-06-02,0.43,25.15,29.67,21.76,72.43,4.22,Bengaluru
2020-06-03,0.03,24.3,28.35,21.54,77.64,4.88,Bengaluru
2020-06-04,0.0,24.02,28.34,21.22,78.72,4.83,Bengaluru
2020-06-05,0.55,25.25,30.74,20.45,71.74,4.64,Bengaluru
2020-06-06,3.83,24.44,30.33,20.17,75.63,4.44,Bengaluru
2020-06-07,0.24,25.87,33.36,20.14,66.94,5.2,Bengaluru
2020-06-08,0.03,25.05,30.67,21.08,65.29,5.84,Bengaluru
2020-06-09,0.0,25.28,32.41,18.92,60.98,5.5,Bengaluru
2020-06-10,0.85,25.65,32.36,20.54,69.2,6.42,Bengaluru
2020-06-11,4.2,23.66,28.05,20.26,79.47,6.47,Bengaluru
2020-06-12,7.75,23.45,28.61,19.48,74.27,7.75,Bengaluru
2020-06-13,0.64,24.58,31.47,19.67,67.73,7.46,Bengaluru
2020-06-14,0.14,24.0,29.98,19.24,70.56,8.04,Bengaluru
2020-06-15,0.32,25.78,33.0,20.63,69.53,6.74,Bengaluru
2020-06-16,0.09,25.49,31.47,21.4,71.59,6.63,Bengaluru
2020-06-17,0.13,24.61,29.48,21.76,75.14,6.0,Bengaluru
2020-06-18,0.03,24.59,30.97,20.32,71.15,6.16,Bengaluru
2020-06-19,0.01,24.38,29.62,20.25,70.6,5.54,Bengaluru
2020-06-20,0.01,24.55,29.82,20.24,68.52,5.54,Bengaluru
2020-06-21,1.85,25.11,31.63,19.94,69.26,5.4,Bengaluru
2020-06-22,1.16,24.33,29.67,20.26,70.86,5.9,Bengaluru
2020-06-23,7.12,24.07,31.12,18.92,66.03,5.18,Bengaluru
2020-06-24,25.58,24.52,31.49,19.34,71.79,3.92,Bengaluru
2020-06-25,47.52,23.82,29.01,20.6,81.57,1.95,Bengaluru
2020-06-26,5.25,24.3,28.76,20.65,80.08,2.77,Bengaluru
2020-06-27,35.49,23.79,27.1,20.81,84.36,3.41,Bengaluru
2020-06-28,11.97,23.98,27.82,21.06,85.66,4.0,Bengaluru
2020-06-29,7.08,23.74,26.9,21.08,86.5,3.33,Bengaluru
2020-06-30,8.13,23.74,28.25,21.0,83.26,4.05,Bengaluru
2020-07-01,0.0,23.0,26.8,19.71,81.09,5.02,Bengaluru
2020-07-02,3.94,22.14,26.75,19.07,82.79,6.41,Bengaluru
2020-07-03,9.97,22.49,26.94,19.17,84.76,5.96,Bengaluru
2020-07-04,2.67,23.18,28.19,19.49,79.35,7.29,Bengaluru
2020-07-05,0.76,22.36,27.3,19.13,79.64,6.55,Bengaluru
2020-07-06,0.19,23.37,28.79,19.05,79.56,5.95,Bengaluru
2020-07-07,0.76,23.2,28.32,20.2,80.51,6.03,Bengaluru
2020-07-08,8.26,22.58,25.39,20.44,87.31,3.42,Bengaluru
2020-07-09,35.45,22.4,25.45,19.27,87.5,3.11,Bengaluru
2020-07-10,9.28,22.89,27.43,19.09,82.82,3.51,Bengaluru
2020-07-11,0.67,22.67,26.42,19.77,83.92,3.18,Bengaluru
2020-07-12,3.42,23.64,27.76,20.33,83.22,3.68,Bengaluru
2020-07-13,1.13,22.78,26.17,19.81,84.59,3.72,Bengaluru
2020-07-14,0.28,22.95,26.56,20.09,85.22,4.37,Bengaluru
2020-07-15,5.46,22.87,27.32,19.84,83.14,5.51,Bengaluru
2020-07-16,7.52,22.76,27.22,19.4,83.55,5.37,Bengaluru
2020-07-17,0.25,22.76,26.77,19.95,83.34,4.56,Bengaluru
2020-07-18,8.63,23.48,28.21,19.6,82.59,2.93,Bengaluru
2020-07-19,12.23,23.63,26.83,20.19,81.2,2.57,Bengaluru
2020-07-20,9.86,23.17,26.59,20.66,87.36,2.95,Bengaluru
2020-07-21,0.38,23.83,28.5,19.96,81.11,2.53,Bengaluru
2020-07-22,0.81,23.77,28.33,20.25,82.51,3.02,Bengaluru
2020-07-23,11.96,23.25,26.3,20.7,85.64,1.25,Bengaluru
2020-07-24,10.01,23.35,27.3,20.54,83.97,2.76,Bengaluru
2020-07-25,7.82,22.66,26.62,19.97,83.72,2.34,Bengaluru
2020-07-26,0.39,22.35,26.23,19.71,83.94,4.02,Bengaluru
2020-07-27,1.55,23.24,28.3,18.94,80.8,4.48,Bengaluru
2020-07-28,7.59,23.29,27.61,19.86,84.96,3.7,Bengaluru
2020-07-29,1.59,22.27,24.78,20.58,88.98,3.49,Bengaluru
2020-07-30,5.26,22.73,25.96,20.32,90.38,3.06,Bengaluru
2020-07-31,7.3,23.08,27.12,19.98,85.49,3.17,Bengaluru
2020-08-01,31.93,22.58,26.11,20.13,87.63,4.25,Bengaluru
2020-08-02,4.17,22.03,24.57,19.3,89.32,5.54,Bengaluru
2020-08-03,1.49,22.73,26.91,19.15,85.0,6.84,Bengaluru
2020-08-04,2.87,22.3,25.97,20.05,83.42,8.47,Bengaluru
2020-08-05,2.86,22.59,26.26,20.17,83.12,9.82,Bengaluru
2020-08-06,0.79,23.96,28.55,20.81,81.94,7.89,Bengaluru
2020-08-07,0.19,23.56,27.43,20.81,83.79,7.01,Bengaluru
2020-08-08,4.44,22.51,26.38,20.02,84.63,6.41,Bengaluru
2020-08-09,4.99,21.87,25.28,19.31,86.26,5.87,Bengaluru
2020-08-10,0.46,22.33,26.5,19.15,86.08,4.59,Bengaluru
2020-08-11,3.18,22.97,27.59,19.83,83.58,5.36,Bengaluru
2020-08-12,0.05,22.65,26.75,19.6,84.96,5.47,Bengaluru
2020-08-13,0.02,22.65,27.03,19.53,84.07,5.3,Bengaluru
2020-08-14,0.01,22.6,27.13,19.45,83.16,5.82,Bengaluru
2020-08-15,0.02,22.95,28.93,19.22,81.8,6.05,Bengaluru
2020-08-16,0.24,23.08,27.47,19.72,83.38,5.38,Bengaluru
2020-08-17,1.48,23.19,27.87,19.33,83.77,5.02,Bengaluru
2020-08-18,1.21,23.43,28.54,19.88,83.48,5.03,Bengaluru
2020-08-19,0.22,23.23,28.52,19.52,83.9,4.97,Bengaluru
2020-08-20,0.01,23.11,28.07,19.43,83.62,5.06,Bengaluru
2020-08-21,0.04,23.48,28.59,19.52,83.13,4.56,Bengaluru
2020-08-22,7.57,23.57,28.16,19.75,84.3,3.93,Bengaluru
2020-08-23,9.1,23.27,27.5,19.43,85.14,3.12,Bengaluru
2020-08-24,8.34,23.91,28.42,19.69,81.95,2.52,Bengaluru
2020-08-25,0.01,24.36,28.23,20.7,78.41,2.43,Bengaluru
2020-08-26,4.47,23.34,26.74,20.43,83.14,2.5,Bengaluru
2020-08-27,1.03,23.27,27.23,20.35,81.86,3.03,Bengaluru
2020-08-28,0.0,23.72,28.91,19.42,77.83,3.36,Bengaluru
2020-08-29,0.0,24.32,29.67,19.77,78.54,3.35,Bengaluru
2020-08-30,7.28,23.94,27.46,20.64,82.97,2.61,Bengaluru
2020-08-31,9.41,23.69,27.7,20.83,84.14,2.83,Bengaluru
2020-09-01,7.55,22.44,24.74,20.69,89.98,4.31,Bengaluru
2020-09-02,22.14,22.4,25.08,20.59,91.18,4.29,Bengaluru
2020-09-03,6.71,22.88,26.94,19.66,87.99,2.88,Bengaluru
2020-09-04,2.05,23.86,28.5,19.88,84.27,2.41,Bengaluru
2020-09-05,0.98,24.15,28.8,20.32,83.49,2.56,Bengaluru
2020-09-06,0.69,23.79,27.74,20.42,86.35,2.21,Bengaluru
2020-09-07,9.06,23.32,27.29,20.13,87.11,3.41,Bengaluru
2020-09-08,9.51,23.73,28.05,19.84,82.57,2.0,Bengaluru
2020-09-09,20.55,23.29,27.36,19.76,86.64,2.93,Bengaluru
2020-09-10,6.35,22.0,24.84,19.67,89.57,2.47,Bengaluru
2020-09-11,1.35,21.92,24.69,19.63,88.22,5.49,Bengaluru
2020-09-12,4.1,21.25,25.5,18.75,88.17,5.26,Bengaluru
2020-09-13,10.54,20.61,24.94,17.3,86.31,5.58,Bengaluru
2020-09-14,12.56,21.65,27.27,17.91,82.84,6.25,Bengaluru
2020-09-15,1.74,22.46,28.09,17.93,84.51,5.16,Bengaluru
2020-09-16,0.09,22.9,27.74,19.58,85.4,4.86,Bengaluru
2020-09-17,0.72,22.86,27.77,19.36,84.72,4.7,Bengaluru
2020-09-18,7.11,22.39,26.58,19.55,86.2,5.75,Bengaluru
2020-09-19,6.38,22.23,26.45,19.31,87.62,5.75,Bengaluru
2020-09-20,4.0,20.89,24.98,18.01,87.42,7.74,Bengaluru
2020-09-21,1.35,20.96,25.1,18.2,84.69,8.04,Bengaluru
2020-09-22,0.14,20.78,25.78,17.71,81.51,7.0,Bengaluru
2020-09-23,0.03,21.84,27.8,16.26,81.49,5.43,Bengaluru
2020-09-24,0.01,22.16,27.07,18.65,82.21,4.38,Bengaluru
2020-09-25,18.02,21.62,25.58,18.19,87.8,2.56,Bengaluru
2020-09-26,1.63,20.56,23.21,18.52,90.92,4.37,Bengaluru
2020-09-27,0.03,21.91,26.53,18.56,86.51,3.09,Bengaluru
2020-09-28,1.71,23.13,28.09,18.69,84.05,2.83,Bengaluru
2020-09-29,33.52,22.87,26.91,20.07,88.84,3.5,Bengaluru
2020-09-30,5.92,21.98,24.97,20.01,89.06,3.82,Bengaluru
2020-10-01,0.12,21.7,26.69,18.54,83.0,4.37,Bengaluru
2020-10-02,1.88,22.67,27.95,17.7,83.55,2.66,Bengaluru
2020-10-03,2.14,22.32,26.18,19.86,87.43,4.28,Bengaluru
2020-10-04,1.59,21.21,24.82,19.15,88.17,4.15,Bengaluru
2020-10-05,0.03,22.19,27.28,18.95,83.11,3.94,Bengaluru
2020-10-06,1.59,22.85,28.37,18.2,83.22,2.94,Bengaluru
2020-10-07,1.9,23.07,27.75,18.94,85.24,3.02,Bengaluru
2020-10-08,1.3,22.61,26.65,19.1,83.94,2.06,Bengaluru
2020-10-09,12.26,23.04,27.53,19.27,82.39,1.18,Bengaluru
2020-10-10,37.01,22.27,25.21,20.17,92.1,2.94,Bengaluru
2020-10-11,4.17,21.59,25.11,19.54,89.92,4.07,Bengaluru
2020-10-12,15.35,21.72,26.14,18.81,89.01,5.17,Bengaluru
2020-10-13,4.78,21.1,23.94,18.99,92.11,5.38,Bengaluru
2020-10-14,0.44,21.4,26.19,18.41,86.4,6.56,Bengaluru
2020-10-15,0.13,21.76,26.75,18.56,87.14,4.92,Bengaluru
2020-10-16,0.09,22.2,27.33,18.55,85.7,3.06,Bengaluru
2020-10-17,2.76,21.89,26.06,17.81,80.82,1.89,Bengaluru
2020-10-18,3.25,22.34,26.77,18.55,86.43,1.85,Bengaluru
2020-10-19,14.6,22.12,25.22,19.78,90.27,2.22,Bengaluru
2020-10-20,19.0,22.16,25.76,19.65,89.89,2.28,Bengaluru
2020-10-21,13.07,22.28,26.54,19.72,89.87,2.4,Bengaluru
2020-10-22,9.18,22.08,26.32,19.0,89.96,2.17,Bengaluru
2020-10-23,3.49,22.14,25.42,19.79,90.8,2.02,Bengaluru
2020-10-24,4.6,22.48,26.28,19.73,88.97,1.91,Bengaluru
2020-10-25,1.02,22.88,27.2,19.29,82.45,1.27,Bengaluru
2020-10-26,0.05,22.66,27.3,18.52,83.5,1.9,Bengaluru
2020-10-27,0.0,21.55,27.12,16.65,84.09,2.75,Bengaluru
2020-10-28,0.0,21.29,26.7,17.65,84.62,3.0,Bengaluru
2020-10-29,1.32,20.89,26.04,16.97,86.68,3.03,Bengaluru
2020-10-30,0.15,21.39,26.61,16.99,82.93,2.68,Bengaluru
2020-10-31,0.0,21.95,27.48,17.94,78.4,2.1,Bengaluru
2020-11-01,0.01,22.27,27.74,17.51,79.5,1.73,Bengaluru
2020-11-02,0.29,22.58,27.55,18.45,83.66,1.95,Bengaluru
2020-11-03,0.01,22.59,27.78,18.42,84.78,2.62,Bengaluru
2020-11-04,0.02,22.92,27.44,18.85,86.05,2.6,Bengaluru
2020-11-05,5.46,22.52,26.92,19.4,85.14,3.05,Bengaluru
2020-11-06,3.69,22.45,27.54,18.56,84.81,2.82,Bengaluru
2020-11-07,0.68,22.78,27.29,19.33,86.83,3.09,Bengaluru
2020-11-08,0.96,22.39,26.78,19.36,87.45,3.88,Bengaluru
2020-11-09,0.04,21.04,26.71,16.64,84.98,3.25,Bengaluru
2020-11-10,0.0,18.78,25.67,13.08,80.12,3.3,Bengaluru
2020-11-11,5.59,19.53,26.4,11.99,87.42,3.78,Bengaluru
2020-11-12,5.94,21.62,25.55,18.49,90.33,3.82,Bengaluru
2020-11-13,7.06,21.97,26.42,19.1,88.69,4.11,Bengaluru
2020-11-14,0.62,21.82,26.71,18.4,87.42,4.36,Bengaluru
2020-11-15,6.84,22.17,27.71,17.88,89.26,4.43,Bengaluru
2020-11-16,8.59,21.84,25.51,19.57,90.03,4.27,Bengaluru
2020-11-17,3.42,21.55,26.24,18.31,88.11,4.34,Bengaluru
2020-11-18,0.25,21.71,26.4,18.68,87.6,3.52,Bengaluru
2020-11-19,0.02,21.53,26.48,17.71,86.34,3.8,Bengaluru
2020-11-20,0.0,20.59,26.36,15.98,83.11,3.44,Bengaluru
2020-11-21,0.0,19.0,25.92,14.45,77.15,2.77,Bengaluru
2020-11-22,0.0,18.12,25.78,12.75,75.36,2.83,Bengaluru
2020-11-23,0.0,18.26,25.47,11.19,81.3,2.95,Bengaluru
2020-11-24,0.06,20.32,25.32,15.98,87.02,3.47,Bengaluru
2020-11-25,3.83,21.03,25.96,17.82,88.48,5.05,Bengaluru
2020-11-26,41.51,19.14,20.76,17.97,94.28,8.63,Bengaluru
2020-11-27,2.58,19.59,24.32,17.05,89.7,5.48,Bengaluru
2020-11-28,1.08,20.54,25.55,16.71,87.51,3.32,Bengaluru
2020-11-29,0.39,20.98,25.96,17.66,87.76,3.72,Bengaluru
2020-11-30,0.31,20.7,25.49,17.35,86.76,4.18,Bengaluru
2020-12-01,0.0,19.59,24.76,15.88,82.3,3.72,Bengaluru
2020-12-02,1.09,19.78,25.95,15.47,83.6,4.27,Bengaluru
2020-12-03,5.53,19.92,23.66,16.52,91.82,5.14,Bengaluru
2020-12-04,2.61,20.71,23.82,18.03,91.11,5.02,Bengaluru
2020-12-05,1.22,21.06,25.98,17.0,87.34,4.4,Bengaluru
2020-12-06,4.91,21.54,26.31,18.67,88.1,4.92,Bengaluru
2020-12-07,6.05,21.78,26.45,18.78,88.47,4.85,Bengaluru
2020-12-08,3.41,21.34,25.92,18.43,88.22,4.54,Bengaluru
2020-12-09,1.06,21.25,26.4,17.73,87.39,3.88,Bengaluru
2020-12-10,0.01,19.48,25.75,15.03,79.21,2.72,Bengaluru
2020-12-11,0.0,18.85,25.95,14.31,78.66,2.6,Bengaluru
2020-12-12,0.0,18.4,25.37,13.46,79.62,2.64,Bengaluru
2020-12-13,0.0,18.5,25.56,12.11,79.33,2.36,Bengaluru
2020-12-14,0.0,18.94,25.8,13.92,81.44,2.81,Bengaluru
2020-12-15,0.0,18.89,24.79,13.64,81.72,3.55,Bengaluru
2020-12-16,0.54,20.52,26.07,16.25,85.5,3.85,Bengaluru
2020-12-17,0.06,20.94,26.22,17.49,86.22,4.15,Bengaluru
2020-12-18,0.0,19.42,23.14,16.73,86.32,3.77,Bengaluru
2020-12-19,0.0,19.85,25.71,15.56,85.2,4.23,Bengaluru
2020-12-20,0.0,19.09,25.02,14.53,82.98,4.29,Bengaluru
2020-12-21,0.0,17.2,24.57,12.16,81.97,3.65,Bengaluru
2020-12-22,0.0,18.04,25.39,11.95,79.68,2.99,Bengaluru
2020-12-23,0.0,19.19,25.9,14.51,79.83,2.72,Bengaluru
2020-12-24,0.0,20.14,27.11,14.64,81.48,2.62,Bengaluru
2020-12-25,0.0,20.11,26.75,15.56,82.8,3.1,Bengaluru
2020-12-26,0.0,18.68,26.13,14.09,80.49,3.25,Bengaluru
2020-12-27,0.0,18.28,26.23,12.61,79.97,2.97,Bengaluru
2020-12-28,0.0,18.67,26.34,12.76,74.68,2.19,Bengaluru
2020-12-29,0.05,19.89,26.63,14.37,78.82,3.33,Bengaluru
2020-12-30,0.98,21.09,27.23,16.2,84.03,4.04,Bengaluru
2020-12-31,1.17,21.08,26.98,17.12,84.78,4.93,Bengaluru
2021-01-01,0.16,18.87,25.42,14.85,81.29,4.29,Bengaluru
2021-01-02,0.29,19.86,26.4,14.14,84.14,3.93,Bengaluru
2021-01-03,0.15,20.95,27.02,16.48,82.54,4.2,Bengaluru
2021-01-04,0.06,21.01,27.06,17.1,80.6,4.69,Bengaluru
2021-01-05,0.48,20.98,26.13,16.89,86.53,3.74,Bengaluru
2021-01-06,13.31,21.7,26.76,17.87,86.4,3.33,Bengaluru
2021-01-07,4.22,21.16,25.55,18.56,87.96,3.29,Bengaluru
2021-01-08,0.16,22.02,27.48,18.06,85.13,3.4,Bengaluru
2021-01-09,0.05,22.21,27.51,18.68,83.32,3.86,Bengaluru
2021-01-10,0.0,21.39,26.81,17.63,82.98,3.79,Bengaluru
2021-01-11,0.01,20.86,26.05,17.68,82.66,3.65,Bengaluru
2021-01-12,0.09,20.05,25.22,15.83,82.01,4.62,Bengaluru
2021-01-13,0.12,20.66,27.56,16.48,77.67,4.7,Bengaluru
2021-01-14,0.22,20.41,26.53,15.51,79.63,4.08,Bengaluru
2021-01-15,0.04,21.23,28.22,16.79,76.72,3.85,Bengaluru
2021-01-16,0.0,21.45,29.03,16.55,72.58,3.49,Bengaluru
2021-01-17,0.0,21.12,29.58,15.34,74.65,3.43,Bengaluru
2021-01-18,0.0,20.16,28.49,14.09,73.55,3.83,Bengaluru
2021-01-19,0.0,20.17,28.03,14.73,74.28,3.33,Bengaluru
2021-01-20,0.0,20.87,29.44,14.01,71.24,2.13,Bengaluru
2021-01-21,0.0,22.27,30.23,15.83,71.25,1.53,Bengaluru
2021-01-22,0.0,22.55,29.94,17.5,72.91,2.76,Bengaluru
2021-01-23,0.0,21.83,29.4,16.68,71.33,2.76,Bengaluru
2021-01-24,0.0,21.05,29.59,15.39,69.06,2.67,Bengaluru
2021-01-25,0.0,19.72,29.13,13.23,66.74,3.22,Bengaluru
2021-01-26,0.0,19.64,29.59,12.07,61.53,3.26,Bengaluru
2021-01-27,0.0,19.19,28.69,10.67,65.51,3.51,Bengaluru
2021-01-28,0.0,20.04,28.46,13.8,68.92,4.09,Bengaluru
2021-01-29,0.0,21.06,29.41,14.2,69.02,3.65,Bengaluru
2021-01-30,0.0,21.74,30.05,14.14,67.06,2.89,Bengaluru
2021-01-31,0.0,21.63,30.17,15.88,62.62,4.02,Bengaluru
2021-02-01,0.0,20.36,29.46,12.57,60.89,4.33,Bengaluru
2021-02-02,0.0,20.87,29.38,14.53,66.47,4.33,Bengaluru
2021-02-03,0.0,21.49,29.34,15.56,68.2,3.99,Bengaluru
2021-02-04,0.0,21.07,29.62,14.66,63.85,3.38,Bengaluru
2021-02-05,0.0,20.61,30.24,13.28,63.04,2.98,Bengaluru
2021-02-06,0.0,20.6,30.43,13.4,60.9,3.72,Bengaluru
2021-02-07,0.0,20.16,29.83,12.33,50.85,4.47,Bengaluru
2021-02-08,0.0,19.81,29.62,11.48,58.62,4.36,Bengaluru
2021-02-09,0.0,19.69,29.23,12.71,61.61,4.26,Bengaluru
2021-02-10,0.0,19.5,30.38,10.0,55.57,3.38,Bengaluru
2021-02-11,0.0,20.07,30.53,12.24,58.48,3.47,Bengaluru
2021-02-12,0.0,20.3,30.86,12.48,57.87,3.49,Bengaluru
2021-02-13,0.0,20.54,30.93,13.25,57.24,3.2,Bengaluru
2021-02-14,0.0,20.8,31.08,12.75,55.54,2.39,Bengaluru
2021-02-15,0.0,21.85,31.57,13.35,55.69,2.19,Bengaluru
2021-02-16,0.0,22.52,31.56,13.59,57.46,2.8,Bengaluru
2021-02-17,0.0,22.71,31.52,15.65,56.9,3.75,Bengaluru
2021-02-18,0.01,22.23,30.38,16.56,60.86,4.71,Bengaluru
2021-02-19,6.02,22.06,30.17,16.33,62.7,3.84,Bengaluru
2021-02-20,9.12,21.47,28.06,17.06,73.36,4.39,Bengaluru
2021-02-21,2.17,20.95,25.11,17.71,74.29,5.11,Bengaluru
2021-02-22,0.15,22.36,30.65,15.56,63.27,3.13,Bengaluru
2021-02-23,0.03,23.46,32.03,16.58,61.13,3.39,Bengaluru
2021-02-24,0.0,23.55,32.84,15.98,57.56,2.76,Bengaluru
2021-02-25,0.0,23.98,33.44,15.88,54.32,2.8,Bengaluru
2021-02-26,0.0,23.89,33.41,15.59,50.27,2.75,Bengaluru
2021-02-27,0.0,24.5,33.68,15.72,49.84,3.07,Bengaluru
2021-02-28,0.0,24.14,33.58,16.07,48.03,4.15,Bengaluru
2021-03-01,0.0,23.39,33.3,15.22,50.3,3.36,Bengaluru
2021-03-02,0.0,23.94,32.92,15.85,51.82,4.13,Bengaluru
2021-03-03,0.0,23.73,33.19,15.45,45.48,4.63,Bengaluru
2021-03-04,0.0,22.64,32.64,13.77,48.88,4.85,Bengaluru
2021-03-05,0.0,23.17,34.07,13.15,47.2,3.23,Bengaluru
2021-03-06,0.0,24.47,35.11,15.89,46.94,3.05,Bengaluru
2021-03-07,0.0,24.6,34.62,15.19,49.87,3.32,Bengaluru
2021-03-08,0.0,24.44,34.2,16.23,49.27,4.09,Bengaluru
2021-03-09,0.0,24.54,34.11,15.25,48.44,4.52,Bengaluru
2021-03-10,0.0,25.74,34.44,18.27,53.42,3.01,Bengaluru
2021-03-11,0.03,26.65,34.47,19.32,51.34,3.94,Bengaluru
2021-03-12,0.04,25.5,34.14,18.91,45.2,3.97,Bengaluru
2021-03-13,0.0,24.75,34.57,14.13,45.44,3.8,Bengaluru
2021-03-14,0.0,25.4,35.1,16.49,47.05,4.02,Bengaluru
2021-03-15,0.0,25.79,35.37,16.98,43.48,3.02,Bengaluru
2021-03-16,0.0,26.34,35.76,17.56,41.85,3.5,Bengaluru
2021-03-17,0.0,26.25,35.29,17.43,38.61,4.05,Bengaluru
2021-03-18,0.0,25.43,33.63,18.06,46.56,4.29,Bengaluru
2021-03-19,0.0,25.29,34.66,17.2,41.81,4.34,Bengaluru
2021-03-20,0.0,25.85,35.07,17.17,36.75,4.33,Bengaluru
2021-03-21,0.0,26.3,35.68,17.24,37.38,3.97,Bengaluru
2021-03-22,0.0,27.02,35.85,18.51,38.25,4.0,Bengaluru
2021-03-23,0.0,27.4,37.16,17.71,42.89,4.05,Bengaluru
2021-03-24,0.0,27.75,36.88,17.85,43.64,4.22,Bengaluru
2021-03-25,0.02,27.68,34.99,19.82,40.0,3.8,Bengaluru
2021-03-26,0.0,28.31,37.2,20.93,39.19,4.51,Bengaluru
2021-03-27,0.0,26.96,35.35,18.42,47.38,4.2,Bengaluru
2021-03-28,0.0,26.84,34.26,19.8,46.37,3.31,Bengaluru
2021-03-29,0.0,28.28,36.91,20.58,41.15,3.72,Bengaluru
2021-03-30,0.0,29.12,36.89,21.07,37.04,3.98,Bengaluru
2021-03-31,0.0,30.7,39.25,22.25,29.83,3.52,Bengaluru
2021-04-01,0.0,29.02,38.12,20.69,30.24,4.39,Bengaluru
2021-04-02,0.0,28.95,37.79,18.97,30.31,3.7,Bengaluru
2021-04-03,0.0,30.67,38.28,21.77,31.43,2.49,Bengaluru
2021-04-04,0.15,30.1,37.14,23.51,32.16,3.58,Bengaluru
2021-04-05,0.15,30.06,37.84,22.09,38.93,3.9,Bengaluru
2021-04-06,0.0,28.84,36.96,20.55,44.42,4.51,Bengaluru
2021-04-07,0.0,29.07,37.56,19.89,38.33,3.91,Bengaluru
2021-04-08,0.0,28.62,37.5,19.41,31.95,4.44,Bengaluru
2021-04-09,0.0,28.41,37.11,19.78,37.74,4.41,Bengaluru
2021-04-10,0.0,28.21,36.78,19.89,44.51,5.15,Bengaluru
2021-04-11,0.0,28.45,36.4,20.84,47.89,4.22,Bengaluru
2021-04-12,1.77,28.5,36.77,21.08,50.64,4.2,Bengaluru
2021-04-13,1.49,27.98,35.19,21.13,51.56,3.71,Bengaluru
2021-04-14,6.21,26.99,32.47,22.5,57.58,2.18,Bengaluru
2021-04-15,13.55,24.89,30.31,21.43,73.13,2.01,Bengaluru
2021-04-16,0.15,26.11,32.95,19.88,63.5,3.05,Bengaluru
2021-04-17,0.01,26.98,33.66,20.38,59.81,2.58,Bengaluru
2021-04-18,0.0,27.32,34.26,21.11,56.76,2.93,Bengaluru
2021-04-19,0.51,27.3,33.32,21.6,60.5,2.01,Bengaluru
2021-04-20,0.91,26.79,32.32,21.52,61.44,2.04,Bengaluru
2021-04-21,5.12,26.57,31.47,22.03,66.22,1.77,Bengaluru
2021-04-22,0.91,27.07,33.62,21.3,61.35,1.46,Bengaluru
2021-04-23,25.15,25.97,30.67,20.92,66.39,1.53,Bengaluru
2021-04-24,5.78,26.57,32.8,21.31,65.13,1.55,Bengaluru
2021-04-25,1.04,27.16,34.37,21.9,59.96,3.35,Bengaluru
2021-04-26,0.02,25.62,31.17,21.49,65.95,2.84,Bengaluru
2021-04-27,0.0,26.66,34.06,19.57,61.03,2.54,Bengaluru
2021-04-28,0.01,27.07,33.74,21.63,58.54,2.76,Bengaluru
2021-04-29,0.05,27.76,34.95,21.41,55.64,2.69,Bengaluru
2021-04-30,0.95,26.77,32.84,21.24,61.4,2.85,Bengaluru
2021-05-01,2.14,26.69,33.33,21.36,64.91,3.49,Bengaluru
2021-05-02,0.04,26.86,33.48,20.99,62.4,2.57,Bengaluru
2021-05-03,0.11,27.28,33.96,21.76,60.82,2.94,Bengaluru
2021-05-04,0.03,27.55,33.79,21.93,61.03,3.02,Bengaluru
2021-05-05,0.02,28.23,35.45,22.24,58.02,3.11,Bengaluru
2021-05-06,0.01,28.07,35.27,21.81,57.91,3.84,Bengaluru
2021-05-07,1.44,27.79,35.07,22.02,59.65,4.02,Bengaluru
2021-05-08,0.0,27.96,35.37,21.78,57.84,3.78,Bengaluru
2021-05-09,0.01,28.64,35.88,22.22,56.78,2.94,Bengaluru
2021-05-10,0.26,28.4,34.72,22.78,59.52,2.63,Bengaluru
2021-05-11,0.23,27.27,31.19,23.4,66.44,2.06,Bengaluru
2021-05-12,13.46,27.02,31.89,22.85,70.17,1.81,Bengaluru
2021-05-13,7.8,26.0,30.22,22.86,75.75,1.82,Bengaluru
2021-05-14,2.78,27.2,35.06,21.45,65.0,4.82,Bengaluru
2021-05-15,0.96,24.81,29.82,21.25,75.47,6.3,Bengaluru
2021-05-16,0.14,25.6,31.04,21.76,74.03,5.9,Bengaluru
2021-05-17,0.26,26.98,34.14,20.81,67.47,3.59,Bengaluru
2021-05-18,0.45,26.55,32.14,21.67,68.18,3.6,Bengaluru
2021-05-19,75.59,25.33,29.51,22.05,80.84,3.75,Bengaluru
2021-05-20,20.55,24.37,28.7,21.19,79.53,3.51,Bengaluru
2021-05-21,14.05,23.76,28.61,20.25,80.22,3.76,Bengaluru
2021-05-22,3.21,24.23,30.19,20.06,78.4,4.19,Bengaluru
2021-05-23,0.51,24.76,29.38,20.67,76.87,4.63,Bengaluru
2021-05-24,0.06,23.97,28.41,20.61,75.43,4.6,Bengaluru
2021-05-25,9.37,23.04,25.9,20.83,85.96,4.62,Bengaluru
2021-05-26,0.3,24.1,29.91,19.32,76.2,6.66,Bengaluru
2021-05-27,0.01,24.33,30.0,20.67,74.16,5.22,Bengaluru
2021-05-28,0.0,25.25,32.28,19.65,70.03,5.35,Bengaluru
2021-05-29,4.03,25.36,32.35,19.84,70.37,4.41,Bengaluru
2021-05-30,3.02,25.2,32.24,19.93,72.95,4.55,Bengaluru
2021-05-31,0.56,25.59,31.55,20.53,73.43,4.4,Bengaluru
2021-06-01,4.62,25.85,31.62,20.96,74.98,3.31,Bengaluru
2021-06-02,1.42,25.23,29.53,21.42,77.55,2.56,Bengaluru
2021-06-03,15.48,24.72,28.19,21.42,79.01,0.92,Bengaluru
2021-06-04,21.55,23.61,26.85,21.75,86.32,3.32,Bengaluru
2021-06-05,12.96,22.23,24.79,19.7,84.36,2.76,Bengaluru
2021-06-06,0.19,24.09,30.21,18.77,72.91,2.9,Bengaluru
2021-06-07,0.63,23.23,27.87,19.74,78.89,3.72,Bengaluru
2021-06-08,0.03,24.83,31.36,19.48,72.28,4.42,Bengaluru
2021-06-09,1.42,24.15,29.85,19.7,77.55,5.27,Bengaluru
2021-06-10,0.02,24.29,30.24,20.22,74.73,5.7,Bengaluru
2021-06-11,0.0,23.32,27.52,20.21,77.79,5.77,Bengaluru
2021-06-12,1.69,22.52,27.48,19.42,75.53,7.5,Bengaluru
2021-06-13,1.37,22.95,29.48,18.34,72.7,7.52,Bengaluru
2021-06-14,0.65,22.68,27.9,19.04,77.64,8.66,Bengaluru
2021-06-15,0.98,22.59,26.35,20.03,79.81,7.15,Bengaluru
2021-06-16,0.73,23.88,28.58,20.67,75.01,7.31,Bengaluru
2021-06-17,0.9,23.84,29.24,20.31,78.15,6.92,Bengaluru
2021-06-18,0.01,23.1,27.45,20.35,78.68,6.7,Bengaluru
2021-06-19,0.01,23.52,27.92,20.49,79.59,6.26,Bengaluru
2021-06-20,0.0,23.76,28.81,20.03,76.14,5.14,Bengaluru
2021-06-21,0.04,24.33,30.22,19.74,74.53,4.7,Bengaluru
2021-06-22,0.17,24.13,29.25,20.4,75.69,4.02,Bengaluru
2021-06-23,4.74,24.49,30.38,20.17,75.38,4.01,Bengaluru
2021-06-24,1.19,24.26,30.4,20.34,74.27,4.93,Bengaluru
2021-06-25,0.0,23.58,29.84,19.65,74.05,5.17,Bengaluru
2021-06-26,1.19,23.69,30.01,19.34,74.48,5.49,Bengaluru
2021-06-27,0.53,21.82,26.06,18.41,74.63,5.12,Bengaluru
2021-06-28,0.18,24.15,31.43,17.7,68.14,2.68,Bengaluru
2021-06-29,0.19,25.75,32.41,19.8,70.26,2.68,Bengaluru
2021-06-30,1.57,25.61,30.08,21.57,76.84,2.73,Bengaluru
2021-07-01,30.0,23.77,26.45,21.65,87.65,2.87,Bengaluru
2021-07-02,4.36,23.53,26.98,21.12,84.52,3.67,Bengaluru
2021-07-03,2.83,23.68,27.95,20.01,80.84,2.79,Bengaluru
2021-07-04,34.49,23.3,26.75,20.51,83.4,2.72,Bengaluru
2021-07-05,2.07,24.04,28.0,20.28,79.99,2.37,Bengaluru
2021-07-06,0.46,23.77,27.1,20.64,84.16,2.51,Bengaluru
2021-07-07,0.92,23.06,26.01,20.8,86.64,3.03,Bengaluru
2021-07-08,8.63,23.18,26.25,20.44,85.38,3.61,Bengaluru
2021-07-09,13.18,23.25,27.75,19.87,84.45,4.7,Bengaluru
2021-07-10,0.91,21.77,25.82,18.58,82.02,5.73,Bengaluru
2021-07-11,0.04,21.44,26.4,18.08,82.45,6.2,Bengaluru
2021-07-12,0.08,21.76,25.28,18.75,81.82,6.56,Bengaluru
2021-07-13,2.36,23.28,29.1,19.75,81.39,6.81,Bengaluru
2021-07-14,14.16,22.86,26.75,20.29,84.45,6.85,Bengaluru
2021-07-15,6.93,22.54,26.17,19.82,83.56,6.38,Bengaluru
2021-07-16,10.03,23.49,28.8,20.15,82.08,5.01,Bengaluru
2021-07-17,27.91,22.87,26.54,20.1,86.8,4.73,Bengaluru
2021-07-18,9.26,22.52,25.28,20.58,88.74,6.31,Bengaluru
2021-07-19,2.47,23.4,28.82,19.71,81.26,6.33,Bengaluru
2021-07-20,0.62,23.27,28.78,19.73,80.76,7.42,Bengaluru
2021-07-21,1.19,23.1,27.78,19.63,80.93,7.14,Bengaluru
2021-07-22,1.19,22.42,26.58,20.07,83.54,8.87,Bengaluru
2021-07-23,0.36,23.44,28.61,19.3,79.71,7.6,Bengaluru
2021-07-24,3.23,23.8,28.95,19.65,80.99,6.21,Bengaluru
2021-07-25,20.32,22.95,27.32,20.37,84.99,6.22,Bengaluru
2021-07-26,4.25,22.92,27.46,19.51,83.06,5.94,Bengaluru
2021-07-27,1.38,23.17,28.56,19.3,80.97,5.95,Bengaluru
2021-07-28,0.04,23.61,29.53,19.79,78.15,6.41,Bengaluru
2021-07-29,0.0,23.23,28.93,19.14,79.96,6.2,Bengaluru
2021-07-30,0.0,22.82,27.35,19.2,82.26,5.86,Bengaluru
2021-07-31,0.07,23.24,28.6,19.5,80.53,5.86,Bengaluru
2021-08-01,0.01,23.3,28.52,19.58,79.24,5.97,Bengaluru
2021-08-02,0.1,23.14,28.9,19.1,76.92,6.27,Bengaluru
2021-08-03,0.16,23.27,28.73,18.92,79.09,5.7,Bengaluru
2021-08-04,0.16,23.44,28.55,19.9,79.82,6.26,Bengaluru
2021-08-05,2.28,23.58,29.59,18.76,79.41,6.28,Bengaluru
2021-08-06,6.58,23.92,29.39,19.62,79.98,5.95,Bengaluru
2021-08-07,2.1,24.01,29.35,20.41,81.77,5.01,Bengaluru
2021-08-08,0.81,24.11,28.98,19.95,80.69,3.15,Bengaluru
2021-08-09,6.82,24.12,28.99,20.03,81.35,3.28,Bengaluru
2021-08-10,14.78,22.65,26.34,19.99,86.33,4.55,Bengaluru
2021-08-11,0.77,23.5,28.29,19.96,82.8,3.58,Bengaluru
2021-08-12,0.99,22.74,26.21,20.34,85.15,4.66,Bengaluru
2021-08-13,4.65,23.14,27.84,19.56,82.43,4.82,Bengaluru
2021-08-14,0.47,22.52,26.78,19.9,83.69,4.77,Bengaluru
2021-08-15,0.01,22.19,26.14,19.29,81.94,5.23,Bengaluru
2021-08-16,4.15,22.87,28.31,19.25,79.91,4.55,Bengaluru
2021-08-17,1.18,23.51,29.22,19.2,78.24,4.16,Bengaluru
2021-08-18,0.79,22.99,28.91,18.97,77.37,4.57,Bengaluru
2021-08-19,1.46,22.29,28.43,17.59,77.31,5.54,Bengaluru
2021-08-20,6.54,22.36,27.66,18.48,79.88,3.67,Bengaluru
2021-08-21,7.71,22.4,27.06,18.84,81.17,2.38,Bengaluru
2021-08-22,4.09,23.2,28.69,18.95,79.65,1.85,Bengaluru
2021-08-23,1.31,23.02,27.0,20.48,85.11,1.7,Bengaluru
2021-08-24,5.74,23.54,27.92,19.97,80.21,2.66,Bengaluru
2021-08-25,2.19,23.62,27.75,20.17,80.26,3.56,Bengaluru
2021-08-26,2.48,24.0,28.26,20.39,82.53,2.03,Bengaluru
2021-08-27,19.32,23.41,27.45,20.64,86.0,3.39,Bengaluru
2021-08-28,6.15,22.79,27.8,19.88,83.01,4.61,Bengaluru
2021-08-29,2.53,22.48,27.48,18.84,77.98,5.46,Bengaluru
2021-08-30,0.24,22.0,27.33,17.68,80.41,5.28,Bengaluru
2021-08-31,0.55,23.3,29.13,18.87,77.63,4.05,Bengaluru
2021-09-01,9.29,23.25,28.09,18.96,80.0,2.66,Bengaluru
2021-09-02,18.05,22.49,25.93,20.21,87.06,2.5,Bengaluru
2021-09-03,10.82,22.6,27.41,18.6,80.97,3.89,Bengaluru
2021-09-04,4.79,22.14,26.04,19.92,86.15,4.38,Bengaluru
2021-09-05,4.62,22.58,27.79,18.77,83.12,5.46,Bengaluru
2021-09-06,6.25,21.93,27.0,18.99,80.18,6.55,Bengaluru
2021-09-07,0.45,22.02,27.22,18.88,81.85,5.92,Bengaluru
2021-09-08,1.71,22.68,27.08,19.75,83.53,5.43,Bengaluru
2021-09-09,0.18,23.0,28.67,18.98,81.33,4.7,Bengaluru
2021-09-10,0.0,22.98,27.71,19.22,82.59,4.72,Bengaluru
2021-09-11,0.09,22.93,27.91,19.16,83.35,5.2,Bengaluru
2021-09-12,0.36,23.13,28.1,19.52,82.17,6.2,Bengaluru
2021-09-13,0.08,23.1,27.6,19.78,83.4,6.63,Bengaluru
2021-09-14,0.01,23.62,28.91,19.97,82.0,4.89,Bengaluru
2021-09-15,0.51,23.5,28.19,19.45,82.63,3.88,Bengaluru
2021-09-16,0.02,23.54,28.01,19.48,82.44,3.8,Bengaluru
2021-09-17,0.09,23.87,28.84,19.67,79.02,3.23,Bengaluru
2021-09-18,0.11,24.22,29.75,19.13,76.14,2.55,Bengaluru
2021-09-19,14.74,23.56,27.93,19.93,82.01,2.08,Bengaluru
2021-09-20,16.66,23.36,27.39,20.2,85.24,2.25,Bengaluru
2021-09-21,4.29,23.07,28.09,20.11,83.55,3.66,Bengaluru
2021-09-22,3.63,23.12,28.41,18.87,83.0,3.62,Bengaluru
2021-09-23,4.67,23.03,26.69,20.24,83.65,2.96,Bengaluru
2021-09-24,2.69,23.78,28.63,20.29,82.11,2.71,Bengaluru
2021-09-25,12.66,23.18,27.36,20.32,85.86,2.89,Bengaluru
2021-09-26,1.26,21.95,25.01,19.31,86.96,4.02,Bengaluru
2021-09-27,2.01,22.83,27.82,19.57,82.78,5.47,Bengaluru
2021-09-28,1.64,21.58,26.21,18.79,84.45,5.14,Bengaluru
2021-09-29,7.15,22.27,27.71,18.71,81.71,4.17,Bengaluru
2021-09-30,1.49,23.26,29.03,17.67,78.63,1.99,Bengaluru
2021-10-01,1.41,23.7,28.43,19.45,82.97,2.36,Bengaluru
2021-10-02,4.28,23.33,27.35,20.32,85.5,2.92,Bengaluru
2021-10-03,7.85,23.14,28.15,19.86,83.19,3.2,Bengaluru
2021-10-04,14.57,22.97,28.43,18.37,85.5,2.46,Bengaluru
2021-10-05,20.18,23.05,27.76,20.12,87.12,2.2,Bengaluru
2021-10-06,4.32,22.78,27.03,19.6,87.53,2.39,Bengaluru
2021-10-07,2.75,24.06,28.71,19.72,81.66,2.11,Bengaluru
2021-10-08,10.82,23.33,26.58,20.95,88.97,2.82,Bengaluru
2021-10-09,6.57,22.96,26.4,20.5,88.74,3.74,Bengaluru
2021-10-10,5.55,22.77,27.05,20.01,87.04,3.27,Bengaluru
2021-10-11,7.83,23.23,27.39,19.69,84.75,2.15,Bengaluru
2021-10-12,10.82,22.59,25.92,20.16,87.1,2.29,Bengaluru
2021-10-13,3.53,22.56,26.54,19.96,87.22,3.5,Bengaluru
2021-10-14,15.48,23.36,27.96,19.65,82.94,2.23,Bengaluru
2021-10-15,16.17,23.4,28.09,19.91,86.61,1.27,Bengaluru
2021-10-16,8.15,23.58,27.42,21.38,87.46,2.46,Bengaluru
2021-10-17,3.48,22.22,24.57,20.76,90.53,2.62,Bengaluru
2021-10-18,2.52,23.13,27.68,19.41,87.69,3.36,Bengaluru
2021-10-19,3.61,22.87,26.26,19.7,84.43,1.89,Bengaluru
2021-10-20,4.2,23.16,27.48,19.26,86.4,2.01,Bengaluru
2021-10-21,4.89,22.99,26.56,20.59,89.36,1.7,Bengaluru
2021-10-22,2.8,23.17,27.25,20.09,86.9,2.18,Bengaluru
2021-10-23,5.4,22.89,25.83,20.33,86.19,2.24,Bengaluru
2021-10-24,5.53,22.46,27.16,18.5,85.0,1.6,Bengaluru
2021-10-25,0.44,22.13,26.36,19.5,86.76,2.64,Bengaluru
2021-10-26,0.6,22.41,27.35,18.47,85.3,2.14,Bengaluru
2021-10-27,0.09,21.92,27.25,18.08,84.5,2.84,Bengaluru
2021-10-28,0.01,21.65,26.84,17.83,82.91,2.98,Bengaluru
2021-10-29,2.71,21.39,25.64,18.6,87.46,3.2,Bengaluru
2021-10-30,3.11,22.05,26.11,19.14,87.82,3.77,Bengaluru
2021-10-31,1.77,22.04,27.29,18.83,88.62,3.26,Bengaluru
2021-11-01,2.04,21.71,25.54,18.89,89.69,3.36,Bengaluru
2021-11-02,3.39,21.42,25.61,18.76,88.4,4.69,Bengaluru
2021-11-03,0.97,21.73,26.2,18.42,87.75,3.59,Bengaluru
2021-11-04,17.84,22.05,26.08,19.33,88.06,2.75,Bengaluru
2021-11-05,8.81,22.22,27.02,18.66,85.96,1.45,Bengaluru
2021-11-06,1.55,21.69,25.44,19.41,88.94,2.38,Bengaluru
2021-11-07,5.42,21.56,26.2,18.83,90.23,3.51,Bengaluru
2021-11-08,2.21,20.57,23.08,18.98,93.34,3.04,Bengaluru
2021-11-09,0.27,20.54,24.3,18.13,89.66,2.52,Bengaluru
2021-11-10,3.0,19.8,24.78,17.16,86.38,3.08,Bengaluru
2021-11-11,19.01,18.65,21.58,16.96,90.86,5.9,Bengaluru
2021-11-12,10.91,19.87,23.59,17.24,92.88,5.6,Bengaluru
2021-11-13,5.19,22.57,26.67,19.0,84.72,1.24,Bengaluru
2021-11-14,5.24,22.32,26.51,19.09,90.28,1.88,Bengaluru
2021-11-15,22.96,22.98,27.27,19.7,88.16,1.93,Bengaluru
2021-11-16,5.99,22.48,26.32,19.87,89.35,3.31,Bengaluru
2021-11-17,5.58,22.08,25.98,18.44,89.94,2.67,Bengaluru
2021-11-18,34.11,19.7,21.44,17.19,92.65,5.03,Bengaluru
2021-11-19,20.05,21.89,25.66,19.31,93.42,5.46,Bengaluru
2021-11-20,5.01,22.08,25.47,19.76,91.97,3.81,Bengaluru
2021-11-21,5.44,21.76,27.68,18.07,82.52,2.77,Bengaluru
2021-11-22,0.6,21.55,26.18,17.61,87.6,2.37,Bengaluru
2021-11-23,0.25,22.13,26.52,18.98,88.97,2.65,Bengaluru
2021-11-24,2.97,21.98,27.14,18.12,86.12,2.84,Bengaluru
2021-11-25,0.72,21.12,25.13,18.38,88.19,3.78,Bengaluru
2021-11-26,1.97,21.29,26.05,17.89,87.03,4.19,Bengaluru
2021-11-27,1.0,20.8,24.93,18.8,89.97,4.6,Bengaluru
2021-11-28,5.2,20.03,23.49,17.6,91.44,4.53,Bengaluru
2021-11-29,2.14,20.25,24.61,17.53,90.37,4.56,Bengaluru
2021-11-30,1.13,21.02,25.08,17.97,88.26,3.98,Bengaluru
2021-12-01,0.13,21.71,26.12,18.95,87.75,4.57,Bengaluru
2021-12-02,0.08,21.8,26.73,18.01,85.94,3.13,Bengaluru
2021-12-03,0.1,21.18,25.76,18.27,84.92,1.92,Bengaluru
2021-12-04,0.19,21.72,25.36,18.34,80.07,1.02,Bengaluru
2021-12-05,0.16,22.22,27.39,18.14,82.17,1.83,Bengaluru
2021-12-06,0.71,21.46,26.19,17.75,86.94,2.01,Bengaluru
2021-12-07,0.08,21.62,26.14,18.18,85.32,3.19,Bengaluru
2021-12-08,0.03,20.68,26.48,16.21,82.77,3.12,Bengaluru
2021-12-09,4.38,21.88,27.14,17.87,85.37,2.52,Bengaluru
2021-12-10,0.23,20.57,25.73,17.42,85.14,3.9,Bengaluru
2021-12-11,0.35,20.82,25.5,17.36,87.6,4.22,Bengaluru
2021-12-12,0.54,20.66,25.38,17.67,87.26,4.57,Bengaluru
2021-12-13,1.43,20.9,26.17,17.7,87.83,4.19,Bengaluru
2021-12-14,0.55,20.11,25.06,17.84,87.69,4.34,Bengaluru
2021-12-15,0.02,20.14,25.27,17.04,85.28,3.94,Bengaluru
2021-12-16,0.0,19.96,25.75,16.11,84.29,3.72,Bengaluru
2021-12-17,0.0,19.69,25.81,15.77,82.23,2.99,Bengaluru
2021-12-18,0.0,18.22,24.9,13.91,80.39,3.44,Bengaluru
2021-12-19,0.0,17.08,24.41,12.23,79.4,3.45,Bengaluru
2021-12-20,0.0,17.15,24.6,11.74,81.45,3.11,Bengaluru
2021-12-21,0.0,18.15,25.64,12.34,74.0,1.7,Bengaluru
2021-12-22,0.0,17.69,25.62,11.13,78.01,2.36,Bengaluru
2021-12-23,0.0,17.96,25.88,12.44,76.31,2.23,Bengaluru
2021-12-24,0.0,17.61,26.06,10.6,73.09,2.42,Bengaluru
2021-12-25,0.0,18.31,26.82,11.86,77.05,2.49,Bengaluru
2021-12-26,0.0,18.7,26.39,13.08,80.71,2.73,Bengaluru
2021-12-27,0.0,18.48,25.37,13.7,81.15,3.09,Bengaluru
2021-12-28,0.0,18.48,24.83,13.67,82.94,3.33,Bengaluru
2021-12-29,0.0,18.96,24.96,14.51,82.45,3.35,Bengaluru
2021-12-30,1.49,19.49,25.34,13.91,83.39,3.94,Bengaluru
2021-12-31,3.07,20.63,25.42,17.28,86.54,5.22,Bengaluru
2022-01-01,1.16,20.72,25.75,17.77,85.66,4.83,Bengaluru
2022-01-02,0.06,20.2,25.9,16.66,83.39,4.33,Bengaluru
2022-01-03,0.0,19.63,26.26,15.15,78.96,3.2,Bengaluru
2022-01-04,0.0,19.48,25.84,15.17,81.36,3.14,Bengaluru
2022-01-05,0.0,19.59,26.29,13.9,77.66,1.75,Bengaluru
2022-01-06,0.0,19.83,26.37,14.88,80.79,2.87,Bengaluru
2022-01-07,0.0,20.39,26.27,15.94,81.7,3.29,Bengaluru
2022-01-08,0.0,20.76,26.56,16.19,81.81,2.88,Bengaluru
2022-01-09,0.0,20.89,26.86,16.42,80.97,3.0,Bengaluru
2022-01-10,0.0,20.22,27.09,16.0,77.92,3.18,Bengaluru
2022-01-11,0.0,20.61,27.53,15.05,77.77,3.06,Bengaluru
2022-01-12,0.0,21.12,27.26,16.27,80.29,2.98,Bengaluru
2022-01-13,0.0,21.43,27.04,16.87,79.51,2.89,Bengaluru
2022-01-14,0.03,21.59,27.61,16.28,78.49,2.35,Bengaluru
2022-01-15,0.02,22.13,27.42,17.17,73.33,1.41,Bengaluru
2022-01-16,0.03,21.72,27.62,17.02,78.88,3.53,Bengaluru
2022-01-17,0.01,21.22,27.29,17.22,78.42,3.94,Bengaluru
2022-01-18,0.0,20.6,26.87,15.84,75.65,3.18,Bengaluru
2022-01-19,0.0,20.16,27.49,14.95,72.14,2.77,Bengaluru
2022-01-20,0.0,20.17,28.45,14.44,63.92,2.22,Bengaluru
2022-01-21,0.0,21.21,29.53,13.36,63.12,2.06,Bengaluru
2022-01-22,0.0,20.62,29.32,12.7,65.11,2.64,Bengaluru
2022-01-23,0.01,20.01,28.64,14.48,69.45,2.65,Bengaluru
2022-01-24,0.0,20.13,28.13,12.9,62.8,2.18,Bengaluru
2022-01-25,0.35,20.92,28.06,14.19,71.47,1.54,Bengaluru
2022-01-26,0.49,21.42,26.62,18.41,81.19,2.83,Bengaluru
2022-01-27,0.03,21.49,27.42,17.51,75.83,3.91,Bengaluru
2022-01-28,0.01,20.75,27.96,14.92,73.84,4.69,Bengaluru
2022-01-29,0.0,21.24,29.08,15.05,74.44,4.12,Bengaluru
2022-01-30,0.0,22.71,30.04,15.84,71.88,1.35,Bengaluru
2022-01-31,0.0,23.6,30.83,17.55,69.69,1.81,Bengaluru
2022-02-01,0.0,23.02,30.96,17.59,70.03,2.51,Bengaluru
2022-02-02,0.0,22.24,31.35,15.72,65.8,2.47,Bengaluru
2022-02-03,0.0,21.57,29.98,14.56,69.01,2.72,Bengaluru
2022-02-04,0.0,22.14,30.61,16.72,63.54,2.8,Bengaluru
2022-02-05,0.0,22.14,30.13,14.17,66.78,2.84,Bengaluru
2022-02-06,0.0,22.92,29.7,18.07,71.58,3.79,Bengaluru
2022-02-07,0.0,22.54,30.32,16.67,69.43,2.39,Bengaluru
2022-02-08,0.0,22.43,30.47,15.96,66.73,2.39,Bengaluru
2022-02-09,0.0,21.81,30.64,15.77,66.42,3.72,Bengaluru
2022-02-10,0.0,21.45,31.03,14.18,57.94,3.49,Bengaluru
2022-02-11,0.0,21.69,30.71,13.94,56.93,5.02,Bengaluru
2022-02-12,0.0,22.06,30.61,14.89,63.41,4.31,Bengaluru
2022-02-13,0.0,21.41,29.74,15.52,61.85,3.78,Bengaluru
2022-02-14,0.0,21.72,30.45,15.06,63.43,2.95,Bengaluru
2022-02-15,0.0,22.15,30.05,15.92,66.03,3.02,Bengaluru
2022-02-16,0.0,22.76,30.74,14.68,62.5,2.14,Bengaluru
2022-02-17,0.0,22.68,30.25,16.0,62.15,2.65,Bengaluru
2022-02-18,0.0,22.71,31.16,16.02,61.18,4.11,Bengaluru
2022-02-19,0.0,22.97,31.77,14.6,58.34,4.28,Bengaluru
2022-02-20,0.0,23.8,32.84,15.89,55.62,1.95,Bengaluru
2022-02-21,0.0,24.62,33.13,16.05,60.03,2.09,Bengaluru
2022-02-22,0.0,24.97,32.69,17.94,56.08,3.63,Bengaluru
2022-02-23,0.0,23.45,32.25,17.33,58.48,4.74,Bengaluru
2022-02-24,0.0,22.54,32.11,15.4,54.16,3.51,Bengaluru
2022-02-25,0.0,22.44,32.91,13.74,49.27,4.04,Bengaluru
2022-02-26,0.0,21.63,32.14,11.64,54.72,3.9,Bengaluru
2022-02-27,0.0,23.31,32.28,16.83,58.58,3.45,Bengaluru
2022-02-28,0.0,22.87,32.1,15.6,53.38,3.17,Bengaluru
2022-03-01,0.0,23.43,32.45,14.81,49.46,4.09,Bengaluru
2022-03-02,0.0,22.92,32.48,14.37,38.76,4.57,Bengaluru
2022-03-03,0.0,22.8,32.11,13.58,40.86,5.12,Bengaluru
2022-03-04,0.0,23.39,33.25,15.13,36.74,5.05,Bengaluru
2022-03-05,0.0,23.82,32.48,15.31,45.38,5.07,Bengaluru
2022-03-06,0.0,23.9,31.49,17.08,52.91,5.55,Bengaluru
2022-03-07,0.02,23.23,31.12,16.16,54.4,5.28,Bengaluru
2022-03-08,0.0,24.97,33.98,16.54,49.96,4.2,Bengaluru
2022-03-09,0.0,25.82,35.34,17.1,45.63,3.6,Bengaluru
2022-03-10,0.0,25.83,34.37,18.14,40.23,4.72,Bengaluru
2022-03-11,0.0,25.63,34.56,16.77,32.85,5.22,Bengaluru
2022-03-12,0.0,25.81,35.11,17.33,30.83,5.05,Bengaluru
2022-03-13,0.0,25.37,34.14,18.56,34.05,4.79,Bengaluru
2022-03-14,0.0,26.4,35.87,17.83,37.56,3.65,Bengaluru
2022-03-15,0.0,26.72,36.03,19.03,35.25,3.0,Bengaluru
2022-03-16,0.0,26.47,36.1,17.72,36.02,3.58,Bengaluru
2022-03-17,0.0,27.12,37.01,18.0,30.23,3.85,Bengaluru
2022-03-18,0.0,27.81,36.83,18.51,33.16,2.83,Bengaluru
2022-03-19,0.0,28.46,36.08,19.76,35.43,2.58,Bengaluru
2022-03-20,0.97,26.19,30.99,22.18,57.19,2.45,Bengaluru
2022-03-21,5.15,26.76,33.9,20.25,58.02,1.84,Bengaluru
2022-03-22,5.57,26.26,32.91,20.73,62.97,2.28,Bengaluru
2022-03-23,0.1,27.65,34.8,21.32,54.59,2.68,Bengaluru
2022-03-24,0.06,27.35,33.64,21.28,56.16,1.79,Bengaluru
2022-03-25,0.01,27.88,35.84,20.56,49.84,2.86,Bengaluru
2022-03-26,0.03,28.27,36.55,19.79,49.76,3.32,Bengaluru
2022-03-27,0.01,28.81,37.69,20.94,48.62,4.58,Bengaluru
2022-03-28,0.0,28.85,37.41,20.24,47.73,3.95,Bengaluru
2022-03-29,0.0,29.64,37.89,21.29,43.4,3.36,Bengaluru
2022-03-30,0.02,30.0,37.13,22.36,40.22,3.16,Bengaluru
2022-03-31,0.0,30.16,36.48,24.14,38.39,3.35,Bengaluru
2022-04-01,0.1,29.91,37.55,23.27,38.47,4.01,Bengaluru
2022-04-02,0.22,28.72,37.13,21.38,43.09,4.16,Bengaluru
2022-04-03,0.0,28.59,37.46,20.76,44.73,4.83,Bengaluru
2022-04-04,0.0,28.61,37.5,20.24,46.34,4.75,Bengaluru
2022-04-05,0.0,28.07,37.0,19.98,44.87,5.26,Bengaluru
2022-04-06,0.04,28.11,37.55,18.18,40.52,4.69,Bengaluru
2022-04-07,2.48,27.39,35.09,19.99,48.96,4.67,Bengaluru
2022-04-08,1.19,28.1,36.86,20.06,52.25,4.34,Bengaluru
2022-04-09,0.11,27.96,37.01,19.65,53.89,3.82,Bengaluru
2022-04-10,0.0,28.56,37.62,20.19,44.78,4.43,Bengaluru
2022-04-11,0.0,27.88,35.92,19.1,47.5,3.73,Bengaluru
2022-04-12,0.01,29.05,38.04,20.71,44.14,4.0,Bengaluru
2022-04-13,2.69,27.56,33.43,22.85,56.46,3.64,Bengaluru
2022-04-14,14.91,25.23,31.95,19.97,62.32,2.81,Bengaluru
2022-04-15,0.07,27.76,35.54,20.36,56.89,1.23,Bengaluru
2022-04-16,3.15,28.72,36.1,21.41,54.39,2.43,Bengaluru
2022-04-17,13.3,26.82,33.78,22.19,65.49,2.73,Bengaluru
2022-04-18,8.37,26.48,34.46,20.22,60.74,3.53,Bengaluru
2022-04-19,2.04,26.05,33.13,21.02,66.78,2.78,Bengaluru
2022-04-20,0.03,28.1,36.18,20.8,55.37,3.1,Bengaluru
2022-04-21,0.0,27.45,34.71,22.01,59.52,3.71,Bengaluru
2022-04-22,0.01,26.78,33.85,21.65,61.66,3.64,Bengaluru
2022-04-23,1.07,25.93,31.38,22.18,65.9,3.57,Bengaluru
2022-04-24,0.01,27.73,36.16,20.05,52.58,2.97,Bengaluru
2022-04-25,0.0,27.65,35.81,19.99,53.84,2.98,Bengaluru
2022-04-26,0.01,28.44,37.18,20.29,46.97,3.23,Bengaluru
2022-04-27,0.0,28.83,37.17,20.61,50.75,3.93,Bengaluru
2022-04-28,0.0,29.18,37.77,20.75,49.88,3.53,Bengaluru
2022-04-29,0.01,29.94,38.47,21.28,47.9,4.45,Bengaluru
2022-04-30,0.64,29.98,37.18,22.56,49.96,2.63,Bengaluru
2022-05-01,9.84,30.31,36.89,23.54,52.38,2.08,Bengaluru
2022-05-02,6.72,28.76,35.84,22.34,62.16,2.72,Bengaluru
2022-05-03,3.23,27.77,34.82,22.86,63.48,2.62,Bengaluru
2022-05-04,1.02,28.44,35.56,22.36,60.84,2.88,Bengaluru
2022-05-05,2.93,27.11,33.22,22.32,65.39,2.32,Bengaluru
2022-05-06,7.53,27.4,34.1,20.89,62.09,1.75,Bengaluru
2022-05-07,12.12,27.35,34.45,21.09,64.03,2.24,Bengaluru
2022-05-08,1.56,27.81,34.68,21.16,62.57,2.47,Bengaluru
2022-05-09,3.55,27.31,34.61,21.72,65.58,2.9,Bengaluru
2022-05-10,7.82,26.4,32.41,21.92,68.95,5.35,Bengaluru
2022-05-11,8.85,25.2,30.83,21.52,73.35,7.33,Bengaluru
2022-05-12,2.19,24.54,31.07,20.79,76.26,5.8,Bengaluru
2022-05-13,1.32,25.61,31.7,20.51,73.96,4.22,Bengaluru
2022-05-14,5.0,25.35,31.3,20.42,76.35,3.31,Bengaluru
2022-05-15,14.04,24.21,26.96,22.09,84.68,3.28,Bengaluru
2022-05-16,26.3,25.13,29.59,21.7,81.11,3.34,Bengaluru
2022-05-17,50.97,25.1,28.5,21.02,71.44,1.67,Bengaluru
2022-05-18,12.48,24.38,28.63,20.68,79.89,2.12,Bengaluru
2022-05-19,1.89,22.64,25.07,19.45,87.21,4.99,Bengaluru
2022-05-20,1.17,22.05,27.54,18.19,82.12,6.37,Bengaluru
2022-05-21,0.59,23.51,29.9,17.84,75.97,5.97,Bengaluru
2022-05-22,0.02,24.39,30.84,19.63,77.29,6.0,Bengaluru
2022-05-23,0.0,25.31,32.15,19.59,75.7,4.67,Bengaluru
2022-05-24,0.0,26.15,32.77,21.01,73.19,3.62,Bengaluru
2022-05-25,0.05,26.3,31.69,21.15,71.36,2.38,Bengaluru
2022-05-26,0.5,25.46,30.36,21.13,73.94,3.4,Bengaluru
2022-05-27,0.12,24.38,28.84,20.84,76.25,4.34,Bengaluru
2022-05-28,0.01,24.5,30.01,20.46,73.33,4.82,Bengaluru
2022-05-29,0.01,24.83,31.88,18.59,69.24,4.22,Bengaluru
2022-05-30,6.19,25.28,31.38,20.2,71.11,3.61,Bengaluru
2022-05-31,1.95,23.55,27.9,20.63,78.83,4.02,Bengaluru
2022-06-01,0.18,23.49,27.29,20.52,79.46,4.75,Bengaluru
2022-06-02,0.15,25.09,31.37,20.28,73.28,3.04,Bengaluru
2022-06-03,3.77,24.96,30.19,20.2,74.95,2.91,Bengaluru
2022-06-04,5.06,24.32,29.85,20.94,75.55,3.5,Bengaluru
2022-06-05,8.16,24.87,29.86,20.84,76.26,2.17,Bengaluru
2022-06-06,6.53,24.37,29.57,20.75,76.62,2.16,Bengaluru
2022-06-07,1.66,24.71,29.88,21.39,76.44,3.78,Bengaluru
2022-06-08,0.03,24.56,30.08,20.82,75.07,5.01,Bengaluru
2022-06-09,0.01,25.28,32.37,20.16,70.31,5.2,Bengaluru
2022-06-10,0.01,24.79,31.67,19.53,72.59,5.73,Bengaluru
2022-06-11,0.01,24.6,31.21,19.63,70.64,5.31,Bengaluru
2022-06-12,1.12,23.66,29.06,19.06,71.84,4.66,Bengaluru
2022-06-13,2.69,24.04,30.37,18.77,73.8,3.49,Bengaluru
2022-06-14,16.45,24.15,29.06,20.11,78.12,3.78,Bengaluru
2022-06-15,17.03,23.32,28.25,19.58,80.65,3.65,Bengaluru
2022-06-16,8.7,23.18,25.82,21.17,84.05,2.02,Bengaluru
2022-06-17,35.02,21.74,24.58,19.91,84.67,2.22,Bengaluru
2022-06-18,5.41,22.02,24.88,19.57,86.81,2.33,Bengaluru
2022-06-19,20.12,23.17,26.87,20.12,86.05,2.95,Bengaluru
2022-06-20,5.87,23.2,28.48,19.08,79.53,4.37,Bengaluru
2022-06-21,2.26,23.01,27.63,19.83,81.91,4.72,Bengaluru
2022-06-22,1.74,22.32,26.04,19.27,85.63,3.64,Bengaluru
2022-06-23,0.11,23.15,27.81,19.36,80.31,4.34,Bengaluru
2022-06-24,0.01,22.26,25.38,19.71,84.76,5.66,Bengaluru
2022-06-25,0.49,22.67,27.05,19.31,81.21,5.92,Bengaluru
2022-06-26,0.02,23.12,28.42,19.67,79.43,6.37,Bengaluru
2022-06-27,0.0,23.81,29.34,19.74,76.61,6.0,Bengaluru
2022-06-28,0.01,23.95,29.17,20.16,77.12,4.89,Bengaluru
2022-06-29,6.76,24.13,29.7,20.1,79.52,4.35,Bengaluru
2022-06-30,3.4,23.57,28.12,20.32,82.75,5.0,Bengaluru
2022-07-01,1.23,23.2,27.16,20.23,84.03,5.05,Bengaluru
2022-07-02,0.25,22.83,26.53,19.88,84.87,4.94,Bengaluru
2022-07-03,0.02,23.52,28.37,20.47,81.4,5.73,Bengaluru
2022-07-04,0.67,22.44,26.12,19.79,83.42,6.84,Bengaluru
2022-07-05,2.16,22.37,26.06,19.69,84.1,6.51,Bengaluru
2022-07-06,1.58,22.56,26.77,19.82,81.81,6.09,Bengaluru
2022-07-07,4.29,22.55,27.37,19.53,83.8,6.35,Bengaluru
2022-07-08,2.47,22.27,26.39,19.27,82.37,6.99,Bengaluru
2022-07-09,4.81,22.61,26.88,19.74,83.41,7.02,Bengaluru
2022-07-10,0.94,22.93,27.92,19.38,80.17,7.33,Bengaluru
2022-07-11,2.12,23.11,27.84,19.79,80.01,6.97,Bengaluru
2022-07-12,0.81,22.79,26.99,19.98,80.38,8.08,Bengaluru
2022-07-13,1.14,22.87,28.16,19.64,78.86,9.72,Bengaluru
2022-07-14,0.44,22.43,26.68,19.29,78.31,10.31,Bengaluru
2022-07-15,0.19,23.32,28.8,19.83,76.98,8.17,Bengaluru
2022-07-16,11.71,23.57,28.91,19.77,80.63,6.66,Bengaluru
2022-07-17,4.27,23.09,28.46,19.52,81.89,7.05,Bengaluru
2022-07-18,4.04,22.68,26.58,19.53,82.1,5.59,Bengaluru
2022-07-19,0.52,22.95,26.85,19.59,82.54,3.4,Bengaluru
2022-07-20,22.88,23.77,27.64,20.05,81.67,2.94,Bengaluru
2022-07-21,6.52,23.26,27.25,19.94,84.52,3.28,Bengaluru
2022-07-22,7.44,22.51,25.67,20.39,86.68,3.87,Bengaluru
2022-07-23,0.1,22.84,27.64,19.41,82.61,4.59,Bengaluru
2022-07-24,0.03,22.99,27.79,19.14,80.88,4.79,Bengaluru
2022-07-25,1.29,22.91,27.48,19.39,80.91,3.77,Bengaluru
2022-07-26,3.95,22.22,25.98,19.74,84.1,3.92,Bengaluru
2022-07-27,6.1,22.88,27.33,19.83,85.09,2.95,Bengaluru
2022-07-28,1.5,24.1,28.58,19.8,78.61,1.81,Bengaluru
2022-07-29,5.15,23.39,26.92,19.64,80.18,1.8,Bengaluru
2022-07-30,10.64,24.39,29.47,19.52,76.57,1.27,Bengaluru
2022-07-31,13.87,24.02,28.21,20.63,84.58,1.79,Bengaluru
2022-08-01,26.64,23.93,28.01,21.01,84.35,2.77,Bengaluru
2022-08-02,14.82,23.89,28.76,19.74,83.76,2.34,Bengaluru
2022-08-03,27.73,22.77,26.6,19.91,83.4,2.71,Bengaluru
2022-08-04,11.6,22.06,25.05,19.08,85.69,1.78,Bengaluru
2022-08-05,5.41,22.62,26.38,19.88,84.42,7.65,Bengaluru
2022-08-06,4.52,22.5,26.92,18.99,84.33,7.87,Bengaluru
2022-08-07,2.11,22.28,26.48,19.22,86.36,7.41,Bengaluru
2022-08-08,1.59,22.39,26.71,19.73,85.48,8.11,Bengaluru
2022-08-09,0.56,22.49,27.43,19.05,81.48,8.81,Bengaluru
2022-08-10,0.11,22.1,27.53,18.23,81.41,8.01,Bengaluru
2022-08-11,0.4,22.64,28.6,18.45,82.13,6.88,Bengaluru
2022-08-12,0.09,22.86,28.72,18.57,81.25,6.2,Bengaluru
2022-08-13,0.01,22.2,26.8,18.82,82.48,5.01,Bengaluru
2022-08-14,0.0,22.82,29.05,18.1,78.98,5.46,Bengaluru
2022-08-15,0.01,23.63,29.56,18.64,78.49,4.2,Bengaluru
2022-08-16,0.02,24.23,29.57,19.59,76.83,2.38,Bengaluru
2022-08-17,0.26,24.05,29.46,19.93,79.47,3.32,Bengaluru
2022-08-18,238.99,22.91,26.69,19.97,86.48,4.46,Bengaluru
2022-08-19,23.68,23.02,27.94,19.24,84.18,5.1,Bengaluru
2022-08-20,0.02,22.87,27.6,18.92,83.98,4.9,Bengaluru
2022-08-21,5.33,22.87,27.54,18.72,85.15,5.05,Bengaluru
2022-08-22,2.93,22.83,27.04,19.77,85.48,5.55,Bengaluru
2022-08-23,1.03,23.28,28.36,19.0,83.66,4.95,Bengaluru
2022-08-24,5.15,22.86,26.66,19.67,84.98,4.57,Bengaluru
2022-08-25,18.22,22.28,26.32,19.35,86.29,4.12,Bengaluru
2022-08-26,44.42,22.0,25.21,19.61,90.52,3.42,Bengaluru
2022-08-27,12.91,22.02,25.58,19.8,89.28,4.0,Bengaluru
2022-08-28,13.11,22.53,26.8,18.88,86.92,3.68,Bengaluru
2022-08-29,29.57,22.84,26.32,20.17,89.66,2.69,Bengaluru
2022-08-30,1.59,23.67,28.03,20.53,86.74,2.77,Bengaluru
2022-08-31,4.88,22.53,26.27,20.13,90.56,2.65,Bengaluru
2022-09-01,3.5,23.1,28.19,19.21,83.85,1.56,Bengaluru
2022-09-02,5.13,23.3,27.27,20.13,85.24,2.39,Bengaluru
2022-09-03,8.36,24.24,29.61,19.06,82.53,1.29,Bengaluru
2022-09-04,45.37,23.57,26.4,20.78,89.64,1.84,Bengaluru
2022-09-05,19.12,24.12,27.74,20.66,83.96,1.22,Bengaluru
2022-09-06,26.9,23.13,25.83,20.75,86.43,1.96,Bengaluru
2022-09-07,9.56,22.26,25.68,19.61,88.64,2.15,Bengaluru
2022-09-08,8.73,22.06,25.52,19.09,89.52,3.94,Bengaluru
2022-09-09,0.41,22.3,26.04,19.73,90.33,4.33,Bengaluru
2022-09-10,0.67,22.27,26.77,19.34,88.73,5.45,Bengaluru
2022-09-11,0.06,21.95,25.81,19.36,88.36,6.13,Bengaluru
2022-09-12,0.0,22.07,26.89,19.02,86.68,6.84,Bengaluru
2022-09-13,2.2,22.48,27.23,18.65,87.81,4.84,Bengaluru
2022-09-14,4.68,22.21,26.09,19.22,88.65,3.76,Bengaluru
2022-09-15,0.92,21.9,26.02,18.47,88.61,3.83,Bengaluru
2022-09-16,0.03,22.62,27.04,18.83,87.24,3.93,Bengaluru
2022-09-17,0.0,22.37,26.63,18.73,87.76,3.48,Bengaluru
2022-09-18,0.13,22.75,26.68,18.82,86.23,3.71,Bengaluru
2022-09-19,0.01,22.52,26.75,19.36,86.55,4.41,Bengaluru
2022-09-20,0.0,21.41,26.93,17.25,82.76,4.18,Bengaluru
2022-09-21,0.01,22.02,27.43,17.24,84.6,3.92,Bengaluru
2022-09-22,0.0,22.14,27.19,17.76,81.47,4.23,Bengaluru
2022-09-23,0.0,21.42,26.09,17.57,84.75,3.71,Bengaluru
2022-09-24,2.48,22.26,27.51,17.87,84.27,3.87,Bengaluru
2022-09-25,0.46,22.68,28.03,18.05,82.71,3.46,Bengaluru
2022-09-26,2.84,23.04,27.96,19.57,86.46,3.4,Bengaluru
2022-09-27,2.39,22.21,25.74,18.84,87.8,3.12,Bengaluru
2022-09-28,2.87,22.47,27.11,19.38,85.5,3.38,Bengaluru
2022-09-29,1.78,21.87,26.15,19.39,87.46,3.3,Bengaluru
2022-09-30,9.58,21.27,24.37,19.07,89.82,4.24,Bengaluru
2022-10-01,4.84,21.54,26.03,18.81,87.97,4.85,Bengaluru
2022-10-02,0.21,21.43,26.01,17.53,86.06,4.64,Bengaluru
2022-10-03,0.01,22.07,26.26,19.04,86.38,4.7,Bengaluru
2022-10-04,0.01,22.02,25.72,19.71,88.88,3.86,Bengaluru
2022-10-05,14.08,21.64,25.16,19.45,91.06,3.4,Bengaluru
2022-10-06,0.55,21.97,25.71,19.86,87.63,3.29,Bengaluru
2022-10-07,0.54,22.16,26.31,18.58,85.87,2.6,Bengaluru
2022-10-08,2.28,21.47,24.78,18.49,87.17,2.62,Bengaluru
2022-10-09,6.41,22.0,25.97,18.69,89.22,2.79,Bengaluru
2022-10-10,21.57,23.23,27.11,20.4,88.5,3.0,Bengaluru
2022-10-11,7.53,22.98,26.42,20.05,89.62,3.13,Bengaluru
2022-10-12,4.13,22.99,26.92,20.28,88.71,2.22,Bengaluru
2022-10-13,19.08,22.91,27.27,19.86,88.68,1.74,Bengaluru
2022-10-14,10.06,23.62,28.78,20.01,84.27,1.81,Bengaluru
2022-10-15,14.02,22.98,27.79,19.47,88.47,1.99,Bengaluru
2022-10-16,21.75,23.36,27.41,20.33,88.52,2.9,Bengaluru
2022-10-17,2.89,23.43,27.1,20.76,89.33,2.94,Bengaluru
2022-10-18,5.91,23.19,27.15,20.72,87.66,2.15,Bengaluru
2022-10-19,17.21,23.06,27.05,20.1,85.27,1.59,Bengaluru
2022-10-20,21.66,22.95,27.74,19.07,86.27,2.46,Bengaluru
2022-10-21,1.06,22.45,26.51,19.69,87.28,2.84,Bengaluru
2022-10-22,0.33,21.98,26.74,18.51,87.45,3.12,Bengaluru
2022-10-23,0.01,20.94,26.51,16.64,83.79,2.88,Bengaluru
2022-10-24,0.0,18.96,25.3,14.4,76.05,3.64,Bengaluru
2022-10-25,0.0,19.07,26.09,13.52,70.96,2.75,Bengaluru
2022-10-26,0.0,19.7,26.41,14.23,71.17,2.11,Bengaluru
2022-10-27,0.01,19.66,26.26,13.19,78.36,2.77,Bengaluru
2022-10-28,0.38,20.95,25.98,16.36,86.9,3.22,Bengaluru
2022-10-29,3.85,21.67,26.5,17.41,87.82,3.58,Bengaluru
2022-10-30,0.26,21.64,26.72,17.72,86.69,3.29,Bengaluru
2022-10-31,0.0,20.31,23.85,17.94,88.26,2.93,Bengaluru
2022-11-01,9.71,20.21,23.22,18.22,93.18,3.41,Bengaluru
2022-11-02,5.57,20.12,24.88,17.07,89.63,3.53,Bengaluru
2022-11-03,5.47,20.3,25.5,15.28,85.56,3.65,Bengaluru
2022-11-04,1.62,20.56,26.03,16.74,86.1,3.76,Bengaluru
2022-11-05,0.85,20.62,26.09,16.08,84.18,3.45,Bengaluru
2022-11-06,0.72,20.77,25.84,16.82,88.35,3.3,Bengaluru
2022-11-07,0.1,20.02,25.82,15.86,82.15,3.18,Bengaluru
2022-11-08,0.0,20.75,26.02,16.86,87.6,3.3,Bengaluru
2022-11-09,0.0,21.37,26.66,17.06,84.77,2.92,Bengaluru
2022-11-10,0.88,21.39,26.83,16.94,84.91,3.51,Bengaluru
2022-11-11,7.09,20.02,23.92,18.2,88.59,5.26,Bengaluru
2022-11-12,11.57,20.35,24.4,18.54,91.92,4.41,Bengaluru
2022-11-13,5.72,20.77,25.46,17.03,89.24,3.78,Bengaluru
2022-11-14,1.74,21.33,25.73,17.69,88.72,2.55,Bengaluru
2022-11-15,1.1,21.59,26.65,18.25,87.62,2.35,Bengaluru
2022-11-16,0.0,20.8,26.23,16.6,86.23,2.63,Bengaluru
2022-11-17,0.0,18.65,25.4,13.91,78.06,3.14,Bengaluru
2022-11-18,0.0,17.62,25.29,11.47,75.28,3.08,Bengaluru
2022-11-19,0.0,17.79,24.23,13.52,79.84,3.25,Bengaluru
2022-11-20,0.0,17.37,23.69,12.14,77.83,2.67,Bengaluru
2022-11-21,0.03,16.92,20.69,12.89,87.67,2.81,Bengaluru
2022-11-22,3.96,20.16,25.8,16.02,89.71,2.53,Bengaluru
2022-11-23,7.75,21.37,26.59,18.0,89.41,2.58,Bengaluru
2022-11-24,2.37,21.63,26.52,18.45,87.46,3.39,Bengaluru
2022-11-25,0.58,21.4,26.33,17.56,86.21,3.11,Bengaluru
2022-11-26,0.08,21.57,27.2,17.6,84.52,2.6,Bengaluru
2022-11-27,0.03,21.94,27.53,17.38,83.69,1.81,Bengaluru
2022-11-28,0.05,22.06,27.47,17.81,85.45,1.89,Bengaluru
2022-11-29,0.02,21.26,26.58,16.89,83.85,2.91,Bengaluru
2022-11-30,0.0,18.66,25.41,13.33,78.73,2.92,Bengaluru
2022-12-01,0.3,20.8,26.7,14.92,87.83,3.09,Bengaluru
2022-12-02,0.12,21.93,27.37,18.41,86.09,3.05,Bengaluru
2022-12-03,0.0,21.77,27.19,17.96,85.71,3.41,Bengaluru
2022-12-04,0.01,21.29,26.26,18.06,86.33,3.49,Bengaluru
2022-12-05,0.03,20.85,26.63,16.95,87.18,3.36,Bengaluru
2022-12-06,0.0,20.64,25.9,16.5,84.93,2.81,Bengaluru
2022-12-07,0.0,19.11,25.54,15.25,80.51,3.41,Bengaluru
2022-12-08,0.03,17.31,22.83,13.0,77.64,3.45,Bengaluru
2022-12-09,7.26,17.79,21.57,14.15,83.38,5.11,Bengaluru
2022-12-10,34.95,19.26,21.79,17.01,93.76,7.41,Bengaluru
2022-12-11,9.96,21.04,24.66,18.59,90.83,4.44,Bengaluru
2022-12-12,29.05,20.8,24.13,19.01,92.76,4.25,Bengaluru
2022-12-13,7.23,21.12,25.01,18.68,89.84,4.43,Bengaluru
2022-12-14,0.86,20.79,25.76,17.48,86.79,3.46,Bengaluru
2022-12-15,0.03,20.03,26.51,14.83,79.32,3.1,Bengaluru
2022-12-16,0.0,19.25,26.89,13.16,76.11,3.15,Bengaluru
2022-12-17,0.0,19.9,26.3,14.81,84.12,3.15,Bengaluru
2022-12-18,0.0,20.55,26.32,16.4,86.92,3.81,Bengaluru
2022-12-19,0.0,17.88,23.61,13.89,84.75,3.48,Bengaluru
2022-12-20,0.0,18.84,26.62,13.07,81.31,2.87,Bengaluru
2022-12-21,0.0,18.39,26.26,12.91,75.49,3.04,Bengaluru
2022-12-22,0.0,17.5,25.97,10.28,77.37,3.55,Bengaluru
2022-12-23,0.0,19.35,26.9,13.62,84.27,3.17,Bengaluru
2022-12-24,0.01,20.47,26.83,15.9,83.55,3.06,Bengaluru
2022-12-25,5.17,21.29,27.26,16.66,87.92,4.54,Bengaluru
2022-12-26,1.09,21.19,26.29,17.47,87.28,4.5,Bengaluru
2022-12-27,0.5,21.09,26.31,16.9,87.3,3.77,Bengaluru
2022-12-28,0.07,21.5,26.91,17.76,85.92,3.09,Bengaluru
2022-12-29,0.0,20.79,27.02,16.38,82.26,3.05,Bengaluru
2022-12-30,0.0,19.25,26.38,14.05,78.02,2.81,Bengaluru
2022-12-31,0.0,18.84,26.12,13.53,73.82,2.17,Bengaluru
2023-01-01,0.0,18.53,26.21,12.5,76.63,2.72,Bengaluru
2023-01-02,0.0,18.57,25.38,13.15,81.34,3.68,Bengaluru
2023-01-03,0.0,18.94,25.04,14.25,80.9,3.24,Bengaluru
2023-01-04,0.0,19.22,25.34,14.6,80.99,3.47,Bengaluru
2023-01-05,0.0,18.78,24.65,14.58,81.13,4.28,Bengaluru
2023-01-06,0.0,18.89,25.17,14.03,83.05,4.64,Bengaluru
2023-01-07,0.0,19.36,25.4,14.71,82.9,4.05,Bengaluru
2023-01-08,0.0,19.3,25.27,15.26,80.76,3.11,Bengaluru
2023-01-09,0.0,18.05,25.07,12.67,71.84,3.02,Bengaluru
2023-01-10,0.0,16.62,25.49,9.22,74.99,3.71,Bengaluru
2023-01-11,0.0,17.17,26.18,11.0,71.12,2.69,Bengaluru
2023-01-12,0.0,17.92,27.41,10.7,65.4,2.44,Bengaluru
2023-01-13,0.0,18.12,27.29,11.07,71.58,2.2,Bengaluru
2023-01-14,0.0,17.89,27.14,11.43,68.49,2.29,Bengaluru
2023-01-15,0.0,17.84,27.2,11.18,68.45,2.24,Bengaluru
2023-01-16,0.0,18.39,27.94,11.25,68.26,2.49,Bengaluru
2023-01-17,0.0,18.05,27.79,11.3,70.56,2.28,Bengaluru
2023-01-18,0.0,18.29,27.12,12.28,73.7,2.92,Bengaluru
2023-01-19,0.0,18.23,27.22,12.53,70.27,3.25,Bengaluru
2023-01-20,0.0,18.16,25.33,12.0,79.29,3.49,Bengaluru
2023-01-21,0.0,19.34,26.26,14.66,76.61,3.32,Bengaluru
2023-01-22,0.0,18.87,26.51,13.66,70.86,3.67,Bengaluru
2023-01-23,0.01,20.13,27.32,14.26,79.09,3.85,Bengaluru
2023-01-24,0.18,20.98,28.09,15.72,75.82,3.18,Bengaluru
2023-01-25,0.04,19.7,27.74,14.6,72.94,3.2,Bengaluru
2023-01-26,0.0,19.3,27.85,13.2,70.88,3.19,Bengaluru
2023-01-27,0.0,18.98,27.69,13.46,67.89,3.62,Bengaluru
2023-01-28,0.0,18.54,27.92,10.29,63.64,3.92,Bengaluru
2023-01-29,0.0,19.14,27.91,10.81,67.93,4.16,Bengaluru
2023-01-30,0.0,20.89,27.73,15.51,76.99,3.48,Bengaluru
2023-01-31,0.0,21.23,28.86,16.08,70.23,3.74,Bengaluru
2023-02-01,0.0,21.21,28.94,15.56,65.42,4.06,Bengaluru
2023-02-02,0.0,20.91,27.68,15.04,66.39,4.33,Bengaluru
2023-02-03,0.02,21.8,29.29,15.47,68.59,4.19,Bengaluru
2023-02-04,0.25,22.43,30.55,16.8,66.01,4.4,Bengaluru
2023-02-05,0.0,22.26,31.19,14.93,59.22,3.19,Bengaluru
2023-02-06,0.0,21.4,30.34,13.79,63.84,2.85,Bengaluru
2023-02-07,0.0,21.2,29.15,13.37,63.89,1.71,Bengaluru
2023-02-08,0.0,22.06,31.29,14.13,61.95,3.18,Bengaluru
2023-02-09,0.0,21.74,30.82,14.42,61.56,3.42,Bengaluru
2023-02-10,0.0,21.82,31.11,14.65,62.36,3.46,Bengaluru
2023-02-11,0.0,21.94,31.68,14.3,56.14,3.55,Bengaluru
2023-02-12,0.0,22.52,32.62,15.58,51.88,3.69,Bengaluru
2023-02-13,0.0,21.99,32.21,13.87,49.12,4.2,Bengaluru
2023-02-14,0.0,21.57,31.79,13.71,54.11,3.35,Bengaluru
2023-02-15,0.0,21.49,31.79,13.69,53.67,3.32,Bengaluru
2023-02-16,0.0,21.76,31.97,14.03,52.86,4.26,Bengaluru
2023-02-17,0.0,21.42,31.43,12.97,57.93,3.72,Bengaluru
2023-02-18,0.0,21.63,31.44,14.21,58.81,3.26,Bengaluru
2023-02-19,0.0,22.06,31.66,14.38,59.3,3.19,Bengaluru
2023-02-20,0.0,22.33,32.34,13.97,53.76,2.61,Bengaluru
2023-02-21,0.0,22.52,32.5,14.53,52.44,3.04,Bengaluru
2023-02-22,0.0,22.47,32.64,13.73,52.07,4.11,Bengaluru
2023-02-23,0.0,21.61,32.37,12.67,51.75,4.43,Bengaluru
2023-02-24,0.0,21.69,32.94,12.15,47.05,3.78,Bengaluru
2023-02-25,0.0,22.58,33.35,13.23,39.21,4.36,Bengaluru
2023-02-26,0.0,22.51,32.73,13.38,43.36,4.75,Bengaluru
2023-02-27,0.0,21.53,31.81,12.04,50.01,4.64,Bengaluru
2023-02-28,0.0,22.07,31.41,11.61,51.97,4.19,Bengaluru
2023-03-01,0.0,23.85,32.15,17.8,56.23,4.51,Bengaluru
2023-03-02,0.0,22.13,32.11,13.22,45.57,5.12,Bengaluru
2023-03-03,0.0,22.1,32.41,12.46,43.88,5.47,Bengaluru
2023-03-04,0.0,22.63,33.06,13.44,38.93,5.39,Bengaluru
2023-03-05,0.0,22.93,33.29,13.6,39.07,5.1,Bengaluru
2023-03-06,0.0,23.01,32.83,13.67,38.91,5.19,Bengaluru
2023-03-07,0.0,23.21,32.95,13.81,39.53,5.07,Bengaluru
2023-03-08,0.0,23.36,32.16,15.33,44.32,5.04,Bengaluru
2023-03-09,0.0,22.66,30.81,14.87,46.32,4.31,Bengaluru
2023-03-10,0.0,23.39,32.71,14.15,46.29,4.85,Bengaluru
2023-03-11,0.0,24.05,33.6,14.63,49.61,4.94,Bengaluru
2023-03-12,0.0,24.13,33.54,15.32,50.79,4.94,Bengaluru
2023-03-13,0.0,25.23,34.08,16.05,49.79,4.47,Bengaluru
2023-03-14,0.0,25.92,34.65,16.77,42.04,3.3,Bengaluru
2023-03-15,0.0,26.64,34.89,18.0,46.19,3.63,Bengaluru
2023-03-16,0.43,26.32,33.28,20.0,55.69,2.63,Bengaluru
2023-03-17,17.9,24.0,30.01,20.78,70.81,2.89,Bengaluru
2023-03-18,6.89,24.65,31.0,20.21,71.42,3.76,Bengaluru
2023-03-19,7.89,24.85,31.51,18.49,67.81,2.61,Bengaluru
2023-03-20,1.48,24.89,33.51,18.24,57.62,3.03,Bengaluru
2023-03-21,0.02,24.04,34.19,14.76,47.21,2.98,Bengaluru
2023-03-22,0.0,24.77,33.83,14.78,47.31,1.96,Bengaluru
2023-03-23,0.2,26.83,34.29,19.62,52.1,1.88,Bengaluru
2023-03-24,0.93,26.81,33.46,19.99,57.34,2.41,Bengaluru
2023-03-25,1.49,25.7,32.47,20.99,67.57,2.88,Bengaluru
2023-03-26,0.89,25.73,31.6,21.57,65.58,1.86,Bengaluru
2023-03-27,0.43,26.6,35.0,19.89,58.1,2.4,Bengaluru
2023-03-28,0.05,27.5,35.67,19.11,53.03,2.48,Bengaluru
2023-03-29,0.55,27.77,35.39,20.23,55.6,2.87,Bengaluru
2023-03-30,0.76,27.29,33.45,21.09,55.19,1.51,Bengaluru
2023-03-31,0.0,27.59,33.94,21.87,50.58,1.65,Bengaluru
2023-04-01,0.21,27.12,32.86,22.11,53.43,1.99,Bengaluru
2023-04-02,0.53,27.67,34.43,20.56,53.21,2.28,Bengaluru
2023-04-03,0.2,28.34,35.42,21.65,48.42,2.32,Bengaluru
2023-04-04,7.53,26.26,32.35,20.99,62.97,2.13,Bengaluru
2023-04-05,0.68,27.05,33.87,21.43,59.49,2.4,Bengaluru
2023-04-06,0.08,27.19,34.27,20.28,52.24,3.26,Bengaluru
2023-04-07,0.0,26.87,34.6,19.76,52.28,4.13,Bengaluru
2023-04-08,0.0,26.54,34.93,18.32,50.93,5.07,Bengaluru
2023-04-09,0.0,26.71,35.94,17.39,48.02,4.23,Bengaluru
2023-04-10,0.0,27.36,36.46,17.97,46.57,4.42,Bengaluru
2023-04-11,0.0,27.58,37.2,18.04,34.86,3.75,Bengaluru
2023-04-12,0.0,27.02,35.79,18.54,33.87,3.62,Bengaluru
2023-04-13,0.0,28.88,37.82,19.9,27.2,3.98,Bengaluru
2023-04-14,0.0,28.34,36.05,20.81,28.79,3.76,Bengaluru
2023-04-15,0.0,28.42,36.79,21.29,30.05,3.42,Bengaluru
2023-04-16,0.0,27.88,35.93,21.16,33.91,3.63,Bengaluru
2023-04-17,0.0,28.3,36.55,20.8,31.27,4.35,Bengaluru
2023-04-18,0.0,28.72,38.16,18.87,33.73,4.04,Bengaluru
2023-04-19,0.0,29.02,38.21,19.62,35.1,2.98,Bengaluru
2023-04-20,0.0,30.24,38.02,21.45,34.99,2.26,Bengaluru
2023-04-21,0.36,30.16,36.55,23.79,41.28,2.73,Bengaluru
2023-04-22,2.74,29.62,35.41,24.66,46.07,2.4,Bengaluru
2023-04-23,2.06,28.42,34.56,23.03,54.25,2.54,Bengaluru
2023-04-24,0.35,28.21,35.89,22.12,52.99,4.56,Bengaluru
2023-04-25,0.43,27.88,33.88,22.06,49.99,3.38,Bengaluru
2023-04-26,0.01,28.07,34.5,22.88,51.17,3.24,Bengaluru
2023-04-27,0.0,28.51,35.22,21.71,49.52,3.39,Bengaluru
2023-04-28,0.01,29.09,36.61,21.76,46.23,4.34,Bengaluru
2023-04-29,12.69,27.96,36.25,22.38,56.71,3.65,Bengaluru
2023-04-30,1.95,26.51,32.14,22.26,67.15,2.65,Bengaluru
2023-05-01,17.21,24.41,27.73,21.93,78.9,2.77,Bengaluru
2023-05-02,2.14,25.42,31.48,21.66,73.04,1.56,Bengaluru
2023-05-03,1.87,25.56,30.4,22.49,73.72,2.9,Bengaluru
2023-05-04,8.44,24.75,30.57,21.63,75.59,1.55,Bengaluru
2023-05-05,22.85,23.04,26.11,21.23,84.99,2.31,Bengaluru
2023-05-06,3.83,23.83,28.31,20.86,80.99,2.06,Bengaluru
2023-05-07,15.73,24.48,30.1,20.91,80.3,2.74,Bengaluru
2023-05-08,5.71,24.6,29.5,21.35,79.76,2.26,Bengaluru
2023-05-09,0.48,26.62,32.87,20.83,71.52,2.1,Bengaluru
2023-05-10,0.04,27.29,34.24,20.97,65.02,2.77,Bengaluru
2023-05-11,0.01,27.79,34.69,21.94,63.65,2.34,Bengaluru
2023-05-12,5.17,28.05,35.21,22.15,63.55,2.48,Bengaluru
2023-05-13,0.0,27.4,33.92,22.12,65.87,4.37,Bengaluru
2023-05-14,0.0,28.21,35.47,22.82,64.77,4.42,Bengaluru
2023-05-15,0.3,28.35,35.66,22.08,62.61,3.74,Bengaluru
2023-05-16,0.26,28.66,36.15,21.09,59.2,3.0,Bengaluru
2023-05-17,0.83,29.4,35.19,23.79,48.21,1.3,Bengaluru
2023-05-18,0.06,29.29,36.59,21.82,52.95,2.61,Bengaluru
2023-05-19,0.01,27.4,32.17,23.46,64.8,2.06,Bengaluru
2023-05-20,1.85,27.63,33.41,22.33,65.0,2.91,Bengaluru
2023-05-21,10.02,27.7,33.86,22.94,67.02,1.77,Bengaluru
2023-05-22,2.9,28.0,34.65,22.11,63.47,2.44,Bengaluru
2023-05-23,4.04,27.18,33.37,22.26,64.86,2.19,Bengaluru
2023-05-24,0.78,26.34,32.28,20.98,67.66,2.74,Bengaluru
2023-05-25,2.64,26.66,32.45,21.57,68.18,2.76,Bengaluru
2023-05-26,1.23,27.38,33.7,22.15,64.95,3.18,Bengaluru
2023-05-27,0.43,27.63,34.6,20.6,63.38,3.06,Bengaluru
2023-05-28,0.1,27.92,33.85,21.56,60.34,2.84,Bengaluru
2023-05-29,0.01,28.34,34.68,22.02,58.54,2.75,Bengaluru
2023-05-30,11.13,26.22,32.66,22.64,70.95,2.44,Bengaluru
2023-05-31,15.29,26.78,31.86,21.87,66.95,1.16,Bengaluru
2023-06-01,8.32,26.1,31.59,21.13,70.34,2.85,Bengaluru
2023-06-02,1.39,25.76,32.76,20.47,65.18,3.32,Bengaluru
2023-06-03,0.0,28.04,34.52,21.86,63.65,3.72,Bengaluru
2023-06-04,0.01,27.85,34.07,22.75,64.81,3.49,Bengaluru
2023-06-05,0.01,26.24,30.92,22.26,71.14,3.91,Bengaluru
2023-06-06,0.77,27.02,32.75,21.87,69.33,4.07,Bengaluru
2023-06-07,1.66,26.66,32.78,21.85,70.21,4.51,Bengaluru
2023-06-08,0.48,25.07,28.62,21.68,74.53,4.15,Bengaluru
2023-06-09,5.86,26.07,32.12,21.47,69.63,4.96,Bengaluru
2023-06-10,0.16,25.97,33.26,20.57,67.01,6.52,Bengaluru
2023-06-11,0.01,26.26,33.63,20.33,66.54,5.82,Bengaluru
2023-06-12,17.72,25.89,32.33,21.22,73.9,5.14,Bengaluru
2023-06-13,0.06,26.43,33.13,21.02,69.74,5.1,Bengaluru
2023-06-14,0.36,26.15,31.76,21.56,69.55,5.85,Bengaluru
2023-06-15,0.03,27.04,34.25,21.21,65.7,5.21,Bengaluru
2023-06-16,0.03,27.25,34.43,20.83,64.4,5.12,Bengaluru
2023-06-17,0.04,26.7,32.37,21.68,66.91,4.86,Bengaluru
2023-06-18,0.09,25.18,29.3,22.19,72.95,4.97,Bengaluru
2023-06-19,3.0,24.95,30.76,20.76,74.63,4.41,Bengaluru
2023-06-20,11.28,24.58,28.6,20.99,77.28,2.94,Bengaluru
2023-06-21,17.12,23.83,26.92,21.03,80.71,2.86,Bengaluru
2023-06-22,10.89,25.19,30.32,20.85,72.44,3.4,Bengaluru
2023-06-23,2.47,24.35,30.75,19.5,70.19,4.68,Bengaluru
2023-06-24,0.1,23.46,27.76,20.02,80.66,4.86,Bengaluru
2023-06-25,1.31,23.97,28.28,20.78,79.43,4.38,Bengaluru
2023-06-26,0.41,24.06,30.75,19.26,69.79,5.46,Bengaluru
2023-06-27,1.07,24.13,30.45,19.34,69.59,5.2,Bengaluru
2023-06-28,0.04,24.59,31.97,18.58,67.44,5.63,Bengaluru
2023-06-29,15.3,24.14,30.79,19.51,73.18,5.39,Bengaluru
2023-06-30,0.21,24.74,31.41,18.77,68.23,5.9,Bengaluru
2023-07-01,1.11,24.36,30.62,20.32,69.36,5.73,Bengaluru
2023-07-02,2.35,23.45,28.32,19.73,78.99,5.85,Bengaluru
2023-07-03,2.0,23.74,27.8,20.97,79.68,5.95,Bengaluru
2023-07-04,4.77,23.55,28.36,20.92,81.15,6.64,Bengaluru
2023-07-05,0.82,22.76,27.07,19.79,78.77,7.27,Bengaluru
2023-07-06,0.11,23.17,27.8,19.7,74.78,7.98,Bengaluru
2023-07-07,2.34,24.12,30.28,19.29,75.76,5.98,Bengaluru
2023-07-08,1.67,23.91,29.53,19.69,75.39,5.39,Bengaluru
2023-07-09,1.12,24.37,30.76,19.43,74.53,4.8,Bengaluru
2023-07-10,4.22,23.88,28.65,20.68,77.24,4.28,Bengaluru
2023-07-11,8.85,24.05,29.14,20.42,72.74,5.98,Bengaluru
2023-07-12,6.89,23.94,31.24,18.51,70.69,5.91,Bengaluru
2023-07-13,7.74,23.93,31.23,18.47,72.57,5.73,Bengaluru
2023-07-14,0.45,23.93,29.93,19.56,75.52,5.76,Bengaluru
2023-07-15,0.88,24.2,29.78,19.69,73.86,5.37,Bengaluru
2023-07-16,0.04,24.78,31.05,20.08,74.88,4.92,Bengaluru
2023-07-17,0.08,24.72,30.17,20.27,74.93,5.87,Bengaluru
2023-07-18,0.01,25.01,30.75,20.69,71.83,7.34,Bengaluru
2023-07-19,0.1,24.22,28.83,20.96,74.78,8.67,Bengaluru
2023-07-20,0.1,24.37,29.34,20.7,73.51,9.02,Bengaluru
2023-07-21,0.07,23.92,27.89,21.11,78.03,8.83,Bengaluru
2023-07-22,2.62,24.12,29.54,20.39,74.01,8.6,Bengaluru
2023-07-23,1.33,24.13,30.46,20.12,74.91,8.14,Bengaluru
2023-07-24,6.94,23.11,27.75,20.25,82.1,7.15,Bengaluru
2023-07-25,9.18,22.19,26.39,19.35,83.33,7.02,Bengaluru
2023-07-26,4.37,22.54,27.45,18.83,83.91,7.39,Bengaluru
2023-07-27,0.14,22.44,27.28,19.23,79.91,8.0,Bengaluru
2023-07-28,0.33,24.12,30.9,18.86,74.43,7.49,Bengaluru
2023-07-29,0.1,24.68,31.58,19.59,72.27,7.5,Bengaluru
2023-07-30,0.01,25.12,32.56,19.41,70.97,6.85,Bengaluru
2023-07-31,0.0,25.44,32.35,20.18,70.58,6.36,Bengaluru
2023-08-01,0.0,24.98,32.09,20.04,71.59,7.04,Bengaluru
2023-08-02,0.0,24.9,32.07,19.59,70.25,7.29,Bengaluru
2023-08-03,0.0,25.23,32.24,20.09,70.11,6.85,Bengaluru
2023-08-04,0.05,25.23,32.31,19.44,70.8,6.12,Bengaluru
2023-08-05,0.01,25.21,31.21,19.92,69.67,6.04,Bengaluru
2023-08-06,0.75,25.2,31.08,20.46,72.48,4.95,Bengaluru
2023-08-07,0.79,25.48,32.16,20.26,68.55,4.84,Bengaluru
2023-08-08,0.04,25.42,31.69,19.87,69.1,4.03,Bengaluru
2023-08-09,3.61,25.69,32.04,20.08,69.25,3.5,Bengaluru
2023-08-10,8.78,24.72,28.94,21.12,75.78,3.06,Bengaluru
2023-08-11,6.87,24.78,29.05,20.79,75.53,2.54,Bengaluru
2023-08-12,0.46,24.95,30.51,20.85,72.26,3.7,Bengaluru
2023-08-13,0.11,25.38,31.88,20.25,68.72,3.97,Bengaluru
2023-08-14,0.02,24.76,30.46,20.4,68.83,3.61,Bengaluru
2023-08-15,0.21,25.05,31.01,19.2,69.23,3.08,Bengaluru
2023-08-16,0.17,25.83,32.6,19.87,67.96,3.46,Bengaluru
2023-08-17,0.0,25.63,31.34,20.57,67.5,4.87,Bengaluru
2023-08-18,0.0,24.88,30.62,20.23,69.41,5.81,Bengaluru
2023-08-19,3.68,25.06,32.16,20.22,70.47,6.1,Bengaluru
2023-08-20,0.08,25.73,32.76,20.41,68.72,5.09,Bengaluru
2023-08-21,0.02,26.15,33.57,19.75,65.07,4.26,Bengaluru
2023-08-22,1.32,25.78,30.52,21.18,70.76,2.24,Bengaluru
2023-08-23,0.87,25.72,31.45,21.04,70.03,2.54,Bengaluru
2023-08-24,0.01,25.7,31.65,21.12,66.44,3.61,Bengaluru
2023-08-25,0.0,26.59,33.13,20.32,65.04,2.92,Bengaluru
2023-08-26,2.1,24.83,28.55,21.75,74.07,3.12,Bengaluru
2023-08-27,4.62,25.34,30.75,20.6,71.7,2.79,Bengaluru
2023-08-28,0.19,26.0,33.27,20.12,65.56,3.57,Bengaluru
2023-08-29,0.42,26.2,32.47,20.3,65.39,3.65,Bengaluru
2023-08-30,5.91,26.3,33.67,20.7,69.32,3.74,Bengaluru
2023-08-31,24.84,24.33,27.87,21.43,78.26,2.49,Bengaluru
2023-09-01,18.54,24.07,28.25,21.77,85.11,2.04,Bengaluru
2023-09-02,13.36,23.26,27.12,21.18,83.89,4.04,Bengaluru
2023-09-03,2.88,23.12,27.8,20.11,79.31,3.99,Bengaluru
2023-09-04,1.67,22.15,27.07,19.11,78.67,6.24,Bengaluru
2023-09-05,7.96,23.34,29.77,18.53,78.72,5.37,Bengaluru
2023-09-06,3.59,23.08,28.02,19.76,80.92,4.6,Bengaluru
2023-09-07,2.34,23.22,28.92,19.46,77.75,5.4,Bengaluru
2023-09-08,0.31,23.62,29.32,19.72,76.77,5.79,Bengaluru
2023-09-09,0.81,23.68,28.45,19.69,76.62,5.36,Bengaluru
2023-09-10,0.44,24.0,28.98,20.65,77.58,4.99,Bengaluru
2023-09-11,0.42,23.54,28.98,20.33,79.91,5.24,Bengaluru
2023-09-12,0.87,24.02,31.06,19.0,76.38,5.13,Bengaluru
2023-09-13,4.49,24.45,31.99,19.59,72.22,5.6,Bengaluru
2023-09-14,0.56,24.24,31.03,19.69,74.66,5.11,Bengaluru
2023-09-15,0.22,23.3,29.23,18.51,76.84,5.5,Bengaluru
2023-09-16,22.37,24.14,30.16,20.37,77.79,5.26,Bengaluru
2023-09-17,10.14,24.23,30.22,19.79,79.41,4.17,Bengaluru
2023-09-18,12.75,23.93,29.34,19.93,81.3,3.97,Bengaluru
2023-09-19,2.29,24.37,29.83,20.05,78.67,3.97,Bengaluru
2023-09-20,8.95,23.65,28.28,19.86,82.25,3.38,Bengaluru
2023-09-21,17.78,22.21,25.04,19.8,87.94,2.35,Bengaluru
2023-09-22,1.08,24.01,27.79,20.4,83.03,2.16,Bengaluru
2023-09-23,1.14,23.3,26.49,21.35,87.69,2.62,Bengaluru
2023-09-24,17.96,22.78,26.33,20.64,88.99,3.47,Bengaluru
2023-09-25,3.51,21.94,24.56,19.87,88.87,3.85,Bengaluru
2023-09-26,6.22,23.29,28.14,19.63,84.1,3.04,Bengaluru
2023-09-27,1.5,23.42,28.81,19.19,80.3,4.0,Bengaluru
2023-09-28,2.7,22.35,26.71,18.33,85.74,3.96,Bengaluru
2023-09-29,0.89,22.86,27.64,19.62,84.89,4.74,Bengaluru
2023-09-30,1.65,22.5,28.5,18.64,78.31,5.58,Bengaluru
2023-10-01,0.26,23.34,29.67,19.2,79.94,5.9,Bengaluru
2023-10-02,0.35,23.5,30.07,19.42,78.2,5.44,Bengaluru
2023-10-03,0.0,23.81,29.84,19.12,76.74,3.71,Bengaluru
2023-10-04,0.12,24.2,29.1,19.95,74.55,2.29,Bengaluru
2023-10-05,0.22,23.68,28.5,20.19,82.26,2.84,Bengaluru
2023-10-06,0.43,23.46,27.2,20.59,81.41,2.07,Bengaluru
2023-10-07,2.23,24.45,29.77,19.81,79.65,1.71,Bengaluru
2023-10-08,1.88,24.43,28.38,21.36,76.24,1.25,Bengaluru
2023-10-09,12.02,24.19,28.75,20.53,84.04,1.54,Bengaluru
2023-10-10,16.63,23.86,26.93,21.92,86.72,1.05,Bengaluru
2023-10-11,5.73,23.17,27.17,20.48,86.39,3.02,Bengaluru
2023-10-12,0.13,22.99,29.42,18.65,77.04,3.23,Bengaluru
2023-10-13,0.02,22.71,29.96,17.19,72.33,3.08,Bengaluru
2023-10-14,0.82,22.82,29.18,17.39,76.59,2.64,Bengaluru
2023-10-15,1.97,23.45,29.45,19.41,76.4,2.57,Bengaluru
2023-10-16,7.93,23.08,28.71,18.46,83.74,2.75,Bengaluru
2023-10-17,0.18,23.9,29.01,20.15,78.52,2.28,Bengaluru
2023-10-18,0.19,23.39,29.73,18.84,77.75,2.74,Bengaluru
2023-10-19,0.0,23.58,30.18,18.23,72.69,2.92,Bengaluru
2023-10-20,0.0,23.84,30.48,18.65,74.35,3.01,Bengaluru
2023-10-21,0.03,23.92,30.91,18.55,75.04,3.24,Bengaluru
2023-10-22,0.01,23.93,30.67,18.75,72.35,2.92,Bengaluru
2023-10-23,0.0,23.34,30.06,17.97,62.23,2.82,Bengaluru
2023-10-24,0.0,22.58,30.82,15.12,54.78,2.51,Bengaluru
2023-10-25,0.0,22.76,30.73,16.44,65.71,2.3,Bengaluru
2023-10-26,0.0,22.9,30.67,16.84,66.52,2.41,Bengaluru
2023-10-27,0.0,23.76,30.74,18.1,70.61,3.07,Bengaluru
2023-10-28,0.02,24.11,30.27,19.7,74.2,3.11,Bengaluru
2023-10-29,0.73,23.96,29.75,19.92,78.45,3.07,Bengaluru
2023-10-30,4.87,22.43,26.45,20.16,84.5,3.35,Bengaluru
2023-10-31,0.68,22.52,27.94,18.67,80.85,2.56,Bengaluru
2023-11-01,0.01,23.75,30.03,18.97,71.07,2.84,Bengaluru
2023-11-02,0.0,24.33,30.33,20.0,75.63,3.07,Bengaluru
2023-11-03,1.43,24.67,32.18,19.66,75.46,3.39,Bengaluru
2023-11-04,9.78,23.59,29.28,19.79,80.72,2.85,Bengaluru
2023-11-05,2.41,23.38,29.04,20.26,80.82,4.15,Bengaluru
2023-11-06,15.2,22.57,26.6,19.78,84.05,1.77,Bengaluru
2023-11-07,14.83,22.92,26.95,20.23,87.44,2.58,Bengaluru
2023-11-08,2.75,23.21,28.18,19.48,83.33,2.52,Bengaluru
2023-11-09,1.97,21.91,25.9,18.84,82.61,3.43,Bengaluru
2023-11-10,0.66,22.32,28.38,17.44,80.06,3.18,Bengaluru
2023-11-11,0.0,22.73,29.56,18.6,70.21,3.8,Bengaluru
2023-11-12,0.0,21.8,29.27,16.68,72.96,4.06,Bengaluru
2023-11-13,0.06,22.17,29.54,16.43,75.51,4.01,Bengaluru
2023-11-14,0.2,21.24,26.78,17.98,74.86,4.04,Bengaluru
2023-11-15,0.03,22.41,29.39,17.19,74.97,2.93,Bengaluru
2023-11-16,0.0,23.53,30.77,17.0,68.97,2.08,Bengaluru
2023-11-17,0.0,23.99,31.05,19.28,72.46,2.68,Bengaluru
2023-11-18,0.0,24.23,31.73,18.31,69.92,3.86,Bengaluru
2023-11-19,0.0,23.69,30.2,19.17,71.31,4.56,Bengaluru
2023-11-20,0.0,23.29,30.19,18.59,73.29,4.04,Bengaluru
2023-11-21,0.33,23.3,28.65,19.28,81.16,4.15,Bengaluru
2023-11-22,6.48,23.81,29.29,20.66,82.39,3.59,Bengaluru
2023-11-23,2.8,23.1,29.27,19.7,79.89,3.88,Bengaluru
2023-11-24,2.44,23.59,29.73,19.71,80.53,3.43,Bengaluru
2023-11-25,1.3,23.2,28.56,19.74,80.64,4.01,Bengaluru
2023-11-26,0.42,22.95,29.87,18.1,75.62,5.13,Bengaluru
2023-11-27,0.47,23.29,30.35,18.44,76.21,4.1,Bengaluru
2023-11-28,0.14,23.55,30.39,17.18,74.94,3.49,Bengaluru
2023-11-29,2.4,23.02,28.9,19.59,79.49,3.68,Bengaluru
2023-11-30,1.96,22.83,29.43,18.09,78.56,3.61,Bengaluru
2023-12-01,0.4,23.01,29.53,17.92,77.08,3.1,Bengaluru
2023-12-02,2.97,23.1,30.25,17.71,76.81,4.67,Bengaluru
2023-12-03,3.13,22.99,29.27,19.33,83.8,5.4,Bengaluru
2023-12-04,4.86,22.51,28.45,19.48,80.6,5.72,Bengaluru
2023-12-05,1.48,22.96,29.7,18.62,74.96,4.54,Bengaluru
2023-12-06,0.79,23.94,31.19,17.02,69.85,1.92,Bengaluru
2023-12-07,2.5,24.4,31.13,19.11,75.7,1.23,Bengaluru
2023-12-08,0.14,22.91,25.62,21.19,83.37,2.68,Bengaluru
2023-12-09,0.13,22.14,26.03,19.32,79.77,3.74,Bengaluru
2023-12-10,0.03,23.37,30.57,18.28,71.79,3.36,Bengaluru
2023-12-11,0.04,22.86,28.93,18.19,70.75,2.71,Bengaluru
2023-12-12,0.03,22.07,29.91,16.75,70.08,3.14,Bengaluru
2023-12-13,0.0,20.93,28.68,15.83,69.8,3.41,Bengaluru
2023-12-14,0.0,20.79,28.81,14.75,68.88,3.54,Bengaluru
2023-12-15,0.12,22.24,30.2,15.5,74.55,3.42,Bengaluru
2023-12-16,0.19,23.62,31.07,18.61,76.17,4.6,Bengaluru
2023-12-17,0.06,22.44,28.12,19.0,76.16,4.94,Bengaluru
2023-12-18,0.03,21.89,27.82,18.68,76.92,4.81,Bengaluru
2023-12-19,0.0,21.65,29.17,17.63,70.29,5.0,Bengaluru
2023-12-20,0.0,21.8,30.04,16.73,69.16,4.25,Bengaluru
2023-12-21,0.0,22.6,30.59,16.36,71.23,3.21,Bengaluru
2023-12-22,0.0,22.57,31.12,16.86,66.5,2.68,Bengaluru
2023-12-23,0.0,20.65,30.17,15.44,63.98,3.22,Bengaluru
2023-12-24,0.0,21.33,30.52,14.05,69.65,3.77,Bengaluru
2023-12-25,0.01,22.57,31.26,16.94,69.52,4.38,Bengaluru
2023-12-26,0.0,21.15,30.59,13.39,64.59,4.13,Bengaluru
2023-12-27,0.0,21.1,30.94,14.72,65.59,4.18,Bengaluru
2023-12-28,0.0,21.81,30.77,14.38,71.73,4.59,Bengaluru
2023-12-29,0.0,22.39,30.48,16.45,71.92,4.56,Bengaluru
2023-12-30,0.01,22.3,31.1,16.81,64.82,4.12,Bengaluru
2023-12-31,0.0,21.19,30.64,14.89,64.84,3.91,Bengaluru
2024-01-01,0.0,21.79,30.33,15.41,66.01,2.64,Bengaluru
2024-01-02,0.0,22.42,30.15,17.0,65.44,3.18,Bengaluru
2024-01-03,0.01,22.27,28.95,17.26,67.87,3.01,Bengaluru
2024-01-04,0.13,21.31,25.56,18.47,76.24,3.06,Bengaluru
2024-01-05,0.08,22.83,29.31,18.9,71.45,3.07,Bengaluru
2024-01-06,0.02,22.68,29.95,17.71,63.46,3.94,Bengaluru
2024-01-07,0.24,22.07,29.14,16.76,69.71,4.92,Bengaluru
2024-01-08,2.55,22.07,28.87,17.99,76.51,5.78,Bengaluru
2024-01-09,0.32,21.82,27.49,18.08,73.88,5.31,Bengaluru
2024-01-10,0.01,22.03,29.88,16.55,64.75,4.98,Bengaluru
2024-01-11,0.0,22.2,31.38,16.0,61.36,4.48,Bengaluru
2024-01-12,0.0,21.92,30.75,15.26,67.84,5.17,Bengaluru
2024-01-13,0.0,23.11,31.66,15.93,65.34,3.92,Bengaluru
2024-01-14,0.0,23.01,31.36,17.38,62.41,3.56,Bengaluru
2024-01-15,0.0,22.66,31.98,16.46,62.3,2.91,Bengaluru
2024-01-16,0.0,22.47,31.13,16.06,63.77,2.42,Bengaluru
2024-01-17,0.0,22.64,31.23,16.14,62.55,3.06,Bengaluru
2024-01-18,0.0,22.87,31.05,16.16,60.5,2.78,Bengaluru
2024-01-19,0.0,23.26,32.32,15.38,59.9,3.03,Bengaluru
2024-01-20,0.0,24.38,32.17,17.95,61.49,2.68,Bengaluru
2024-01-21,0.0,24.3,32.88,16.95,55.99,2.92,Bengaluru
2024-01-22,0.0,24.69,33.39,18.05,56.86,2.97,Bengaluru
2024-01-23,0.0,24.02,32.47,17.6,58.65,2.96,Bengaluru
2024-01-24,0.0,24.67,32.53,18.41,58.14,3.06,Bengaluru
2024-01-25,0.0,24.33,32.39,18.09,58.3,3.87,Bengaluru
2024-01-26,0.0,23.48,32.03,17.57,55.6,4.33,Bengaluru
2024-01-27,0.0,23.4,31.77,16.98,57.28,4.85,Bengaluru
2024-01-28,0.0,23.36,31.85,17.31,57.43,4.73,Bengaluru
2024-01-29,0.0,23.32,32.88,17.24,50.92,4.04,Bengaluru
2024-01-30,0.0,23.19,32.95,14.32,49.81,2.19,Bengaluru
2024-01-31,0.0,24.46,33.07,17.35,53.75,2.25,Bengaluru
2024-02-01,0.0,24.97,33.46,17.13,50.47,1.94,Bengaluru
2024-02-02,0.0,25.87,33.33,19.35,58.5,2.42,Bengaluru
2024-02-03,0.0,26.01,33.77,20.24,59.42,4.23,Bengaluru
2024-02-04,0.0,24.62,33.34,17.84,54.71,4.01,Bengaluru
2024-02-05,0.0,24.4,34.62,16.25,52.11,4.39,Bengaluru
2024-02-06,0.0,24.68,35.43,16.01,50.93,4.19,Bengaluru
2024-02-07,0.0,24.82,35.93,15.27,47.97,3.81,Bengaluru
2024-02-08,0.0,25.54,36.43,16.11,43.08,3.73,Bengaluru
2024-02-09,0.0,24.94,34.8,15.89,50.18,4.0,Bengaluru
2024-02-10,0.0,24.8,33.97,17.78,54.69,4.99,Bengaluru
2024-02-11,0.0,24.37,33.69,17.39,53.62,4.84,Bengaluru
2024-02-12,0.0,23.72,34.54,14.38,49.69,4.8,Bengaluru
2024-02-13,0.0,23.64,33.97,13.08,54.16,4.44,Bengaluru
2024-02-14,0.0,25.01,33.82,17.73,54.3,4.93,Bengaluru
2024-02-15,0.0,24.36,34.22,15.5,48.11,5.01,Bengaluru
2024-02-16,0.0,23.95,34.21,14.94,48.35,5.43,Bengaluru
2024-02-17,0.0,24.41,35.11,14.14,43.7,4.31,Bengaluru
2024-02-18,0.0,24.82,34.68,15.4,40.29,2.61,Bengaluru
2024-02-19,0.0,25.16,34.38,16.34,46.88,3.0,Bengaluru
2024-02-20,0.0,25.94,34.54,18.28,47.8,3.08,Bengaluru
2024-02-21,0.0,26.83,34.57,19.82,43.26,2.77,Bengaluru
2024-02-22,0.0,26.81,35.42,18.94,37.48,2.45,Bengaluru
2024-02-23,0.0,27.94,36.13,20.27,41.9,2.13,Bengaluru
2024-02-24,0.0,27.94,35.13,20.93,50.85,3.94,Bengaluru
2024-02-25,0.0,27.01,35.2,20.96,53.84,5.19,Bengaluru
2024-02-26,0.0,25.77,35.06,18.35,53.68,5.81,Bengaluru
2024-02-27,0.0,26.26,35.56,18.19,51.5,5.19,Bengaluru
2024-02-28,0.0,26.17,35.95,17.49,43.44,4.23,Bengaluru
2024-02-29,0.0,25.22,34.97,15.56,37.74,4.68,Bengaluru
2024-03-01,0.0,25.11,34.77,15.4,44.27,4.97,Bengaluru
2024-03-02,0.0,26.16,36.0,16.99,34.8,3.85,Bengaluru
2024-03-03,0.0,26.53,35.58,18.27,37.82,2.44,Bengaluru
2024-03-04,0.0,27.48,36.7,17.76,42.52,2.66,Bengaluru
2024-03-05,0.0,27.79,37.27,18.7,39.04,3.3,Bengaluru
2024-03-06,0.0,27.96,36.71,18.66,34.72,2.48,Bengaluru
2024-03-07,0.0,27.51,35.24,19.51,32.7,2.86,Bengaluru
2024-03-08,0.0,28.38,36.63,19.59,33.42,2.8,Bengaluru
2024-03-09,0.0,28.7,36.33,20.79,36.9,3.45,Bengaluru
2024-03-10,0.0,28.17,35.66,21.45,42.9,4.51,Bengaluru
2024-03-11,0.0,27.71,35.42,19.88,46.56,3.85,Bengaluru
2024-03-12,0.0,27.92,36.61,19.77,42.51,3.3,Bengaluru
2024-03-13,0.0,28.33,36.56,20.03,36.4,2.67,Bengaluru
2024-03-14,0.0,29.15,35.87,20.62,35.74,1.98,Bengaluru
2024-03-15,0.0,29.74,37.12,21.88,32.72,3.9,Bengaluru
2024-03-16,0.0,28.32,36.32,20.4,39.85,4.36,Bengaluru
2024-03-17,0.0,27.58,35.77,19.25,41.89,4.66,Bengaluru
2024-03-18,0.0,27.58,35.94,19.07,35.71,3.18,Bengaluru
2024-03-19,0.0,27.92,36.14,20.27,35.08,3.65,Bengaluru
2024-03-20,0.0,27.99,37.21,18.69,39.81,3.39,Bengaluru
2024-03-21,0.0,27.62,35.74,20.56,48.86,4.35,Bengaluru
2024-03-22,0.0,28.26,35.99,21.34,47.77,3.5,Bengaluru
2024-03-23,0.0,28.7,37.32,20.01,45.02,4.04,Bengaluru
2024-03-24,0.0,28.52,37.74,19.97,37.38,4.1,Bengaluru
2024-03-25,0.0,28.14,37.22,18.61,37.94,4.55,Bengaluru
2024-03-26,0.0,28.38,38.27,19.05,32.0,4.86,Bengaluru
2024-03-27,0.0,27.77,38.07,18.04,24.91,4.74,Bengaluru
2024-03-28,0.0,28.3,38.42,18.12,28.23,4.11,Bengaluru
2024-03-29,0.0,28.96,38.12,19.61,35.78,4.7,Bengaluru
2024-03-30,0.0,28.97,38.46,20.26,32.79,4.63,Bengaluru
2024-03-31,0.0,28.01,38.02,17.99,34.86,3.49,Bengaluru
2024-04-01,0.0,28.77,38.24,20.04,43.72,2.62,Bengaluru
2024-04-02,0.0,29.86,38.96,21.57,42.01,3.77,Bengaluru
2024-04-03,0.01,29.63,39.0,20.1,34.74,4.08,Bengaluru
2024-04-04,0.0,29.91,39.22,21.83,37.18,4.75,Bengaluru
2024-04-05,0.0,30.47,39.72,21.49,34.14,4.34,Bengaluru
2024-04-06,0.0,30.22,39.03,21.15,29.35,4.57,Bengaluru
2024-04-07,0.0,30.1,39.03,21.61,29.66,4.84,Bengaluru
2024-04-08,0.0,29.83,38.94,21.01,33.49,4.27,Bengaluru
2024-04-09,0.0,28.98,38.16,20.36,45.72,5.32,Bengaluru
2024-04-10,0.0,29.14,38.23,19.75,44.24,4.61,Bengaluru
2024-04-11,0.0,29.5,38.38,20.53,45.52,4.56,Bengaluru
2024-04-12,0.09,29.38,38.03,21.21,48.41,5.13,Bengaluru
2024-04-13,0.0,28.89,37.21,20.1,45.34,4.57,Bengaluru
2024-04-14,0.0,29.35,38.02,21.29,42.68,4.34,Bengaluru
2024-04-15,0.0,29.46,38.81,19.83,40.4,4.71,Bengaluru
2024-04-16,0.0,29.86,39.32,20.47,41.01,4.39,Bengaluru
2024-04-17,0.0,31.1,38.58,22.95,39.48,3.68,Bengaluru
2024-04-18,0.0,32.38,39.72,24.47,35.6,3.42,Bengaluru
2024-04-19,0.0,32.25,38.95,26.34,38.4,3.17,Bengaluru
2024-04-20,0.0,32.29,38.78,26.13,35.34,3.55,Bengaluru
2024-04-21,0.0,31.51,39.87,23.22,36.31,4.06,Bengaluru
2024-04-22,0.0,31.04,39.57,23.37,38.53,4.16,Bengaluru
2024-04-23,0.0,30.74,38.93,23.27,36.86,4.86,Bengaluru
2024-04-24,0.0,30.14,38.36,21.26,34.09,4.39,Bengaluru
2024-04-25,0.0,30.56,37.61,23.0,35.82,4.09,Bengaluru
2024-04-26,0.0,30.35,38.26,21.94,37.95,4.37,Bengaluru
2024-04-27,0.0,30.17,39.32,20.41,36.2,4.42,Bengaluru
2024-04-28,0.0,31.01,40.67,21.09,33.9,4.37,Bengaluru
2024-04-29,0.0,31.13,40.38,22.29,34.72,3.86,Bengaluru
2024-04-30,0.0,31.18,40.78,21.06,33.28,3.75,Bengaluru
2024-05-01,0.0,32.19,39.25,24.15,40.26,2.18,Bengaluru
2024-05-02,0.39,31.55,36.36,27.19,46.53,1.51,Bengaluru
2024-05-03,2.79,32.08,39.54,26.02,46.05,3.51,Bengaluru
2024-05-04,4.16,30.68,38.52,24.69,53.19,3.1,Bengaluru
2024-05-05,0.08,31.51,39.67,23.26,45.24,2.98,Bengaluru
2024-05-06,7.09,31.11,38.53,23.57,50.47,3.15,Bengaluru
2024-05-07,5.19,29.33,35.26,24.05,61.21,2.79,Bengaluru
2024-05-08,13.68,27.81,33.66,22.88,67.26,2.1,Bengaluru
2024-05-09,3.35,27.9,34.84,22.78,65.0,2.34,Bengaluru
2024-05-10,0.29,27.24,33.16,22.2,66.12,2.05,Bengaluru
2024-05-11,4.72,27.78,34.12,22.44,62.43,2.84,Bengaluru
2024-05-12,6.78,27.58,33.53,22.07,66.51,2.04,Bengaluru
2024-05-13,13.03,26.59,31.65,22.73,72.13,3.02,Bengaluru
2024-05-14,1.44,26.72,32.2,22.21,67.12,2.77,Bengaluru
2024-05-15,0.39,27.93,35.65,21.34,59.1,3.64,Bengaluru
2024-05-16,5.4,26.27,31.82,22.24,67.07,2.8,Bengaluru
2024-05-17,2.23,27.07,33.91,21.24,62.09,1.56,Bengaluru
2024-05-18,9.96,26.35,33.16,21.94,72.27,1.93,Bengaluru
2024-05-19,6.36,25.47,30.67,22.67,77.32,2.94,Bengaluru
2024-05-20,8.68,24.26,28.84,21.23,74.87,2.37,Bengaluru
2024-05-21,10.0,25.3,31.1,20.72,75.09,2.46,Bengaluru
2024-05-22,3.97,27.22,34.17,21.38,66.64,3.08,Bengaluru
2024-05-23,0.15,27.76,34.91,21.95,66.14,3.0,Bengaluru
2024-05-24,0.7,27.48,33.73,22.49,68.09,2.51,Bengaluru
2024-05-25,1.03,23.97,26.97,21.57,78.53,5.83,Bengaluru
2024-05-26,0.0,25.76,32.26,21.14,72.11,6.79,Bengaluru
2024-05-27,0.0,26.18,32.79,20.05,71.83,6.25,Bengaluru
2024-05-28,0.0,26.91,34.48,21.78,67.32,6.34,Bengaluru
2024-05-29,0.04,26.38,32.15,21.89,70.88,6.23,Bengaluru
2024-05-30,4.17,26.81,32.78,22.09,73.37,4.05,Bengaluru
2024-05-31,0.07,27.73,33.5,22.95,69.5,4.5,Bengaluru
2024-06-01,3.46,26.79,30.68,23.42,76.94,4.13,Bengaluru
2024-06-02,40.31,25.43,29.15,22.55,76.2,2.57,Bengaluru
2024-06-03,5.84,25.77,30.48,21.05,75.81,2.11,Bengaluru
2024-06-04,6.31,25.52,30.28,22.21,80.04,2.22,Bengaluru
2024-06-05,14.12,25.08,28.63,21.9,81.88,2.74,Bengaluru
2024-06-06,5.84,24.8,29.69,21.69,79.55,3.37,Bengaluru
2024-06-07,18.93,24.39,28.95,21.43,79.88,3.63,Bengaluru
2024-06-08,1.67,24.68,30.37,20.48,76.33,5.72,Bengaluru
2024-06-09,0.31,24.1,28.86,20.68,77.24,7.05,Bengaluru
2024-06-10,5.98,23.85,29.66,20.08,77.15,7.41,Bengaluru
2024-06-11,2.59,23.05,27.74,19.63,75.23,6.96,Bengaluru
2024-06-12,0.54,23.19,27.71,19.67,76.47,6.79,Bengaluru
2024-06-13,2.94,23.52,29.88,18.25,70.07,6.68,Bengaluru
2024-06-14,1.49,23.26,29.26,19.39,67.88,5.5,Bengaluru
2024-06-15,0.0,24.43,30.59,19.49,75.55,4.67,Bengaluru
2024-06-16,3.29,24.99,32.0,20.3,70.76,5.37,Bengaluru
2024-06-17,8.99,24.99,31.91,18.74,70.14,3.9,Bengaluru
2024-06-18,7.31,24.54,30.66,20.71,74.7,4.68,Bengaluru
2024-06-19,9.54,23.9,28.8,20.33,75.73,5.47,Bengaluru
2024-06-20,2.11,24.04,29.97,20.54,76.7,6.03,Bengaluru
2024-06-21,3.07,23.39,27.78,20.13,78.43,6.14,Bengaluru
2024-06-22,0.19,23.53,29.3,19.01,77.45,5.25,Bengaluru
2024-06-23,1.19,23.14,28.0,19.84,80.35,5.89,Bengaluru
2024-06-24,0.04,23.15,28.6,19.37,79.01,6.7,Bengaluru
2024-06-25,0.12,22.96,27.7,19.59,76.03,8.05,Bengaluru
2024-06-26,0.2,22.6,27.31,19.05,72.34,8.86,Bengaluru
2024-06-27,0.03,21.71,25.46,19.0,75.45,8.41,Bengaluru
2024-06-28,0.02,23.17,30.24,18.36,70.67,6.48,Bengaluru
2024-06-29,1.3,24.5,31.72,18.89,75.07,5.98,Bengaluru
2024-06-30,0.29,24.12,29.68,19.49,74.09,5.39,Bengaluru
2024-07-01,1.5,22.67,26.85,19.76,79.96,6.47,Bengaluru
2024-07-02,0.01,24.44,31.57,18.44,68.84,6.31,Bengaluru
2024-07-03,1.33,24.21,29.31,20.14,77.65,5.86,Bengaluru
2024-07-04,1.25,25.0,31.15,20.71,72.65,5.85,Bengaluru
2024-07-05,3.89,23.21,28.24,20.09,76.78,5.74,Bengaluru
2024-07-06,0.52,23.3,28.18,19.84,81.21,6.88,Bengaluru
2024-07-07,1.7,24.09,30.27,20.07,74.45,6.32,Bengaluru
2024-07-08,6.31,23.61,29.62,19.48,76.58,5.92,Bengaluru
2024-07-09,0.24,23.33,28.94,19.12,79.82,5.54,Bengaluru
2024-07-10,1.32,23.77,28.95,20.3,78.23,4.53,Bengaluru
2024-07-11,0.0,24.59,31.67,19.39,72.48,5.44,Bengaluru
2024-07-12,8.3,23.68,29.06,19.37,74.28,5.68,Bengaluru
2024-07-13,1.01,23.06,29.46,19.08,77.05,7.26,Bengaluru
2024-07-14,1.15,23.54,29.85,20.34,77.38,7.96,Bengaluru
2024-07-15,3.28,23.41,27.47,20.7,83.47,7.75,Bengaluru
2024-07-16,0.94,23.28,26.9,20.84,83.89,8.22,Bengaluru
2024-07-17,1.35,23.16,27.01,20.11,81.76,8.08,Bengaluru
2024-07-18,3.79,22.87,26.68,20.35,82.43,9.21,Bengaluru
2024-07-19,2.78,23.41,27.53,20.31,81.24,9.39,Bengaluru
2024-07-20,1.57,23.5,28.12,20.06,79.93,8.24,Bengaluru
2024-07-21,1.9,23.95,30.24,19.82,77.52,8.56,Bengaluru
2024-07-22,0.65,23.87,30.61,19.91,74.93,8.69,Bengaluru
2024-07-23,0.69,23.7,30.2,19.12,74.24,8.84,Bengaluru
2024-07-24,0.85,23.28,28.21,19.96,77.29,8.81,Bengaluru
2024-07-25,1.31,23.47,28.52,19.44,76.68,9.78,Bengaluru
2024-07-26,1.25,23.74,28.8,20.65,76.51,9.19,Bengaluru
2024-07-27,0.04,23.92,29.36,20.35,74.42,8.55,Bengaluru
2024-07-28,0.0,24.11,29.97,19.71,75.17,8.3,Bengaluru
2024-07-29,0.64,24.83,31.07,20.77,76.06,7.77,Bengaluru
2024-07-30,1.85,23.67,27.21,21.21,80.98,6.19,Bengaluru
2024-07-31,10.13,24.15,29.11,20.8,80.81,5.77,Bengaluru
2024-08-01,2.38,24.59,30.67,21.0,78.23,6.52,Bengaluru
2024-08-02,1.37,23.9,29.14,20.03,76.65,6.77,Bengaluru
2024-08-03,0.28,23.11,28.23,19.3,78.88,5.75,Bengaluru
2024-08-04,1.59,22.97,27.83,20.26,80.31,5.19,Bengaluru
2024-08-05,10.98,24.2,30.57,19.23,76.69,3.6,Bengaluru
2024-08-06,15.89,23.47,27.13,20.85,84.08,3.92,Bengaluru
2024-08-07,3.1,23.06,26.86,19.93,84.39,3.98,Bengaluru
2024-08-08,2.29,23.87,29.31,20.08,78.59,4.0,Bengaluru
2024-08-09,4.41,24.52,29.37,20.21,78.73,3.21,Bengaluru
2024-08-10,7.89,24.24,28.8,21.06,80.97,3.29,Bengaluru
2024-08-11,7.35,24.13,28.58,21.21,82.21,3.75,Bengaluru
2024-08-12,73.08,23.47,26.64,21.53,89.22,3.24,Bengaluru
2024-08-13,5.34,25.07,30.43,20.67,81.26,2.36,Bengaluru
2024-08-14,0.17,25.2,29.62,21.75,80.58,1.79,Bengaluru
2024-08-15,3.68,25.11,30.32,20.86,78.63,2.33,Bengaluru
2024-08-16,3.51,25.21,30.25,21.06,80.85,2.39,Bengaluru
2024-08-17,4.03,24.68,28.4,21.73,86.66,3.32,Bengaluru
2024-08-18,2.7,24.71,30.29,20.58,79.4,2.31,Bengaluru
2024-08-19,3.09,24.44,29.0,20.8,81.31,2.41,Bengaluru
2024-08-20,11.78,24.65,29.38,20.97,81.28,2.4,Bengaluru
2024-08-21,0.88,24.22,28.68,21.56,83.68,4.02,Bengaluru
2024-08-22,0.01,23.63,27.39,20.69,84.28,4.29,Bengaluru
2024-08-23,0.0,23.9,29.0,20.18,81.4,4.36,Bengaluru
2024-08-24,0.19,23.08,27.81,19.84,81.14,5.86,Bengaluru
2024-08-25,0.19,23.04,27.25,20.06,83.49,5.7,Bengaluru
2024-08-26,0.02,23.74,29.27,20.11,78.99,6.4,Bengaluru
2024-08-27,1.36,22.98,26.82,20.42,84.27,4.95,Bengaluru
2024-08-28,0.13,22.7,27.26,19.87,82.71,5.16,Bengaluru
2024-08-29,10.45,23.53,29.01,19.84,82.54,5.43,Bengaluru
2024-08-30,7.47,22.87,26.67,20.25,86.58,5.68,Bengaluru
2024-08-31,4.21,22.57,26.18,20.04,83.17,6.45,Bengaluru
2024-09-01,0.83,22.91,27.42,19.57,78.88,7.02,Bengaluru
2024-09-02,3.62,22.85,28.93,18.22,78.69,6.22,Bengaluru
2024-09-03,1.5,23.73,29.68,19.14,80.39,5.01,Bengaluru
2024-09-04,1.76,23.5,27.51,20.52,83.56,4.97,Bengaluru
2024-09-05,1.89,23.42,28.13,20.26,84.37,4.67,Bengaluru
2024-09-06,3.1,23.44,27.43,20.3,83.69,5.25,Bengaluru
2024-09-07,0.58,23.32,28.03,20.19,83.74,4.94,Bengaluru
2024-09-08,0.15,23.43,28.05,20.15,81.96,5.31,Bengaluru
2024-09-09,0.19,24.06,29.67,20.51,79.45,6.01,Bengaluru
2024-09-10,0.56,23.99,29.18,20.21,80.44,6.17,Bengaluru
2024-09-11,0.04,23.94,29.77,19.98,78.03,5.59,Bengaluru
2024-09-12,0.0,23.36,28.31,19.43,79.58,4.99,Bengaluru
2024-09-13,0.0,24.15,30.67,19.33,75.02,4.53,Bengaluru
2024-09-14,0.0,24.32,30.7,19.58,73.26,4.58,Bengaluru
2024-09-15,0.0,24.25,31.01,19.4,73.69,5.25,Bengaluru
2024-09-16,0.0,23.91,30.28,18.84,75.21,5.19,Bengaluru
2024-09-17,0.0,24.21,30.9,18.96,73.5,5.02,Bengaluru
2024-09-18,0.0,23.71,30.58,18.52,71.61,4.15,Bengaluru
2024-09-19,0.05,24.46,31.13,18.75,70.36,3.4,Bengaluru
2024-09-20,0.66,24.51,30.64,19.38,73.93,2.68,Bengaluru
2024-09-21,0.4,24.91,30.6,20.77,73.99,4.13,Bengaluru
2024-09-22,7.02,24.12,30.12,20.32,77.18,4.25,Bengaluru
2024-09-23,0.89,23.66,29.69,19.4,80.93,3.98,Bengaluru
2024-09-24,7.5,23.96,28.82,20.68,82.0,4.79,Bengaluru
2024-09-25,0.14,24.05,29.49,20.32,80.65,5.12,Bengaluru
2024-09-26,0.0,23.34,28.88,19.87,78.1,4.26,Bengaluru
2024-09-27,0.88,24.03,30.06,19.41,75.84,3.5,Bengaluru
2024-09-28,6.65,24.43,30.1,20.13,77.61,2.05,Bengaluru
2024-09-29,11.05,24.86,30.33,21.14,77.25,2.31,Bengaluru
2024-09-30,0.06,24.85,30.99,20.58,74.34,2.42,Bengaluru
2024-10-01,0.04,25.23,32.12,19.07,71.0,2.42,Bengaluru
2024-10-02,16.43,25.74,31.84,19.78,74.57,1.86,Bengaluru
2024-10-03,12.29,24.24,28.02,21.73,86.78,2.68,Bengaluru
2024-10-04,15.23,23.56,26.81,20.91,88.22,2.14,Bengaluru
2024-10-05,13.54,23.64,27.76,20.87,85.88,2.42,Bengaluru
2024-10-06,7.69,21.57,23.87,19.83,88.67,2.99,Bengaluru
2024-10-07,0.6,22.77,28.47,17.84,80.49,3.16,Bengaluru
2024-10-08,5.68,23.56,28.51,20.07,83.42,3.44,Bengaluru
2024-10-09,2.06,23.68,28.7,20.39,84.71,3.38,Bengaluru
2024-10-10,1.75,23.55,28.48,19.73,84.57,3.08,Bengaluru
2024-10-11,1.51,23.34,27.79,20.22,86.63,3.08,Bengaluru
2024-10-12,7.32,22.71,26.19,19.89,88.12,3.04,Bengaluru
2024-10-13,5.01,22.95,26.75,20.52,87.62,3.13,Bengaluru
2024-10-14,9.57,22.56,26.71,20.17,86.91,2.83,Bengaluru
2024-10-15,20.31,22.27,25.92,19.86,90.86,2.66,Bengaluru
2024-10-16,22.76,22.09,24.23,20.35,92.1,2.81,Bengaluru
2024-10-17,2.03,23.47,27.6,21.16,89.62,3.11,Bengaluru
2024-10-18,7.63,22.53,26.23,19.73,83.82,3.04,Bengaluru
2024-10-19,12.21,22.6,26.57,19.47,89.99,2.44,Bengaluru
2024-10-20,10.78,23.21,27.67,19.88,85.94,1.64,Bengaluru
2024-10-21,19.09,23.65,27.97,20.73,86.16,2.21,Bengaluru
2024-10-22,7.19,23.84,27.9,20.44,83.77,1.05,Bengaluru
2024-10-23,17.01,23.74,28.67,20.78,83.77,1.54,Bengaluru
2024-10-24,3.68,22.95,27.35,19.53,86.25,1.05,Bengaluru
2024-10-25,0.75,23.01,28.28,19.08,81.46,2.06,Bengaluru
2024-10-26,0.0,22.06,27.6,17.03,79.41,2.87,Bengaluru
2024-10-27,0.03,21.66,25.86,18.26,85.42,2.8,Bengaluru
2024-10-28,0.03,22.47,27.25,18.08,80.11,1.9,Bengaluru
2024-10-29,0.0,23.55,28.56,18.9,79.61,1.65,Bengaluru
2024-10-30,1.7,23.84,28.56,20.37,81.77,1.0,Bengaluru
2024-10-31,3.49,23.12,26.94,20.74,88.36,2.0,Bengaluru
2024-11-01,0.28,23.33,28.25,19.62,86.25,2.21,Bengaluru
2024-11-02,1.44,23.07,28.33,19.47,83.78,2.9,Bengaluru
2024-11-03,0.51,22.74,27.29,19.0,84.06,3.1,Bengaluru
2024-11-04,0.14,22.55,27.44,19.25,84.22,3.41,Bengaluru
2024-11-05,1.32,21.81,27.47,17.83,81.66,2.82,Bengaluru
2024-11-06,0.0,22.01,27.82,17.36,81.61,2.96,Bengaluru
2024-11-07,0.02,22.89,28.03,18.97,85.4,3.29,Bengaluru
2024-11-08,0.0,22.66,27.98,19.19,83.48,3.8,Bengaluru
2024-11-09,0.0,21.87,27.24,18.22,83.65,3.81,Bengaluru
2024-11-10,0.0,21.25,27.08,16.69,81.78,3.04,Bengaluru
2024-11-11,0.0,20.97,26.82,16.8,80.24,3.15,Bengaluru
2024-11-12,2.75,21.46,26.46,17.0,84.57,3.12,Bengaluru
2024-11-13,0.82,22.54,27.07,19.07,86.86,4.07,Bengaluru
2024-11-14,4.69,22.68,27.19,19.37,86.35,3.55,Bengaluru
2024-11-15,3.41,22.42,26.58,19.89,88.31,3.3,Bengaluru
2024-11-16,4.57,22.39,26.81,19.03,87.44,3.73,Bengaluru
2024-11-17,0.21,22.3,27.64,18.91,84.27,3.75,Bengaluru
2024-11-18,0.02,22.42,27.78,18.48,83.73,3.93,Bengaluru
2024-11-19,0.01,22.1,27.51,18.26,81.83,3.73,Bengaluru
2024-11-20,0.0,21.33,27.62,17.44,80.95,3.17,Bengaluru
2024-11-21,0.0,21.3,27.54,16.29,75.73,2.39,Bengaluru
2024-11-22,0.0,20.88,27.17,16.03,80.05,2.55,Bengaluru
2024-11-23,0.0,20.95,27.88,15.69,76.81,2.29,Bengaluru
2024-11-24,0.0,21.82,28.22,17.23,78.74,2.79,Bengaluru
2024-11-25,0.0,20.5,25.59,17.44,80.35,3.4,Bengaluru
2024-11-26,1.87,20.5,25.51,17.27,87.3,3.88,Bengaluru
2024-11-27,0.18,21.49,27.23,17.87,81.47,4.68,Bengaluru
2024-11-28,0.0,21.08,27.45,16.46,73.07,4.91,Bengaluru
2024-11-29,0.08,20.94,25.54,17.25,85.17,4.92,Bengaluru
2024-11-30,19.21,22.04,26.54,19.98,87.94,5.84,Bengaluru
2024-12-01,18.18,21.37,24.02,19.59,93.28,6.35,Bengaluru
2024-12-02,42.03,21.68,23.35,20.1,95.42,5.86,Bengaluru
2024-12-03,8.16,22.75,25.87,21.14,91.01,5.04,Bengaluru
2024-12-04,2.68,22.53,27.32,18.82,86.65,3.86,Bengaluru
2024-12-05,0.48,22.52,27.57,19.49,86.26,2.99,Bengaluru
2024-12-06,0.49,22.22,28.15,18.29,82.87,2.27,Bengaluru
2024-12-07,0.03,22.4,27.77,18.25,85.31,2.51,Bengaluru
2024-12-08,0.0,22.03,27.42,18.21,82.86,2.81,Bengaluru
2024-12-09,0.0,22.14,27.61,18.09,84.98,2.35,Bengaluru
2024-12-10,0.0,22.28,27.51,18.42,83.87,2.77,Bengaluru
2024-12-11,0.08,22.12,27.39,18.51,84.0,3.92,Bengaluru
2024-12-12,13.63,21.01,24.13,19.0,91.45,3.93,Bengaluru
2024-12-13,0.61,20.92,24.53,19.06,88.31,4.36,Bengaluru
2024-12-14,0.09,20.81,27.03,16.82,82.59,4.15,Bengaluru
2024-12-15,0.0,18.63,25.28,13.41,81.78,3.75,Bengaluru
2024-12-16,0.0,17.56,25.81,11.55,77.23,3.09,Bengaluru
2024-12-17,0.47,19.9,27.69,12.45,79.26,2.18,Bengaluru
2024-12-18,0.39,21.07,27.22,15.5,85.17,3.0,Bengaluru
2024-12-19,0.18,22.74,28.47,18.46,84.57,2.77,Bengaluru
2024-12-20,0.08,22.74,28.49,18.19,84.16,2.45,Bengaluru
2024-12-21,0.41,23.63,29.3,18.73,77.28,1.61,Bengaluru
2024-12-22,0.4,22.65,28.52,17.87,77.5,1.75,Bengaluru
2024-12-23,0.0,21.99,27.83,17.82,79.4,2.24,Bengaluru
2024-12-24,0.0,21.75,28.65,16.23,75.83,1.59,Bengaluru
2024-12-25,0.44,21.8,28.02,16.74,80.79,2.71,Bengaluru
2024-12-26,7.19,22.36,28.47,17.73,83.8,4.28,Bengaluru
2024-12-27,5.04,21.66,27.1,18.37,84.3,5.07,Bengaluru
2024-12-28,0.25,20.88,27.55,16.95,79.38,4.18,Bengaluru
2024-12-29,0.0,20.86,28.05,16.0,78.6,3.78,Bengaluru
2024-12-30,0.0,21.2,28.15,15.58,75.5,4.86,Bengaluru
2024-12-31,0.0,20.78,28.17,15.43,75.91,4.55,Bengaluru
2025-01-01,0.0,19.97,27.68,14.35,76.49,4.13,Bengaluru
2025-01-02,0.0,19.98,27.7,14.85,76.3,3.79,Bengaluru
2025-01-03,0.0,19.71,27.35,14.36,76.25,3.8,Bengaluru
2025-01-04,0.0,18.66,27.39,12.83,73.47,2.84,Bengaluru
2025-01-05,0.0,18.93,27.52,13.27,71.28,3.01,Bengaluru
2025-01-06,0.0,19.14,28.01,13.24,70.74,2.53,Bengaluru
2025-01-07,0.0,19.56,28.16,13.51,72.92,2.38,Bengaluru
2025-01-08,0.0,19.12,27.25,13.53,70.38,3.17,Bengaluru
2025-01-09,0.0,19.51,27.5,13.11,72.39,4.25,Bengaluru
2025-01-10,0.0,20.64,27.9,14.52,76.33,3.75,Bengaluru
2025-01-11,0.0,21.98,30.0,16.34,74.31,3.88,Bengaluru
2025-01-12,0.0,22.07,30.21,15.07,70.91,3.34,Bengaluru
2025-01-13,1.37,22.46,29.0,17.52,79.46,3.76,Bengaluru
2025-01-14,0.25,22.33,29.73,17.97,73.69,4.89,Bengaluru
2025-01-15,0.01,21.27,29.0,16.71,69.13,5.38,Bengaluru
2025-01-16,0.0,20.89,27.17,16.82,72.33,4.65,Bengaluru
2025-01-17,0.0,20.98,28.51,16.12,73.87,4.39,Bengaluru
2025-01-18,1.19,21.12,29.25,15.73,71.97,4.63,Bengaluru
2025-01-19,3.79,21.37,27.68,16.98,81.52,4.4,Bengaluru
2025-01-20,0.05,21.62,30.32,15.68,65.9,3.67,Bengaluru
2025-01-21,0.0,20.79,30.45,14.11,63.68,3.48,Bengaluru
2025-01-22,0.0,21.39,30.99,14.17,67.14,3.52,Bengaluru
2025-01-23,0.0,21.83,30.98,15.62,67.83,3.83,Bengaluru
2025-01-24,0.0,20.68,30.78,13.97,64.64,3.62,Bengaluru
2025-01-25,0.0,20.52,30.87,14.06,61.31,3.73,Bengaluru
2025-01-26,0.0,19.55,30.53,10.22,56.57,4.37,Bengaluru
2025-01-27,0.0,20.38,30.65,12.98,62.12,3.36,Bengaluru
2025-01-28,0.0,20.77,30.82,13.7,63.05,2.87,Bengaluru
2025-01-29,0.0,20.87,31.74,13.83,62.0,3.6,Bengaluru
2025-01-30,0.0,21.03,31.45,12.16,57.53,1.91,Bengaluru
2025-01-31,0.0,23.45,32.08,17.01,68.96,2.88,Bengaluru
2025-02-01,0.0,23.62,31.95,18.06,66.52,2.89,Bengaluru
2025-02-02,0.0,22.72,32.61,16.41,58.33,3.15,Bengaluru
2025-02-03,0.0,21.36,32.4,13.09,53.72,3.37,Bengaluru
2025-02-04,0.0,21.88,32.81,13.14,48.09,3.63,Bengaluru
2025-02-05,0.0,21.86,32.11,13.47,53.62,4.16,Bengaluru
2025-02-06,0.0,21.48,31.71,12.53,57.69,4.26,Bengaluru
2025-02-07,0.0,21.89,32.13,14.26,56.29,4.18,Bengaluru
2025-02-08,0.0,22.34,32.05,13.9,57.45,3.98,Bengaluru
2025-02-09,0.0,22.31,31.5,14.54,61.32,4.09,Bengaluru
2025-02-10,0.0,22.09,31.45,14.9,61.09,3.47,Bengaluru
2025-02-11,0.0,22.2,32.76,14.69,54.78,3.11,Bengaluru
2025-02-12,0.0,22.66,34.33,13.57,50.88,3.43,Bengaluru
2025-02-13,0.0,23.1,34.44,14.42,44.57,3.53,Bengaluru
2025-02-14,0.0,23.47,34.14,15.43,42.46,2.6,Bengaluru
2025-02-15,0.0,23.77,34.16,15.61,48.14,3.26,Bengaluru
2025-02-16,0.0,23.36,34.15,14.91,53.45,3.65,Bengaluru
2025-02-17,0.0,23.82,34.25,15.89,53.8,3.79,Bengaluru
2025-02-18,0.0,24.01,34.47,15.8,51.76,3.68,Bengaluru
2025-02-19,0.0,24.76,35.59,14.96,47.44,3.38,Bengaluru
2025-02-20,0.0,25.16,35.31,16.29,51.09,3.7,Bengaluru
2025-02-21,0.0,25.08,34.9,16.48,51.56,3.7,Bengaluru
2025-02-22,0.0,25.03,34.39,17.03,50.28,4.11,Bengaluru
2025-02-23,0.0,24.83,34.17,16.13,43.85,4.8,Bengaluru
2025-02-24,0.0,24.37,33.74,15.65,40.92,5.11,Bengaluru
2025-02-25,0.0,24.03,33.42,15.06,51.09,4.83,Bengaluru
2025-02-26,0.0,24.69,34.03,16.48,48.77,5.63,Bengaluru
2025-02-27,0.0,24.19,34.42,14.56,46.6,5.06,Bengaluru
2025-02-28,0.0,24.5,34.87,14.77,44.55,4.6,Bengaluru
2025-03-01,0.0,25.89,34.72,17.89,49.72,4.31,Bengaluru
2025-03-02,0.0,26.14,35.47,18.0,46.45,3.79,Bengaluru
2025-03-03,0.0,26.3,35.32,20.08,46.69,3.86,Bengaluru
2025-03-04,0.0,26.63,36.18,18.83,37.31,4.84,Bengaluru
2025-03-05,0.0,26.67,36.3,18.9,34.66,3.32,Bengaluru
2025-03-06,0.0,26.76,36.16,18.5,32.23,3.16,Bengaluru
2025-03-07,0.0,25.68,36.87,16.13,26.09,2.72,Bengaluru
2025-03-08,0.0,25.61,36.54,15.34,37.28,3.28,Bengaluru
2025-03-09,0.0,25.88,36.65,15.97,40.68,4.89,Bengaluru
2025-03-10,0.0,24.95,35.19,15.93,46.68,5.03,Bengaluru
2025-03-11,1.02,24.59,33.75,14.58,60.21,5.77,Bengaluru
2025-03-12,0.23,26.77,34.88,20.35,60.48,4.55,Bengaluru
2025-03-13,0.0,27.51,37.35,19.35,47.09,3.61,Bengaluru
2025-03-14,0.0,27.52,37.88,18.02,39.41,4.17,Bengaluru
2025-03-15,0.0,26.32,36.24,16.55,40.95,4.43,Bengaluru
2025-03-16,0.0,26.8,37.35,15.97,45.31,3.56,Bengaluru
2025-03-17,0.04,28.57,36.4,20.44,49.04,2.04,Bengaluru
2025-03-18,0.0,28.93,37.12,21.44,45.46,3.77,Bengaluru
2025-03-19,0.01,27.88,35.45,21.19,49.1,4.46,Bengaluru
2025-03-20,0.02,27.87,36.94,20.64,48.26,4.73,Bengaluru
2025-03-21,0.0,28.3,36.38,20.72,51.07,3.64,Bengaluru
2025-03-22,2.3,27.38,33.04,21.92,56.8,3.47,Bengaluru
2025-03-23,2.03,26.99,33.45,21.76,58.87,2.91,Bengaluru
2025-03-24,0.01,28.38,36.77,21.42,49.56,3.7,Bengaluru
2025-03-25,0.06,27.71,36.76,18.4,41.98,3.46,Bengaluru
2025-03-26,0.0,28.25,36.85,19.26,34.72,3.07,Bengaluru
2025-03-27,0.01,28.85,36.66,20.74,36.52,3.08,Bengaluru
2025-03-28,0.01,28.94,37.4,21.45,34.88,3.92,Bengaluru
2025-03-29,0.0,28.57,37.74,20.32,28.45,4.1,Bengaluru
2025-03-30,0.0,28.23,37.49,18.52,28.04,4.61,Bengaluru
2025-03-31,0.0,28.11,36.63,19.39,34.4,4.61,Bengaluru
2025-04-01,0.0,27.21,36.55,18.43,42.57,3.62,Bengaluru
2025-04-02,0.01,27.31,35.13,19.42,48.59,3.54,Bengaluru
2025-04-03,9.55,26.2,31.64,21.25,60.22,2.92,Bengaluru
2025-04-04,0.02,27.46,35.08,20.54,49.84,2.75,Bengaluru
2025-04-05,4.65,25.98,33.08,19.81,59.61,2.42,Bengaluru
2025-04-06,0.17,27.19,34.73,20.35,51.1,3.62,Bengaluru
2025-04-07,0.0,28.38,36.85,19.76,49.1,4.22,Bengaluru
2025-04-08,0.0,27.99,36.06,20.37,44.51,4.13,Bengaluru
2025-04-09,0.0,27.84,35.44,20.48,44.01,3.08,Bengaluru
2025-04-10,0.14,27.6,33.25,22.18,45.32,2.44,Bengaluru
2025-04-11,1.78,28.7,36.82,21.09,49.54,3.25,Bengaluru
2025-04-12,6.23,27.7,34.86,21.7,56.28,3.24,Bengaluru
2025-04-13,2.66,27.14,33.78,21.08,58.1,2.54,Bengaluru
2025-04-14,2.65,27.05,35.21,20.07,58.06,2.83,Bengaluru
2025-04-15,0.26,27.57,35.54,19.76,53.58,2.76,Bengaluru
2025-04-16,7.75,27.75,33.98,21.21,59.23,2.3,Bengaluru
2025-04-17,0.28,28.92,35.91,23.15,54.17,1.52,Bengaluru
2025-04-18,0.05,27.9,34.38,22.3,59.43,2.52,Bengaluru
2025-04-19,0.02,28.69,35.06,21.82,56.3,2.5,Bengaluru
2025-04-20,0.39,29.53,37.27,21.97,48.62,2.55,Bengaluru
2025-04-21,0.03,28.55,35.04,22.83,50.01,3.27,Bengaluru
2025-04-22,0.0,29.05,37.66,21.24,39.64,3.71,Bengaluru
2025-04-23,0.03,29.52,38.37,20.86,35.75,3.43,Bengaluru
2025-04-24,0.01,29.98,39.11,21.46,41.67,3.78,Bengaluru
2025-04-25,0.0,29.96,38.5,22.15,41.72,3.92,Bengaluru
2025-04-26,0.03,29.36,36.96,21.97,45.37,3.97,Bengaluru
2025-04-27,0.09,29.29,36.97,21.76,47.97,3.2,Bengaluru
2025-04-28,0.23,29.33,35.39,24.27,47.63,3.95,Bengaluru
2025-04-29,0.0,30.11,37.71,22.56,43.32,3.86,Bengaluru
2025-04-30,0.05,29.67,35.8,23.66,45.56,2.86,Bengaluru
2025-05-01,8.03,28.54,34.19,23.51,59.22,1.92,Bengaluru
2025-05-02,3.93,28.41,34.23,23.62,58.34,1.71,Bengaluru
2025-05-03,1.35,27.51,34.04,23.24,60.94,1.78,Bengaluru
2025-05-04,0.06,27.24,33.34,22.18,56.13,2.84,Bengaluru
2025-05-05,0.34,28.24,35.72,21.51,48.87,1.67,Bengaluru
2025-05-06,0.58,28.78,35.47,22.07,52.95,2.13,Bengaluru
2025-05-07,1.89,28.03,35.01,22.69,53.63,3.28,Bengaluru
2025-05-08,4.78,27.12,32.7,22.68,60.73,1.78,Bengaluru
2025-05-09,0.61,27.63,34.85,20.33,58.63,2.21,Bengaluru
2025-05-10,0.7,27.43,33.63,21.99,59.25,1.25,Bengaluru
2025-05-11,0.05,28.39,34.91,21.57,54.1,1.49,Bengaluru
2025-05-12,4.31,27.51,33.08,23.67,61.91,2.24,Bengaluru
2025-05-13,16.8,27.0,34.13,21.63,68.53,2.12,Bengaluru
2025-05-14,0.52,26.97,34.0,21.35,67.0,2.33,Bengaluru
2025-05-15,10.92,24.96,28.39,22.71,78.97,1.73,Bengaluru
2025-05-16,19.45,25.54,30.06,21.58,74.71,1.65,Bengaluru
2025-05-17,9.53,26.22,32.84,21.05,71.53,2.24,Bengaluru
2025-05-18,51.48,24.56,27.93,21.79,82.92,2.49,Bengaluru
2025-05-19,11.98,24.7,29.14,22.03,83.26,2.0,Bengaluru
2025-05-20,32.14,24.65,28.14,21.66,83.72,2.42,Bengaluru
2025-05-21,0.7,23.76,28.37,20.59,82.76,6.87,Bengaluru
2025-05-22,0.0,23.89,28.73,20.17,78.77,5.96,Bengaluru
2025-05-23,0.55,25.03,30.94,20.49,78.24,6.02,Bengaluru
2025-05-24,0.41,24.4,27.63,21.68,79.74,7.82,Bengaluru
2025-05-25,4.13,24.02,28.47,21.17,82.01,7.9,Bengaluru
2025-05-26,4.45,23.1,27.1,20.53,83.21,8.09,Bengaluru
2025-05-27,0.49,24.46,30.47,20.4,74.95,8.71,Bengaluru
2025-05-28,1.37,23.92,29.2,19.62,77.54,7.65,Bengaluru
2025-05-29,0.28,23.52,28.44,20.34,78.47,7.44,Bengaluru
2025-05-30,6.65,23.24,28.12,19.6,81.52,6.6,Bengaluru
2025-05-31,0.01,24.13,30.46,19.62,74.21,5.87,Bengaluru
2025-06-01,0.0,24.13,30.82,19.62,72.8,5.28,Bengaluru
2025-06-02,0.16,24.41,31.33,18.98,73.57,5.17,Bengaluru
2025-06-03,0.38,24.5,30.01,20.65,72.23,5.56,Bengaluru
2025-06-04,0.75,24.77,31.72,20.16,70.77,4.71,Bengaluru
2025-06-05,0.09,24.38,31.38,18.55,66.08,3.93,Bengaluru
2025-06-06,0.06,25.36,32.61,18.43,66.79,3.06,Bengaluru
2025-06-07,0.02,26.01,31.96,20.64,70.59,3.57,Bengaluru
2025-06-08,3.82,24.99,29.62,20.99,75.63,4.19,Bengaluru
2025-06-09,4.25,25.27,30.9,21.26,73.94,5.33,Bengaluru
2025-06-10,14.23,24.61,29.61,21.21,80.38,5.26,Bengaluru
2025-06-11,5.77,24.55,28.97,21.39,82.0,5.55,Bengaluru
2025-06-12,2.86,23.63,27.18,21.19,83.08,5.38,Bengaluru
2025-06-13,4.47,23.68,26.88,21.07,87.38,5.56,Bengaluru
2025-06-14,3.83,23.71,28.06,20.12,83.1,6.82,Bengaluru
2025-06-15,0.14,22.7,26.88,19.82,79.34,9.14,Bengaluru
2025-06-16,0.01,22.49,26.12,19.91,76.88,8.95,Bengaluru
2025-06-17,0.17,24.05,29.81,19.84,75.12,6.69,Bengaluru
2025-06-18,0.57,24.81,30.32,20.86,75.18,6.01,Bengaluru
2025-06-19,0.24,24.5,29.34,21.23,77.93,5.69,Bengaluru
2025-06-20,0.09,25.0,31.25,20.39,74.33,5.59,Bengaluru
2025-06-21,0.07,24.91,31.03,20.59,74.9,5.78,Bengaluru
2025-06-22,1.51,24.43,30.72,20.37,76.83,6.37,Bengaluru
2025-06-23,0.13,24.05,29.84,20.32,72.74,7.85,Bengaluru
2025-06-24,0.0,22.63,26.21,19.45,72.32,7.58,Bengaluru
2025-06-25,0.08,23.54,28.11,19.36,74.53,6.86,Bengaluru
2025-06-26,0.04,23.65,28.72,19.8,74.0,6.58,Bengaluru
2025-06-27,0.07,24.26,30.32,20.15,74.23,6.44,Bengaluru
2025-06-28,0.06,24.82,30.72,20.51,73.83,5.67,Bengaluru
2025-06-29,0.01,24.93,31.04,20.95,72.17,6.4,Bengaluru
2025-06-30,0.0,24.14,29.37,20.51,74.51,6.09,Bengaluru
2025-07-01,0.03,24.3,29.38,20.67,75.55,5.44,Bengaluru
2025-07-02,0.71,24.08,29.62,20.11,74.77,6.85,Bengaluru
2025-07-03,1.61,23.97,29.72,20.03,71.96,7.0,Bengaluru
2025-07-04,0.01,24.18,30.8,20.28,71.49,6.87,Bengaluru
2025-07-05,0.03,24.46,31.28,19.44,72.58,7.54,Bengaluru
2025-07-06,0.09,24.58,30.36,20.86,73.48,7.77,Bengaluru
2025-07-07,0.05,24.35,29.51,20.56,74.48,7.43,Bengaluru
2025-07-08,0.01,25.17,32.08,20.13,70.87,6.92,Bengaluru
2025-07-09,0.0,25.19,31.94,20.47,70.61,6.29,Bengaluru
2025-07-10,1.54,24.93,30.69,20.55,73.26,5.34,Bengaluru
2025-07-11,1.36,25.24,30.95,20.82,73.75,4.98,Bengaluru
2025-07-12,0.26,24.94,30.13,21.43,73.59,5.48,Bengaluru
2025-07-13,7.74,24.5,30.25,20.58,75.95,5.74,Bengaluru
2025-07-14,2.12,23.98,29.31,20.51,77.29,6.39,Bengaluru
2025-07-15,0.0,24.46,30.09,20.34,74.78,6.14,Bengaluru
2025-07-16,6.85,24.58,30.31,20.54,77.5,4.38,Bengaluru
2025-07-17,11.44,23.73,28.15,21.13,82.02,3.8,Bengaluru
2025-07-18,1.29,23.95,28.51,20.61,78.1,3.69,Bengaluru
2025-07-19,5.13,22.74,26.38,20.57,79.9,4.87,Bengaluru
2025-07-20,9.91,23.48,28.55,19.43,78.51,5.55,Bengaluru
2025-07-21,6.61,21.84,26.19,19.12,79.71,5.65,Bengaluru
2025-07-22,1.19,22.44,28.21,18.45,72.5,6.81,Bengaluru
2025-07-23,0.43,23.2,28.51,19.23,77.72,6.84,Bengaluru
2025-07-24,0.58,23.13,27.37,19.77,77.42,7.19,Bengaluru
2025-07-25,0.4,23.38,29.06,19.54,74.17,8.73,Bengaluru
2025-07-26,0.39,23.3,28.59,19.83,76.27,8.75,Bengaluru
2025-07-27,0.03,23.44,29.02,19.0,72.84,7.92,Bengaluru
2025-07-28,0.03,23.55,30.55,18.9,72.62,7.49,Bengaluru
2025-07-29,0.14,23.8,30.63,18.83,72.82,7.67,Bengaluru
2025-07-30,0.1,24.57,31.92,18.89,71.63,7.01,Bengaluru
2025-07-31,0.42,25.21,32.34,19.68,71.74,5.67,Bengaluru
2025-08-01,0.02,25.09,31.06,19.95,71.88,4.76,Bengaluru
2025-08-02,0.57,25.17,31.0,20.54,72.28,4.92,Bengaluru
2025-08-03,16.74,24.08,28.05,20.82,80.74,3.14,Bengaluru
2025-08-04,10.77,23.64,26.83,21.23,81.94,1.71,Bengaluru
2025-08-05,11.17,24.75,30.18,20.84,79.16,1.84,Bengaluru
2025-08-06,8.1,23.56,27.67,21.3,86.18,3.66,Bengaluru
2025-08-07,1.72,23.62,27.59,20.92,85.08,3.09,Bengaluru
2025-08-08,18.45,23.23,26.53,20.32,86.33,2.64,Bengaluru
2025-08-09,3.05,23.62,27.91,20.92,82.92,2.41,Bengaluru
2025-08-10,22.02,22.96,26.77,20.05,84.01,3.01,Bengaluru
2025-08-11,1.4,21.9,25.72,18.96,83.74,4.68,Bengaluru
2025-08-12,2.79,22.13,27.47,18.05,79.32,4.87,Bengaluru
2025-08-13,6.01,21.7,26.45,17.45,80.8,5.22,Bengaluru
2025-08-14,1.47,22.56,27.25,19.63,81.3,5.58,Bengaluru
2025-08-15,2.96,22.73,27.87,19.44,80.74,6.01,Bengaluru
2025-08-16,3.4,22.63,27.25,19.83,83.4,5.76,Bengaluru
2025-08-17,5.94,22.82,26.93,19.97,83.62,6.05,Bengaluru
2025-08-18,1.28,22.25,26.63,19.64,82.72,7.32,Bengaluru
2025-08-19,0.49,22.72,28.09,19.17,78.43,8.26,Bengaluru
2025-08-20,0.21,22.66,28.87,18.07,79.52,5.43,Bengaluru
2025-08-21,1.54,23.46,28.17,18.39,80.28,3.28,Bengaluru
2025-08-22,2.39,23.43,28.38,19.39,81.59,1.95,Bengaluru
2025-08-23,8.87,23.63,28.4,19.85,81.29,3.44,Bengaluru
2025-08-24,0.02,24.1,30.48,19.41,75.47,4.55,Bengaluru
2025-08-25,0.0,23.23,28.97,18.41,76.71,4.35,Bengaluru
2025-08-26,0.03,23.93,30.18,18.78,75.29,4.46,Bengaluru
2025-08-27,5.92,23.23,28.57,19.7,81.2,5.24,Bengaluru
2025-08-28,1.87,23.22,29.16,19.51,78.01,5.82,Bengaluru
2025-08-29,5.36,22.47,27.94,18.81,79.38,5.82,Bengaluru
2025-08-30,0.25,23.35,28.6,19.9,81.06,4.89,Bengaluru
2025-08-31,3.87,23.79,29.19,19.83,80.88,4.83,Bengaluru
2025-09-01,8.53,23.26,28.07,20.15,81.97,5.71,Bengaluru
2025-09-02,5.19,23.14,28.72,19.27,82.47,5.56,Bengaluru
2025-09-03,7.67,23.47,29.09,19.55,82.21,5.33,Bengaluru
2025-09-04,0.51,23.73,29.16,19.45,79.97,4.3,Bengaluru
2025-09-05,0.02,23.46,28.42,19.15,80.95,3.42,Bengaluru
2025-09-06,7.69,24.08,29.9,19.09,78.84,3.4,Bengaluru
2025-09-07,1.85,23.88,29.17,19.77,79.37,3.8,Bengaluru
2025-09-08,0.09,23.79,29.78,18.73,76.29,3.31,Bengaluru
2025-09-09,0.44,24.72,30.32,19.8,78.57,1.9,Bengaluru
2025-09-10,15.56,23.92,26.81,21.33,81.88,1.91,Bengaluru
2025-09-11,6.37,22.82,26.63,19.65,84.0,2.42,Bengaluru
2025-09-12,0.08,23.56,28.96,19.6,79.01,2.92,Bengaluru
2025-09-13,0.42,23.31,27.34,20.81,84.88,2.5,Bengaluru
2025-09-14,0.06,23.26,27.45,20.11,83.01,2.77,Bengaluru
2025-09-15,1.61,23.23,26.8,20.37,83.2,3.06,Bengaluru
2025-09-16,10.1,23.58,27.57,20.5,84.11,2.17,Bengaluru
2025-09-17,15.06,22.68,25.46,20.79,89.98,2.08,Bengaluru
2025-09-18,21.99,23.36,27.38,20.39,85.77,2.52,Bengaluru
2025-09-19,35.77,22.31,26.07,19.4,87.47,3.23,Bengaluru
2025-09-20,1.54,22.3,25.87,19.59,88.42,3.83,Bengaluru
2025-09-21,3.81,23.09,27.15,20.02,85.72,3.52,Bengaluru
2025-09-22,2.04,22.89,27.03,20.31,85.19,3.75,Bengaluru
2025-09-23,0.18,22.58,27.21,19.23,84.23,4.18,Bengaluru
2025-09-24,1.22,22.68,27.62,19.68,82.99,4.49,Bengaluru
2025-09-25,2.65,22.75,28.25,18.63,82.51,4.71,Bengaluru
2025-09-26,0.08,22.72,27.5,19.18,81.32,5.31,Bengaluru
2025-09-27,0.42,21.34,25.79,18.86,84.18,6.01,Bengaluru
2025-09-28,0.6,22.68,28.53,18.51,81.61,5.4,Bengaluru
2025-09-29,0.0,23.14,29.19,19.32,79.98,5.29,Bengaluru
2025-09-30,0.0,22.33,27.19,17.97,82.39,4.27,Bengaluru
2025-10-01,0.0,23.33,29.1,19.02,80.12,3.92,Bengaluru
2025-10-02,1.78,23.61,29.4,19.32,81.54,3.49,Bengaluru
2025-10-03,18.41,22.97,26.87,20.04,86.04,2.76,Bengaluru
2025-10-04,3.21,23.75,28.72,19.83,79.65,2.65,Bengaluru
2025-10-05,12.19,23.63,27.15,19.8,79.32,1.97,Bengaluru
2025-10-06,0.33,22.98,27.19,19.47,84.18,2.27,Bengaluru
2025-10-07,0.01,22.95,27.56,19.31,81.2,2.0,Bengaluru
2025-10-08,4.22,23.56,28.42,19.37,81.32,1.9,Bengaluru
2025-10-09,9.92,23.67,28.37,19.63,83.01,1.76,Bengaluru
2025-10-10,22.05,23.63,27.92,20.8,85.88,2.43,Bengaluru
2025-10-11,10.97,23.27,28.06,19.37,84.7,2.27,Bengaluru
2025-10-12,1.85,23.36,27.81,20.3,86.1,2.62,Bengaluru
2025-10-13,1.21,23.32,27.86,20.25,85.9,2.83,Bengaluru
2025-10-14,1.12,23.42,28.53,19.76,85.06,3.58,Bengaluru
2025-10-15,1.27,23.06,28.03,19.23,85.0,3.57,Bengaluru
2025-10-16,5.08,23.05,27.93,19.08,86.66,4.44,Bengaluru
2025-10-17,1.79,22.99,27.17,19.8,87.05,4.06,Bengaluru
2025-10-18,6.17,23.01,27.65,20.16,86.46,3.88,Bengaluru
2025-10-19,0.76,22.92,27.52,19.44,84.11,3.66,Bengaluru
2025-10-20,1.85,22.42,26.23,19.71,86.47,3.6,Bengaluru
2025-10-21,14.51,22.07,26.62,19.34,87.66,3.73,Bengaluru
2025-10-22,9.88,21.73,25.07,18.7,91.68,4.56,Bengaluru
2025-10-23,7.61,22.71,26.77,20.01,86.22,2.36,Bengaluru
2025-10-24,1.36,21.93,26.32,18.81,85.77,2.5,Bengaluru
2025-10-25,0.15,22.77,27.47,18.19,77.07,1.52,Bengaluru
2025-10-26,0.68,22.92,27.28,18.93,83.19,1.57,Bengaluru
2025-10-27,3.54,21.77,24.16,20.3,90.03,2.5,Bengaluru
2025-10-28,1.47,21.65,25.82,18.37,85.06,5.1,Bengaluru
2025-10-29,0.56,21.63,27.58,17.46,82.55,4.9,Bengaluru
2025-10-30,0.01,22.34,28.38,17.56,84.04,3.74,Bengaluru
2025-10-31,0.0,22.71,28.64,17.77,79.39,2.81,Bengaluru
2025-11-01,0.0,22.88,28.96,17.37,79.17,1.61,Bengaluru
2025-11-02,0.0,22.56,26.96,17.67,82.99,2.33,Bengaluru
2025-11-03,0.06,22.45,27.18,19.17,82.4,3.07,Bengaluru
2025-11-04,0.03,22.28,28.03,17.46,80.62,2.89,Bengaluru
2025-11-05,2.01,22.78,27.78,19.09,85.33,2.48,Bengaluru
2025-11-06,8.12,20.52,22.35,19.01,93.23,2.99,Bengaluru
2025-11-07,3.54,21.81,26.88,17.86,83.37,2.03,Bengaluru
2025-11-08,0.0,20.7,26.57,15.75,80.08,3.22,Bengaluru
2025-11-09,0.0,18.73,25.55,12.74,71.36,3.09,Bengaluru
2025-11-10,0.0,20.44,27.07,13.91,75.53,1.62,Bengaluru
2025-11-11,0.01,22.02,28.48,16.63,80.07,2.16,Bengaluru
2025-11-12,0.0,22.22,28.63,17.64,78.61,3.26,Bengaluru
2025-11-13,0.0,22.5,28.32,18.19,81.1,3.46,Bengaluru
2025-11-14,0.01,20.96,28.0,15.83,76.89,4.05,Bengaluru
2025-11-15,0.0,19.82,27.2,14.13,74.83,3.53,Bengaluru
2025-11-16,0.0,20.94,27.23,16.27,79.42,3.81,Bengaluru
2025-11-17,0.03,20.62,27.62,15.21,77.47,4.14,Bengaluru
2025-11-18,1.49,19.38,23.22,15.57,86.19,3.68,Bengaluru
2025-11-19,0.4,21.75,28.81,17.38,80.27,3.48,Bengaluru
2025-11-20,0.0,21.28,29.46,15.09,73.47,3.38,Bengaluru
2025-11-21,3.02,21.98,28.08,17.48,84.36,3.65,Bengaluru
2025-11-22,1.59,22.1,27.4,18.54,84.55,4.33,Bengaluru
2025-11-23,0.35,21.83,26.69,18.54,83.49,4.03,Bengaluru
2025-11-24,0.04,22.21,27.32,19.03,80.2,4.39,Bengaluru
2025-11-25,0.0,20.7,26.25,16.9,79.35,4.03,Bengaluru
2025-11-26,0.0,20.37,27.8,14.93,76.41,4.56,Bengaluru
2025-11-27,0.0,20.56,27.9,15.78,75.76,4.51,Bengaluru
2025-11-28,0.0,19.49,25.7,15.6,76.89,3.96,Bengaluru
2025-11-29,1.15,19.24,24.48,15.1,84.92,3.81,Bengaluru
2025-11-30,2.7,20.07,23.34,18.06,89.93,4.36,Bengaluru
2025-12-01,0.65,21.47,27.83,17.29,81.05,4.12,Bengaluru
2025-12-02,0.86,21.91,28.56,17.56,79.81,3.92,Bengaluru
2025-12-03,0.47,23.12,29.35,19.5,80.62,5.49,Bengaluru
2025-12-04,1.48,21.83,27.15,19.5,83.85,3.6,Bengaluru
2025-12-05,0.1,21.84,27.14,18.49,79.65,5.1,Bengaluru
2025-12-06,0.01,21.77,28.91,17.23,74.13,4.53,Bengaluru
2025-12-07,0.0,21.27,27.64,16.81,74.56,3.91,Bengaluru
2025-12-08,0.0,20.5,29.33,14.52,65.32,3.59,Bengaluru
2025-12-09,0.0,20.42,28.95,13.14,71.86,3.82,Bengaluru
2025-12-10,0.0,20.58,29.06,15.06,65.57,4.24,Bengaluru
2025-12-11,0.0,19.82,28.88,14.56,69.24,4.51,Bengaluru
2025-12-12,0.0,19.37,28.49,13.56,69.55,3.59,Bengaluru
2025-12-13,0.0,18.73,28.93,12.27,61.77,3.16,Bengaluru
2025-12-14,0.0,18.5,28.05,12.15,67.46,3.53,Bengaluru
2025-12-15,0.0,18.81,28.43,12.45,65.55,3.95,Bengaluru
2025-12-16,0.04,21.14,28.91,14.24,78.19,5.42,Bengaluru
2025-12-17,0.0,21.95,30.19,15.12,69.23,4.6,Bengaluru
2025-12-18,0.0,19.43,28.84,13.51,67.33,4.32,Bengaluru
2025-12-19,0.0,18.87,28.28,12.88,67.54,3.23,Bengaluru
2025-12-20,0.0,18.64,27.74,12.94,67.96,2.58,Bengaluru
2025-12-21,0.0,19.06,28.47,12.95,69.05,3.23,Bengaluru
2025-12-22,0.0,19.62,28.48,13.04,69.93,3.79,Bengaluru
2025-12-23,0.0,19.61,27.71,14.44,69.04,3.07,Bengaluru
2025-12-24,0.0,19.51,28.2,13.77,68.63,3.05,Bengaluru
2025-12-25,0.0,19.52,28.37,13.12,67.32,3.29,Bengaluru
2025-12-26,0.0,20.5,28.78,15.38,68.84,3.62,Bengaluru
2025-12-27,0.0,19.42,28.47,12.33,67.2,3.46,Bengaluru
2025-12-28,0.0,19.76,28.73,13.19,68.23,3.26,Bengaluru
2025-12-29,0.0,21.04,29.97,13.99,68.91,2.96,Bengaluru
2025-12-30,0.0,22.06,30.4,15.19,69.08,1.68,Bengaluru
2025-12-31,0.0,23.02,30.18,17.36,71.0,2.42,Bengaluru
