date,PRECTOTCORR,T2M,T2M_MAX,T2M_MIN,RH2M,WS10M,city
2018-01-01,0.0,18.67,28.81,10.61,30.92,2.93,Ahmedabad
2018-01-02,0.0,18.62,28.93,11.02,30.14,3.62,Ahmedabad
2018-01-03,0.0,19.17,28.88,10.47,26.65,2.9,Ahmedabad
2018-01-04,0.0,19.33,29.93,11.37,30.29,2.87,Ahmedabad
2018-01-05,0.0,19.3,28.89,10.72,27.78,2.3,Ahmedabad
2018-01-06,0.0,19.36,28.14,11.76,35.22,2.49,Ahmedabad
2018-01-07,0.0,18.39,28.08,10.59,29.11,2.81,Ahmedabad
2018-01-08,0.0,18.64,28.8,9.98,28.87,3.06,Ahmedabad
2018-01-09,0.0,19.76,29.5,11.64,30.79,3.53,Ahmedabad
2018-01-10,0.0,21.27,30.91,13.79,30.27,3.7,Ahmedabad
2018-01-11,0.0,21.67,31.26,13.64,27.38,3.23,Ahmedabad
2018-01-12,0.0,23.15,31.68,15.22,29.3,2.82,Ahmedabad
2018-01-13,0.0,23.76,30.46,18.95,33.47,2.75,Ahmedabad
2018-01-14,0.0,25.59,34.46,19.32,38.38,2.57,Ahmedabad
2018-01-15,0.0,24.93,33.94,17.5,28.97,2.67,Ahmedabad
2018-01-16,0.0,25.3,34.11,16.98,29.17,2.42,Ahmedabad
2018-01-17,0.0,24.09,32.54,16.56,40.6,2.74,Ahmedabad
2018-01-18,0.0,23.83,32.79,16.74,31.59,2.24,Ahmedabad
2018-01-19,0.0,22.37,31.93,14.54,22.71,2.4,Ahmedabad
2018-01-20,0.0,21.66,32.2,12.81,23.2,2.98,Ahmedabad
2018-01-21,0.0,21.6,31.78,13.33,20.42,2.62,Ahmedabad
2018-01-22,0.0,21.74,31.5,14.38,23.59,2.8,Ahmedabad
2018-01-23,0.0,20.3,28.96,13.53,41.16,3.78,Ahmedabad
2018-01-24,0.0,20.22,29.45,12.03,18.65,2.68,Ahmedabad
2018-01-25,0.0,18.92,29.17,9.59,16.26,2.53,Ahmedabad
2018-01-26,0.0,19.51,29.85,10.07,17.01,2.53,Ahmedabad
2018-01-27,0.0,20.57,31.06,10.63,16.75,2.51,Ahmedabad
2018-01-28,0.0,21.37,31.45,11.65,17.99,2.3,Ahmedabad
2018-01-29,0.0,22.98,32.46,13.85,16.09,1.76,Ahmedabad
2018-01-30,0.0,23.27,34.18,13.6,18.07,2.62,Ahmedabad
2018-01-31,0.0,24.68,34.74,13.99,17.69,2.02,Ahmedabad
2018-02-01,0.0,24.79,34.35,16.18,18.27,1.99,Ahmedabad
2018-02-02,0.0,23.37,33.6,15.14,26.91,2.99,Ahmedabad
2018-02-03,0.0,23.31,33.08,15.39,22.37,2.86,Ahmedabad
2018-02-04,0.0,23.37,33.51,14.78,23.94,3.19,Ahmedabad
2018-02-05,0.0,24.83,34.21,16.69,24.04,2.89,Ahmedabad
2018-02-06,0.0,25.84,34.19,20.25,23.5,2.76,Ahmedabad
2018-02-07,0.0,25.35,33.94,19.26,27.49,2.37,Ahmedabad
2018-02-08,0.0,23.23,32.97,15.86,18.69,2.85,Ahmedabad
2018-02-09,0.0,22.59,32.18,12.45,11.33,1.81,Ahmedabad
2018-02-10,0.0,21.14,28.81,14.7,26.37,2.63,Ahmedabad
2018-02-11,0.0,21.9,31.05,13.25,46.5,2.77,Ahmedabad
2018-02-12,0.0,22.29,30.7,14.06,40.96,2.3,Ahmedabad
2018-02-13,0.0,22.11,31.32,14.81,27.93,3.82,Ahmedabad
2018-02-14,0.0,22.28,31.55,14.31,28.28,4.41,Ahmedabad
2018-02-15,0.0,23.37,33.99,14.08,21.66,3.51,Ahmedabad
2018-02-16,0.0,24.43,35.32,15.01,21.23,2.8,Ahmedabad
2018-02-17,0.0,24.98,35.63,15.77,20.9,2.88,Ahmedabad
2018-02-18,0.0,26.59,35.67,16.7,21.65,1.89,Ahmedabad
2018-02-19,0.0,27.66,36.34,20.43,24.92,1.62,Ahmedabad
2018-02-20,0.0,27.73,36.87,18.84,21.54,2.02,Ahmedabad
2018-02-21,0.0,27.13,36.57,18.23,21.17,2.1,Ahmedabad
2018-02-22,0.0,27.44,36.74,19.17,22.52,2.97,Ahmedabad
2018-02-23,0.0,27.89,36.64,20.76,24.7,2.3,Ahmedabad
2018-02-24,0.0,26.14,36.0,17.62,29.89,3.12,Ahmedabad
2018-02-25,0.0,27.87,37.37,19.04,24.76,2.83,Ahmedabad
2018-02-26,0.0,27.76,37.81,18.37,23.23,3.02,Ahmedabad
2018-02-27,0.0,28.72,38.77,20.51,20.27,2.74,Ahmedabad
2018-02-28,0.0,29.85,39.03,21.65,20.6,2.57,Ahmedabad
2018-03-01,0.0,30.57,39.18,23.55,18.39,2.8,Ahmedabad
2018-03-02,0.0,29.33,38.48,21.58,19.29,3.5,Ahmedabad
2018-03-03,0.0,28.13,37.54,19.95,19.59,4.05,Ahmedabad
2018-03-04,0.0,27.39,35.99,19.6,28.47,3.24,Ahmedabad
2018-03-05,0.0,27.26,36.46,18.93,28.84,2.7,Ahmedabad
2018-03-06,0.0,28.02,37.69,18.69,18.85,2.64,Ahmedabad
2018-03-07,0.0,28.62,38.24,19.86,17.39,2.95,Ahmedabad
2018-03-08,0.0,29.17,39.47,20.58,21.13,3.72,Ahmedabad
2018-03-09,0.0,28.31,37.92,18.9,25.01,2.66,Ahmedabad
2018-03-10,0.0,27.74,38.39,18.03,19.27,3.06,Ahmedabad
2018-03-11,0.0,27.86,38.24,18.87,17.7,2.89,Ahmedabad
2018-03-12,0.0,28.44,38.98,18.55,15.88,2.24,Ahmedabad
2018-03-13,0.0,27.41,38.19,17.64,20.85,3.71,Ahmedabad
2018-03-14,0.0,26.72,36.96,17.91,34.83,3.94,Ahmedabad
2018-03-15,0.0,27.6,37.15,17.89,40.5,3.27,Ahmedabad
2018-03-16,0.0,28.45,37.59,19.3,29.98,2.7,Ahmedabad
2018-03-17,0.0,29.4,38.11,19.8,19.68,1.7,Ahmedabad
2018-03-18,0.0,29.66,38.81,20.05,19.03,2.38,Ahmedabad
2018-03-19,0.0,29.61,37.83,22.02,25.04,3.44,Ahmedabad
2018-03-20,0.0,28.82,37.26,21.55,27.45,3.86,Ahmedabad
2018-03-21,0.0,27.7,36.42,19.95,34.48,4.59,Ahmedabad
2018-03-22,0.0,27.16,36.29,19.28,33.21,3.36,Ahmedabad
2018-03-23,0.0,28.06,37.25,18.34,22.41,2.27,Ahmedabad
2018-03-24,0.0,29.37,37.83,21.18,19.19,3.03,Ahmedabad
2018-03-25,0.0,31.01,40.77,21.71,14.88,3.13,Ahmedabad
2018-03-26,0.0,31.51,41.64,22.14,12.23,2.93,Ahmedabad
2018-03-27,0.0,31.72,41.95,22.61,10.96,2.78,Ahmedabad
2018-03-28,0.0,31.14,41.93,20.94,24.43,2.16,Ahmedabad
2018-03-29,0.0,31.72,42.37,21.85,21.0,2.18,Ahmedabad
2018-03-30,0.0,32.24,43.0,22.14,14.46,2.91,Ahmedabad
2018-03-31,0.0,30.94,42.26,20.15,18.54,3.06,Ahmedabad
2018-04-01,0.0,30.4,41.45,19.5,25.23,2.56,Ahmedabad
2018-04-02,0.0,30.77,42.07,20.19,20.16,2.56,Ahmedabad
2018-04-03,0.0,31.84,42.21,22.3,20.04,3.42,Ahmedabad
2018-04-04,0.0,32.31,42.23,22.73,23.21,3.76,Ahmedabad
2018-04-05,0.0,31.48,40.91,24.05,24.94,3.72,Ahmedabad
2018-04-06,0.0,31.47,40.96,21.66,34.35,3.55,Ahmedabad
2018-04-07,0.0,32.16,42.0,22.76,28.86,2.92,Ahmedabad
2018-04-08,0.0,32.1,41.41,23.55,31.01,2.96,Ahmedabad
2018-04-09,0.0,32.26,41.82,22.81,29.87,3.37,Ahmedabad
2018-04-10,0.0,32.77,41.46,24.47,28.3,3.19,Ahmedabad
2018-04-11,0.0,33.18,41.56,25.24,29.97,3.19,Ahmedabad
2018-04-12,0.01,33.45,41.55,25.7,31.1,2.44,Ahmedabad
2018-04-13,0.0,33.71,42.83,24.57,30.01,2.17,Ahmedabad
2018-04-14,0.0,33.62,42.15,25.03,30.21,2.89,Ahmedabad
2018-04-15,0.0,33.97,42.55,25.1,25.03,2.77,Ahmedabad
2018-04-16,0.0,34.17,42.35,25.99,26.58,3.2,Ahmedabad
2018-04-17,0.0,34.0,42.56,25.83,20.47,3.56,Ahmedabad
2018-04-18,0.0,34.33,43.56,25.23,12.47,3.54,Ahmedabad
2018-04-19,0.0,34.71,43.75,26.13,19.87,4.51,Ahmedabad
2018-04-20,0.0,33.11,41.6,24.36,35.83,5.02,Ahmedabad
2018-04-21,0.0,31.36,40.49,22.77,34.68,3.37,Ahmedabad
2018-04-22,0.0,31.76,41.63,22.17,15.15,3.04,Ahmedabad
2018-04-23,0.0,32.37,42.69,22.38,6.39,3.05,Ahmedabad
2018-04-24,0.0,32.39,43.07,22.05,7.54,3.16,Ahmedabad
2018-04-25,0.0,32.28,42.92,22.16,22.06,3.57,Ahmedabad
2018-04-26,0.0,33.11,43.29,23.13,34.72,2.95,Ahmedabad
2018-04-27,0.0,34.01,44.47,24.3,34.11,3.11,Ahmedabad
2018-04-28,0.0,35.38,45.73,25.95,31.79,3.86,Ahmedabad
2018-04-29,0.0,35.0,45.1,24.76,35.92,5.02,Ahmedabad
2018-04-30,0.0,34.92,45.3,25.52,39.21,5.64,Ahmedabad
2018-05-01,0.0,34.91,45.12,25.47,37.53,4.84,Ahmedabad
2018-05-02,0.0,34.37,45.01,24.08,37.1,3.73,Ahmedabad
2018-05-03,0.0,34.3,44.42,24.33,33.56,3.05,Ahmedabad
2018-05-04,0.0,34.33,43.56,25.69,37.95,3.16,Ahmedabad
2018-05-05,0.0,35.56,44.26,26.91,34.52,2.81,Ahmedabad
2018-05-06,0.0,35.34,44.14,26.76,26.2,3.95,Ahmedabad
2018-05-07,0.0,33.6,42.61,24.09,31.61,4.45,Ahmedabad
2018-05-08,0.0,33.05,41.09,24.09,40.75,4.08,Ahmedabad
2018-05-09,0.0,34.24,42.81,25.85,36.49,3.4,Ahmedabad
2018-05-10,0.0,35.81,44.28,27.25,28.97,3.36,Ahmedabad
2018-05-11,0.0,36.48,44.71,28.11,31.07,3.88,Ahmedabad
2018-05-12,0.0,35.29,43.77,27.16,29.25,4.58,Ahmedabad
2018-05-13,0.0,35.0,43.38,26.1,37.61,4.18,Ahmedabad
2018-05-14,0.0,34.9,42.6,26.9,35.57,2.93,Ahmedabad
2018-05-15,0.0,35.79,44.22,27.66,34.55,4.08,Ahmedabad
2018-05-16,0.0,35.86,44.62,27.3,32.47,4.08,Ahmedabad
2018-05-17,0.0,36.63,45.47,27.05,32.56,3.85,Ahmedabad
2018-05-18,0.0,36.69,44.97,27.97,28.63,3.94,Ahmedabad
2018-05-19,0.0,35.73,44.07,26.53,27.51,3.04,Ahmedabad
2018-05-20,0.0,36.21,44.15,28.54,27.81,3.68,Ahmedabad
2018-05-21,0.0,35.72,44.01,27.72,25.41,3.26,Ahmedabad
2018-05-22,0.0,35.74,44.75,26.23,25.45,3.25,Ahmedabad
2018-05-23,0.0,36.19,45.65,26.86,23.91,2.97,Ahmedabad
2018-05-24,0.0,36.17,44.5,26.95,18.45,4.19,Ahmedabad
2018-05-25,0.0,35.11,44.05,26.57,31.26,3.42,Ahmedabad
2018-05-26,0.0,36.61,45.25,27.96,33.59,4.17,Ahmedabad
2018-05-27,0.0,37.53,46.91,28.91,32.68,4.9,Ahmedabad
2018-05-28,0.0,36.98,46.06,28.23,37.09,4.1,Ahmedabad
2018-05-29,0.0,36.42,44.95,28.1,40.85,5.24,Ahmedabad
2018-05-30,0.0,35.91,43.51,29.15,43.19,5.54,Ahmedabad
2018-05-31,0.01,36.11,43.87,29.65,44.76,5.43,Ahmedabad
2018-06-01,0.0,36.62,44.01,30.11,41.08,4.22,Ahmedabad
2018-06-02,0.07,37.12,44.45,30.2,35.87,3.87,Ahmedabad
2018-06-03,0.02,36.91,44.83,28.81,36.65,5.02,Ahmedabad
2018-06-04,0.01,36.65,44.28,29.23,41.49,4.51,Ahmedabad
2018-06-05,0.0,37.37,44.83,29.87,37.2,4.88,Ahmedabad
2018-06-06,0.0,37.64,44.74,30.52,37.44,5.1,Ahmedabad
2018-06-07,0.0,36.71,44.99,29.31,45.4,7.57,Ahmedabad
2018-06-08,0.0,36.26,43.87,29.75,47.19,7.21,Ahmedabad
2018-06-09,0.0,35.1,39.91,30.24,49.54,6.21,Ahmedabad
2018-06-10,0.0,35.97,42.31,30.04,47.53,6.18,Ahmedabad
2018-06-11,0.0,36.42,43.5,30.6,45.44,7.22,Ahmedabad
2018-06-12,0.0,35.81,43.57,29.96,46.75,7.86,Ahmedabad
2018-06-13,0.0,35.67,43.77,29.78,44.99,8.85,Ahmedabad
2018-06-14,0.0,34.85,42.11,29.53,44.71,8.59,Ahmedabad
2018-06-15,0.0,34.89,42.12,28.67,45.11,8.09,Ahmedabad
2018-06-16,0.01,34.82,41.68,28.85,45.97,7.27,Ahmedabad
2018-06-17,0.03,35.12,41.61,28.88,45.75,6.47,Ahmedabad
2018-06-18,0.0,35.63,41.88,29.4,45.06,5.46,Ahmedabad
2018-06-19,0.0,36.45,42.89,30.41,39.66,5.13,Ahmedabad
2018-06-20,0.0,35.81,43.34,28.39,40.2,4.3,Ahmedabad
2018-06-21,0.0,35.96,43.49,28.42,42.08,4.68,Ahmedabad
2018-06-22,0.29,35.54,42.22,29.08,44.26,4.96,Ahmedabad
2018-06-23,2.95,34.57,39.61,30.1,47.87,4.62,Ahmedabad
2018-06-24,1.73,34.61,39.93,29.54,49.82,3.64,Ahmedabad
2018-06-25,3.2,33.73,38.29,29.53,50.44,5.48,Ahmedabad
2018-06-26,4.63,32.75,38.22,27.89,56.43,5.87,Ahmedabad
2018-06-27,0.16,33.61,39.31,28.69,52.1,5.8,Ahmedabad
2018-06-28,1.26,33.56,38.33,29.66,50.73,5.04,Ahmedabad
2018-06-29,7.08,32.42,37.93,28.7,56.06,6.08,Ahmedabad
2018-06-30,1.18,32.1,37.69,27.39,58.02,5.6,Ahmedabad
2018-07-01,0.74,32.59,38.85,27.67,58.08,6.42,Ahmedabad
2018-07-02,7.54,31.82,36.8,28.03,64.52,6.18,Ahmedabad
2018-07-03,7.27,30.35,34.85,27.19,72.07,6.16,Ahmedabad
2018-07-04,4.44,30.8,34.53,26.94,66.55,6.36,Ahmedabad
2018-07-05,3.59,31.22,36.4,26.59,64.37,5.54,Ahmedabad
2018-07-06,0.76,31.97,37.52,26.82,60.4,4.89,Ahmedabad
2018-07-07,0.1,32.65,37.85,27.32,55.64,4.46,Ahmedabad
2018-07-08,0.2,32.89,37.91,27.96,54.61,4.77,Ahmedabad
2018-07-09,0.34,32.76,38.27,27.96,54.36,4.64,Ahmedabad
2018-07-10,9.71,30.86,34.97,28.13,65.89,3.52,Ahmedabad
2018-07-11,24.69,29.5,33.34,27.18,75.69,4.12,Ahmedabad
2018-07-12,8.17,28.92,32.9,26.23,77.27,4.7,Ahmedabad
2018-07-13,6.1,29.36,33.46,26.21,76.01,3.12,Ahmedabad
2018-07-14,4.07,28.79,32.61,26.32,76.49,3.26,Ahmedabad
2018-07-15,32.59,28.91,32.99,26.33,81.52,3.1,Ahmedabad
2018-07-16,16.49,29.51,34.68,26.31,77.42,4.55,Ahmedabad
2018-07-17,6.53,29.69,35.14,25.87,77.71,3.63,Ahmedabad
2018-07-18,6.74,29.39,32.78,26.94,81.84,2.96,Ahmedabad
2018-07-19,13.93,29.14,33.45,25.86,80.96,4.54,Ahmedabad
2018-07-20,30.89,28.17,30.94,26.0,85.26,4.15,Ahmedabad
2018-07-21,23.09,28.12,31.23,25.73,83.18,4.57,Ahmedabad
2018-07-22,1.38,28.9,33.94,25.19,78.27,4.68,Ahmedabad
2018-07-23,2.31,28.94,33.94,25.35,77.05,5.08,Ahmedabad
2018-07-24,6.0,28.3,32.31,25.42,80.45,4.39,Ahmedabad
2018-07-25,6.62,28.51,33.12,25.13,79.55,4.96,Ahmedabad
2018-07-26,0.38,28.08,32.01,24.89,79.53,6.0,Ahmedabad
2018-07-27,0.11,28.68,33.95,24.98,77.41,5.94,Ahmedabad
2018-07-28,0.0,28.99,34.27,25.09,76.56,5.38,Ahmedabad
2018-07-29,0.02,28.99,34.2,24.76,76.66,5.41,Ahmedabad
2018-07-30,0.01,29.34,34.6,25.22,74.0,4.64,Ahmedabad
2018-07-31,0.0,29.24,34.46,24.64,73.0,4.95,Ahmedabad
2018-08-01,0.0,29.77,35.6,25.19,71.32,5.8,Ahmedabad
2018-08-02,0.02,29.31,34.61,25.14,73.51,5.61,Ahmedabad
2018-08-03,0.1,28.28,32.85,24.82,77.44,5.39,Ahmedabad
2018-08-04,0.06,29.44,35.24,24.85,71.17,5.17,Ahmedabad
2018-08-05,0.01,29.52,35.37,24.74,70.2,5.77,Ahmedabad
2018-08-06,0.0,29.38,34.53,25.15,70.54,6.01,Ahmedabad
2018-08-07,0.0,29.57,35.42,24.79,69.4,5.3,Ahmedabad
2018-08-08,2.0,28.51,33.18,25.23,75.23,3.59,Ahmedabad
2018-08-09,2.64,29.46,34.22,25.42,72.09,3.6,Ahmedabad
2018-08-10,1.32,29.58,33.69,25.32,69.67,4.59,Ahmedabad
2018-08-11,0.4,29.7,34.94,24.94,69.93,5.8,Ahmedabad
2018-08-12,0.05,29.02,33.44,25.2,73.06,5.78,Ahmedabad
2018-08-13,0.02,29.65,35.08,25.19,72.22,5.51,Ahmedabad
2018-08-14,0.02,30.47,36.68,25.5,68.35,4.49,Ahmedabad
2018-08-15,0.01,30.54,35.8,26.04,65.7,3.25,Ahmedabad
2018-08-16,17.38,29.84,34.66,25.77,68.67,3.36,Ahmedabad
2018-08-17,51.4,26.97,30.31,24.93,87.52,5.45,Ahmedabad
2018-08-18,16.44,26.92,30.1,24.89,86.75,4.42,Ahmedabad
2018-08-19,6.68,28.2,32.88,24.52,80.9,3.65,Ahmedabad
2018-08-20,6.08,27.57,31.67,24.23,82.72,3.66,Ahmedabad
2018-08-21,29.17,26.55,29.74,24.56,87.46,4.37,Ahmedabad
2018-08-22,18.59,26.84,30.01,24.46,86.72,3.71,Ahmedabad
2018-08-23,0.97,27.53,32.09,24.16,83.46,4.74,Ahmedabad
2018-08-24,5.29,27.39,31.86,24.08,82.92,4.92,Ahmedabad
2018-08-25,9.03,27.09,31.77,23.9,84.0,4.82,Ahmedabad
2018-08-26,3.36,26.34,30.57,23.54,85.16,3.81,Ahmedabad
2018-08-27,0.71,26.75,31.07,22.71,82.75,2.35,Ahmedabad
2018-08-28,0.5,26.23,29.57,23.78,83.63,2.67,Ahmedabad
2018-08-29,5.76,25.12,27.15,23.46,88.25,2.98,Ahmedabad
2018-08-30,4.5,27.09,31.34,23.6,82.87,3.81,Ahmedabad
2018-08-31,4.04,26.36,30.24,23.47,86.0,3.69,Ahmedabad
2018-09-01,0.85,26.87,31.05,23.56,84.21,3.55,Ahmedabad
2018-09-02,0.63,27.19,31.68,23.83,82.06,3.65,Ahmedabad
2018-09-03,3.58,26.87,31.45,23.35,81.67,3.27,Ahmedabad
2018-09-04,0.31,26.81,32.23,22.18,78.24,3.86,Ahmedabad
2018-09-05,0.01,26.53,32.24,21.54,77.08,3.94,Ahmedabad
2018-09-06,0.0,26.3,31.88,21.13,76.46,3.74,Ahmedabad
2018-09-07,0.02,26.49,31.81,20.95,75.2,2.96,Ahmedabad
2018-09-08,0.86,26.25,30.27,23.06,78.98,3.12,Ahmedabad
2018-09-09,0.5,25.72,28.37,23.43,83.58,3.27,Ahmedabad
2018-09-10,0.04,26.83,31.39,22.66,78.93,3.7,Ahmedabad
2018-09-11,0.01,27.66,33.1,22.96,75.89,3.58,Ahmedabad
2018-09-12,0.03,27.46,32.44,22.93,76.49,3.92,Ahmedabad
2018-09-13,0.0,27.24,32.85,22.27,76.82,3.81,Ahmedabad
2018-09-14,0.0,27.7,33.12,22.59,76.36,3.45,Ahmedabad
2018-09-15,0.0,27.81,33.01,23.45,73.24,2.66,Ahmedabad
2018-09-16,0.04,27.9,33.23,23.12,71.54,1.82,Ahmedabad
2018-09-17,0.33,28.33,33.81,22.9,67.22,1.86,Ahmedabad
2018-09-18,0.02,28.59,35.19,22.73,66.05,2.09,Ahmedabad
2018-09-19,0.0,28.87,35.02,23.16,65.27,2.11,Ahmedabad
2018-09-20,0.0,29.68,36.73,22.73,59.61,2.21,Ahmedabad
2018-09-21,0.0,30.36,38.87,23.16,51.1,3.68,Ahmedabad
2018-09-22,24.22,28.18,33.95,23.98,68.64,2.25,Ahmedabad
2018-09-23,8.76,27.82,33.33,23.62,78.39,3.26,Ahmedabad
2018-09-24,2.84,28.11,34.68,23.16,76.22,3.77,Ahmedabad
2018-09-25,0.0,28.13,34.65,22.68,72.74,2.52,Ahmedabad
2018-09-26,0.0,28.24,35.36,21.75,65.25,1.94,Ahmedabad
2018-09-27,0.0,28.2,35.1,21.28,58.42,1.43,Ahmedabad
2018-09-28,0.0,28.48,36.32,21.51,51.56,1.41,Ahmedabad
2018-09-29,0.0,28.53,36.24,22.3,48.9,1.32,Ahmedabad
2018-09-30,0.0,28.82,36.75,22.15,49.93,1.65,Ahmedabad
2018-10-01,0.0,28.98,37.16,22.84,50.73,1.7,Ahmedabad
2018-10-02,0.0,29.42,36.74,21.95,57.13,2.05,Ahmedabad
2018-10-03,0.0,30.68,37.6,24.45,56.11,1.37,Ahmedabad
2018-10-04,0.01,30.59,36.81,24.63,57.77,1.34,Ahmedabad
2018-10-05,0.0,30.08,37.63,23.84,53.51,2.53,Ahmedabad
2018-10-06,0.0,29.71,37.91,22.54,48.86,2.33,Ahmedabad
2018-10-07,0.0,29.54,38.3,22.12,45.64,2.7,Ahmedabad
2018-10-08,0.0,29.75,38.33,22.03,48.58,2.08,Ahmedabad
2018-10-09,0.0,29.92,37.87,24.09,46.28,1.65,Ahmedabad
2018-10-10,0.0,30.32,37.68,23.07,41.32,1.13,Ahmedabad
2018-10-11,0.0,31.23,37.98,24.36,37.7,1.1,Ahmedabad
2018-10-12,0.0,30.76,37.66,23.29,39.61,1.22,Ahmedabad
2018-10-13,0.0,29.41,37.29,23.18,47.94,1.93,Ahmedabad
2018-10-14,0.0,29.43,37.59,21.97,46.94,1.93,Ahmedabad
2018-10-15,0.0,29.41,37.39,22.81,44.52,1.74,Ahmedabad
2018-10-16,0.0,29.5,37.36,23.07,39.53,1.46,Ahmedabad
2018-10-17,0.0,29.12,36.96,22.77,44.42,1.82,Ahmedabad
2018-10-18,0.0,28.85,37.09,21.54,47.28,1.89,Ahmedabad
2018-10-19,0.0,29.65,37.78,21.95,47.43,1.42,Ahmedabad
2018-10-20,0.0,30.13,37.52,23.96,39.85,1.02,Ahmedabad
2018-10-21,0.0,27.94,37.2,20.25,31.68,2.68,Ahmedabad
2018-10-22,0.0,27.39,36.6,17.59,28.65,2.0,Ahmedabad
2018-10-23,0.0,28.63,37.13,20.21,26.99,1.49,Ahmedabad
2018-10-24,0.0,28.57,36.82,20.27,36.45,1.3,Ahmedabad
2018-10-25,0.0,29.93,37.31,22.74,32.47,1.04,Ahmedabad
2018-10-26,0.03,29.23,37.53,21.56,37.97,1.89,Ahmedabad
2018-10-27,0.0,29.37,38.14,21.32,32.72,2.31,Ahmedabad
2018-10-28,0.0,28.35,37.56,20.75,33.01,2.58,Ahmedabad
2018-10-29,0.0,26.9,36.75,18.92,36.68,3.21,Ahmedabad
2018-10-30,0.0,25.77,35.42,17.7,36.96,3.32,Ahmedabad
2018-10-31,0.0,26.32,35.95,18.81,37.98,4.0,Ahmedabad
2018-11-01,0.0,27.54,36.34,19.19,41.41,3.11,Ahmedabad
2018-11-02,0.0,28.6,36.28,20.66,40.97,2.02,Ahmedabad
2018-11-03,0.0,28.86,36.5,21.47,41.61,1.76,Ahmedabad
2018-11-04,0.0,28.43,36.55,21.52,38.8,2.3,Ahmedabad
2018-11-05,0.0,26.82,35.76,19.33,31.33,2.79,Ahmedabad
2018-11-06,0.0,25.28,35.13,18.09,26.59,3.12,Ahmedabad
2018-11-07,0.0,24.01,34.32,14.59,27.17,2.72,Ahmedabad
2018-11-08,0.0,24.5,34.57,14.25,26.36,2.4,Ahmedabad
2018-11-09,0.0,24.33,34.64,14.94,29.08,2.27,Ahmedabad
2018-11-10,0.0,25.48,35.28,16.37,25.56,2.32,Ahmedabad
2018-11-11,0.0,25.9,35.52,16.33,25.77,2.13,Ahmedabad
2018-11-12,0.0,26.4,35.24,16.41,25.05,1.63,Ahmedabad
2018-11-13,0.0,27.06,35.04,18.96,25.41,1.2,Ahmedabad
2018-11-14,0.0,26.66,34.62,18.98,32.59,1.41,Ahmedabad
2018-11-15,0.0,26.11,34.91,18.27,33.32,2.71,Ahmedabad
2018-11-16,0.0,24.85,34.2,17.29,26.17,3.17,Ahmedabad
2018-11-17,0.0,25.43,34.8,16.46,22.83,1.99,Ahmedabad
2018-11-18,0.0,26.19,35.21,16.59,23.42,1.5,Ahmedabad
2018-11-19,0.0,26.11,36.12,16.71,24.93,2.06,Ahmedabad
2018-11-20,0.0,26.35,35.68,17.7,26.3,2.24,Ahmedabad
2018-11-21,0.0,25.86,35.5,17.35,28.3,2.37,Ahmedabad
2018-11-22,0.0,26.47,34.89,19.49,33.94,2.53,Ahmedabad
2018-11-23,0.0,26.48,35.82,19.74,27.77,3.49,Ahmedabad
2018-11-24,0.0,24.75,34.47,16.62,23.65,2.93,Ahmedabad
2018-11-25,0.0,24.5,33.35,16.53,26.11,2.52,Ahmedabad
2018-11-26,0.0,24.12,32.28,17.13,25.5,2.56,Ahmedabad
2018-11-27,0.0,23.51,32.08,16.43,26.27,2.87,Ahmedabad
2018-11-28,0.0,23.73,32.84,15.89,28.13,2.89,Ahmedabad
2018-11-29,0.0,23.38,33.06,15.6,32.47,3.7,Ahmedabad
2018-11-30,0.0,23.01,32.36,15.36,32.62,3.36,Ahmedabad
2018-12-01,0.0,22.69,31.7,15.49,36.33,3.21,Ahmedabad
2018-12-02,0.0,23.19,31.8,15.78,32.47,2.53,Ahmedabad
2018-12-03,0.0,23.0,31.59,17.24,31.06,2.96,Ahmedabad
2018-12-04,0.0,23.47,31.37,16.53,37.65,2.81,Ahmedabad
2018-12-05,0.0,23.43,32.16,17.21,34.85,2.74,Ahmedabad
2018-12-06,0.0,22.61,31.69,15.66,28.38,2.45,Ahmedabad
2018-12-07,0.0,21.94,31.39,14.3,28.52,2.74,Ahmedabad
2018-12-08,0.0,21.21,31.01,13.32,28.59,2.86,Ahmedabad
2018-12-09,0.0,21.04,31.21,12.86,28.0,2.7,Ahmedabad
2018-12-10,0.0,22.02,30.48,13.6,31.36,1.96,Ahmedabad
2018-12-11,0.0,23.99,30.49,18.07,40.33,1.54,Ahmedabad
2018-12-12,0.0,23.18,30.69,17.52,37.97,3.01,Ahmedabad
2018-12-13,0.0,18.89,27.74,12.1,28.17,3.85,Ahmedabad
2018-12-14,0.0,17.74,27.03,10.23,26.02,4.64,Ahmedabad
2018-12-15,0.0,18.77,28.55,11.19,30.92,5.14,Ahmedabad
2018-12-16,0.0,18.62,28.34,11.37,25.58,5.2,Ahmedabad
2018-12-17,0.0,18.84,29.23,10.84,25.9,4.38,Ahmedabad
2018-12-18,0.0,18.48,28.76,10.59,24.62,3.87,Ahmedabad
2018-12-19,0.0,18.75,29.64,9.75,22.31,3.12,Ahmedabad
2018-12-20,0.0,19.05,30.06,10.19,18.54,3.09,Ahmedabad
2018-12-21,0.0,19.95,30.82,10.69,19.57,2.64,Ahmedabad
2018-12-22,0.0,20.25,31.16,11.13,18.39,2.4,Ahmedabad
2018-12-23,0.0,20.26,31.52,11.58,20.01,2.96,Ahmedabad
2018-12-24,0.0,19.98,30.42,11.7,18.58,3.25,Ahmedabad
2018-12-25,0.0,18.6,29.28,10.91,17.48,2.97,Ahmedabad
2018-12-26,0.0,16.9,27.61,8.7,25.36,3.42,Ahmedabad
2018-12-27,0.0,17.05,27.69,8.52,17.25,3.25,Ahmedabad
2018-12-28,0.0,16.13,27.14,7.74,15.67,3.72,Ahmedabad
2018-12-29,0.0,16.52,27.94,7.8,11.7,3.89,Ahmedabad
2018-12-30,0.0,17.94,29.34,9.24,12.62,3.9,Ahmedabad
2018-12-31,0.0,19.37,30.18,10.44,12.49,3.03,Ahmedabad
2019-01-01,0.0,20.11,31.21,10.91,12.37,2.6,Ahmedabad
2019-01-02,0.0,20.46,31.36,11.56,13.13,2.87,Ahmedabad
2019-01-03,0.0,19.71,30.61,10.84,18.3,3.04,Ahmedabad
2019-01-04,0.0,20.8,30.78,10.77,15.37,2.25,Ahmedabad
2019-01-05,0.0,21.92,31.24,14.79,19.51,2.15,Ahmedabad
2019-01-06,0.0,19.64,29.31,13.58,27.77,4.28,Ahmedabad
2019-01-07,0.0,16.77,27.47,8.7,25.07,4.05,Ahmedabad
2019-01-08,0.0,17.04,27.92,8.65,26.38,3.15,Ahmedabad
2019-01-09,0.0,18.32,28.58,9.62,20.56,3.01,Ahmedabad
2019-01-10,0.0,18.81,29.28,9.87,25.69,3.04,Ahmedabad
2019-01-11,0.0,20.0,29.72,11.62,22.37,2.73,Ahmedabad
2019-01-12,0.0,20.17,29.8,11.93,29.15,2.79,Ahmedabad
2019-01-13,0.0,20.18,29.37,12.95,32.0,3.35,Ahmedabad
2019-01-14,0.0,19.41,29.29,12.02,30.76,4.62,Ahmedabad
2019-01-15,0.0,19.3,29.64,12.03,25.87,3.67,Ahmedabad
2019-01-16,0.0,20.91,31.92,11.42,18.31,2.42,Ahmedabad
2019-01-17,0.0,21.3,31.75,12.35,16.64,2.83,Ahmedabad
2019-01-18,0.0,21.47,32.96,12.18,17.89,3.79,Ahmedabad
2019-01-19,0.0,22.65,33.39,12.33,15.31,2.75,Ahmedabad
2019-01-20,0.0,22.55,33.79,13.35,20.93,3.41,Ahmedabad
2019-01-21,0.0,20.76,30.09,13.02,39.75,3.9,Ahmedabad
2019-01-22,0.07,19.86,27.36,13.37,49.48,2.09,Ahmedabad
2019-01-23,0.0,19.31,28.09,12.02,30.87,2.23,Ahmedabad
2019-01-24,0.0,18.05,27.42,9.66,28.71,3.25,Ahmedabad
2019-01-25,0.02,17.47,26.34,9.89,30.54,4.25,Ahmedabad
2019-01-26,0.0,16.18,25.35,9.26,24.81,4.82,Ahmedabad
2019-01-27,0.0,15.93,25.92,8.22,23.29,4.38,Ahmedabad
2019-01-28,0.0,15.5,25.58,7.32,20.67,4.05,Ahmedabad
2019-01-29,0.0,16.51,27.34,7.74,19.58,4.13,Ahmedabad
2019-01-30,0.0,19.0,29.16,8.34,14.11,2.42,Ahmedabad
2019-01-31,0.0,19.87,28.47,11.86,16.89,2.28,Ahmedabad
2019-02-01,0.0,19.78,29.15,12.28,31.66,3.7,Ahmedabad
2019-02-02,0.0,19.34,29.44,10.63,25.44,3.95,Ahmedabad
2019-02-03,0.0,20.84,30.99,11.45,27.18,3.36,Ahmedabad
2019-02-04,0.0,25.11,34.06,17.06,30.74,3.28,Ahmedabad
2019-02-05,0.0,25.77,33.51,19.73,31.37,2.32,Ahmedabad
2019-02-06,0.0,22.46,31.3,14.9,26.66,3.69,Ahmedabad
2019-02-07,0.0,18.37,25.89,12.63,32.04,5.28,Ahmedabad
2019-02-08,0.0,15.56,24.74,7.39,30.1,3.31,Ahmedabad
2019-02-09,0.0,16.11,26.3,7.26,15.35,3.5,Ahmedabad
2019-02-10,0.0,17.58,29.01,7.66,15.94,3.68,Ahmedabad
2019-02-11,0.0,19.75,31.22,9.53,12.23,3.05,Ahmedabad
2019-02-12,0.0,22.33,33.87,11.23,15.07,3.28,Ahmedabad
2019-02-13,0.0,25.14,34.91,16.0,24.01,3.31,Ahmedabad
2019-02-14,0.0,23.2,32.13,15.78,41.19,3.8,Ahmedabad
2019-02-15,0.0,22.33,31.59,14.35,26.38,3.03,Ahmedabad
2019-02-16,0.0,21.2,30.68,13.31,20.5,3.69,Ahmedabad
2019-02-17,0.0,22.1,32.45,11.6,16.81,2.42,Ahmedabad
2019-02-18,0.0,23.46,34.11,13.55,29.42,3.46,Ahmedabad
2019-02-19,0.0,25.05,34.42,16.94,48.1,2.75,Ahmedabad
2019-02-20,0.0,26.65,36.67,17.6,32.76,3.35,Ahmedabad
2019-02-21,0.0,25.42,34.04,17.19,49.2,3.45,Ahmedabad
2019-02-22,0.0,24.86,33.19,17.85,42.79,3.64,Ahmedabad
2019-02-23,0.0,24.19,33.9,15.03,15.3,3.34,Ahmedabad
2019-02-24,0.0,24.9,34.59,18.11,16.23,3.72,Ahmedabad
2019-02-25,0.0,24.37,33.71,15.47,26.62,3.23,Ahmedabad
2019-02-26,0.07,24.18,31.13,17.46,52.06,4.83,Ahmedabad
2019-02-27,0.01,22.57,30.82,15.89,42.68,3.82,Ahmedabad
2019-02-28,0.0,21.83,30.52,13.16,18.99,2.82,Ahmedabad
2019-03-01,0.0,22.75,32.84,13.6,16.14,3.54,Ahmedabad
2019-03-02,0.0,26.15,37.01,16.21,17.33,4.84,Ahmedabad
2019-03-03,0.0,25.94,33.35,18.48,50.79,2.88,Ahmedabad
2019-03-04,0.0,24.19,31.87,17.96,29.03,4.13,Ahmedabad
2019-03-05,0.0,23.49,32.47,15.55,30.22,2.87,Ahmedabad
2019-03-06,0.0,24.14,32.51,15.89,25.43,2.71,Ahmedabad
2019-03-07,0.0,25.46,34.01,16.37,31.12,2.18,Ahmedabad
2019-03-08,0.0,25.77,33.94,18.61,27.56,2.91,Ahmedabad
2019-03-09,0.0,25.28,34.13,17.29,25.15,3.78,Ahmedabad
2019-03-10,0.0,26.22,35.23,17.88,24.52,3.31,Ahmedabad
2019-03-11,0.0,24.16,32.67,17.43,40.24,3.73,Ahmedabad
2019-03-12,0.0,24.9,34.79,16.14,22.66,2.95,Ahmedabad
2019-03-13,0.0,24.03,32.48,15.98,28.91,3.47,Ahmedabad
2019-03-14,0.0,23.77,32.85,15.99,31.45,4.33,Ahmedabad
2019-03-15,0.0,24.74,34.84,15.96,21.26,3.68,Ahmedabad
2019-03-16,0.0,25.36,35.86,16.64,18.92,3.95,Ahmedabad
2019-03-17,0.0,25.92,36.69,16.24,15.17,3.74,Ahmedabad
2019-03-18,0.0,26.62,36.82,16.97,16.03,3.14,Ahmedabad
2019-03-19,0.0,28.17,38.22,18.76,17.51,3.23,Ahmedabad
2019-03-20,0.0,27.04,36.34,19.42,33.19,3.95,Ahmedabad
2019-03-21,0.0,26.8,36.47,17.09,36.68,2.36,Ahmedabad
2019-03-22,0.0,28.76,38.48,19.17,21.05,2.56,Ahmedabad
2019-03-23,0.0,29.25,39.43,19.85,18.63,2.87,Ahmedabad
2019-03-24,0.0,30.76,39.8,21.47,19.8,2.88,Ahmedabad
2019-03-25,0.0,30.62,39.59,22.88,24.14,4.15,Ahmedabad
2019-03-26,0.0,30.92,40.61,21.95,21.52,3.61,Ahmedabad
2019-03-27,0.0,31.67,41.55,21.52,12.07,2.83,Ahmedabad
2019-03-28,0.0,32.84,43.08,22.36,13.58,2.0,Ahmedabad
2019-03-29,0.0,32.77,43.52,22.49,19.59,2.58,Ahmedabad
2019-03-30,0.0,32.7,42.76,23.72,25.38,3.68,Ahmedabad
2019-03-31,0.0,31.75,42.02,22.42,22.74,3.51,Ahmedabad
2019-04-01,0.0,32.33,42.51,22.59,19.11,1.84,Ahmedabad
2019-04-02,0.0,33.12,42.82,23.23,17.08,1.82,Ahmedabad
2019-04-03,0.0,32.89,42.74,22.67,19.72,2.34,Ahmedabad
2019-04-04,0.0,33.68,44.47,23.11,21.72,2.4,Ahmedabad
2019-04-05,0.0,32.97,43.31,23.08,23.5,3.59,Ahmedabad
2019-04-06,0.0,32.83,43.0,22.28,28.18,3.27,Ahmedabad
2019-04-07,0.0,33.36,43.53,24.07,30.83,3.08,Ahmedabad
2019-04-08,0.0,32.9,43.19,22.78,27.9,3.42,Ahmedabad
2019-04-09,0.0,32.89,41.99,24.5,28.05,3.82,Ahmedabad
2019-04-10,0.0,32.84,42.6,23.86,33.64,3.09,Ahmedabad
2019-04-11,0.0,34.28,43.84,24.98,30.41,3.69,Ahmedabad
2019-04-12,0.0,34.69,43.97,25.75,23.51,3.16,Ahmedabad
2019-04-13,0.0,34.25,43.29,25.23,22.5,3.25,Ahmedabad
2019-04-14,0.0,35.24,43.5,26.9,20.84,3.33,Ahmedabad
2019-04-15,0.04,33.07,39.59,28.1,24.42,3.51,Ahmedabad
2019-04-16,3.26,31.02,38.19,24.95,30.96,4.49,Ahmedabad
2019-04-17,0.0,28.84,36.29,20.97,41.32,4.06,Ahmedabad
2019-04-18,0.0,30.17,38.17,22.4,38.09,3.46,Ahmedabad
2019-04-19,0.0,30.92,39.16,22.84,24.69,3.57,Ahmedabad
2019-04-20,0.0,31.91,40.67,22.75,21.4,2.59,Ahmedabad
2019-04-21,0.0,32.49,41.31,24.08,19.5,3.52,Ahmedabad
2019-04-22,0.0,32.72,42.4,22.51,28.44,2.38,Ahmedabad
2019-04-23,0.0,34.11,44.01,24.43,27.46,3.38,Ahmedabad
2019-04-24,0.0,34.53,44.17,25.29,27.54,4.14,Ahmedabad
2019-04-25,0.0,34.47,44.33,25.17,24.81,4.53,Ahmedabad
2019-04-26,0.0,35.81,45.56,26.45,27.35,4.23,Ahmedabad
2019-04-27,0.0,36.33,45.87,28.07,15.29,4.33,Ahmedabad
2019-04-28,0.0,35.47,45.8,25.46,12.3,4.23,Ahmedabad
2019-04-29,0.0,35.3,45.33,24.91,17.98,4.49,Ahmedabad
2019-04-30,0.0,34.41,45.13,24.17,24.53,5.15,Ahmedabad
2019-05-01,0.0,33.06,42.72,24.23,31.34,3.41,Ahmedabad
2019-05-02,0.0,33.06,42.58,23.49,30.45,3.18,Ahmedabad
2019-05-03,0.0,33.29,42.48,24.27,33.18,4.17,Ahmedabad
2019-05-04,0.0,33.29,42.3,25.0,36.52,4.53,Ahmedabad
2019-05-05,0.01,33.52,42.66,24.87,35.74,3.42,Ahmedabad
2019-05-06,0.0,34.07,43.36,24.5,31.42,3.1,Ahmedabad
2019-05-07,0.0,34.3,43.25,25.1,24.6,4.25,Ahmedabad
2019-05-08,0.0,32.9,41.58,23.82,33.49,3.99,Ahmedabad
2019-05-09,0.0,31.52,37.52,25.47,40.41,4.17,Ahmedabad
2019-05-10,0.0,32.5,40.29,24.22,41.51,4.81,Ahmedabad
2019-05-11,0.13,33.37,41.69,25.06,44.23,3.52,Ahmedabad
2019-05-12,0.18,34.3,43.09,25.87,41.86,3.68,Ahmedabad
2019-05-13,0.0,34.31,42.99,26.04,39.74,4.68,Ahmedabad
2019-05-14,0.0,33.9,43.32,24.81,41.13,4.47,Ahmedabad
2019-05-15,0.0,33.8,42.11,25.35,39.18,3.54,Ahmedabad
2019-05-16,0.0,33.61,41.03,26.48,41.5,4.85,Ahmedabad
2019-05-17,0.05,32.66,39.3,26.0,43.11,4.98,Ahmedabad
2019-05-18,0.02,33.34,40.43,25.7,34.88,5.02,Ahmedabad
2019-05-19,0.02,34.02,41.54,26.06,34.87,3.55,Ahmedabad
2019-05-20,0.0,34.76,42.35,27.94,36.72,4.3,Ahmedabad
2019-05-21,0.0,34.54,41.57,27.67,36.78,4.73,Ahmedabad
2019-05-22,0.0,34.89,43.11,26.16,39.48,5.09,Ahmedabad
2019-05-23,0.0,35.49,43.28,28.03,36.14,5.59,Ahmedabad
2019-05-24,0.0,34.94,43.23,26.33,36.79,5.26,Ahmedabad
2019-05-25,0.0,35.46,43.08,27.63,34.82,3.73,Ahmedabad
2019-05-26,0.0,36.11,43.65,27.49,33.11,2.97,Ahmedabad
2019-05-27,0.0,35.82,43.42,27.67,31.65,3.99,Ahmedabad
2019-05-28,0.0,36.09,45.15,27.73,36.05,5.0,Ahmedabad
2019-05-29,0.0,36.68,45.53,27.97,32.15,4.23,Ahmedabad
2019-05-30,0.0,36.36,45.48,26.99,35.5,4.31,Ahmedabad
2019-05-31,0.0,35.97,43.74,27.79,40.9,3.48,Ahmedabad
2019-06-01,0.0,36.56,43.44,29.92,36.81,4.3,Ahmedabad
2019-06-02,0.0,37.74,46.07,29.9,33.32,4.36,Ahmedabad
2019-06-03,0.0,37.81,46.95,28.86,30.43,4.33,Ahmedabad
2019-06-04,0.0,37.12,45.8,28.83,32.26,4.69,Ahmedabad
2019-06-05,0.0,36.62,45.2,28.19,36.87,5.02,Ahmedabad
2019-06-06,0.0,36.26,43.38,28.71,39.04,4.07,Ahmedabad
2019-06-07,0.0,37.0,45.67,29.54,37.31,3.86,Ahmedabad
2019-06-08,0.0,37.9,46.28,29.77,31.53,3.37,Ahmedabad
2019-06-09,0.0,38.46,46.68,29.56,30.12,3.87,Ahmedabad
2019-06-10,0.0,37.42,45.09,29.45,33.23,4.43,Ahmedabad
2019-06-11,0.08,37.75,45.1,31.48,31.97,4.02,Ahmedabad
2019-06-12,3.06,33.99,37.67,29.95,49.46,3.84,Ahmedabad
2019-06-13,15.97,31.1,35.66,28.64,65.51,6.36,Ahmedabad
2019-06-14,5.21,31.14,36.16,27.34,63.98,7.25,Ahmedabad
2019-06-15,0.65,31.88,37.32,27.85,61.64,7.0,Ahmedabad
2019-06-16,3.53,32.8,38.6,28.26,61.23,6.89,Ahmedabad
2019-06-17,1.06,32.62,38.77,27.55,59.61,7.57,Ahmedabad
2019-06-18,18.25,29.98,33.77,27.3,73.57,9.21,Ahmedabad
2019-06-19,0.56,32.31,38.73,26.27,59.86,4.6,Ahmedabad
2019-06-20,0.0,32.83,38.73,27.11,53.89,4.11,Ahmedabad
2019-06-21,0.0,33.0,38.51,27.4,54.77,3.55,Ahmedabad
2019-06-22,2.84,34.24,40.07,28.65,53.5,3.37,Ahmedabad
2019-06-23,3.74,34.11,39.83,28.54,55.13,3.63,Ahmedabad
2019-06-24,12.64,32.88,37.41,28.79,63.14,2.31,Ahmedabad
2019-06-25,8.5,32.81,37.68,28.13,62.63,2.79,Ahmedabad
2019-06-26,0.76,33.34,38.07,28.66,58.09,4.14,Ahmedabad
2019-06-27,0.21,33.72,38.99,28.9,56.73,4.6,Ahmedabad
2019-06-28,5.52,32.86,38.28,28.65,59.6,5.02,Ahmedabad
2019-06-29,1.66,32.81,37.9,28.14,60.32,5.05,Ahmedabad
2019-06-30,4.88,32.25,37.22,27.92,62.89,4.8,Ahmedabad
2019-07-01,1.07,31.94,36.81,27.47,62.8,4.02,Ahmedabad
2019-07-02,0.18,32.74,38.62,27.65,59.64,4.18,Ahmedabad
2019-07-03,5.54,30.18,32.53,28.05,70.71,4.66,Ahmedabad
2019-07-04,5.31,30.01,33.22,26.9,73.85,4.1,Ahmedabad
2019-07-05,4.84,30.18,33.95,27.29,71.07,4.93,Ahmedabad
2019-07-06,20.49,28.76,31.77,26.84,82.19,5.18,Ahmedabad
2019-07-07,10.34,30.87,37.17,26.13,73.2,5.56,Ahmedabad
2019-07-08,0.1,31.59,37.44,26.83,67.89,5.84,Ahmedabad
2019-07-09,0.01,31.43,37.66,26.77,69.43,5.89,Ahmedabad
2019-07-10,0.01,32.42,39.1,26.91,62.26,5.93,Ahmedabad
2019-07-11,0.0,31.94,37.52,27.04,62.89,6.48,Ahmedabad
2019-07-12,0.0,32.13,38.73,26.57,62.7,6.92,Ahmedabad
2019-07-13,0.0,32.21,38.22,26.78,62.36,6.56,Ahmedabad
2019-07-14,0.0,32.74,39.62,27.09,57.63,7.47,Ahmedabad
2019-07-15,0.0,32.45,38.69,27.07,58.61,7.58,Ahmedabad
2019-07-16,0.0,32.84,39.33,27.35,57.04,6.9,Ahmedabad
2019-07-17,0.0,32.79,39.33,26.99,57.29,5.14,Ahmedabad
2019-07-18,0.01,32.29,38.06,27.48,57.71,4.73,Ahmedabad
2019-07-19,0.03,33.19,38.79,28.51,55.81,2.91,Ahmedabad
2019-07-20,1.13,33.87,40.04,28.08,53.18,2.97,Ahmedabad
2019-07-21,7.08,32.95,37.48,28.97,59.27,2.64,Ahmedabad
2019-07-22,4.97,32.15,36.06,28.49,65.68,1.76,Ahmedabad
2019-07-23,3.38,32.62,37.28,28.21,66.92,2.77,Ahmedabad
2019-07-24,0.15,31.87,34.78,29.19,69.4,2.86,Ahmedabad
2019-07-25,2.61,30.86,34.55,28.12,68.36,6.75,Ahmedabad
2019-07-26,4.92,29.75,33.67,26.63,72.62,7.1,Ahmedabad
2019-07-27,4.88,30.22,35.14,26.54,70.78,7.62,Ahmedabad
2019-07-28,5.71,29.12,32.65,26.44,75.34,6.62,Ahmedabad
2019-07-29,13.25,28.45,32.02,26.27,80.31,7.67,Ahmedabad
2019-07-30,14.7,29.11,34.44,25.75,75.29,7.79,Ahmedabad
2019-07-31,54.78,28.9,34.41,25.12,78.51,6.7,Ahmedabad
2019-08-01,37.52,27.18,29.79,25.56,87.95,6.49,Ahmedabad
2019-08-02,12.63,28.68,33.49,25.01,83.35,5.02,Ahmedabad
2019-08-03,35.11,28.02,30.73,25.69,87.61,4.59,Ahmedabad
2019-08-04,24.92,27.74,31.16,25.89,87.68,5.55,Ahmedabad
2019-08-05,1.89,27.7,31.18,25.39,85.78,4.87,Ahmedabad
2019-08-06,0.08,28.98,33.88,25.16,81.49,4.38,Ahmedabad
2019-08-07,0.3,28.81,33.54,25.42,81.76,4.55,Ahmedabad
2019-08-08,19.08,27.82,30.98,25.54,86.51,4.13,Ahmedabad
2019-08-09,70.93,26.95,28.48,25.69,92.59,7.31,Ahmedabad
2019-08-10,68.13,26.87,29.48,25.11,90.68,9.86,Ahmedabad
2019-08-11,10.65,27.41,31.2,24.76,88.48,7.28,Ahmedabad
2019-08-12,0.41,27.74,31.49,24.1,85.17,3.3,Ahmedabad
2019-08-13,1.27,28.34,32.54,24.65,84.94,3.5,Ahmedabad
2019-08-14,5.15,28.07,31.58,25.12,86.61,3.67,Ahmedabad
2019-08-15,15.01,26.66,28.55,24.96,91.75,3.73,Ahmedabad
2019-08-16,10.44,27.53,31.2,24.84,87.68,5.05,Ahmedabad
2019-08-17,16.68,27.53,30.87,24.54,86.91,4.88,Ahmedabad
2019-08-18,1.97,27.96,31.84,24.38,85.03,3.51,Ahmedabad
2019-08-19,0.3,28.14,31.86,24.55,84.04,3.04,Ahmedabad
2019-08-20,0.25,28.26,32.13,25.02,84.23,3.02,Ahmedabad
2019-08-21,0.18,27.92,32.2,24.25,83.42,3.86,Ahmedabad
2019-08-22,0.02,27.53,31.4,23.44,83.48,2.62,Ahmedabad
2019-08-23,0.44,27.62,31.54,23.92,82.53,2.87,Ahmedabad
2019-08-24,0.03,28.07,32.38,23.39,80.71,2.67,Ahmedabad
2019-08-25,0.18,27.99,31.55,24.63,80.92,2.63,Ahmedabad
2019-08-26,23.01,26.18,28.33,24.48,90.21,3.59,Ahmedabad
2019-08-27,17.68,26.75,30.03,24.51,88.35,3.68,Ahmedabad
2019-08-28,14.76,27.07,30.81,24.9,89.21,3.97,Ahmedabad
2019-08-29,4.77,27.88,31.45,25.08,87.2,3.91,Ahmedabad
2019-08-30,1.94,28.07,31.51,25.28,86.65,2.59,Ahmedabad
2019-08-31,3.93,28.5,32.34,25.21,85.8,2.24,Ahmedabad
2019-09-01,8.69,28.37,31.96,26.13,88.22,2.36,Ahmedabad
2019-09-02,8.02,27.87,30.9,25.75,88.66,3.3,Ahmedabad
2019-09-03,2.89,28.04,31.21,25.49,87.3,3.12,Ahmedabad
2019-09-04,24.78,28.23,31.41,26.05,89.74,2.74,Ahmedabad
2019-09-05,22.76,27.81,30.61,25.88,91.69,2.62,Ahmedabad
2019-09-06,3.09,28.22,31.04,26.01,91.05,2.33,Ahmedabad
2019-09-07,4.96,28.22,31.69,25.86,90.02,2.64,Ahmedabad
2019-09-08,18.5,27.63,30.01,26.03,92.41,3.14,Ahmedabad
2019-09-09,23.02,27.52,29.81,25.66,94.38,1.93,Ahmedabad
2019-09-10,29.92,28.08,30.99,26.18,91.49,2.48,Ahmedabad
2019-09-11,2.6,27.55,30.52,25.78,90.44,3.2,Ahmedabad
2019-09-12,1.45,27.56,30.6,25.12,89.5,3.63,Ahmedabad
2019-09-13,2.73,27.01,29.14,25.05,91.42,3.95,Ahmedabad
2019-09-14,0.16,27.35,30.12,25.29,91.06,4.0,Ahmedabad
2019-09-15,0.03,27.25,30.48,25.26,90.14,3.55,Ahmedabad
2019-09-16,0.03,27.46,31.08,24.57,87.47,3.45,Ahmedabad
2019-09-17,0.01,28.1,31.82,24.3,85.23,2.74,Ahmedabad
2019-09-18,3.89,28.65,32.43,25.14,87.4,2.93,Ahmedabad
2019-09-19,0.47,27.95,31.54,25.11,86.43,2.91,Ahmedabad
2019-09-20,4.75,27.4,30.63,24.23,86.73,2.46,Ahmedabad
2019-09-21,4.04,27.2,29.53,25.25,88.23,2.07,Ahmedabad
2019-09-22,1.3,27.98,31.67,24.5,84.97,1.23,Ahmedabad
2019-09-23,4.34,27.93,31.55,24.56,86.05,1.95,Ahmedabad
2019-09-24,1.07,28.26,31.49,24.89,82.96,1.84,Ahmedabad
2019-09-25,14.12,27.8,31.39,24.43,86.08,2.33,Ahmedabad
2019-09-26,29.34,27.25,30.59,24.74,89.68,2.88,Ahmedabad
2019-09-27,20.11,26.2,28.09,24.78,92.46,2.22,Ahmedabad
2019-09-28,8.4,26.67,29.53,24.55,91.69,3.58,Ahmedabad
2019-09-29,22.63,26.39,28.78,24.77,90.09,3.32,Ahmedabad
2019-09-30,17.9,26.51,29.57,24.49,90.5,4.11,Ahmedabad
2019-10-01,4.26,26.73,30.16,24.46,90.34,5.09,Ahmedabad
2019-10-02,0.27,27.06,30.96,23.66,87.17,2.9,Ahmedabad
2019-10-03,0.35,27.08,31.06,23.39,85.31,2.49,Ahmedabad
2019-10-04,0.45,26.71,30.69,22.9,85.09,1.92,Ahmedabad
2019-10-05,0.11,27.08,31.16,22.79,80.11,1.53,Ahmedabad
2019-10-06,0.94,27.19,31.47,23.22,78.01,1.17,Ahmedabad
2019-10-07,0.02,26.66,31.08,22.57,82.08,2.15,Ahmedabad
2019-10-08,0.01,26.83,31.92,22.13,81.46,2.19,Ahmedabad
2019-10-09,0.0,27.22,32.05,22.84,80.39,1.91,Ahmedabad
2019-10-10,0.0,26.43,31.87,22.25,79.64,2.53,Ahmedabad
2019-10-11,0.0,25.63,31.48,19.86,71.76,2.03,Ahmedabad
2019-10-12,0.01,25.07,31.26,19.27,72.75,2.51,Ahmedabad
2019-10-13,0.0,25.35,31.16,19.18,72.94,2.21,Ahmedabad
2019-10-14,0.0,26.59,31.92,20.47,70.2,1.59,Ahmedabad
2019-10-15,0.0,27.37,32.56,21.43,69.85,1.45,Ahmedabad
2019-10-16,0.0,26.24,31.76,21.13,77.92,2.33,Ahmedabad
2019-10-17,0.0,26.04,31.2,20.66,77.95,2.38,Ahmedabad
2019-10-18,0.0,26.34,31.4,21.62,79.07,2.12,Ahmedabad
2019-10-19,0.0,24.82,28.58,21.86,86.29,2.8,Ahmedabad
2019-10-20,0.0,25.33,29.51,21.55,86.54,2.48,Ahmedabad
2019-10-21,0.0,25.4,29.48,21.84,84.74,2.47,Ahmedabad
2019-10-22,0.85,24.92,29.22,21.61,86.43,2.96,Ahmedabad
2019-10-23,0.06,24.22,28.88,21.02,85.43,2.92,Ahmedabad
2019-10-24,0.0,23.52,29.48,18.92,82.51,3.49,Ahmedabad
2019-10-25,0.0,22.41,28.96,17.27,80.31,4.05,Ahmedabad
2019-10-26,0.08,22.57,28.86,17.02,82.64,4.6,Ahmedabad
2019-10-27,0.21,23.06,27.2,19.92,89.23,3.64,Ahmedabad
2019-10-28,0.16,25.0,29.26,21.3,88.16,3.22,Ahmedabad
2019-10-29,17.4,25.61,30.19,22.42,86.19,2.8,Ahmedabad
2019-10-30,1.1,26.16,31.0,21.63,81.7,2.26,Ahmedabad
2019-10-31,0.0,26.34,31.24,22.54,83.45,2.41,Ahmedabad
2019-11-01,0.14,25.5,30.38,21.82,84.14,3.2,Ahmedabad
2019-11-02,3.73,24.73,28.71,21.23,88.19,2.95,Ahmedabad
2019-11-03,0.26,25.32,29.32,21.36,82.25,1.22,Ahmedabad
2019-11-04,0.0,26.05,30.41,21.69,77.79,1.24,Ahmedabad
2019-11-05,0.0,25.68,30.77,21.63,79.04,1.66,Ahmedabad
2019-11-06,0.72,25.76,30.02,21.9,76.95,1.62,Ahmedabad
2019-11-07,1.32,25.19,29.09,22.05,81.29,1.67,Ahmedabad
2019-11-08,0.26,24.8,29.46,21.04,80.79,2.66,Ahmedabad
2019-11-09,0.0,24.55,29.38,20.25,83.3,2.72,Ahmedabad
2019-11-10,0.0,25.53,30.19,21.32,80.47,2.04,Ahmedabad
2019-11-11,0.41,25.41,30.23,20.66,76.2,2.04,Ahmedabad
2019-11-12,0.07,24.94,30.38,19.87,76.25,1.91,Ahmedabad
2019-11-13,0.0,23.9,28.68,20.04,84.34,2.65,Ahmedabad
2019-11-14,0.02,23.29,28.36,20.09,83.18,3.07,Ahmedabad
2019-11-15,0.02,22.57,28.36,17.67,79.88,2.95,Ahmedabad
2019-11-16,0.0,22.76,28.63,17.74,79.01,2.51,Ahmedabad
2019-11-17,0.0,22.32,29.01,16.95,78.12,3.15,Ahmedabad
2019-11-18,0.0,22.21,28.51,16.1,73.46,2.28,Ahmedabad
2019-11-19,0.0,21.67,26.66,17.67,74.02,1.76,Ahmedabad
2019-11-20,0.0,21.38,26.96,15.58,74.96,1.93,Ahmedabad
2019-11-21,0.0,22.22,28.68,16.98,80.99,2.87,Ahmedabad
2019-11-22,0.0,22.01,27.8,17.46,80.39,2.29,Ahmedabad
2019-11-23,0.0,20.95,26.02,17.7,85.22,2.61,Ahmedabad
2019-11-24,0.0,22.69,28.61,17.01,78.9,2.35,Ahmedabad
2019-11-25,0.0,22.44,28.25,17.62,79.31,2.55,Ahmedabad
2019-11-26,0.0,22.58,28.93,17.38,79.52,2.56,Ahmedabad
2019-11-27,0.0,22.83,29.03,17.81,78.35,2.09,Ahmedabad
2019-11-28,0.0,22.89,29.14,18.07,78.7,2.11,Ahmedabad
2019-11-29,0.0,22.36,28.85,17.99,78.48,2.36,Ahmedabad
2019-11-30,0.08,21.77,28.76,16.26,78.71,2.55,Ahmedabad
2019-12-01,0.02,21.87,29.27,16.18,74.66,2.26,Ahmedabad
2019-12-02,0.0,21.4,28.72,16.15,74.94,3.7,Ahmedabad
2019-12-03,0.0,20.97,27.77,15.6,77.42,4.94,Ahmedabad
2019-12-04,0.0,20.68,25.5,15.96,77.13,4.49,Ahmedabad
2019-12-05,0.0,22.39,27.45,18.53,74.9,4.06,Ahmedabad
2019-12-06,0.0,20.33,25.5,16.58,67.61,3.89,Ahmedabad
2019-12-07,0.0,18.82,26.16,13.81,68.53,3.84,Ahmedabad
2019-12-08,0.0,18.49,26.23,12.76,72.21,3.55,Ahmedabad
2019-12-09,0.0,19.23,26.71,14.2,74.45,3.12,Ahmedabad
2019-12-10,0.0,19.82,27.3,13.72,72.78,2.51,Ahmedabad
2019-12-11,0.0,20.02,27.41,13.69,62.47,1.96,Ahmedabad
2019-12-12,0.06,20.37,26.54,14.31,66.83,2.02,Ahmedabad
2019-12-13,0.02,19.88,26.1,15.21,76.52,2.81,Ahmedabad
2019-12-14,0.0,17.63,25.18,11.65,68.74,2.76,Ahmedabad
2019-12-15,0.0,16.46,24.62,10.8,66.9,3.95,Ahmedabad
2019-12-16,0.0,15.36,23.77,9.26,64.55,4.2,Ahmedabad
2019-12-17,0.0,15.28,23.75,9.22,65.01,4.38,Ahmedabad
2019-12-18,0.0,16.57,24.92,10.06,70.74,3.32,Ahmedabad
2019-12-19,0.0,18.9,26.87,11.59,68.4,2.43,Ahmedabad
2019-12-20,0.0,19.59,26.94,13.52,69.17,2.1,Ahmedabad
2019-12-21,0.0,20.14,27.85,13.65,65.49,2.32,Ahmedabad
2019-12-22,0.0,19.79,26.95,14.39,73.33,3.65,Ahmedabad
2019-12-23,0.0,20.14,26.38,14.86,73.7,4.22,Ahmedabad
2019-12-24,0.0,21.35,27.88,16.59,75.47,2.76,Ahmedabad
2019-12-25,0.0,19.38,26.43,14.08,73.17,2.52,Ahmedabad
2019-12-26,0.0,17.1,25.47,11.71,64.95,3.87,Ahmedabad
2019-12-27,0.0,14.57,24.21,7.79,52.69,4.77,Ahmedabad
2019-12-28,0.0,13.88,23.77,6.38,54.01,4.89,Ahmedabad
2019-12-29,0.0,14.43,23.88,6.51,58.56,3.7,Ahmedabad
2019-12-30,0.0,15.68,25.13,8.52,59.77,3.21,Ahmedabad
2019-12-31,0.0,16.52,24.99,9.93,65.65,2.9,Ahmedabad
2020-01-01,0.0,17.23,24.37,10.33,70.72,3.43,Ahmedabad
2020-01-02,0.0,18.01,24.59,13.17,72.54,3.3,Ahmedabad
2020-01-03,0.0,17.06,24.43,10.28,68.84,2.51,Ahmedabad
2020-01-04,0.0,16.87,25.14,10.6,65.4,3.44,Ahmedabad
2020-01-05,0.0,16.67,25.41,10.08,61.15,3.84,Ahmedabad
2020-01-06,0.0,18.26,27.43,10.3,61.69,3.31,Ahmedabad
2020-01-07,0.0,19.76,28.17,12.22,65.03,2.74,Ahmedabad
2020-01-08,0.0,18.15,25.8,12.72,56.24,3.9,Ahmedabad
2020-01-09,0.0,14.55,23.56,7.44,48.22,4.23,Ahmedabad
2020-01-10,0.0,14.2,23.86,6.65,51.18,4.65,Ahmedabad
2020-01-11,0.0,16.54,26.48,7.92,59.55,3.76,Ahmedabad
2020-01-12,0.0,19.94,28.69,12.72,64.56,3.3,Ahmedabad
2020-01-13,0.0,19.58,25.49,14.71,73.01,3.66,Ahmedabad
2020-01-14,0.0,16.92,24.4,11.63,53.99,3.09,Ahmedabad
2020-01-15,0.0,15.45,24.36,8.29,49.72,3.18,Ahmedabad
2020-01-16,0.0,13.96,22.5,6.66,57.38,3.6,Ahmedabad
2020-01-17,0.0,15.14,23.6,7.84,63.9,2.33,Ahmedabad
2020-01-18,0.0,15.53,24.92,7.79,51.82,2.81,Ahmedabad
2020-01-19,0.0,15.9,25.48,8.25,53.66,4.19,Ahmedabad
2020-01-20,0.0,17.12,26.92,9.02,51.1,3.27,Ahmedabad
2020-01-21,0.0,18.05,28.14,10.14,44.94,2.79,Ahmedabad
2020-01-22,0.0,18.15,28.66,9.33,45.11,3.18,Ahmedabad
2020-01-23,0.0,17.87,27.76,10.53,51.45,4.63,Ahmedabad
2020-01-24,0.0,18.41,28.88,10.52,45.9,3.74,Ahmedabad
2020-01-25,0.0,20.08,29.77,10.98,39.73,2.41,Ahmedabad
2020-01-26,0.0,20.84,30.07,12.22,40.67,2.18,Ahmedabad
2020-01-27,0.0,21.07,29.61,13.97,48.29,3.23,Ahmedabad
2020-01-28,0.0,18.91,25.67,13.43,54.61,4.5,Ahmedabad
2020-01-29,0.0,17.21,25.35,9.34,48.42,2.7,Ahmedabad
2020-01-30,0.0,17.81,26.07,8.91,37.11,2.03,Ahmedabad
2020-01-31,0.0,16.99,26.9,8.6,45.83,2.86,Ahmedabad
2020-02-01,0.0,17.46,27.6,9.32,38.54,4.33,Ahmedabad
2020-02-02,0.0,18.27,27.93,10.3,41.73,4.09,Ahmedabad
2020-02-03,0.0,18.49,28.35,10.23,42.68,2.91,Ahmedabad
2020-02-04,0.0,18.68,28.72,10.64,39.73,3.19,Ahmedabad
2020-02-05,0.0,18.62,28.33,9.55,38.15,2.55,Ahmedabad
2020-02-06,0.0,18.65,28.74,10.51,39.88,3.73,Ahmedabad
2020-02-07,0.0,18.03,28.18,9.42,33.39,3.79,Ahmedabad
2020-02-08,0.0,17.78,28.06,9.46,34.4,4.67,Ahmedabad
2020-02-09,0.0,17.77,28.24,9.29,36.39,4.64,Ahmedabad
2020-02-10,0.0,18.69,28.99,9.27,34.53,3.39,Ahmedabad
2020-02-11,0.0,21.05,31.17,11.99,41.21,2.71,Ahmedabad
2020-02-12,0.0,22.89,32.89,14.39,39.24,2.71,Ahmedabad
2020-02-13,0.0,23.07,32.89,15.33,36.73,3.62,Ahmedabad
2020-02-14,0.0,22.94,32.52,14.47,33.92,3.33,Ahmedabad
2020-02-15,0.0,23.35,31.25,16.11,31.62,1.84,Ahmedabad
2020-02-16,0.0,23.8,34.27,14.46,34.83,3.43,Ahmedabad
2020-02-17,0.0,24.03,34.84,14.82,26.6,3.51,Ahmedabad
2020-02-18,0.0,24.78,35.26,14.07,25.53,2.32,Ahmedabad
2020-02-19,0.0,26.1,35.07,18.61,28.43,2.13,Ahmedabad
2020-02-20,0.0,24.16,34.56,15.38,38.75,3.13,Ahmedabad
2020-02-21,0.0,23.24,33.19,14.83,36.87,2.8,Ahmedabad
2020-02-22,0.0,22.94,33.63,13.73,26.25,3.22,Ahmedabad
2020-02-23,0.0,22.86,32.95,14.29,33.85,3.18,Ahmedabad
2020-02-24,0.0,22.97,32.77,14.85,35.66,3.36,Ahmedabad
2020-02-25,0.0,24.96,33.54,15.93,30.29,2.7,Ahmedabad
2020-02-26,0.0,26.35,34.7,19.03,27.94,1.07,Ahmedabad
2020-02-27,0.0,27.15,35.24,18.31,27.42,1.4,Ahmedabad
2020-02-28,0.0,27.62,36.05,19.43,27.4,1.64,Ahmedabad
2020-02-29,0.0,26.46,34.49,18.4,30.79,2.02,Ahmedabad
2020-03-01,0.0,26.07,35.49,18.02,30.41,2.15,Ahmedabad
2020-03-02,0.0,25.56,34.99,17.11,32.71,2.68,Ahmedabad
2020-03-03,0.0,25.72,34.72,18.09,35.37,2.54,Ahmedabad
2020-03-04,0.0,24.3,33.07,17.48,44.85,4.17,Ahmedabad
2020-03-05,0.74,23.94,32.25,15.6,53.76,3.52,Ahmedabad
2020-03-06,0.58,22.94,31.46,16.66,48.81,4.22,Ahmedabad
2020-03-07,0.02,22.64,31.17,13.83,27.29,1.52,Ahmedabad
2020-03-08,0.0,23.96,32.59,14.13,24.91,1.88,Ahmedabad
2020-03-09,0.0,23.83,33.88,14.29,33.15,3.54,Ahmedabad
2020-03-10,0.0,24.2,33.12,16.18,48.61,4.16,Ahmedabad
2020-03-11,0.0,23.51,31.96,16.82,50.06,4.56,Ahmedabad
2020-03-12,0.0,21.19,30.41,12.78,40.84,3.37,Ahmedabad
2020-03-13,0.0,20.4,28.24,12.49,32.64,3.04,Ahmedabad
2020-03-14,0.0,22.41,32.95,13.24,22.92,3.4,Ahmedabad
2020-03-15,0.0,23.23,33.15,14.86,25.27,4.64,Ahmedabad
2020-03-16,0.0,25.3,34.78,17.63,24.53,3.62,Ahmedabad
2020-03-17,0.0,27.54,38.08,17.17,22.26,3.14,Ahmedabad
2020-03-18,0.0,28.38,38.91,17.54,21.46,2.46,Ahmedabad
2020-03-19,0.0,28.67,38.44,20.28,21.01,2.19,Ahmedabad
2020-03-20,0.0,26.69,35.55,19.23,32.84,3.2,Ahmedabad
2020-03-21,0.0,27.13,36.03,17.93,44.63,1.93,Ahmedabad
2020-03-22,0.0,29.74,37.82,21.77,41.3,1.81,Ahmedabad
2020-03-23,0.02,31.89,39.67,24.26,31.47,2.25,Ahmedabad
2020-03-24,0.0,31.58,38.81,24.84,27.15,3.65,Ahmedabad
2020-03-25,0.02,30.45,38.12,24.4,29.17,3.3,Ahmedabad
2020-03-26,3.41,28.1,35.72,23.53,47.8,3.61,Ahmedabad
2020-03-27,2.74,26.22,33.98,20.67,53.21,4.09,Ahmedabad
2020-03-28,0.0,26.61,35.85,18.04,36.17,2.07,Ahmedabad
2020-03-29,0.0,28.41,37.3,19.25,26.12,2.3,Ahmedabad
2020-03-30,0.0,29.53,39.5,19.25,25.38,2.45,Ahmedabad
2020-03-31,0.0,29.66,39.69,21.1,23.95,2.83,Ahmedabad
2020-04-01,0.0,29.52,38.73,20.98,34.56,3.82,Ahmedabad
2020-04-02,0.0,30.29,39.27,20.84,22.74,2.28,Ahmedabad
2020-04-03,0.0,30.82,40.72,21.47,19.99,2.98,Ahmedabad
2020-04-04,0.0,31.18,41.15,20.94,19.14,3.03,Ahmedabad
2020-04-05,0.0,31.73,41.16,22.07,17.64,2.42,Ahmedabad
2020-04-06,0.0,32.03,41.15,23.41,18.47,2.74,Ahmedabad
2020-04-07,0.0,30.91,40.67,21.83,25.35,3.47,Ahmedabad
2020-04-08,0.0,30.83,40.24,21.74,37.23,3.51,Ahmedabad
2020-04-09,0.0,31.75,40.46,23.31,34.49,2.9,Ahmedabad
2020-04-10,0.0,32.19,41.35,22.77,25.67,2.38,Ahmedabad
2020-04-11,0.0,34.46,43.62,25.06,17.21,2.83,Ahmedabad
2020-04-12,0.0,35.05,44.25,26.39,15.72,3.64,Ahmedabad
2020-04-13,0.0,34.8,44.11,25.79,15.86,4.32,Ahmedabad
2020-04-14,0.0,35.41,43.6,27.08,18.7,3.37,Ahmedabad
2020-04-15,0.0,34.76,43.4,27.83,20.94,3.28,Ahmedabad
2020-04-16,0.0,35.17,43.52,26.71,24.28,4.53,Ahmedabad
2020-04-17,0.0,34.5,42.61,27.15,24.88,4.03,Ahmedabad
2020-04-18,0.0,34.9,42.82,26.4,23.85,3.91,Ahmedabad
2020-04-19,0.0,34.32,41.52,27.38,26.5,4.58,Ahmedabad
2020-04-20,0.0,33.15,41.46,24.94,33.15,4.22,Ahmedabad
2020-04-21,0.0,34.19,42.17,26.36,32.22,3.87,Ahmedabad
2020-04-22,0.0,35.06,42.31,28.13,27.62,3.3,Ahmedabad
2020-04-23,0.0,35.15,43.58,26.48,31.61,4.78,Ahmedabad
2020-04-24,0.0,34.68,42.86,27.09,33.54,4.79,Ahmedabad
2020-04-25,0.0,32.9,40.31,24.53,37.24,3.84,Ahmedabad
2020-04-26,0.04,34.22,43.2,25.6,31.97,3.49,Ahmedabad
2020-04-27,0.17,34.28,43.14,25.24,32.01,3.39,Ahmedabad
2020-04-28,0.0,34.73,43.43,25.44,28.65,2.33,Ahmedabad
2020-04-29,0.0,35.9,44.26,27.05,22.72,3.09,Ahmedabad
2020-04-30,0.0,36.47,45.13,28.4,23.62,3.49,Ahmedabad
2020-05-01,0.02,36.29,44.67,28.17,25.78,4.45,Ahmedabad
2020-05-02,0.0,35.69,44.42,27.24,31.61,5.38,Ahmedabad
2020-05-03,0.0,34.99,44.16,25.54,33.66,4.82,Ahmedabad
2020-05-04,0.08,35.28,44.14,26.35,38.34,3.81,Ahmedabad
2020-05-05,0.69,36.09,44.23,28.81,32.15,3.58,Ahmedabad
2020-05-06,0.0,36.22,44.88,27.75,26.81,4.18,Ahmedabad
2020-05-07,0.0,35.03,44.71,24.83,26.77,3.19,Ahmedabad
2020-05-08,0.0,35.3,44.51,25.55,29.99,3.35,Ahmedabad
2020-05-09,0.0,35.86,44.41,26.99,28.88,2.89,Ahmedabad
2020-05-10,0.0,35.11,43.54,27.02,32.94,3.44,Ahmedabad
2020-05-11,0.0,34.38,42.67,26.57,37.98,3.82,Ahmedabad
2020-05-12,0.0,34.59,42.8,26.98,40.41,3.54,Ahmedabad
2020-05-13,0.0,35.53,43.59,27.23,36.97,3.01,Ahmedabad
2020-05-14,0.0,35.77,43.21,28.07,33.18,3.26,Ahmedabad
2020-05-15,0.0,36.43,44.05,28.31,30.36,3.74,Ahmedabad
2020-05-16,0.0,36.5,44.42,28.74,28.46,4.82,Ahmedabad
2020-05-17,0.0,35.33,42.93,27.55,32.84,5.7,Ahmedabad
2020-05-18,0.0,35.16,43.04,28.43,32.12,4.79,Ahmedabad
2020-05-19,0.03,35.48,43.62,27.96,31.18,4.49,Ahmedabad
2020-05-20,0.0,36.35,45.08,27.23,25.63,3.71,Ahmedabad
2020-05-21,0.0,36.8,45.5,27.58,22.51,5.18,Ahmedabad
2020-05-22,0.0,36.21,45.17,26.98,29.52,5.69,Ahmedabad
2020-05-23,0.0,36.0,45.17,26.28,33.31,4.61,Ahmedabad
2020-05-24,0.0,36.84,45.59,28.19,28.87,4.18,Ahmedabad
2020-05-25,0.0,36.73,45.31,28.17,29.51,4.38,Ahmedabad
2020-05-26,0.0,36.58,45.45,27.12,33.06,5.36,Ahmedabad
2020-05-27,0.0,36.29,46.3,27.23,41.47,7.0,Ahmedabad
2020-05-28,0.0,36.18,45.46,28.55,44.73,7.85,Ahmedabad
2020-05-29,0.0,34.65,41.61,28.66,51.28,6.83,Ahmedabad
2020-05-30,0.21,34.98,40.77,30.1,48.19,4.43,Ahmedabad
2020-05-31,0.07,34.53,39.78,28.63,43.68,4.03,Ahmedabad
2020-06-01,0.06,34.24,38.75,29.53,45.29,3.79,Ahmedabad
2020-06-02,0.04,34.89,40.73,29.26,43.29,3.39,Ahmedabad
2020-06-03,0.35,34.89,40.61,29.89,39.87,4.09,Ahmedabad
2020-06-04,0.85,35.01,40.83,29.11,37.65,3.43,Ahmedabad
2020-06-05,2.02,33.55,38.9,29.2,51.98,5.76,Ahmedabad
2020-06-06,4.96,31.8,35.9,28.14,62.04,5.26,Ahmedabad
2020-06-07,5.41,31.22,35.36,26.75,63.28,3.91,Ahmedabad
2020-06-08,7.59,31.29,36.22,27.42,60.55,4.11,Ahmedabad
2020-06-09,14.63,30.62,36.09,25.9,63.28,3.94,Ahmedabad
2020-06-10,27.62,31.35,36.05,26.4,69.02,3.11,Ahmedabad
2020-06-11,8.55,32.11,37.55,27.27,66.2,2.74,Ahmedabad
2020-06-12,10.56,31.27,34.87,28.18,68.96,2.96,Ahmedabad
2020-06-13,35.7,29.38,31.47,27.53,81.27,2.08,Ahmedabad
2020-06-14,12.47,31.06,35.52,26.94,72.65,1.7,Ahmedabad
2020-06-15,0.41,31.55,36.61,27.71,72.32,2.78,Ahmedabad
2020-06-16,1.58,33.14,39.93,27.7,65.36,4.62,Ahmedabad
2020-06-17,0.94,31.97,37.43,27.71,67.88,5.15,Ahmedabad
2020-06-18,0.01,31.63,37.48,26.44,68.38,5.23,Ahmedabad
2020-06-19,0.0,32.25,38.6,26.83,67.19,5.58,Ahmedabad
2020-06-20,1.75,32.14,37.65,27.48,67.44,5.39,Ahmedabad
2020-06-21,0.5,31.79,36.77,27.34,68.15,4.95,Ahmedabad
2020-06-22,1.1,31.92,37.23,27.31,65.35,4.68,Ahmedabad
2020-06-23,0.04,32.1,38.32,26.9,63.36,4.53,Ahmedabad
2020-06-24,4.62,31.03,34.67,27.86,70.21,3.03,Ahmedabad
2020-06-25,2.22,31.21,35.09,27.52,70.4,3.5,Ahmedabad
2020-06-26,0.88,31.24,34.62,28.11,68.35,3.66,Ahmedabad
2020-06-27,0.08,32.84,38.24,27.64,61.29,4.48,Ahmedabad
2020-06-28,0.42,32.64,37.78,27.92,62.12,4.55,Ahmedabad
2020-06-29,0.21,32.29,36.71,28.27,64.55,3.57,Ahmedabad
2020-06-30,2.2,31.58,35.33,27.93,66.62,2.6,Ahmedabad
2020-07-01,0.25,31.77,36.64,27.36,65.95,4.01,Ahmedabad
2020-07-02,0.31,31.97,37.4,26.82,63.21,4.1,Ahmedabad
2020-07-03,10.78,31.6,36.45,28.45,69.45,4.12,Ahmedabad
2020-07-04,8.62,30.22,33.39,27.66,77.12,2.57,Ahmedabad
2020-07-05,3.79,30.76,35.19,27.64,71.94,3.11,Ahmedabad
2020-07-06,12.12,28.42,31.4,26.74,83.74,6.96,Ahmedabad
2020-07-07,1.56,30.07,34.83,26.34,75.17,6.19,Ahmedabad
2020-07-08,7.16,30.2,35.01,26.49,75.09,6.83,Ahmedabad
2020-07-09,7.15,30.63,36.19,26.02,73.16,5.66,Ahmedabad
2020-07-10,8.78,30.53,36.15,26.38,75.12,5.92,Ahmedabad
2020-07-11,5.74,30.2,34.26,26.71,77.65,6.01,Ahmedabad
2020-07-12,14.65,29.6,33.27,26.63,79.24,5.16,Ahmedabad
2020-07-13,4.27,29.91,34.74,26.06,76.03,4.01,Ahmedabad
2020-07-14,2.76,29.91,33.14,26.66,77.77,2.73,Ahmedabad
2020-07-15,7.82,29.95,33.18,26.83,78.54,2.68,Ahmedabad
2020-07-16,26.11,28.95,32.52,26.88,84.53,2.8,Ahmedabad
2020-07-17,2.59,29.47,34.15,25.74,78.33,4.13,Ahmedabad
2020-07-18,0.54,30.08,35.34,25.68,77.21,4.61,Ahmedabad
2020-07-19,0.13,30.75,35.69,26.51,74.3,4.54,Ahmedabad
2020-07-20,2.51,30.31,34.91,26.16,74.61,4.63,Ahmedabad
2020-07-21,0.57,30.48,35.49,25.98,72.8,4.98,Ahmedabad
2020-07-22,0.31,30.41,35.15,25.85,73.07,3.33,Ahmedabad
2020-07-23,4.71,30.46,35.07,26.61,73.88,4.01,Ahmedabad
2020-07-24,10.68,29.9,33.31,26.9,77.62,3.09,Ahmedabad
2020-07-25,10.4,29.67,33.48,26.7,79.93,1.95,Ahmedabad
2020-07-26,9.53,28.7,33.04,25.95,80.92,3.25,Ahmedabad
2020-07-27,0.06,30.11,35.29,25.51,75.34,3.06,Ahmedabad
2020-07-28,0.55,30.02,34.18,26.41,76.99,3.86,Ahmedabad
2020-07-29,0.69,29.38,32.35,26.34,79.23,3.04,Ahmedabad
2020-07-30,9.75,30.03,35.0,26.26,76.64,2.52,Ahmedabad
2020-07-31,4.64,29.49,33.58,26.38,80.11,2.54,Ahmedabad
2020-08-01,0.87,30.0,34.63,26.48,78.3,2.72,Ahmedabad
2020-08-02,0.21,29.37,32.74,26.83,80.02,2.7,Ahmedabad
2020-08-03,0.78,30.25,34.58,25.99,75.95,2.97,Ahmedabad
2020-08-04,2.16,30.66,34.58,26.93,76.55,1.18,Ahmedabad
2020-08-05,7.14,31.38,36.18,27.37,74.96,3.34,Ahmedabad
2020-08-06,3.61,30.31,34.36,26.94,79.3,3.67,Ahmedabad
2020-08-07,9.4,29.43,32.87,26.89,80.45,5.69,Ahmedabad
2020-08-08,20.02,29.5,34.26,25.85,80.53,4.79,Ahmedabad
2020-08-09,19.12,29.03,33.15,25.66,83.27,4.84,Ahmedabad
2020-08-10,28.67,28.91,32.71,25.76,83.83,3.62,Ahmedabad
2020-08-11,12.17,28.4,31.83,26.03,85.34,4.46,Ahmedabad
2020-08-12,19.35,27.78,30.5,25.87,89.65,5.53,Ahmedabad
2020-08-13,69.53,27.85,30.73,25.78,90.49,5.31,Ahmedabad
2020-08-14,22.59,28.03,31.53,25.53,89.14,4.27,Ahmedabad
2020-08-15,8.36,28.14,31.78,24.92,86.32,4.18,Ahmedabad
2020-08-16,6.49,28.3,32.18,25.48,87.42,5.24,Ahmedabad
2020-08-17,38.55,27.72,30.29,25.58,90.51,3.66,Ahmedabad
2020-08-18,16.99,27.74,30.65,25.57,90.3,5.03,Ahmedabad
2020-08-19,12.92,27.62,30.46,25.49,90.71,4.87,Ahmedabad
2020-08-20,5.16,27.81,30.86,25.35,89.57,3.02,Ahmedabad
2020-08-21,24.52,27.97,30.43,26.25,88.96,2.2,Ahmedabad
2020-08-22,20.58,27.62,30.25,25.67,91.8,2.83,Ahmedabad
2020-08-23,43.68,26.77,28.58,25.69,93.86,7.16,Ahmedabad
2020-08-24,38.4,26.63,28.47,25.52,93.63,6.14,Ahmedabad
2020-08-25,6.63,27.39,31.21,25.0,88.69,6.67,Ahmedabad
2020-08-26,6.86,27.41,31.38,24.19,87.29,5.03,Ahmedabad
2020-08-27,3.63,27.21,30.96,24.04,87.88,4.25,Ahmedabad
2020-08-28,2.19,27.37,30.83,24.4,88.92,3.64,Ahmedabad
2020-08-29,8.12,27.46,30.53,24.99,89.87,2.57,Ahmedabad
2020-08-30,41.21,26.43,27.95,25.31,93.17,5.01,Ahmedabad
2020-08-31,15.87,26.31,29.31,23.96,90.35,6.18,Ahmedabad
2020-09-01,3.06,27.38,31.28,23.82,86.88,3.4,Ahmedabad
2020-09-02,1.47,27.66,31.19,23.95,82.44,2.18,Ahmedabad
2020-09-03,0.82,26.91,29.17,24.12,85.77,1.36,Ahmedabad
2020-09-04,0.94,28.17,32.05,23.68,81.04,1.64,Ahmedabad
2020-09-05,5.69,28.63,32.37,24.5,80.59,1.59,Ahmedabad
2020-09-06,4.75,28.4,32.15,24.26,84.64,2.06,Ahmedabad
2020-09-07,1.16,28.34,32.11,25.05,85.37,2.48,Ahmedabad
2020-09-08,0.03,28.24,31.96,24.48,84.37,2.57,Ahmedabad
2020-09-09,5.5,28.65,32.19,24.39,82.27,1.69,Ahmedabad
2020-09-10,5.79,28.66,32.33,25.19,84.73,2.35,Ahmedabad
2020-09-11,22.51,28.63,32.23,24.65,83.24,2.05,Ahmedabad
2020-09-12,18.61,29.23,32.47,25.75,80.51,0.95,Ahmedabad
2020-09-13,6.03,28.52,31.71,26.0,85.48,1.38,Ahmedabad
2020-09-14,0.67,28.15,31.62,25.87,88.15,2.01,Ahmedabad
2020-09-15,0.96,27.38,29.32,26.09,91.22,2.8,Ahmedabad
2020-09-16,3.32,27.61,30.54,25.51,90.44,2.57,Ahmedabad
2020-09-17,0.83,27.68,31.06,24.84,87.51,3.08,Ahmedabad
2020-09-18,0.61,27.9,31.21,24.8,85.75,2.66,Ahmedabad
2020-09-19,5.27,28.12,31.63,24.75,86.22,1.99,Ahmedabad
2020-09-20,2.92,28.18,31.77,24.91,87.43,2.38,Ahmedabad
2020-09-21,5.27,28.26,31.55,25.49,88.53,2.8,Ahmedabad
2020-09-22,0.27,29.03,32.7,25.61,84.02,2.96,Ahmedabad
2020-09-23,2.63,28.23,31.13,25.61,88.81,2.19,Ahmedabad
2020-09-24,0.3,28.1,31.09,25.79,88.86,3.02,Ahmedabad
2020-09-25,0.17,28.09,32.22,24.88,86.62,2.76,Ahmedabad
2020-09-26,1.12,27.0,30.81,23.94,85.93,3.4,Ahmedabad
2020-09-27,0.66,26.33,30.13,21.99,79.74,2.33,Ahmedabad
2020-09-28,6.03,26.92,31.07,22.41,76.96,1.28,Ahmedabad
2020-09-29,1.24,26.65,30.76,22.16,80.89,2.27,Ahmedabad
2020-09-30,5.25,26.94,31.48,22.41,83.39,2.39,Ahmedabad
2020-10-01,0.56,27.49,31.57,23.2,81.28,2.45,Ahmedabad
2020-10-02,0.0,27.4,32.47,22.62,82.42,2.38,Ahmedabad
2020-10-03,0.0,27.07,32.51,22.12,81.14,2.25,Ahmedabad
2020-10-04,0.0,26.33,31.56,21.34,80.19,2.65,Ahmedabad
2020-10-05,0.0,27.11,32.34,22.0,79.82,2.54,Ahmedabad
2020-10-06,0.0,27.09,32.41,21.15,74.5,2.17,Ahmedabad
2020-10-07,0.0,26.74,32.7,22.06,77.48,2.43,Ahmedabad
2020-10-08,0.0,26.62,32.16,20.56,70.75,2.1,Ahmedabad
2020-10-09,0.0,27.01,32.52,20.63,65.56,1.94,Ahmedabad
2020-10-10,0.0,27.59,32.72,21.09,65.15,1.81,Ahmedabad
2020-10-11,0.0,28.06,33.41,21.76,63.07,1.39,Ahmedabad
2020-10-12,0.0,27.69,32.92,22.13,62.1,1.67,Ahmedabad
2020-10-13,0.0,26.39,32.23,19.6,64.21,2.22,Ahmedabad
2020-10-14,0.1,26.33,33.05,21.57,71.24,3.06,Ahmedabad
2020-10-15,0.05,27.42,31.61,24.46,87.51,3.2,Ahmedabad
2020-10-16,0.25,27.33,31.0,24.06,87.09,4.0,Ahmedabad
2020-10-17,0.53,28.39,31.76,24.73,83.29,2.27,Ahmedabad
2020-10-18,8.04,28.17,32.14,25.18,86.62,1.67,Ahmedabad
2020-10-19,0.22,28.08,31.92,24.81,86.57,1.62,Ahmedabad
2020-10-20,0.41,28.21,31.81,24.78,84.64,1.75,Ahmedabad
2020-10-21,0.16,28.48,32.47,24.6,82.12,1.45,Ahmedabad
2020-10-22,0.05,27.16,32.8,23.34,68.56,2.72,Ahmedabad
2020-10-23,0.0,25.63,31.52,18.64,50.67,1.22,Ahmedabad
2020-10-24,0.0,24.65,30.69,16.84,60.39,1.63,Ahmedabad
2020-10-25,0.0,25.32,30.92,19.92,65.01,1.51,Ahmedabad
2020-10-26,0.0,24.94,30.6,18.68,60.4,1.62,Ahmedabad
2020-10-27,0.0,24.47,30.42,16.9,58.29,1.63,Ahmedabad
2020-10-28,0.0,24.42,30.54,17.42,53.37,1.41,Ahmedabad
2020-10-29,0.0,23.78,30.33,17.02,58.3,1.56,Ahmedabad
2020-10-30,0.0,24.21,30.84,17.11,59.73,2.02,Ahmedabad
2020-10-31,0.0,23.8,30.28,17.4,61.84,2.46,Ahmedabad
2020-11-01,0.0,22.39,30.35,15.29,58.64,2.46,Ahmedabad
2020-11-02,0.0,22.24,30.38,15.07,61.63,2.3,Ahmedabad
2020-11-03,0.0,23.29,30.54,16.43,56.97,2.03,Ahmedabad
2020-11-04,0.0,23.1,30.07,16.79,51.95,1.74,Ahmedabad
2020-11-05,0.0,22.7,29.62,14.87,58.99,1.7,Ahmedabad
2020-11-06,0.0,22.72,29.39,16.29,63.81,2.08,Ahmedabad
2020-11-07,0.0,21.65,29.45,14.8,65.45,2.79,Ahmedabad
2020-11-08,0.0,21.04,29.29,14.61,67.99,3.1,Ahmedabad
2020-11-09,0.0,20.77,28.78,13.98,66.72,2.55,Ahmedabad
2020-11-10,0.0,21.26,29.07,13.89,62.29,2.55,Ahmedabad
2020-11-11,0.0,20.39,28.06,13.47,60.19,2.78,Ahmedabad
2020-11-12,0.0,18.9,27.0,12.83,69.75,3.43,Ahmedabad
2020-11-13,0.0,21.3,29.38,13.53,68.32,2.9,Ahmedabad
2020-11-14,0.0,24.66,31.05,18.0,74.03,2.53,Ahmedabad
2020-11-15,0.0,25.22,31.3,19.87,71.37,1.85,Ahmedabad
2020-11-16,0.0,23.44,31.33,17.73,61.14,2.66,Ahmedabad
2020-11-17,0.0,21.21,29.99,14.62,64.59,2.92,Ahmedabad
2020-11-18,0.0,20.27,28.7,14.12,65.69,2.79,Ahmedabad
2020-11-19,0.0,19.17,28.29,12.62,61.51,3.41,Ahmedabad
2020-11-20,0.0,18.57,28.42,11.24,59.92,3.59,Ahmedabad
2020-11-21,0.0,18.46,27.81,11.12,60.27,3.67,Ahmedabad
2020-11-22,0.0,18.76,28.58,11.01,59.9,3.22,Ahmedabad
2020-11-23,0.0,19.63,29.85,11.22,59.09,2.62,Ahmedabad
2020-11-24,0.0,20.94,30.23,13.37,54.47,2.26,Ahmedabad
2020-11-25,0.02,22.38,30.8,14.57,57.81,1.98,Ahmedabad
2020-11-26,0.02,22.65,29.97,17.15,65.09,3.01,Ahmedabad
2020-11-27,0.0,20.75,28.58,15.55,59.0,5.14,Ahmedabad
2020-11-28,0.0,19.82,29.01,12.9,58.31,4.47,Ahmedabad
2020-11-29,0.0,21.45,30.63,13.57,60.85,3.67,Ahmedabad
2020-11-30,0.0,23.46,31.81,16.55,60.93,2.75,Ahmedabad
2020-12-01,0.0,23.13,32.46,15.74,54.38,2.91,Ahmedabad
2020-12-02,0.0,22.18,31.8,13.84,50.23,2.91,Ahmedabad
2020-12-03,0.0,22.69,32.1,13.7,47.45,2.3,Ahmedabad
2020-12-04,0.0,23.34,32.24,14.66,49.55,2.2,Ahmedabad
2020-12-05,0.0,23.5,31.84,15.4,45.75,1.68,Ahmedabad
2020-12-06,0.0,23.25,32.03,15.48,47.82,2.36,Ahmedabad
2020-12-07,0.0,23.2,32.34,15.07,47.16,2.19,Ahmedabad
2020-12-08,0.0,22.73,31.86,14.72,49.97,2.44,Ahmedabad
2020-12-09,0.0,22.98,31.61,14.83,51.65,2.33,Ahmedabad
2020-12-10,0.09,23.53,31.6,16.2,55.47,2.48,Ahmedabad
2020-12-11,4.12,21.2,24.03,18.1,81.24,1.8,Ahmedabad
2020-12-12,0.43,21.79,28.01,16.0,72.43,1.68,Ahmedabad
2020-12-13,0.0,21.06,27.78,16.16,57.44,2.22,Ahmedabad
2020-12-14,0.0,20.86,28.0,15.38,70.81,2.14,Ahmedabad
2020-12-15,0.0,20.01,27.25,15.04,69.69,2.79,Ahmedabad
2020-12-16,0.0,19.21,27.84,12.39,64.74,3.16,Ahmedabad
2020-12-17,0.0,18.66,27.56,12.38,56.4,3.55,Ahmedabad
2020-12-18,0.0,18.3,28.15,10.59,53.56,3.12,Ahmedabad
2020-12-19,0.0,18.91,28.96,10.92,47.76,3.58,Ahmedabad
2020-12-20,0.0,18.77,28.44,10.9,43.05,3.33,Ahmedabad
2020-12-21,0.0,19.49,29.14,11.5,44.09,2.97,Ahmedabad
2020-12-22,0.0,19.21,28.54,10.63,40.61,2.54,Ahmedabad
2020-12-23,0.0,19.0,28.66,10.72,43.12,2.31,Ahmedabad
2020-12-24,0.0,19.31,29.0,11.67,44.02,2.35,Ahmedabad
2020-12-25,0.0,20.27,30.52,12.22,48.39,3.58,Ahmedabad
2020-12-26,0.0,20.47,30.19,12.59,50.56,2.88,Ahmedabad
2020-12-27,0.0,19.35,28.67,12.05,45.08,3.63,Ahmedabad
2020-12-28,0.0,13.95,24.31,5.7,32.1,3.19,Ahmedabad
2020-12-29,0.0,14.34,26.13,5.49,32.55,3.92,Ahmedabad
2020-12-30,0.0,15.34,26.58,6.86,36.51,3.87,Ahmedabad
2020-12-31,0.0,18.11,28.04,10.55,48.36,3.78,Ahmedabad
2021-01-01,0.0,20.42,29.43,13.69,58.02,2.67,Ahmedabad
2021-01-02,0.0,19.02,28.05,13.64,42.78,2.87,Ahmedabad
2021-01-03,0.0,17.59,27.33,10.88,43.14,2.66,Ahmedabad
2021-01-04,0.0,18.98,27.19,11.82,43.78,2.57,Ahmedabad
2021-01-05,0.0,18.28,27.04,12.24,48.36,2.95,Ahmedabad
2021-01-06,0.0,17.34,27.13,10.4,52.47,3.38,Ahmedabad
2021-01-07,0.0,18.37,29.38,9.72,49.5,3.04,Ahmedabad
2021-01-08,0.0,19.98,29.26,12.77,44.32,3.56,Ahmedabad
2021-01-09,0.0,20.96,30.55,13.34,55.05,3.15,Ahmedabad
2021-01-10,0.0,21.62,30.84,14.69,64.39,2.96,Ahmedabad
2021-01-11,0.0,21.86,31.94,14.77,50.78,3.0,Ahmedabad
2021-01-12,0.0,20.38,31.23,12.43,47.19,3.17,Ahmedabad
2021-01-13,0.0,19.84,30.97,11.4,40.93,2.88,Ahmedabad
2021-01-14,0.0,20.7,32.2,11.66,33.25,3.12,Ahmedabad
2021-01-15,0.0,21.09,31.47,11.66,34.96,2.26,Ahmedabad
2021-01-16,0.0,22.12,32.09,14.09,38.42,2.61,Ahmedabad
2021-01-17,0.0,23.3,31.96,15.67,36.03,1.9,Ahmedabad
2021-01-18,0.0,21.61,31.71,13.91,37.28,2.34,Ahmedabad
2021-01-19,0.0,19.61,29.71,11.53,42.03,2.63,Ahmedabad
2021-01-20,0.0,19.58,30.04,11.29,39.98,2.3,Ahmedabad
2021-01-21,0.0,21.27,31.34,12.7,36.76,2.43,Ahmedabad
2021-01-22,0.0,21.6,31.85,13.88,34.37,2.16,Ahmedabad
2021-01-23,0.0,20.61,30.49,12.26,49.4,2.81,Ahmedabad
2021-01-24,0.0,17.82,28.37,10.4,24.94,3.01,Ahmedabad
2021-01-25,0.0,16.49,28.39,7.46,26.26,3.77,Ahmedabad
2021-01-26,0.0,16.91,28.72,7.31,28.56,3.38,Ahmedabad
2021-01-27,0.0,16.93,28.57,7.73,29.72,3.41,Ahmedabad
2021-01-28,0.0,17.02,28.69,7.91,28.94,3.26,Ahmedabad
2021-01-29,0.0,17.45,29.28,7.83,26.39,3.74,Ahmedabad
2021-01-30,0.0,18.11,30.19,8.17,25.57,3.33,Ahmedabad
2021-01-31,0.0,19.99,31.23,9.14,20.73,2.61,Ahmedabad
2021-02-01,0.0,21.04,32.29,10.53,20.9,2.7,Ahmedabad
2021-02-02,0.0,22.54,33.28,12.99,24.55,2.41,Ahmedabad
2021-02-03,0.0,22.72,32.27,13.96,33.03,2.16,Ahmedabad
2021-02-04,0.0,21.21,30.85,13.64,37.39,3.29,Ahmedabad
2021-02-05,0.0,20.11,29.95,12.08,27.13,3.5,Ahmedabad
2021-02-06,0.0,19.6,30.28,11.11,25.39,4.07,Ahmedabad
2021-02-07,0.0,20.28,30.92,10.89,24.76,3.39,Ahmedabad
2021-02-08,0.0,21.41,31.88,10.71,20.95,2.75,Ahmedabad
2021-02-09,0.0,22.98,34.06,13.54,21.0,2.1,Ahmedabad
2021-02-10,0.0,22.96,32.69,14.1,23.81,2.24,Ahmedabad
2021-02-11,0.0,23.17,32.56,15.66,25.23,2.22,Ahmedabad
2021-02-12,0.0,24.31,34.58,15.87,22.38,2.52,Ahmedabad
2021-02-13,0.0,24.59,34.24,14.94,22.85,2.29,Ahmedabad
2021-02-14,0.0,23.35,33.79,14.04,34.96,2.87,Ahmedabad
2021-02-15,0.0,22.74,32.32,14.02,46.46,2.94,Ahmedabad
2021-02-16,0.0,23.22,32.85,13.89,40.63,2.5,Ahmedabad
2021-02-17,0.0,24.44,33.93,14.99,26.02,1.89,Ahmedabad
2021-02-18,0.0,24.59,34.8,15.71,22.4,2.95,Ahmedabad
2021-02-19,0.0,24.36,33.77,16.25,28.06,3.54,Ahmedabad
2021-02-20,0.0,25.01,34.19,16.8,25.52,3.31,Ahmedabad
2021-02-21,0.0,25.9,35.45,15.85,20.17,2.69,Ahmedabad
2021-02-22,0.0,26.42,35.87,16.3,19.5,1.94,Ahmedabad
2021-02-23,0.0,26.41,36.56,16.78,19.24,2.48,Ahmedabad
2021-02-24,0.0,26.04,35.97,16.33,28.0,2.69,Ahmedabad
2021-02-25,0.0,25.75,36.02,15.48,34.48,2.77,Ahmedabad
2021-02-26,0.0,26.74,37.33,16.96,40.11,3.44,Ahmedabad
2021-02-27,0.0,27.82,37.97,19.65,43.87,4.12,Ahmedabad
2021-02-28,0.0,27.65,37.23,19.07,41.9,3.36,Ahmedabad
2021-03-01,0.0,26.78,36.72,18.87,25.52,3.84,Ahmedabad
2021-03-02,0.0,26.08,37.47,16.49,12.0,2.8,Ahmedabad
2021-03-03,0.0,26.71,38.22,16.6,10.6,2.71,Ahmedabad
2021-03-04,0.0,27.15,38.33,15.4,19.29,2.8,Ahmedabad
2021-03-05,0.0,29.66,39.17,20.19,25.46,2.6,Ahmedabad
2021-03-06,0.0,29.69,39.6,20.56,25.49,2.64,Ahmedabad
2021-03-07,0.0,28.37,39.3,18.63,33.98,3.46,Ahmedabad
2021-03-08,0.0,27.92,38.64,18.63,40.73,2.48,Ahmedabad
2021-03-09,0.0,28.71,38.83,19.65,29.42,3.05,Ahmedabad
2021-03-10,0.0,28.63,38.46,19.56,31.5,3.22,Ahmedabad
2021-03-11,0.0,28.14,37.84,18.94,31.32,3.26,Ahmedabad
2021-03-12,0.0,27.54,37.41,18.55,34.37,3.21,Ahmedabad
2021-03-13,0.0,29.33,38.68,20.67,20.14,2.52,Ahmedabad
2021-03-14,0.0,29.16,38.79,20.79,16.24,3.46,Ahmedabad
2021-03-15,0.0,29.4,39.31,20.31,20.0,3.31,Ahmedabad
2021-03-16,0.0,29.88,39.69,21.64,19.4,3.54,Ahmedabad
2021-03-17,0.0,30.01,39.26,21.74,21.34,3.22,Ahmedabad
2021-03-18,0.0,30.37,39.27,22.18,20.42,3.12,Ahmedabad
2021-03-19,0.0,28.92,37.76,20.17,25.71,2.88,Ahmedabad
2021-03-20,0.0,30.28,38.44,21.82,21.3,1.62,Ahmedabad
2021-03-21,0.0,30.26,39.61,21.15,28.43,2.46,Ahmedabad
2021-03-22,0.0,30.69,39.96,22.19,26.01,2.76,Ahmedabad
2021-03-23,0.09,30.26,39.8,21.1,25.94,2.68,Ahmedabad
2021-03-24,0.0,30.06,39.15,21.91,18.94,2.58,Ahmedabad
2021-03-25,0.0,29.8,39.43,21.08,12.93,3.62,Ahmedabad
2021-03-26,0.0,30.53,40.38,21.17,14.98,3.15,Ahmedabad
2021-03-27,0.0,31.75,41.9,22.25,15.33,2.59,Ahmedabad
2021-03-28,0.0,32.14,42.65,22.78,16.05,3.31,Ahmedabad
2021-03-29,0.0,31.67,43.12,21.59,24.82,3.78,Ahmedabad
2021-03-30,0.0,31.23,42.86,20.34,36.77,4.14,Ahmedabad
2021-03-31,0.0,31.59,42.0,22.91,34.65,4.35,Ahmedabad
2021-04-01,0.0,30.42,42.37,19.72,22.54,3.35,Ahmedabad
2021-04-02,0.0,29.78,41.78,18.25,24.32,2.7,Ahmedabad
2021-04-03,0.0,30.8,42.13,19.75,28.54,2.92,Ahmedabad
2021-04-04,0.0,31.39,41.98,21.15,29.31,2.83,Ahmedabad
2021-04-05,0.0,32.2,42.59,22.43,30.6,3.26,Ahmedabad
2021-04-06,0.0,32.66,43.11,23.38,27.6,3.54,Ahmedabad
2021-04-07,0.0,31.54,41.68,21.64,33.76,3.42,Ahmedabad
2021-04-08,0.0,31.95,41.94,22.47,21.66,3.37,Ahmedabad
2021-04-09,0.0,32.09,41.72,22.02,11.27,2.15,Ahmedabad
2021-04-10,0.0,32.26,42.81,21.99,11.06,2.19,Ahmedabad
2021-04-11,0.0,33.27,43.71,23.2,13.96,2.01,Ahmedabad
2021-04-12,0.0,32.78,42.66,22.75,21.1,2.64,Ahmedabad
2021-04-13,0.0,32.8,42.91,22.66,20.74,3.76,Ahmedabad
2021-04-14,0.0,32.74,41.69,23.19,18.88,1.94,Ahmedabad
2021-04-15,0.0,32.31,41.17,23.44,23.89,3.21,Ahmedabad
2021-04-16,0.0,31.94,41.21,23.27,36.66,3.65,Ahmedabad
2021-04-17,0.0,32.18,40.46,24.11,40.15,3.66,Ahmedabad
2021-04-18,0.0,33.58,42.03,25.28,27.95,3.11,Ahmedabad
2021-04-19,0.0,33.78,42.49,25.47,23.32,3.16,Ahmedabad
2021-04-20,0.0,31.83,37.96,26.24,34.05,4.13,Ahmedabad
2021-04-21,0.0,31.79,40.02,23.81,33.46,4.23,Ahmedabad
2021-04-22,0.0,32.88,41.39,24.38,31.2,3.7,Ahmedabad
2021-04-23,0.0,32.73,41.57,23.16,30.86,3.78,Ahmedabad
2021-04-24,0.0,32.56,39.28,25.66,38.77,2.15,Ahmedabad
2021-04-25,0.0,34.63,42.34,26.87,26.79,1.63,Ahmedabad
2021-04-26,0.0,34.85,43.55,26.14,21.99,3.0,Ahmedabad
2021-04-27,0.02,35.32,43.98,26.5,26.76,3.22,Ahmedabad
2021-04-28,0.13,35.35,43.58,26.89,27.69,3.11,Ahmedabad
2021-04-29,0.0,35.6,43.2,28.07,27.94,3.64,Ahmedabad
2021-04-30,0.0,34.88,42.33,27.91,24.97,3.39,Ahmedabad
2021-05-01,0.01,34.26,40.39,28.37,26.56,2.94,Ahmedabad
2021-05-02,0.0,34.88,42.33,27.38,22.16,3.5,Ahmedabad
2021-05-03,0.0,34.4,41.99,26.08,23.86,3.6,Ahmedabad
2021-05-04,0.0,33.76,41.07,27.85,27.57,4.11,Ahmedabad
2021-05-05,0.0,33.62,42.11,25.1,28.61,3.81,Ahmedabad
2021-05-06,0.0,34.73,43.05,26.5,33.05,3.66,Ahmedabad
2021-05-07,0.0,34.8,42.71,26.26,30.12,2.73,Ahmedabad
2021-05-08,0.0,35.94,43.72,27.42,29.54,3.03,Ahmedabad
2021-05-09,0.0,36.67,44.2,28.88,31.31,3.85,Ahmedabad
2021-05-10,0.0,35.34,42.86,28.0,33.49,4.61,Ahmedabad
2021-05-11,0.0,34.54,42.18,26.82,37.53,4.16,Ahmedabad
2021-05-12,0.0,34.41,42.03,26.32,39.31,4.25,Ahmedabad
2021-05-13,0.0,34.52,42.45,26.8,40.7,4.83,Ahmedabad
2021-05-14,0.0,34.47,42.07,27.02,39.58,3.87,Ahmedabad
2021-05-15,0.0,36.28,43.15,28.09,34.76,2.86,Ahmedabad
2021-05-16,1.51,37.93,44.4,32.22,27.26,4.32,Ahmedabad
2021-05-17,13.52,34.23,40.47,29.18,48.61,6.48,Ahmedabad
2021-05-18,48.8,27.59,29.37,25.8,82.37,12.18,Ahmedabad
2021-05-19,6.76,29.92,35.91,25.3,65.44,7.62,Ahmedabad
2021-05-20,0.0,32.36,40.17,24.99,49.34,3.57,Ahmedabad
2021-05-21,0.0,32.43,39.59,24.5,49.15,4.35,Ahmedabad
2021-05-22,0.0,32.51,39.57,25.53,51.6,4.3,Ahmedabad
2021-05-23,0.02,32.15,38.82,26.08,54.81,3.58,Ahmedabad
2021-05-24,0.0,33.14,39.66,26.97,50.89,3.75,Ahmedabad
2021-05-25,0.0,33.91,41.63,26.73,45.91,5.03,Ahmedabad
2021-05-26,0.0,33.53,41.73,25.76,53.16,5.31,Ahmedabad
2021-05-27,0.0,33.86,41.26,27.22,54.12,4.95,Ahmedabad
2021-05-28,0.02,34.46,42.05,27.73,53.54,5.12,Ahmedabad
2021-05-29,0.02,34.7,42.4,28.03,52.02,4.97,Ahmedabad
2021-05-30,0.0,34.71,42.82,28.18,48.1,4.84,Ahmedabad
2021-05-31,0.0,33.58,41.27,26.81,49.66,4.86,Ahmedabad
2021-06-01,0.0,33.25,40.73,27.04,52.33,5.44,Ahmedabad
2021-06-02,0.03,33.62,41.15,27.89,52.76,4.85,Ahmedabad
2021-06-03,0.05,33.79,41.03,27.48,50.85,3.75,Ahmedabad
2021-06-04,12.24,32.35,37.15,28.01,57.3,3.91,Ahmedabad
2021-06-05,5.1,32.07,38.04,26.47,58.69,4.6,Ahmedabad
2021-06-06,0.23,32.88,38.38,28.17,53.96,4.12,Ahmedabad
2021-06-07,0.23,33.45,38.6,28.43,54.2,4.25,Ahmedabad
2021-06-08,0.0,34.4,40.42,28.25,51.0,5.63,Ahmedabad
2021-06-09,0.01,34.6,40.99,28.76,50.21,5.84,Ahmedabad
2021-06-10,0.01,35.04,41.61,28.87,48.34,5.9,Ahmedabad
2021-06-11,0.02,35.14,41.77,29.35,50.28,6.09,Ahmedabad
2021-06-12,0.0,35.57,41.79,29.73,49.71,5.89,Ahmedabad
2021-06-13,0.0,35.04,40.61,30.03,51.16,5.72,Ahmedabad
2021-06-14,0.0,35.08,40.67,29.57,49.32,5.52,Ahmedabad
2021-06-15,0.01,35.06,41.72,29.12,49.14,6.89,Ahmedabad
2021-06-16,14.01,33.26,38.65,29.44,57.49,6.28,Ahmedabad
2021-06-17,29.43,30.95,35.83,27.17,71.11,4.15,Ahmedabad
2021-06-18,30.5,28.98,33.25,26.74,80.57,4.76,Ahmedabad
2021-06-19,15.01,28.39,32.36,25.85,81.02,5.26,Ahmedabad
2021-06-20,12.71,28.75,32.84,25.81,77.38,5.04,Ahmedabad
2021-06-21,8.27,29.77,34.22,25.42,74.01,4.13,Ahmedabad
2021-06-22,6.32,30.05,34.39,25.9,71.35,4.05,Ahmedabad
2021-06-23,0.21,30.35,35.31,25.84,68.7,3.85,Ahmedabad
2021-06-24,4.13,29.34,33.69,26.26,71.31,5.05,Ahmedabad
2021-06-25,1.11,30.63,36.76,25.68,67.0,4.54,Ahmedabad
2021-06-26,0.19,31.08,36.76,25.25,64.45,3.78,Ahmedabad
2021-06-27,3.84,29.9,33.76,26.33,70.86,3.64,Ahmedabad
2021-06-28,21.35,29.62,33.84,26.52,75.41,3.34,Ahmedabad
2021-06-29,0.19,30.54,36.06,25.98,71.47,3.37,Ahmedabad
2021-06-30,0.14,31.33,36.65,26.62,66.98,5.22,Ahmedabad
2021-07-01,0.09,31.61,37.81,26.31,64.53,6.4,Ahmedabad
2021-07-02,0.0,31.41,37.89,26.3,64.81,6.79,Ahmedabad
2021-07-03,0.01,31.22,37.08,26.14,63.74,5.88,Ahmedabad
2021-07-04,0.0,31.34,37.2,25.79,62.44,4.49,Ahmedabad
2021-07-05,0.01,31.59,36.96,26.43,60.32,3.72,Ahmedabad
2021-07-06,0.06,31.92,37.51,26.54,60.09,3.82,Ahmedabad
2021-07-07,0.0,31.97,37.93,26.44,56.62,4.51,Ahmedabad
2021-07-08,0.0,31.8,37.25,26.83,57.55,4.79,Ahmedabad
2021-07-09,0.08,31.71,36.9,26.64,62.15,4.33,Ahmedabad
2021-07-10,2.07,31.6,36.01,27.9,64.25,3.28,Ahmedabad
2021-07-11,22.6,28.71,30.69,27.06,81.68,4.01,Ahmedabad
2021-07-12,7.11,30.34,33.99,26.43,79.13,2.8,Ahmedabad
2021-07-13,5.3,30.45,34.3,26.99,73.86,5.78,Ahmedabad
2021-07-14,0.81,30.79,36.13,25.89,71.76,3.22,Ahmedabad
2021-07-15,3.66,31.8,36.64,27.5,72.03,2.55,Ahmedabad
2021-07-16,1.11,31.29,35.87,27.97,72.04,5.49,Ahmedabad
2021-07-17,0.86,31.32,36.2,26.89,71.41,3.83,Ahmedabad
2021-07-18,1.83,30.07,33.05,27.64,74.6,5.19,Ahmedabad
2021-07-19,1.36,30.63,35.56,26.18,70.11,5.85,Ahmedabad
2021-07-20,4.01,29.75,34.59,26.35,71.52,7.61,Ahmedabad
2021-07-21,0.54,30.43,35.56,26.22,68.63,7.67,Ahmedabad
2021-07-22,0.11,31.91,38.34,26.31,64.3,5.15,Ahmedabad
2021-07-23,0.36,30.88,34.86,27.05,68.12,4.36,Ahmedabad
2021-07-24,9.28,30.22,34.64,26.95,72.51,4.91,Ahmedabad
2021-07-25,29.86,28.54,32.44,26.46,83.21,5.62,Ahmedabad
2021-07-26,17.28,27.3,29.81,25.42,82.96,6.49,Ahmedabad
2021-07-27,4.9,28.07,32.86,24.99,79.22,6.66,Ahmedabad
2021-07-28,1.26,28.69,33.63,25.46,75.8,7.64,Ahmedabad
2021-07-29,5.11,28.54,33.57,25.1,75.36,7.04,Ahmedabad
2021-07-30,1.55,28.75,34.22,24.59,74.7,7.11,Ahmedabad
2021-07-31,1.43,28.99,34.37,25.17,72.82,7.52,Ahmedabad
2021-08-01,1.38,28.57,33.84,24.67,73.94,6.92,Ahmedabad
2021-08-02,1.43,29.44,35.15,25.05,71.87,5.73,Ahmedabad
2021-08-03,0.9,28.58,32.89,24.97,75.32,5.69,Ahmedabad
2021-08-04,0.33,29.9,35.61,25.3,70.85,5.57,Ahmedabad
2021-08-05,0.04,29.7,34.44,25.07,69.74,4.71,Ahmedabad
2021-08-06,0.16,30.26,35.25,25.54,66.9,4.35,Ahmedabad
2021-08-07,0.02,30.92,36.93,25.38,65.16,3.88,Ahmedabad
2021-08-08,0.06,30.77,35.85,26.02,65.69,3.63,Ahmedabad
2021-08-09,0.0,30.91,36.29,26.44,62.47,4.24,Ahmedabad
2021-08-10,0.42,29.78,34.35,25.43,64.07,4.6,Ahmedabad
2021-08-11,0.45,30.17,36.08,25.0,63.67,4.59,Ahmedabad
2021-08-12,0.05,29.9,34.99,25.23,64.8,4.58,Ahmedabad
2021-08-13,0.03,30.34,36.62,24.98,65.47,4.71,Ahmedabad
2021-08-14,0.01,30.81,37.01,24.84,60.96,4.88,Ahmedabad
2021-08-15,0.0,31.01,37.27,24.97,60.93,4.26,Ahmedabad
2021-08-16,0.0,31.0,36.97,25.58,60.76,3.24,Ahmedabad
2021-08-17,10.04,30.57,36.0,25.91,66.36,3.39,Ahmedabad
2021-08-18,1.41,29.54,34.44,25.4,68.23,3.87,Ahmedabad
2021-08-19,1.53,29.6,35.5,25.62,66.27,4.24,Ahmedabad
2021-08-20,1.32,29.67,34.82,25.56,66.64,3.2,Ahmedabad
2021-08-21,2.94,28.55,33.0,25.71,72.93,3.56,Ahmedabad
2021-08-22,0.37,29.17,34.27,24.95,70.7,3.83,Ahmedabad
2021-08-23,0.02,30.6,36.73,25.39,66.55,4.76,Ahmedabad
2021-08-24,0.01,30.83,35.97,26.11,63.9,4.87,Ahmedabad
2021-08-25,0.03,30.86,36.86,25.5,62.05,5.5,Ahmedabad
2021-08-26,0.01,30.71,37.1,24.83,61.71,5.39,Ahmedabad
2021-08-27,0.0,30.77,37.19,24.69,61.76,4.38,Ahmedabad
2021-08-28,0.05,30.3,35.51,25.77,61.8,3.36,Ahmedabad
2021-08-29,3.53,30.23,35.11,25.71,61.95,3.1,Ahmedabad
2021-08-30,4.13,30.28,35.21,26.0,64.3,3.02,Ahmedabad
2021-08-31,14.21,29.64,33.99,26.34,71.94,3.13,Ahmedabad
2021-09-01,13.55,28.6,32.26,26.12,82.64,1.79,Ahmedabad
2021-09-02,10.31,28.9,33.07,25.78,81.16,5.01,Ahmedabad
2021-09-03,1.6,29.44,34.31,25.82,76.44,5.64,Ahmedabad
2021-09-04,0.54,29.82,34.89,25.58,72.46,4.6,Ahmedabad
2021-09-05,1.24,29.26,33.94,25.6,72.52,2.92,Ahmedabad
2021-09-06,0.52,30.52,35.6,25.46,69.4,2.16,Ahmedabad
2021-09-07,7.16,29.92,33.62,26.75,76.22,2.47,Ahmedabad
2021-09-08,12.43,30.13,34.8,26.23,79.23,2.28,Ahmedabad
2021-09-09,16.32,27.59,29.54,26.04,88.8,4.43,Ahmedabad
2021-09-10,17.99,27.65,30.31,25.54,87.68,3.76,Ahmedabad
2021-09-11,17.69,27.6,30.24,25.36,87.75,3.33,Ahmedabad
2021-09-12,15.55,27.83,30.59,25.18,87.39,4.61,Ahmedabad
2021-09-13,10.0,27.88,30.6,26.21,89.71,4.63,Ahmedabad
2021-09-14,4.51,27.91,30.51,26.15,90.37,3.57,Ahmedabad
2021-09-15,6.85,28.2,32.18,25.49,86.62,3.24,Ahmedabad
2021-09-16,15.94,28.24,32.48,24.42,84.01,3.25,Ahmedabad
2021-09-17,6.39,28.25,32.69,24.4,83.13,3.6,Ahmedabad
2021-09-18,3.72,28.12,32.2,24.83,83.62,3.39,Ahmedabad
2021-09-19,20.23,27.73,30.52,25.26,87.48,2.62,Ahmedabad
2021-09-20,13.53,27.93,31.35,25.12,86.54,3.54,Ahmedabad
2021-09-21,9.45,27.35,30.36,25.4,88.62,3.94,Ahmedabad
2021-09-22,6.25,27.33,30.61,25.01,87.08,3.25,Ahmedabad
2021-09-23,4.46,27.81,31.55,24.92,86.57,2.81,Ahmedabad
2021-09-24,0.88,28.12,31.98,24.78,84.04,2.1,Ahmedabad
2021-09-25,5.85,27.8,31.19,24.77,85.05,2.54,Ahmedabad
2021-09-26,7.98,27.12,29.95,24.87,87.42,2.57,Ahmedabad
2021-09-27,12.17,27.69,30.87,24.41,86.09,2.57,Ahmedabad
2021-09-28,11.44,28.31,31.66,25.49,85.18,2.41,Ahmedabad
2021-09-29,8.25,27.4,29.84,25.51,90.25,5.06,Ahmedabad
2021-09-30,11.04,26.97,30.58,24.84,88.06,4.93,Ahmedabad
2021-10-01,0.35,27.74,32.08,23.86,82.94,1.83,Ahmedabad
2021-10-02,2.18,27.87,31.97,23.86,81.54,1.73,Ahmedabad
2021-10-03,1.0,27.74,32.49,23.56,81.87,2.39,Ahmedabad
2021-10-04,0.1,27.81,32.27,23.53,82.61,2.61,Ahmedabad
2021-10-05,0.0,28.56,32.94,23.81,77.42,1.8,Ahmedabad
2021-10-06,0.69,29.05,33.25,23.85,75.23,2.14,Ahmedabad
2021-10-07,0.06,29.7,33.14,25.74,77.17,1.44,Ahmedabad
2021-10-08,1.23,29.7,33.31,26.22,78.05,1.21,Ahmedabad
2021-10-09,3.07,28.59,32.63,25.08,82.56,2.15,Ahmedabad
2021-10-10,0.77,28.32,32.33,24.85,82.1,2.04,Ahmedabad
2021-10-11,0.48,28.36,32.4,24.95,80.46,2.12,Ahmedabad
2021-10-12,2.1,28.59,33.79,23.66,73.81,2.14,Ahmedabad
2021-10-13,0.04,28.49,34.78,21.35,58.77,2.18,Ahmedabad
2021-10-14,0.0,28.1,34.53,21.36,57.08,2.14,Ahmedabad
2021-10-15,0.0,27.12,33.6,20.82,59.15,1.7,Ahmedabad
2021-10-16,0.0,26.24,33.13,19.39,59.43,1.6,Ahmedabad
2021-10-17,0.09,25.79,30.83,21.55,69.62,1.7,Ahmedabad
2021-10-18,0.01,24.36,32.78,18.88,64.85,3.14,Ahmedabad
2021-10-19,0.0,23.57,31.73,16.7,71.07,3.09,Ahmedabad
2021-10-20,0.0,24.94,32.7,18.18,70.03,2.05,Ahmedabad
2021-10-21,0.0,24.91,32.24,18.67,69.75,2.34,Ahmedabad
2021-10-22,0.0,24.01,30.76,18.37,73.99,2.77,Ahmedabad
2021-10-23,0.0,24.02,30.51,18.31,75.04,3.04,Ahmedabad
2021-10-24,0.0,25.19,31.06,20.13,77.29,2.9,Ahmedabad
2021-10-25,0.0,25.74,30.78,21.42,74.42,1.28,Ahmedabad
2021-10-26,0.0,26.64,32.02,22.05,63.01,1.18,Ahmedabad
2021-10-27,0.0,26.09,32.64,20.71,63.72,2.45,Ahmedabad
2021-10-28,0.0,24.71,32.23,19.16,64.87,3.31,Ahmedabad
2021-10-29,0.0,23.43,32.04,16.33,57.64,3.35,Ahmedabad
2021-10-30,0.0,22.98,32.58,15.99,56.96,3.27,Ahmedabad
2021-10-31,0.0,22.45,32.2,14.83,58.1,2.93,Ahmedabad
2021-11-01,0.0,23.05,32.53,15.1,59.11,2.36,Ahmedabad
2021-11-02,0.0,22.86,32.29,15.32,60.97,3.36,Ahmedabad
2021-11-03,0.0,22.63,31.75,15.61,57.32,3.35,Ahmedabad
2021-11-04,0.0,22.51,32.21,14.94,52.0,3.07,Ahmedabad
2021-11-05,0.0,22.53,32.13,15.18,55.98,3.46,Ahmedabad
2021-11-06,0.0,22.32,30.71,16.12,57.72,3.21,Ahmedabad
2021-11-07,0.0,22.91,31.92,15.89,59.09,3.44,Ahmedabad
2021-11-08,0.0,23.32,32.48,16.86,58.32,3.69,Ahmedabad
2021-11-09,0.0,23.54,33.26,16.19,57.36,3.11,Ahmedabad
2021-11-10,0.0,23.39,32.79,16.21,56.49,3.1,Ahmedabad
2021-11-11,0.0,22.85,32.54,15.51,53.6,2.86,Ahmedabad
2021-11-12,0.0,21.96,31.39,15.18,53.92,3.3,Ahmedabad
2021-11-13,0.0,21.57,31.46,14.31,53.49,3.86,Ahmedabad
2021-11-14,0.0,21.37,30.87,14.04,52.7,3.34,Ahmedabad
2021-11-15,0.0,20.88,30.63,14.06,51.2,3.48,Ahmedabad
2021-11-16,0.0,21.39,31.14,13.48,51.94,4.37,Ahmedabad
2021-11-17,0.0,23.03,30.72,16.27,56.48,4.04,Ahmedabad
2021-11-18,4.32,24.44,30.81,20.18,67.19,3.7,Ahmedabad
2021-11-19,2.33,24.07,29.22,20.41,82.1,2.36,Ahmedabad
2021-11-20,1.82,26.44,32.78,21.24,74.76,2.24,Ahmedabad
2021-11-21,0.0,27.18,33.1,22.49,70.26,3.27,Ahmedabad
2021-11-22,0.0,27.24,33.98,21.77,66.99,2.52,Ahmedabad
2021-11-23,0.0,25.86,34.23,20.18,52.78,2.51,Ahmedabad
2021-11-24,0.0,24.01,32.97,17.3,40.25,2.0,Ahmedabad
2021-11-25,0.0,24.67,32.9,16.03,36.88,1.69,Ahmedabad
2021-11-26,0.0,24.39,33.2,15.54,50.12,2.0,Ahmedabad
2021-11-27,0.0,24.75,33.2,15.92,52.46,1.66,Ahmedabad
2021-11-28,0.0,23.39,31.8,16.01,60.09,2.97,Ahmedabad
2021-11-29,0.0,23.0,31.65,16.42,51.34,3.76,Ahmedabad
2021-11-30,0.0,22.6,30.72,15.95,54.27,4.11,Ahmedabad
2021-12-01,5.0,20.3,23.1,17.95,79.8,3.29,Ahmedabad
2021-12-02,1.67,19.84,24.67,16.6,78.03,3.12,Ahmedabad
2021-12-03,0.12,20.2,28.27,13.77,64.41,3.96,Ahmedabad
2021-12-04,0.13,21.9,29.32,14.82,63.67,2.56,Ahmedabad
2021-12-05,0.0,23.4,29.72,18.07,65.83,2.15,Ahmedabad
2021-12-06,0.0,23.56,30.65,17.27,60.83,2.35,Ahmedabad
2021-12-07,0.0,22.79,30.17,17.14,61.33,3.55,Ahmedabad
2021-12-08,0.0,21.79,29.44,15.74,56.47,2.95,Ahmedabad
2021-12-09,0.0,21.59,29.45,15.58,55.54,2.67,Ahmedabad
2021-12-10,0.0,21.15,29.4,14.89,55.49,3.32,Ahmedabad
2021-12-11,0.0,20.5,29.7,13.27,51.51,2.86,Ahmedabad
2021-12-12,0.0,20.55,29.09,13.03,57.47,2.47,Ahmedabad
2021-12-13,0.0,21.25,29.34,14.84,56.17,2.16,Ahmedabad
2021-12-14,0.0,20.32,29.32,14.09,36.69,2.6,Ahmedabad
2021-12-15,0.0,19.94,29.34,13.08,41.77,2.63,Ahmedabad
2021-12-16,0.0,18.89,28.96,12.17,32.51,3.17,Ahmedabad
2021-12-17,0.0,16.78,26.93,8.43,41.43,3.6,Ahmedabad
2021-12-18,0.0,17.3,27.19,9.8,46.03,4.05,Ahmedabad
2021-12-19,0.0,17.16,27.3,9.47,39.86,3.81,Ahmedabad
2021-12-20,0.0,18.24,28.08,9.42,35.18,2.63,Ahmedabad
2021-12-21,0.0,18.98,28.72,10.0,36.72,2.08,Ahmedabad
2021-12-22,0.0,19.76,28.66,11.53,33.22,1.92,Ahmedabad
2021-12-23,0.0,21.4,29.4,14.0,48.34,1.66,Ahmedabad
2021-12-24,0.0,22.01,29.55,14.9,62.91,1.92,Ahmedabad
2021-12-25,0.0,22.12,29.79,15.92,56.02,1.69,Ahmedabad
2021-12-26,0.0,22.01,30.12,15.55,38.67,1.92,Ahmedabad
2021-12-27,0.0,22.38,28.93,16.49,45.08,1.72,Ahmedabad
2021-12-28,1.56,20.32,26.85,15.91,61.93,3.12,Ahmedabad
2021-12-29,0.04,18.08,25.95,12.1,60.28,3.21,Ahmedabad
2021-12-30,0.0,17.79,25.63,11.49,54.21,4.66,Ahmedabad
2021-12-31,0.0,18.85,26.91,12.21,53.01,4.0,Ahmedabad
2022-01-01,0.0,19.72,27.08,13.46,62.31,3.03,Ahmedabad
2022-01-02,0.0,21.63,29.35,15.04,63.47,2.53,Ahmedabad
2022-01-03,0.0,22.73,29.95,15.71,58.91,2.39,Ahmedabad
2022-01-04,0.0,23.7,30.7,16.54,54.8,1.85,Ahmedabad
2022-01-05,0.25,23.64,30.99,17.89,54.69,1.92,Ahmedabad
2022-01-06,1.47,21.64,27.62,16.0,61.67,2.1,Ahmedabad
2022-01-07,0.05,21.87,28.3,16.33,61.81,3.61,Ahmedabad
2022-01-08,0.0,18.26,25.79,13.28,54.26,4.01,Ahmedabad
2022-01-09,0.0,16.24,24.56,9.81,45.36,3.25,Ahmedabad
2022-01-10,0.0,15.51,24.21,8.3,46.0,3.06,Ahmedabad
2022-01-11,0.0,15.16,24.47,7.56,46.03,3.69,Ahmedabad
2022-01-12,0.0,14.97,23.87,7.43,45.84,3.08,Ahmedabad
2022-01-13,0.0,15.52,25.02,7.86,44.96,3.49,Ahmedabad
2022-01-14,0.0,16.19,26.16,8.89,42.61,3.4,Ahmedabad
2022-01-15,0.0,16.5,26.59,8.12,47.66,3.57,Ahmedabad
2022-01-16,0.0,17.8,27.82,9.33,50.96,3.55,Ahmedabad
2022-01-17,0.0,19.9,29.5,11.71,51.14,2.92,Ahmedabad
2022-01-18,0.0,21.13,30.74,13.89,42.93,2.99,Ahmedabad
2022-01-19,0.0,20.94,31.11,12.57,42.57,2.68,Ahmedabad
2022-01-20,0.0,22.05,32.12,13.64,56.05,3.52,Ahmedabad
2022-01-21,0.0,22.41,30.6,14.19,58.71,3.3,Ahmedabad
2022-01-22,0.01,20.79,27.66,13.03,54.35,5.74,Ahmedabad
2022-01-23,0.0,14.72,23.44,7.31,31.67,2.77,Ahmedabad
2022-01-24,0.0,14.87,23.67,6.95,31.37,2.37,Ahmedabad
2022-01-25,0.0,15.48,24.96,7.01,35.26,2.49,Ahmedabad
2022-01-26,0.0,16.55,26.31,7.77,32.47,2.75,Ahmedabad
2022-01-27,0.0,16.4,26.91,7.71,37.1,3.46,Ahmedabad
2022-01-28,0.0,17.65,28.5,8.1,31.93,3.34,Ahmedabad
2022-01-29,0.0,19.0,29.78,8.45,28.26,2.39,Ahmedabad
2022-01-30,0.0,20.02,30.83,10.18,26.86,2.4,Ahmedabad
2022-01-31,0.0,20.83,30.94,11.2,46.92,2.39,Ahmedabad
2022-02-01,0.0,22.96,32.52,14.27,51.88,2.4,Ahmedabad
2022-02-02,0.0,22.87,33.04,15.11,32.87,2.47,Ahmedabad
2022-02-03,0.0,20.28,28.65,14.99,48.18,4.4,Ahmedabad
2022-02-04,0.0,19.81,29.25,11.56,27.88,1.9,Ahmedabad
2022-02-05,0.0,19.82,29.71,11.39,36.9,2.0,Ahmedabad
2022-02-06,0.0,21.03,31.15,11.31,33.07,2.54,Ahmedabad
2022-02-07,0.0,21.14,31.57,11.57,42.96,2.47,Ahmedabad
2022-02-08,0.0,21.91,31.08,13.28,43.37,2.48,Ahmedabad
2022-02-09,0.0,21.98,30.49,14.6,42.49,3.19,Ahmedabad
2022-02-10,0.0,21.67,30.96,14.24,36.08,3.89,Ahmedabad
2022-02-11,0.0,21.41,31.26,12.73,33.92,3.36,Ahmedabad
2022-02-12,0.0,21.75,31.73,11.3,24.14,2.15,Ahmedabad
2022-02-13,0.0,22.69,32.35,12.08,18.91,2.12,Ahmedabad
2022-02-14,0.0,23.01,32.55,13.15,20.32,2.09,Ahmedabad
2022-02-15,0.0,22.69,32.64,13.26,22.37,2.36,Ahmedabad
2022-02-16,0.0,23.71,32.6,14.53,26.81,2.18,Ahmedabad
2022-02-17,0.0,24.07,33.17,14.98,25.41,2.23,Ahmedabad
2022-02-18,0.0,24.58,34.13,15.94,27.35,2.5,Ahmedabad
2022-02-19,0.0,24.72,34.87,15.94,23.74,3.03,Ahmedabad
2022-02-20,0.0,24.2,35.12,14.76,19.75,3.0,Ahmedabad
2022-02-21,0.0,24.47,35.73,14.35,23.95,2.68,Ahmedabad
2022-02-22,0.0,24.84,36.38,15.66,45.72,2.99,Ahmedabad
2022-02-23,0.0,24.75,35.24,15.24,41.1,2.92,Ahmedabad
2022-02-24,0.0,25.84,35.79,16.43,22.12,1.98,Ahmedabad
2022-02-25,0.0,26.04,36.38,16.92,18.66,2.29,Ahmedabad
2022-02-26,0.0,25.08,35.23,15.12,32.24,2.35,Ahmedabad
2022-02-27,0.0,25.76,35.8,16.33,22.24,2.38,Ahmedabad
2022-02-28,0.0,25.86,35.38,16.74,28.45,2.84,Ahmedabad
2022-03-01,0.0,27.24,37.06,18.18,23.19,2.34,Ahmedabad
2022-03-02,0.0,26.98,37.09,17.82,21.05,2.56,Ahmedabad
2022-03-03,0.0,26.54,35.75,19.18,27.48,3.89,Ahmedabad
2022-03-04,0.0,25.3,35.03,17.58,21.53,3.77,Ahmedabad
2022-03-05,0.0,26.08,36.65,16.56,18.82,3.13,Ahmedabad
2022-03-06,0.0,27.09,37.62,17.32,15.07,2.85,Ahmedabad
2022-03-07,0.0,28.14,37.76,19.01,15.84,2.97,Ahmedabad
2022-03-08,0.0,28.68,37.98,19.8,16.34,2.39,Ahmedabad
2022-03-09,0.06,28.98,37.82,20.64,19.62,1.67,Ahmedabad
2022-03-10,0.07,29.02,38.01,20.34,20.02,2.2,Ahmedabad
2022-03-11,0.0,29.42,38.52,20.58,19.61,2.69,Ahmedabad
2022-03-12,0.0,29.85,38.83,19.68,16.82,1.75,Ahmedabad
2022-03-13,0.0,30.49,40.24,20.96,15.82,2.05,Ahmedabad
2022-03-14,0.0,30.77,41.2,21.14,17.21,2.56,Ahmedabad
2022-03-15,0.0,31.11,41.78,21.77,17.83,3.7,Ahmedabad
2022-03-16,0.0,31.06,41.92,21.36,17.61,4.25,Ahmedabad
2022-03-17,0.0,31.32,42.44,21.23,18.23,4.26,Ahmedabad
2022-03-18,0.0,31.85,42.49,22.58,16.33,4.75,Ahmedabad
2022-03-19,0.0,31.42,41.41,22.07,17.97,4.37,Ahmedabad
2022-03-20,0.0,30.58,40.43,22.0,27.89,4.92,Ahmedabad
2022-03-21,0.0,30.48,40.85,21.19,18.66,4.24,Ahmedabad
2022-03-22,0.0,30.82,41.0,21.61,17.24,4.43,Ahmedabad
2022-03-23,0.0,30.94,40.01,22.9,17.6,4.38,Ahmedabad
2022-03-24,0.0,30.83,40.37,22.39,23.76,4.28,Ahmedabad
2022-03-25,0.0,30.97,40.01,22.12,26.94,3.55,Ahmedabad
2022-03-26,0.0,32.22,42.72,22.18,23.51,3.03,Ahmedabad
2022-03-27,0.0,32.64,43.22,22.89,20.39,3.34,Ahmedabad
2022-03-28,0.0,32.16,42.52,22.4,17.93,3.68,Ahmedabad
2022-03-29,0.0,32.17,43.18,22.09,21.09,4.51,Ahmedabad
2022-03-30,0.0,31.51,43.0,20.83,25.26,2.8,Ahmedabad
2022-03-31,0.0,31.45,42.99,20.67,34.47,2.5,Ahmedabad
2022-04-01,0.0,32.02,42.9,21.7,26.11,2.81,Ahmedabad
2022-04-02,0.0,32.63,43.52,22.38,23.47,2.71,Ahmedabad
2022-04-03,0.0,32.76,43.23,22.38,23.73,3.18,Ahmedabad
2022-04-04,0.0,33.01,43.46,23.28,23.16,3.53,Ahmedabad
2022-04-05,0.0,34.14,43.87,24.75,20.52,3.98,Ahmedabad
2022-04-06,0.0,34.24,44.15,24.87,15.14,3.95,Ahmedabad
2022-04-07,0.0,34.67,44.94,25.2,18.06,4.61,Ahmedabad
2022-04-08,0.0,35.42,45.18,26.63,16.93,4.55,Ahmedabad
2022-04-09,0.0,34.54,43.88,25.8,19.08,4.21,Ahmedabad
2022-04-10,0.0,33.63,43.81,23.88,19.79,3.71,Ahmedabad
2022-04-11,0.0,33.51,43.39,24.05,23.97,3.88,Ahmedabad
2022-04-12,0.0,33.01,41.75,25.18,21.77,3.78,Ahmedabad
2022-04-13,0.0,32.55,43.36,21.71,25.7,3.85,Ahmedabad
2022-04-14,0.0,32.72,43.51,22.53,31.54,3.97,Ahmedabad
2022-04-15,0.0,32.5,43.06,21.9,35.78,4.18,Ahmedabad
2022-04-16,0.0,33.13,43.5,23.74,36.79,4.18,Ahmedabad
2022-04-17,0.0,32.79,43.11,23.14,32.77,3.42,Ahmedabad
2022-04-18,0.0,32.81,43.57,22.38,31.46,3.12,Ahmedabad
2022-04-19,0.0,33.18,43.02,23.07,24.05,3.86,Ahmedabad
2022-04-20,0.0,33.81,40.4,27.43,26.43,4.43,Ahmedabad
2022-04-21,0.0,35.17,42.9,29.12,20.88,4.11,Ahmedabad
2022-04-22,0.0,34.1,42.33,26.23,22.19,3.82,Ahmedabad
2022-04-23,0.0,34.23,42.93,26.44,19.57,3.92,Ahmedabad
2022-04-24,0.0,34.33,43.39,25.75,20.48,5.08,Ahmedabad
2022-04-25,0.0,33.69,43.36,23.81,21.91,4.93,Ahmedabad
2022-04-26,0.0,33.82,43.27,24.07,27.05,3.53,Ahmedabad
2022-04-27,0.0,35.09,44.98,25.18,24.76,3.55,Ahmedabad
2022-04-28,0.0,35.5,45.66,24.92,26.54,3.92,Ahmedabad
2022-04-29,0.0,36.09,44.7,27.23,22.4,4.98,Ahmedabad
2022-04-30,0.0,35.82,45.58,25.95,31.77,5.36,Ahmedabad
2022-05-01,0.0,35.55,44.81,27.45,33.85,4.56,Ahmedabad
2022-05-02,0.0,36.1,44.42,27.59,29.46,4.47,Ahmedabad
2022-05-03,0.0,35.07,43.34,26.52,25.58,4.11,Ahmedabad
2022-05-04,0.0,34.9,43.32,26.05,28.13,3.3,Ahmedabad
2022-05-05,0.0,34.09,42.03,25.91,33.21,3.04,Ahmedabad
2022-05-06,0.0,35.33,43.47,27.19,30.75,3.43,Ahmedabad
2022-05-07,0.0,35.73,43.87,27.81,25.46,3.62,Ahmedabad
2022-05-08,0.0,36.45,45.36,28.03,26.01,4.08,Ahmedabad
2022-05-09,0.0,36.26,45.37,27.01,26.03,5.02,Ahmedabad
2022-05-10,0.0,36.69,45.72,27.67,31.64,5.09,Ahmedabad
2022-05-11,0.0,37.96,47.14,28.48,24.83,4.27,Ahmedabad
2022-05-12,0.0,38.72,47.65,30.34,19.76,5.67,Ahmedabad
2022-05-13,0.0,36.83,47.12,27.03,29.88,4.41,Ahmedabad
2022-05-14,0.0,36.35,45.9,27.12,35.63,4.3,Ahmedabad
2022-05-15,0.0,36.19,45.04,28.39,37.64,4.83,Ahmedabad
2022-05-16,0.0,35.1,44.17,26.19,37.59,5.06,Ahmedabad
2022-05-17,0.0,34.49,42.81,26.3,37.15,4.19,Ahmedabad
2022-05-18,0.0,34.54,42.94,26.38,34.25,3.24,Ahmedabad
2022-05-19,0.0,36.18,44.99,27.17,33.42,3.49,Ahmedabad
2022-05-20,0.0,36.11,44.88,27.99,33.61,5.55,Ahmedabad
2022-05-21,0.0,33.42,42.2,26.08,46.5,7.81,Ahmedabad
2022-05-22,0.0,34.05,42.51,27.55,47.58,7.64,Ahmedabad
2022-05-23,0.0,34.64,42.6,28.31,45.99,7.58,Ahmedabad
2022-05-24,0.0,34.68,42.07,28.37,45.1,4.93,Ahmedabad
2022-05-25,0.0,34.84,42.01,28.25,42.38,4.36,Ahmedabad
2022-05-26,0.0,34.75,42.17,27.42,43.48,5.55,Ahmedabad
2022-05-27,0.0,34.48,42.05,28.29,44.79,7.13,Ahmedabad
2022-05-28,0.0,34.61,42.85,28.08,43.84,7.11,Ahmedabad
2022-05-29,0.0,34.12,41.8,27.93,47.05,6.8,Ahmedabad
2022-05-30,0.0,34.65,42.93,27.22,45.64,6.02,Ahmedabad
2022-05-31,0.0,34.76,43.16,27.21,42.01,5.16,Ahmedabad
2022-06-01,0.0,34.8,43.96,25.91,39.52,4.56,Ahmedabad
2022-06-02,0.0,35.33,44.37,26.28,38.29,5.39,Ahmedabad
2022-06-03,0.0,35.25,44.11,26.83,38.45,5.64,Ahmedabad
2022-06-04,0.0,35.05,43.92,26.36,36.09,5.44,Ahmedabad
2022-06-05,0.0,34.72,43.4,26.39,36.87,3.68,Ahmedabad
2022-06-06,0.0,35.47,43.87,26.81,34.07,4.62,Ahmedabad
2022-06-07,0.01,34.75,42.22,27.71,37.7,4.83,Ahmedabad
2022-06-08,0.09,34.91,41.44,28.62,45.99,6.05,Ahmedabad
2022-06-09,0.0,35.25,42.55,28.07,46.05,5.92,Ahmedabad
2022-06-10,0.0,35.45,43.13,28.16,44.81,5.62,Ahmedabad
2022-06-11,0.08,35.61,42.7,29.44,44.97,5.4,Ahmedabad
2022-06-12,2.15,33.6,38.25,30.05,52.08,4.9,Ahmedabad
2022-06-13,1.08,32.96,37.8,28.95,52.45,4.84,Ahmedabad
2022-06-14,0.27,33.39,39.45,28.55,49.6,5.76,Ahmedabad
2022-06-15,0.24,34.16,40.65,28.61,52.31,5.84,Ahmedabad
2022-06-16,0.28,33.61,38.49,29.25,53.1,5.76,Ahmedabad
2022-06-17,1.3,33.55,38.93,28.81,55.64,6.25,Ahmedabad
2022-06-18,0.62,33.35,38.86,28.41,56.06,6.43,Ahmedabad
2022-06-19,2.97,32.33,36.77,28.61,63.28,5.81,Ahmedabad
2022-06-20,0.64,33.35,39.25,27.99,57.06,6.82,Ahmedabad
2022-06-21,0.3,33.5,39.82,27.84,53.69,6.5,Ahmedabad
2022-06-22,1.77,33.67,39.45,27.99,52.31,3.09,Ahmedabad
2022-06-23,8.26,32.42,36.75,28.89,58.91,3.12,Ahmedabad
2022-06-24,0.08,33.16,38.72,28.46,55.27,3.85,Ahmedabad
2022-06-25,0.0,34.97,40.91,29.28,50.15,4.14,Ahmedabad
2022-06-26,4.94,33.97,39.16,30.11,53.96,4.38,Ahmedabad
2022-06-27,0.29,32.58,38.01,28.55,58.35,4.96,Ahmedabad
2022-06-28,0.4,31.53,36.08,28.0,61.54,5.17,Ahmedabad
2022-06-29,0.14,32.58,36.33,28.05,58.64,5.43,Ahmedabad
2022-06-30,10.99,32.07,36.73,28.1,63.84,5.49,Ahmedabad
2022-07-01,15.85,29.76,33.35,27.41,77.5,5.16,Ahmedabad
2022-07-02,8.7,29.73,32.92,26.75,74.88,4.13,Ahmedabad
2022-07-03,9.8,29.99,34.6,26.72,75.15,5.1,Ahmedabad
2022-07-04,2.78,30.63,35.45,26.25,69.85,3.84,Ahmedabad
2022-07-05,4.53,30.48,34.45,26.93,73.04,3.58,Ahmedabad
2022-07-06,4.68,30.37,35.28,27.06,73.15,4.79,Ahmedabad
2022-07-07,4.35,30.34,34.77,26.84,72.68,3.67,Ahmedabad
2022-07-08,21.4,29.37,33.68,26.51,79.53,5.17,Ahmedabad
2022-07-09,17.36,28.46,30.99,26.35,83.23,6.07,Ahmedabad
2022-07-10,41.41,27.98,30.75,25.64,85.47,5.14,Ahmedabad
2022-07-11,23.93,27.94,31.86,25.37,86.11,4.93,Ahmedabad
2022-07-12,7.61,27.7,30.35,25.48,86.22,4.85,Ahmedabad
2022-07-13,20.39,28.35,31.75,25.72,86.06,3.87,Ahmedabad
2022-07-14,6.15,28.24,31.05,25.6,86.14,2.63,Ahmedabad
2022-07-15,20.88,28.57,32.26,26.19,85.31,4.61,Ahmedabad
2022-07-16,7.43,28.87,33.24,25.89,82.37,6.62,Ahmedabad
2022-07-17,4.19,28.95,33.25,25.65,81.97,5.09,Ahmedabad
2022-07-18,10.86,28.18,31.27,25.32,83.1,3.86,Ahmedabad
2022-07-19,11.88,27.12,29.71,25.31,88.24,5.69,Ahmedabad
2022-07-20,15.21,28.33,32.5,25.01,84.32,4.96,Ahmedabad
2022-07-21,1.39,28.49,32.51,25.11,81.61,5.19,Ahmedabad
2022-07-22,2.32,27.76,31.32,24.89,84.54,4.13,Ahmedabad
2022-07-23,26.85,27.8,31.17,24.84,86.44,4.11,Ahmedabad
2022-07-24,15.47,27.85,31.94,25.38,86.31,5.32,Ahmedabad
2022-07-25,20.76,27.5,31.17,24.48,84.78,4.23,Ahmedabad
2022-07-26,24.66,26.75,29.65,24.65,88.55,4.03,Ahmedabad
2022-07-27,10.06,27.66,30.89,24.53,84.59,3.46,Ahmedabad
2022-07-28,6.72,28.34,32.08,24.75,83.77,3.06,Ahmedabad
2022-07-29,21.86,27.25,30.23,25.04,86.47,3.52,Ahmedabad
2022-07-30,3.33,27.98,32.2,24.61,83.77,3.65,Ahmedabad
2022-07-31,1.52,27.36,31.42,24.24,85.65,3.77,Ahmedabad
2022-08-01,2.27,28.3,33.1,24.41,82.35,4.35,Ahmedabad
2022-08-02,1.44,28.36,32.58,24.78,83.79,3.66,Ahmedabad
2022-08-03,9.47,28.43,31.4,25.3,84.04,2.18,Ahmedabad
2022-08-04,4.28,29.0,32.56,25.77,82.05,1.86,Ahmedabad
2022-08-05,37.28,27.6,29.85,25.87,88.03,1.49,Ahmedabad
2022-08-06,4.81,28.46,32.43,25.42,84.98,1.88,Ahmedabad
2022-08-07,1.32,28.16,31.31,25.73,86.6,2.07,Ahmedabad
2022-08-08,4.15,27.93,30.24,25.88,89.2,2.03,Ahmedabad
2022-08-09,3.5,29.46,34.09,26.08,85.0,1.72,Ahmedabad
2022-08-10,8.13,28.77,32.15,26.25,86.91,1.73,Ahmedabad
2022-08-11,11.22,28.22,32.75,25.25,87.23,3.76,Ahmedabad
2022-08-12,22.65,28.04,32.02,25.56,86.35,6.96,Ahmedabad
2022-08-13,4.14,27.82,32.01,24.62,85.04,6.01,Ahmedabad
2022-08-14,1.79,27.48,31.77,24.38,84.94,5.22,Ahmedabad
2022-08-15,9.6,26.55,29.11,24.22,89.99,3.42,Ahmedabad
2022-08-16,46.31,26.66,29.73,24.58,91.34,5.43,Ahmedabad
2022-08-17,10.34,26.6,28.8,25.03,90.46,7.09,Ahmedabad
2022-08-18,6.69,27.25,31.36,24.3,87.22,5.74,Ahmedabad
2022-08-19,4.79,27.94,32.32,24.38,85.73,4.2,Ahmedabad
2022-08-20,1.71,27.15,31.02,24.45,87.4,3.44,Ahmedabad
2022-08-21,0.98,27.2,30.79,23.6,87.01,3.64,Ahmedabad
2022-08-22,1.99,26.82,30.37,24.13,87.51,4.94,Ahmedabad
2022-08-23,22.42,26.17,28.09,24.61,91.89,5.81,Ahmedabad
2022-08-24,5.97,27.36,31.26,24.39,85.99,5.41,Ahmedabad
2022-08-25,3.84,26.98,30.75,23.54,84.81,3.49,Ahmedabad
2022-08-26,1.87,26.94,30.93,22.46,82.1,2.57,Ahmedabad
2022-08-27,0.06,26.82,30.44,23.48,82.35,2.67,Ahmedabad
2022-08-28,0.01,26.61,30.4,22.8,81.94,2.78,Ahmedabad
2022-08-29,0.0,26.89,30.06,23.42,83.97,2.1,Ahmedabad
2022-08-30,1.71,28.27,32.08,23.98,76.83,0.91,Ahmedabad
2022-08-31,0.33,29.31,33.25,25.18,76.01,1.2,Ahmedabad
2022-09-01,1.57,27.89,31.02,24.96,85.89,2.56,Ahmedabad
2022-09-02,0.29,28.01,31.42,24.9,86.01,2.07,Ahmedabad
2022-09-03,0.01,28.71,32.88,24.67,83.47,2.47,Ahmedabad
2022-09-04,0.0,28.08,32.25,24.7,84.19,4.0,Ahmedabad
2022-09-05,0.0,27.75,32.24,23.73,83.1,3.4,Ahmedabad
2022-09-06,0.0,28.04,31.61,23.59,78.03,1.98,Ahmedabad
2022-09-07,0.02,28.64,33.21,23.58,78.08,1.73,Ahmedabad
2022-09-08,1.01,28.99,33.66,25.11,81.6,3.06,Ahmedabad
2022-09-09,1.61,28.93,32.3,25.68,86.12,2.94,Ahmedabad
2022-09-10,6.69,29.06,32.12,26.82,85.9,1.67,Ahmedabad
2022-09-11,10.16,28.42,31.56,26.34,90.44,2.9,Ahmedabad
2022-09-12,25.19,27.81,30.25,25.63,91.71,3.05,Ahmedabad
2022-09-13,3.93,27.67,29.76,25.72,91.69,3.57,Ahmedabad
2022-09-14,21.87,26.73,29.3,25.03,91.85,2.87,Ahmedabad
2022-09-15,7.01,26.76,28.44,25.69,94.25,3.57,Ahmedabad
2022-09-16,0.62,27.64,31.68,24.69,86.55,4.32,Ahmedabad
2022-09-17,0.1,27.44,31.66,24.09,84.8,3.32,Ahmedabad
2022-09-18,0.0,27.27,30.9,23.62,81.67,2.14,Ahmedabad
2022-09-19,0.0,26.92,31.02,24.1,84.82,3.21,Ahmedabad
2022-09-20,0.0,27.04,31.47,23.55,83.62,3.88,Ahmedabad
2022-09-21,0.0,26.48,30.94,22.63,83.39,3.83,Ahmedabad
2022-09-22,0.0,26.22,30.92,22.89,84.93,4.77,Ahmedabad
2022-09-23,0.0,25.75,29.84,22.85,84.84,4.77,Ahmedabad
2022-09-24,0.01,26.26,30.98,22.29,83.42,3.93,Ahmedabad
2022-09-25,0.0,26.31,31.03,21.38,82.73,2.89,Ahmedabad
2022-09-26,0.06,26.9,31.5,23.29,82.64,2.31,Ahmedabad
2022-09-27,0.05,26.9,31.66,22.54,81.98,2.39,Ahmedabad
2022-09-28,0.27,26.81,31.09,23.65,83.92,2.93,Ahmedabad
2022-09-29,0.49,26.79,31.25,23.78,83.41,3.23,Ahmedabad
2022-09-30,0.27,26.52,31.88,22.14,80.4,2.71,Ahmedabad
2022-10-01,0.0,26.46,31.87,21.52,79.8,2.9,Ahmedabad
2022-10-02,0.0,26.68,31.36,22.17,80.01,2.74,Ahmedabad
2022-10-03,0.0,26.93,31.37,22.4,77.77,2.35,Ahmedabad
2022-10-04,0.0,27.5,32.92,22.52,76.09,2.75,Ahmedabad
2022-10-05,0.01,27.04,32.24,21.14,72.82,3.09,Ahmedabad
2022-10-06,6.06,27.21,30.6,23.28,74.97,2.07,Ahmedabad
2022-10-07,20.34,26.23,29.27,23.87,85.71,2.73,Ahmedabad
2022-10-08,3.88,26.78,31.52,22.52,79.34,2.36,Ahmedabad
2022-10-09,1.11,27.59,31.99,23.89,81.32,2.3,Ahmedabad
2022-10-10,0.17,28.32,33.13,23.91,77.0,1.9,Ahmedabad
2022-10-11,0.09,28.44,33.4,24.06,68.7,1.11,Ahmedabad
2022-10-12,0.1,27.4,32.44,22.98,68.29,1.66,Ahmedabad
2022-10-13,0.0,26.13,32.24,20.3,64.35,2.46,Ahmedabad
2022-10-14,0.0,25.2,31.95,18.84,69.11,2.45,Ahmedabad
2022-10-15,0.0,25.43,31.85,18.59,65.0,2.07,Ahmedabad
2022-10-16,0.0,23.81,31.13,17.52,67.88,3.1,Ahmedabad
2022-10-17,0.0,23.48,31.29,16.84,67.85,3.13,Ahmedabad
2022-10-18,0.0,24.53,31.83,16.81,62.41,2.4,Ahmedabad
2022-10-19,0.0,25.14,31.51,17.98,63.42,2.0,Ahmedabad
2022-10-20,0.0,24.74,31.29,18.16,69.69,2.33,Ahmedabad
2022-10-21,0.0,25.37,32.59,20.07,70.02,3.01,Ahmedabad
2022-10-22,0.0,23.7,31.72,18.26,70.14,3.94,Ahmedabad
2022-10-23,0.0,23.85,31.78,16.84,60.62,2.02,Ahmedabad
2022-10-24,0.0,24.36,32.11,16.77,54.01,2.25,Ahmedabad
2022-10-25,0.0,24.98,32.38,16.48,54.76,2.44,Ahmedabad
2022-10-26,0.0,25.06,32.29,18.53,60.58,1.25,Ahmedabad
2022-10-27,0.0,25.31,32.05,18.47,55.74,1.7,Ahmedabad
2022-10-28,0.0,26.14,32.51,19.03,50.68,1.41,Ahmedabad
2022-10-29,0.0,25.99,33.13,18.88,54.02,1.8,Ahmedabad
2022-10-30,0.0,26.42,33.68,19.31,50.37,1.51,Ahmedabad
2022-10-31,0.0,24.59,33.24,17.06,56.76,2.56,Ahmedabad
2022-11-01,0.0,23.72,31.87,16.1,64.77,2.53,Ahmedabad
2022-11-02,0.0,25.02,33.08,16.88,58.6,1.94,Ahmedabad
2022-11-03,0.0,26.07,33.67,18.05,48.49,1.32,Ahmedabad
2022-11-04,0.0,26.42,34.43,17.56,46.21,1.38,Ahmedabad
2022-11-05,0.0,27.07,34.77,19.87,42.11,1.15,Ahmedabad
2022-11-06,0.0,27.11,34.44,19.73,43.35,1.73,Ahmedabad
2022-11-07,0.0,27.48,33.58,21.96,47.05,1.26,Ahmedabad
2022-11-08,0.0,26.59,33.66,19.64,48.8,1.82,Ahmedabad
2022-11-09,0.0,25.76,33.27,18.75,49.73,1.85,Ahmedabad
2022-11-10,0.0,24.73,32.63,17.99,50.78,2.34,Ahmedabad
2022-11-11,0.0,24.53,33.02,17.24,52.08,2.44,Ahmedabad
2022-11-12,0.0,23.96,32.03,17.11,57.25,2.61,Ahmedabad
2022-11-13,0.0,22.94,31.05,16.75,56.97,2.89,Ahmedabad
2022-11-14,0.0,23.23,31.02,15.96,56.88,1.98,Ahmedabad
2022-11-15,0.0,23.6,31.59,16.44,59.15,2.14,Ahmedabad
2022-11-16,0.0,23.82,32.43,16.94,53.77,2.64,Ahmedabad
2022-11-17,0.0,23.04,31.67,15.73,45.76,2.98,Ahmedabad
2022-11-18,0.0,21.91,30.72,14.88,46.34,2.69,Ahmedabad
2022-11-19,0.0,21.63,30.52,13.12,48.44,2.5,Ahmedabad
2022-11-20,0.0,22.01,30.57,13.24,46.75,2.29,Ahmedabad
2022-11-21,0.0,21.49,30.41,13.41,50.03,2.94,Ahmedabad
2022-11-22,0.0,21.34,31.01,12.67,48.49,2.7,Ahmedabad
2022-11-23,0.0,21.61,31.28,13.05,47.2,2.36,Ahmedabad
2022-11-24,0.0,21.39,31.37,13.5,47.54,2.81,Ahmedabad
2022-11-25,0.0,20.35,30.87,12.35,45.44,3.54,Ahmedabad
2022-11-26,0.0,20.96,31.21,12.17,43.95,3.14,Ahmedabad
2022-11-27,0.0,21.33,31.33,11.92,45.64,2.43,Ahmedabad
2022-11-28,0.0,21.67,31.64,12.99,44.92,2.31,Ahmedabad
2022-11-29,0.0,21.39,31.05,13.63,50.81,3.04,Ahmedabad
2022-11-30,0.0,21.51,31.05,14.56,50.4,3.44,Ahmedabad
2022-12-01,0.0,20.79,30.28,13.31,53.42,3.17,Ahmedabad
2022-12-02,0.0,21.29,29.93,13.56,52.32,2.08,Ahmedabad
2022-12-03,0.0,21.09,29.88,13.4,43.85,2.42,Ahmedabad
2022-12-04,0.0,21.1,30.82,13.59,44.11,2.52,Ahmedabad
2022-12-05,0.0,21.09,30.97,13.62,40.79,2.99,Ahmedabad
2022-12-06,0.0,22.18,31.21,15.83,50.98,2.63,Ahmedabad
2022-12-07,0.0,21.7,30.51,15.16,52.86,3.15,Ahmedabad
2022-12-08,0.0,20.28,30.81,12.73,42.99,3.57,Ahmedabad
2022-12-09,0.0,19.52,30.1,11.12,43.85,3.38,Ahmedabad
2022-12-10,0.0,19.81,30.43,11.57,47.77,3.52,Ahmedabad
2022-12-11,4.42,21.31,30.83,12.89,58.02,2.87,Ahmedabad
2022-12-12,0.0,23.51,32.42,15.91,53.89,2.68,Ahmedabad
2022-12-13,0.06,24.68,32.15,19.46,59.74,4.14,Ahmedabad
2022-12-14,1.24,23.33,30.8,18.27,63.19,3.85,Ahmedabad
2022-12-15,0.0,23.89,30.74,18.53,61.07,3.04,Ahmedabad
2022-12-16,0.0,24.86,32.74,18.56,42.81,2.57,Ahmedabad
2022-12-17,0.0,25.19,34.39,18.74,30.18,2.86,Ahmedabad
2022-12-18,0.0,23.98,33.49,17.15,40.05,3.4,Ahmedabad
2022-12-19,0.0,23.84,32.84,16.89,41.28,2.99,Ahmedabad
2022-12-20,0.0,23.26,32.43,16.29,40.03,2.82,Ahmedabad
2022-12-21,0.0,23.06,32.29,16.5,34.94,2.73,Ahmedabad
2022-12-22,0.0,21.55,31.4,14.46,30.46,3.04,Ahmedabad
2022-12-23,0.0,19.38,29.03,13.62,31.01,3.19,Ahmedabad
2022-12-24,0.0,17.39,27.15,9.93,36.89,3.07,Ahmedabad
2022-12-25,0.0,18.16,28.24,11.03,42.03,3.54,Ahmedabad
2022-12-26,0.0,18.63,29.02,10.65,41.2,3.07,Ahmedabad
2022-12-27,0.0,19.49,29.43,11.97,42.9,3.17,Ahmedabad
2022-12-28,0.0,20.39,30.46,11.11,38.07,2.65,Ahmedabad
2022-12-29,0.0,21.0,30.72,12.25,42.41,2.34,Ahmedabad
2022-12-30,0.0,21.96,30.37,15.92,45.31,2.35,Ahmedabad
2022-12-31,0.0,19.85,28.52,13.33,42.46,3.35,Ahmedabad
2023-01-01,0.0,18.32,28.3,10.47,37.05,2.96,Ahmedabad
2023-01-02,0.0,18.14,28.42,9.81,38.78,3.0,Ahmedabad
2023-01-03,0.0,17.74,27.56,10.2,41.05,3.46,Ahmedabad
2023-01-04,0.0,16.67,25.91,9.89,35.14,4.94,Ahmedabad
2023-01-05,0.0,17.09,26.28,9.31,42.78,4.79,Ahmedabad
2023-01-06,0.0,20.23,28.85,13.45,51.66,3.87,Ahmedabad
2023-01-07,0.0,22.14,30.26,15.26,55.25,2.99,Ahmedabad
2023-01-08,0.0,21.77,29.78,14.65,47.69,2.47,Ahmedabad
2023-01-09,0.0,21.05,29.66,12.74,40.88,2.38,Ahmedabad
2023-01-10,0.0,21.9,30.58,14.41,43.31,2.22,Ahmedabad
2023-01-11,0.0,21.78,30.4,13.86,37.47,2.65,Ahmedabad
2023-01-12,0.0,21.56,29.77,14.26,60.88,3.14,Ahmedabad
2023-01-13,0.0,18.21,27.12,11.36,34.5,2.71,Ahmedabad
2023-01-14,0.0,16.29,25.93,8.68,28.65,3.29,Ahmedabad
2023-01-15,0.0,15.97,26.88,7.87,25.0,3.5,Ahmedabad
2023-01-16,0.0,15.95,27.29,6.72,22.21,3.04,Ahmedabad
2023-01-17,0.0,16.73,28.4,7.66,21.75,3.35,Ahmedabad
2023-01-18,0.0,18.16,29.55,8.75,22.61,3.55,Ahmedabad
2023-01-19,0.0,20.01,30.3,10.3,27.25,2.98,Ahmedabad
2023-01-20,0.0,20.46,30.58,11.91,29.68,2.69,Ahmedabad
2023-01-21,0.0,18.68,28.03,10.93,29.0,3.15,Ahmedabad
2023-01-22,0.0,17.56,26.66,9.76,33.1,3.31,Ahmedabad
2023-01-23,0.0,16.66,25.76,8.75,38.44,3.21,Ahmedabad
2023-01-24,0.0,16.31,25.2,8.88,42.98,2.92,Ahmedabad
2023-01-25,0.0,16.75,26.34,8.88,30.04,3.77,Ahmedabad
2023-01-26,0.0,17.13,27.84,7.93,21.11,4.11,Ahmedabad
2023-01-27,0.0,19.14,29.36,10.85,30.54,4.61,Ahmedabad
2023-01-28,1.58,22.42,32.51,13.99,40.44,3.19,Ahmedabad
2023-01-29,1.35,22.56,29.45,17.02,56.35,2.51,Ahmedabad
2023-01-30,0.0,20.66,29.25,13.77,47.03,2.45,Ahmedabad
2023-01-31,0.0,19.52,28.95,12.03,40.13,4.53,Ahmedabad
2023-02-01,0.0,19.51,29.63,12.0,35.67,4.48,Ahmedabad
2023-02-02,0.0,20.09,31.36,11.04,26.62,3.86,Ahmedabad
2023-02-03,0.0,20.83,32.13,11.08,25.67,3.24,Ahmedabad
2023-02-04,0.0,22.06,32.91,11.64,22.96,2.87,Ahmedabad
2023-02-05,0.0,22.52,33.01,12.21,22.39,2.63,Ahmedabad
2023-02-06,0.0,22.36,32.45,12.92,30.64,2.85,Ahmedabad
2023-02-07,0.0,22.83,33.12,14.63,32.1,2.73,Ahmedabad
2023-02-08,0.0,23.14,34.33,12.64,20.11,2.53,Ahmedabad
2023-02-09,0.0,24.48,35.69,14.07,19.61,2.51,Ahmedabad
2023-02-10,0.0,23.29,34.85,12.79,37.31,2.96,Ahmedabad
2023-02-11,0.0,22.6,32.3,14.37,50.87,2.94,Ahmedabad
2023-02-12,0.0,23.62,34.41,15.1,27.22,3.55,Ahmedabad
2023-02-13,0.0,22.04,33.29,11.99,14.54,3.12,Ahmedabad
2023-02-14,0.0,23.73,35.56,13.21,12.92,2.72,Ahmedabad
2023-02-15,0.0,25.81,37.52,14.99,16.91,2.97,Ahmedabad
2023-02-16,0.0,26.22,39.13,15.6,18.48,3.52,Ahmedabad
2023-02-17,0.0,26.53,38.31,15.97,16.1,3.0,Ahmedabad
2023-02-18,0.0,26.74,38.32,15.64,18.09,2.74,Ahmedabad
2023-02-19,0.0,27.78,39.24,15.91,15.05,2.2,Ahmedabad
2023-02-20,0.0,26.98,38.5,17.86,12.8,2.49,Ahmedabad
2023-02-21,0.0,24.37,36.37,13.84,38.82,3.02,Ahmedabad
2023-02-22,0.0,25.61,35.27,16.81,42.27,2.55,Ahmedabad
2023-02-23,0.0,25.62,35.81,15.85,38.37,2.49,Ahmedabad
2023-02-24,0.0,25.97,36.14,16.19,21.77,2.68,Ahmedabad
2023-02-25,0.0,25.76,36.2,15.74,21.76,2.24,Ahmedabad
2023-02-26,0.0,26.02,36.56,16.48,15.09,2.31,Ahmedabad
2023-02-27,0.0,26.56,37.12,16.55,15.69,2.42,Ahmedabad
2023-02-28,0.0,27.48,37.55,16.71,17.15,1.83,Ahmedabad
2023-03-01,0.0,28.49,37.34,18.34,17.99,1.57,Ahmedabad
2023-03-02,0.0,29.18,38.15,18.93,18.36,1.72,Ahmedabad
2023-03-03,0.0,29.74,38.89,19.88,19.83,2.33,Ahmedabad
2023-03-04,0.0,30.1,39.03,21.66,20.75,2.29,Ahmedabad
2023-03-05,0.08,29.93,37.73,22.84,24.03,2.66,Ahmedabad
2023-03-06,1.47,30.0,38.59,21.74,24.5,2.29,Ahmedabad
2023-03-07,0.86,29.3,36.89,22.29,29.45,1.62,Ahmedabad
2023-03-08,0.01,27.99,36.92,20.23,26.98,2.51,Ahmedabad
2023-03-09,0.45,27.19,36.15,19.51,26.87,3.05,Ahmedabad
2023-03-10,0.0,26.71,36.16,17.88,23.47,2.87,Ahmedabad
2023-03-11,0.0,28.38,37.87,18.59,21.59,2.16,Ahmedabad
2023-03-12,0.0,28.89,38.06,20.87,20.12,2.48,Ahmedabad
2023-03-13,0.0,30.45,38.99,23.59,18.66,2.77,Ahmedabad
2023-03-14,0.03,29.92,38.93,22.01,21.39,2.2,Ahmedabad
2023-03-15,0.15,28.54,36.36,22.75,28.33,2.97,Ahmedabad
2023-03-16,0.13,28.4,36.29,21.19,34.5,2.17,Ahmedabad
2023-03-17,1.35,28.3,35.44,21.45,38.06,2.74,Ahmedabad
2023-03-18,1.42,28.04,34.86,20.84,41.71,2.24,Ahmedabad
2023-03-19,5.61,27.5,34.0,20.95,44.42,2.12,Ahmedabad
2023-03-20,1.48,25.96,32.05,19.89,52.99,3.76,Ahmedabad
2023-03-21,0.35,26.38,32.21,20.36,51.22,2.54,Ahmedabad
2023-03-22,0.49,27.11,33.0,21.11,47.36,2.42,Ahmedabad
2023-03-23,0.24,27.14,34.11,20.53,48.19,3.07,Ahmedabad
2023-03-24,1.6,26.21,33.91,20.44,52.92,4.61,Ahmedabad
2023-03-25,0.0,25.02,33.04,16.99,49.87,2.65,Ahmedabad
2023-03-26,0.0,26.48,35.02,18.13,40.69,2.93,Ahmedabad
2023-03-27,0.0,27.4,36.1,19.5,36.04,2.82,Ahmedabad
2023-03-28,0.0,27.67,36.75,18.68,31.39,2.64,Ahmedabad
2023-03-29,0.0,28.96,37.0,20.3,35.09,2.87,Ahmedabad
2023-03-30,0.96,28.31,34.22,23.36,42.53,3.86,Ahmedabad
2023-03-31,0.01,27.33,34.45,19.51,45.9,3.37,Ahmedabad
2023-04-01,0.0,28.8,36.63,21.48,43.24,3.24,Ahmedabad
2023-04-02,0.0,28.75,36.9,20.09,40.4,2.55,Ahmedabad
2023-04-03,0.0,28.94,37.75,20.45,39.18,3.89,Ahmedabad
2023-04-04,0.0,29.09,37.32,20.99,45.68,2.98,Ahmedabad
2023-04-05,0.0,30.2,38.03,22.11,33.32,2.54,Ahmedabad
2023-04-06,0.0,30.03,38.77,22.24,28.69,3.0,Ahmedabad
2023-04-07,0.0,30.42,39.68,21.3,21.63,2.78,Ahmedabad
2023-04-08,0.0,32.18,39.94,24.51,19.84,1.98,Ahmedabad
2023-04-09,0.0,31.93,39.83,24.07,21.36,2.13,Ahmedabad
2023-04-10,0.0,32.66,40.98,23.57,23.63,2.06,Ahmedabad
2023-04-11,0.0,33.26,41.03,25.34,23.49,2.64,Ahmedabad
2023-04-12,0.0,32.93,41.7,24.76,26.1,3.78,Ahmedabad
2023-04-13,0.0,32.23,38.66,26.06,28.38,3.01,Ahmedabad
2023-04-14,0.0,32.48,41.65,24.13,28.91,3.47,Ahmedabad
2023-04-15,0.0,32.12,41.21,23.08,33.36,3.28,Ahmedabad
2023-04-16,0.0,31.97,41.01,22.77,30.05,3.22,Ahmedabad
2023-04-17,0.0,32.78,41.95,23.43,30.46,3.03,Ahmedabad
2023-04-18,0.0,33.83,42.8,25.1,26.31,3.52,Ahmedabad
2023-04-19,0.02,33.18,41.55,25.32,25.18,3.92,Ahmedabad
2023-04-20,0.0,31.36,38.25,24.98,30.32,4.14,Ahmedabad
2023-04-21,0.0,31.21,39.25,23.38,35.08,3.29,Ahmedabad
2023-04-22,0.0,31.69,40.02,24.24,30.33,3.71,Ahmedabad
2023-04-23,0.0,31.63,41.12,23.21,25.2,4.26,Ahmedabad
2023-04-24,0.0,30.73,38.81,21.6,13.76,2.46,Ahmedabad
2023-04-25,0.0,32.52,40.66,23.34,15.65,2.24,Ahmedabad
2023-04-26,0.0,32.7,40.19,26.38,21.61,3.08,Ahmedabad
2023-04-27,0.1,31.52,38.94,23.27,39.17,2.66,Ahmedabad
2023-04-28,2.21,31.69,37.61,25.24,38.48,2.45,Ahmedabad
2023-04-29,1.79,29.18,31.99,26.46,46.81,1.59,Ahmedabad
2023-04-30,2.79,29.62,35.56,24.06,46.04,2.94,Ahmedabad
2023-05-01,0.03,29.75,36.56,22.71,43.18,3.4,Ahmedabad
2023-05-02,1.02,30.55,36.62,23.76,46.23,2.66,Ahmedabad
2023-05-03,0.11,32.02,38.59,24.21,42.55,1.82,Ahmedabad
2023-05-04,0.03,33.38,39.88,25.82,35.66,1.79,Ahmedabad
2023-05-05,0.01,33.23,39.99,25.19,38.45,2.84,Ahmedabad
2023-05-06,0.01,34.81,41.3,27.93,34.3,3.36,Ahmedabad
2023-05-07,0.0,34.9,42.13,27.49,33.4,3.2,Ahmedabad
2023-05-08,0.0,35.04,42.89,27.37,28.33,4.31,Ahmedabad
2023-05-09,0.0,34.98,44.06,25.22,26.96,3.41,Ahmedabad
2023-05-10,0.0,35.01,44.62,24.93,19.79,3.25,Ahmedabad
2023-05-11,0.0,35.69,45.18,25.69,16.23,3.31,Ahmedabad
2023-05-12,0.0,35.81,45.17,25.93,18.73,3.15,Ahmedabad
2023-05-13,0.0,35.97,45.23,25.99,24.21,3.99,Ahmedabad
2023-05-14,0.0,35.63,44.58,26.44,35.11,5.19,Ahmedabad
2023-05-15,0.0,34.87,42.79,27.18,38.84,5.43,Ahmedabad
2023-05-16,0.62,34.53,42.2,27.0,41.86,5.05,Ahmedabad
2023-05-17,0.67,34.31,41.97,26.86,44.9,4.94,Ahmedabad
2023-05-18,0.0,34.51,42.39,26.22,40.55,4.43,Ahmedabad
2023-05-19,0.0,35.38,43.06,27.46,38.44,3.19,Ahmedabad
2023-05-20,0.0,35.62,43.3,27.87,35.13,3.76,Ahmedabad
2023-05-21,0.0,35.34,43.32,27.6,33.17,4.55,Ahmedabad
2023-05-22,0.0,34.51,42.47,26.44,38.7,4.4,Ahmedabad
2023-05-23,0.0,34.92,42.75,27.81,39.03,4.89,Ahmedabad
2023-05-24,0.0,34.11,42.58,26.96,48.14,6.28,Ahmedabad
2023-05-25,0.04,34.22,42.43,27.29,47.21,7.0,Ahmedabad
2023-05-26,0.43,34.2,42.43,27.53,48.14,7.46,Ahmedabad
2023-05-27,1.13,34.07,42.11,27.26,48.97,6.81,Ahmedabad
2023-05-28,9.85,32.97,38.59,28.68,54.82,3.98,Ahmedabad
2023-05-29,9.97,31.5,37.7,25.42,56.48,2.81,Ahmedabad
2023-05-30,0.07,33.28,40.03,26.87,42.23,3.43,Ahmedabad
2023-05-31,0.02,33.34,40.35,26.48,38.66,5.12,Ahmedabad
2023-06-01,0.0,33.26,40.76,25.3,43.49,4.88,Ahmedabad
2023-06-02,1.16,32.57,38.7,27.36,55.17,4.81,Ahmedabad
2023-06-03,7.02,32.24,36.87,27.5,58.87,3.03,Ahmedabad
2023-06-04,4.02,32.26,38.19,26.58,53.07,2.38,Ahmedabad
2023-06-05,5.35,32.59,38.55,27.35,53.9,3.27,Ahmedabad
2023-06-06,0.03,33.3,39.77,27.19,48.5,3.33,Ahmedabad
2023-06-07,0.1,33.6,39.91,27.55,48.58,3.74,Ahmedabad
2023-06-08,0.05,34.4,41.33,28.33,45.39,3.75,Ahmedabad
2023-06-09,0.0,34.46,41.59,27.39,42.16,4.46,Ahmedabad
2023-06-10,0.0,32.75,37.62,28.28,57.13,5.31,Ahmedabad
2023-06-11,0.0,33.15,38.94,28.48,58.07,5.78,Ahmedabad
2023-06-12,0.08,32.35,36.42,28.92,59.07,6.87,Ahmedabad
2023-06-13,0.17,33.08,38.81,29.24,56.57,9.03,Ahmedabad
2023-06-14,0.71,32.73,38.23,28.67,57.21,8.93,Ahmedabad
2023-06-15,5.74,31.84,37.49,27.86,63.14,9.46,Ahmedabad
2023-06-16,17.03,30.7,35.55,28.14,69.62,11.2,Ahmedabad
2023-06-17,24.7,29.76,33.43,27.09,75.45,10.66,Ahmedabad
2023-06-18,6.66,31.62,37.8,26.77,66.39,7.75,Ahmedabad
2023-06-19,0.14,32.08,38.6,26.57,60.77,5.8,Ahmedabad
2023-06-20,0.01,32.7,38.54,26.94,59.7,4.67,Ahmedabad
2023-06-21,0.0,32.89,39.12,26.95,56.1,4.68,Ahmedabad
2023-06-22,0.0,32.77,38.83,27.24,55.75,4.44,Ahmedabad
2023-06-23,2.73,30.69,33.86,27.17,62.53,3.52,Ahmedabad
2023-06-24,7.18,30.54,36.16,26.98,62.32,3.34,Ahmedabad
2023-06-25,6.49,31.09,37.03,25.68,60.47,3.45,Ahmedabad
2023-06-26,17.47,29.09,32.11,26.39,72.11,4.16,Ahmedabad
2023-06-27,2.73,29.41,34.16,24.82,72.14,3.2,Ahmedabad
2023-06-28,27.67,28.93,32.54,25.67,77.86,3.42,Ahmedabad
2023-06-29,27.67,28.35,31.63,25.8,82.94,3.33,Ahmedabad
2023-06-30,16.52,29.09,33.02,26.4,82.83,4.44,Ahmedabad
2023-07-01,26.25,28.31,30.73,26.41,88.64,4.49,Ahmedabad
2023-07-02,0.75,29.85,34.73,25.79,79.08,3.46,Ahmedabad
2023-07-03,0.26,30.65,35.62,27.01,76.26,2.57,Ahmedabad
2023-07-04,0.25,31.03,35.47,27.22,78.16,2.3,Ahmedabad
2023-07-05,25.68,29.56,32.14,27.34,84.09,3.44,Ahmedabad
2023-07-06,13.76,29.46,32.03,27.16,85.12,1.85,Ahmedabad
2023-07-07,15.92,29.21,32.43,26.83,85.35,2.5,Ahmedabad
2023-07-08,18.99,28.49,31.48,26.6,89.23,4.43,Ahmedabad
2023-07-09,53.99,27.6,29.55,26.08,90.86,5.34,Ahmedabad
2023-07-10,17.34,27.96,30.5,26.12,89.1,5.2,Ahmedabad
2023-07-11,2.43,28.86,32.94,25.44,83.83,4.36,Ahmedabad
2023-07-12,1.59,29.1,32.7,25.86,82.91,4.19,Ahmedabad
2023-07-13,1.04,29.38,33.26,26.11,81.51,3.76,Ahmedabad
2023-07-14,1.71,28.6,31.57,25.7,83.48,3.26,Ahmedabad
2023-07-15,5.09,28.01,30.52,25.54,86.97,3.83,Ahmedabad
2023-07-16,2.06,28.94,33.22,25.3,82.04,3.71,Ahmedabad
2023-07-17,1.21,29.02,33.12,25.38,81.98,3.47,Ahmedabad
2023-07-18,3.12,28.89,32.94,25.82,84.13,4.39,Ahmedabad
2023-07-19,32.32,28.07,30.94,26.18,89.09,4.42,Ahmedabad
2023-07-20,16.56,28.97,32.05,26.23,87.46,3.01,Ahmedabad
2023-07-21,7.98,29.39,32.15,26.88,86.87,1.55,Ahmedabad
2023-07-22,48.93,28.32,30.62,26.79,91.52,4.32,Ahmedabad
2023-07-23,31.74,28.23,30.99,25.97,90.2,3.24,Ahmedabad
2023-07-24,17.34,28.65,32.97,25.31,85.88,3.95,Ahmedabad
2023-07-25,3.71,28.73,33.16,25.19,84.97,4.4,Ahmedabad
2023-07-26,0.44,28.41,31.96,25.27,85.76,3.81,Ahmedabad
2023-07-27,12.06,28.6,32.47,25.56,85.92,4.74,Ahmedabad
2023-07-28,7.52,27.61,30.29,25.74,88.64,5.63,Ahmedabad
2023-07-29,9.92,27.86,31.94,24.79,86.58,5.47,Ahmedabad
2023-07-30,7.02,27.92,32.29,24.69,86.24,5.43,Ahmedabad
2023-07-31,4.04,28.28,32.93,25.12,85.51,5.74,Ahmedabad
2023-08-01,4.35,27.96,31.98,25.25,86.44,6.12,Ahmedabad
2023-08-02,0.71,27.94,32.27,24.87,85.01,5.93,Ahmedabad
2023-08-03,0.02,27.34,30.87,24.54,86.25,5.06,Ahmedabad
2023-08-04,1.63,27.43,30.72,24.77,87.54,4.63,Ahmedabad
2023-08-05,0.57,27.08,29.97,24.8,88.15,4.05,Ahmedabad
2023-08-06,0.06,27.48,31.39,24.66,85.1,5.54,Ahmedabad
2023-08-07,0.01,27.5,31.98,24.4,83.02,6.33,Ahmedabad
2023-08-08,0.02,27.61,32.22,24.37,83.72,5.75,Ahmedabad
2023-08-09,0.07,27.88,32.62,24.14,83.75,4.92,Ahmedabad
2023-08-10,0.1,27.92,32.63,24.42,83.32,4.52,Ahmedabad
2023-08-11,1.12,27.66,32.05,23.79,83.56,3.96,Ahmedabad
2023-08-12,3.65,27.22,31.82,23.74,83.71,4.82,Ahmedabad
2023-08-13,0.66,27.39,31.82,24.1,82.68,5.63,Ahmedabad
2023-08-14,0.0,27.02,31.25,23.98,83.61,4.99,Ahmedabad
2023-08-15,6.3,26.96,30.43,23.88,85.07,3.77,Ahmedabad
2023-08-16,3.57,27.4,31.62,23.47,83.18,3.54,Ahmedabad
2023-08-17,0.0,27.12,32.05,23.34,82.58,4.42,Ahmedabad
2023-08-18,0.0,27.09,31.49,23.16,82.71,4.35,Ahmedabad
2023-08-19,0.04,27.07,30.8,23.67,82.89,3.69,Ahmedabad
2023-08-20,8.92,25.96,28.53,24.39,88.92,4.62,Ahmedabad
2023-08-21,1.22,27.02,30.55,24.03,85.33,4.06,Ahmedabad
2023-08-22,0.49,27.15,30.71,24.2,84.64,3.82,Ahmedabad
2023-08-23,0.09,27.53,32.47,24.28,83.04,4.8,Ahmedabad
2023-08-24,0.01,27.71,32.78,24.31,80.38,5.39,Ahmedabad
2023-08-25,0.0,27.96,32.82,24.04,81.73,4.45,Ahmedabad
2023-08-26,0.07,28.04,32.49,24.7,81.87,4.26,Ahmedabad
2023-08-27,0.01,27.48,32.4,23.95,80.71,4.78,Ahmedabad
2023-08-28,0.0,27.46,32.62,23.32,80.49,4.82,Ahmedabad
2023-08-29,0.0,27.61,32.62,22.88,80.29,3.31,Ahmedabad
2023-08-30,0.0,27.84,32.35,23.71,79.04,2.91,Ahmedabad
2023-08-31,0.0,28.27,33.02,24.46,78.06,2.45,Ahmedabad
2023-09-01,0.0,28.36,33.3,23.64,74.88,1.91,Ahmedabad
2023-09-02,0.0,28.17,33.29,22.57,75.94,1.99,Ahmedabad
2023-09-03,0.0,28.27,32.83,23.84,76.67,2.78,Ahmedabad
2023-09-04,0.0,28.12,32.96,22.86,72.0,2.76,Ahmedabad
2023-09-05,0.0,28.47,33.95,23.09,71.89,2.88,Ahmedabad
2023-09-06,0.89,29.34,35.05,24.28,74.72,4.33,Ahmedabad
2023-09-07,7.03,29.8,34.59,25.36,75.96,4.07,Ahmedabad
2023-09-08,10.09,29.75,34.67,25.8,75.42,4.66,Ahmedabad
2023-09-09,4.11,28.96,34.87,25.37,76.25,4.82,Ahmedabad
2023-09-10,2.51,28.99,35.54,24.38,75.98,4.33,Ahmedabad
2023-09-11,7.43,28.39,34.6,23.87,76.51,4.54,Ahmedabad
2023-09-12,0.0,28.38,33.56,23.8,75.8,3.57,Ahmedabad
2023-09-13,0.0,28.66,33.77,24.35,74.39,3.15,Ahmedabad
2023-09-14,0.19,28.17,31.92,25.02,76.06,2.36,Ahmedabad
2023-09-15,4.13,26.49,29.08,24.05,84.98,3.45,Ahmedabad
2023-09-16,18.65,26.68,30.49,23.93,84.79,5.21,Ahmedabad
2023-09-17,68.7,26.61,29.25,25.01,90.71,6.85,Ahmedabad
2023-09-18,69.68,26.13,27.87,24.85,93.2,5.4,Ahmedabad
2023-09-19,16.81,26.62,29.0,25.44,91.24,5.72,Ahmedabad
2023-09-20,1.69,27.44,31.37,24.53,87.53,3.69,Ahmedabad
2023-09-21,1.2,27.85,31.69,24.68,87.25,2.8,Ahmedabad
2023-09-22,0.56,28.26,32.1,25.21,85.46,2.68,Ahmedabad
2023-09-23,3.39,28.44,32.01,25.85,85.75,2.78,Ahmedabad
2023-09-24,4.42,28.31,31.61,25.34,86.58,2.51,Ahmedabad
2023-09-25,1.28,28.34,31.88,24.99,82.88,2.25,Ahmedabad
2023-09-26,1.96,28.38,32.33,24.38,81.39,1.64,Ahmedabad
2023-09-27,1.54,28.05,31.65,24.04,82.55,2.19,Ahmedabad
2023-09-28,0.63,29.23,32.83,25.67,79.5,1.47,Ahmedabad
2023-09-29,0.04,29.02,32.46,25.41,78.1,1.4,Ahmedabad
2023-09-30,0.0,28.97,33.09,24.83,78.19,2.02,Ahmedabad
2023-10-01,0.0,28.29,33.72,22.56,72.79,2.57,Ahmedabad
2023-10-02,0.0,27.59,34.27,20.99,64.16,1.71,Ahmedabad
2023-10-03,0.0,26.58,32.19,19.65,64.31,2.33,Ahmedabad
2023-10-04,0.0,25.73,31.87,19.47,72.99,2.52,Ahmedabad
2023-10-05,0.0,25.65,31.78,19.1,72.51,2.13,Ahmedabad
2023-10-06,0.0,25.77,31.79,19.18,75.49,2.29,Ahmedabad
2023-10-07,0.0,25.92,31.83,20.29,78.56,1.9,Ahmedabad
2023-10-08,0.0,26.24,32.06,20.71,76.98,1.88,Ahmedabad
2023-10-09,0.0,26.51,32.46,21.2,73.83,2.15,Ahmedabad
2023-10-10,0.0,25.53,31.3,20.18,77.19,2.25,Ahmedabad
2023-10-11,0.0,26.29,32.15,20.82,75.8,1.52,Ahmedabad
2023-10-12,0.0,26.72,32.98,21.14,72.65,1.51,Ahmedabad
2023-10-13,0.0,27.65,33.54,22.6,68.43,1.36,Ahmedabad
2023-10-14,0.1,28.18,33.12,23.85,71.41,1.22,Ahmedabad
2023-10-15,0.24,27.55,32.67,21.98,69.95,2.25,Ahmedabad
2023-10-16,0.0,27.11,32.55,21.51,69.69,1.66,Ahmedabad
2023-10-17,0.0,26.28,32.15,21.05,70.84,1.91,Ahmedabad
2023-10-18,0.0,26.59,32.51,21.51,68.08,1.8,Ahmedabad
2023-10-19,0.0,26.57,33.07,20.07,63.63,1.94,Ahmedabad
2023-10-20,0.0,26.67,33.47,20.45,63.23,2.49,Ahmedabad
2023-10-21,0.0,27.07,33.98,20.97,63.77,2.48,Ahmedabad
2023-10-22,0.0,27.33,34.19,20.23,60.32,1.77,Ahmedabad
2023-10-23,0.0,26.91,34.48,20.16,55.63,2.49,Ahmedabad
2023-10-24,0.0,26.98,34.32,20.46,54.37,2.06,Ahmedabad
2023-10-25,0.0,26.77,34.11,19.5,52.43,2.26,Ahmedabad
2023-10-26,0.0,27.72,34.59,21.95,45.29,1.25,Ahmedabad
2023-10-27,0.0,28.23,34.55,22.28,40.79,1.08,Ahmedabad
2023-10-28,0.0,26.51,34.19,18.34,50.11,1.97,Ahmedabad
2023-10-29,0.0,27.19,34.49,20.48,50.97,2.16,Ahmedabad
2023-10-30,0.0,26.36,33.99,20.26,53.91,2.75,Ahmedabad
2023-10-31,0.0,25.33,33.28,18.72,62.2,3.55,Ahmedabad
2023-11-01,0.0,26.26,33.95,19.8,58.89,2.5,Ahmedabad
2023-11-02,0.0,26.69,33.81,19.28,54.25,2.05,Ahmedabad
2023-11-03,0.0,27.5,33.93,19.85,45.6,1.26,Ahmedabad
2023-11-04,0.0,27.24,34.52,20.74,44.58,1.89,Ahmedabad
2023-11-05,0.0,26.22,34.29,19.52,47.97,2.59,Ahmedabad
2023-11-06,0.0,25.56,33.4,20.19,51.23,2.86,Ahmedabad
2023-11-07,0.0,25.52,33.51,18.49,49.61,2.68,Ahmedabad
2023-11-08,0.0,25.81,33.5,18.47,49.74,2.46,Ahmedabad
2023-11-09,0.0,26.36,34.09,18.59,48.86,1.89,Ahmedabad
2023-11-10,0.0,26.56,33.94,19.53,49.27,1.74,Ahmedabad
2023-11-11,0.0,25.53,34.08,19.57,44.98,3.02,Ahmedabad
2023-11-12,0.0,23.1,33.2,15.4,40.05,3.45,Ahmedabad
2023-11-13,0.0,22.97,32.25,16.22,43.94,2.93,Ahmedabad
2023-11-14,0.0,23.35,32.39,17.98,46.45,3.16,Ahmedabad
2023-11-15,0.0,22.69,32.04,15.68,47.19,3.39,Ahmedabad
2023-11-16,0.0,22.81,32.21,15.73,48.08,3.22,Ahmedabad
2023-11-17,0.0,21.99,30.83,14.92,50.77,3.27,Ahmedabad
2023-11-18,0.0,22.16,30.66,15.5,51.71,2.99,Ahmedabad
2023-11-19,0.0,23.46,31.96,16.8,53.6,2.59,Ahmedabad
2023-11-20,0.0,24.86,32.98,18.5,56.72,2.57,Ahmedabad
2023-11-21,0.0,24.92,32.98,19.25,53.49,3.05,Ahmedabad
2023-11-22,0.0,23.6,32.12,16.52,47.17,2.18,Ahmedabad
2023-11-23,0.0,22.75,31.39,15.62,44.58,2.4,Ahmedabad
2023-11-24,0.0,23.08,32.03,16.71,46.51,3.76,Ahmedabad
2023-11-25,0.0,23.96,31.19,17.88,50.5,4.02,Ahmedabad
2023-11-26,31.96,22.01,26.3,18.24,69.76,4.07,Ahmedabad
2023-11-27,0.05,20.37,26.94,15.69,72.18,2.75,Ahmedabad
2023-11-28,0.0,20.18,27.32,13.7,68.36,2.69,Ahmedabad
2023-11-29,0.0,20.61,28.4,14.1,65.64,2.78,Ahmedabad
2023-11-30,0.0,21.57,29.33,15.15,59.52,2.64,Ahmedabad
2023-12-01,0.0,22.96,29.52,17.18,66.85,3.65,Ahmedabad
2023-12-02,0.11,23.93,30.44,18.97,66.85,4.24,Ahmedabad
2023-12-03,2.19,23.71,29.63,19.81,74.59,3.57,Ahmedabad
2023-12-04,0.33,23.11,29.62,19.12,69.38,3.52,Ahmedabad
2023-12-05,0.0,21.32,29.18,15.54,60.26,3.89,Ahmedabad
2023-12-06,0.0,21.92,29.07,16.58,58.61,3.95,Ahmedabad
2023-12-07,0.0,21.4,28.08,16.16,62.0,3.36,Ahmedabad
2023-12-08,0.0,21.68,29.08,15.8,63.72,2.7,Ahmedabad
2023-12-09,0.0,21.29,29.03,15.42,55.21,2.46,Ahmedabad
2023-12-10,0.0,20.53,29.55,13.95,48.94,2.76,Ahmedabad
2023-12-11,0.0,20.03,29.15,13.09,52.62,2.52,Ahmedabad
2023-12-12,0.0,19.91,29.3,12.89,46.42,2.55,Ahmedabad
2023-12-13,0.0,20.33,29.63,13.1,49.14,2.9,Ahmedabad
2023-12-14,0.0,21.16,29.92,13.87,55.74,3.06,Ahmedabad
2023-12-15,0.0,21.91,29.85,15.7,57.21,2.66,Ahmedabad
2023-12-16,0.0,21.29,29.0,16.07,54.07,2.88,Ahmedabad
2023-12-17,0.0,20.25,28.83,12.97,47.99,3.12,Ahmedabad
2023-12-18,0.0,20.45,28.7,13.96,47.62,4.06,Ahmedabad
2023-12-19,0.0,19.44,27.08,14.32,46.06,4.53,Ahmedabad
2023-12-20,0.0,18.2,26.18,12.88,41.85,4.04,Ahmedabad
2023-12-21,0.0,18.95,26.73,13.6,42.11,3.7,Ahmedabad
2023-12-22,0.0,20.56,29.05,14.7,41.8,3.17,Ahmedabad
2023-12-23,0.0,20.8,30.83,13.26,43.62,2.98,Ahmedabad
2023-12-24,0.0,21.48,31.77,14.25,44.25,3.04,Ahmedabad
2023-12-25,0.0,21.34,31.68,14.02,47.68,2.98,Ahmedabad
2023-12-26,0.0,20.83,31.03,13.62,48.51,2.82,Ahmedabad
2023-12-27,0.0,21.09,30.55,13.53,51.91,2.5,Ahmedabad
2023-12-28,0.0,21.9,30.77,15.25,52.67,3.08,Ahmedabad
2023-12-29,0.0,21.98,31.21,15.23,55.02,2.69,Ahmedabad
2023-12-30,0.0,21.83,30.74,15.02,57.99,2.78,Ahmedabad
2023-12-31,0.0,21.36,30.28,15.33,50.4,2.89,Ahmedabad
2024-01-01,0.0,20.36,30.1,13.35,51.12,2.54,Ahmedabad
2024-01-02,0.0,19.6,29.15,12.65,55.34,2.93,Ahmedabad
2024-01-03,0.0,19.34,28.66,12.11,48.51,3.05,Ahmedabad
2024-01-04,0.0,19.12,28.61,11.66,52.06,3.61,Ahmedabad
2024-01-05,0.0,18.38,27.98,11.11,46.87,3.44,Ahmedabad
2024-01-06,0.0,18.78,28.18,11.66,49.4,3.94,Ahmedabad
2024-01-07,0.0,19.9,28.62,12.76,50.02,3.69,Ahmedabad
2024-01-08,0.0,21.57,28.81,15.25,58.81,3.05,Ahmedabad
2024-01-09,0.13,22.37,28.22,17.54,45.23,3.78,Ahmedabad
2024-01-10,0.27,21.71,29.08,17.05,56.42,3.25,Ahmedabad
2024-01-11,0.0,21.9,30.98,15.21,49.76,2.4,Ahmedabad
2024-01-12,0.0,22.15,31.83,14.8,41.87,2.76,Ahmedabad
2024-01-13,0.0,21.61,30.95,15.49,36.41,2.94,Ahmedabad
2024-01-14,0.0,18.8,28.28,12.17,30.51,3.19,Ahmedabad
2024-01-15,0.0,18.46,29.11,9.65,31.74,2.61,Ahmedabad
2024-01-16,0.0,18.42,27.91,10.76,35.55,2.6,Ahmedabad
2024-01-17,0.0,19.74,28.27,12.65,39.06,2.0,Ahmedabad
2024-01-18,0.0,19.32,28.97,11.38,34.47,3.01,Ahmedabad
2024-01-19,0.0,19.03,28.95,11.14,38.38,3.14,Ahmedabad
2024-01-20,0.0,18.74,28.28,11.12,34.78,3.43,Ahmedabad
2024-01-21,0.0,19.44,29.55,10.74,34.58,3.24,Ahmedabad
2024-01-22,0.0,19.82,29.32,12.13,34.56,3.07,Ahmedabad
2024-01-23,0.0,19.77,28.72,12.06,35.0,2.85,Ahmedabad
2024-01-24,0.0,19.03,28.01,11.27,35.49,2.65,Ahmedabad
2024-01-25,0.0,19.71,29.38,10.86,31.9,2.77,Ahmedabad
2024-01-26,0.0,19.86,30.4,10.98,31.23,2.88,Ahmedabad
2024-01-27,0.0,21.19,32.0,12.25,29.01,2.86,Ahmedabad
2024-01-28,0.0,21.32,32.16,12.49,29.41,2.88,Ahmedabad
2024-01-29,0.0,20.87,29.98,12.57,38.8,2.76,Ahmedabad
2024-01-30,0.0,21.86,29.54,13.93,38.13,2.08,Ahmedabad
2024-01-31,0.0,22.06,28.51,15.69,49.2,2.25,Ahmedabad
2024-02-01,0.0,23.75,31.05,16.2,53.33,1.96,Ahmedabad
2024-02-02,0.0,24.0,31.38,15.84,40.94,1.33,Ahmedabad
2024-02-03,0.0,24.81,33.32,15.96,33.63,2.05,Ahmedabad
2024-02-04,0.0,25.21,34.26,17.05,40.86,2.99,Ahmedabad
2024-02-05,0.0,23.79,31.65,17.35,50.94,2.97,Ahmedabad
2024-02-06,0.0,23.77,32.45,16.38,35.66,2.49,Ahmedabad
2024-02-07,0.0,23.66,32.29,16.4,35.01,3.43,Ahmedabad
2024-02-08,0.0,21.57,28.62,15.52,27.37,3.9,Ahmedabad
2024-02-09,0.0,20.76,31.37,11.9,19.66,3.14,Ahmedabad
2024-02-10,0.0,21.07,31.75,12.09,19.93,3.1,Ahmedabad
2024-02-11,0.0,21.37,32.24,12.17,20.7,3.19,Ahmedabad
2024-02-12,0.0,21.64,32.12,12.34,20.91,2.91,Ahmedabad
2024-02-13,0.0,21.81,30.45,13.8,17.62,3.07,Ahmedabad
2024-02-14,0.0,22.05,32.26,13.29,17.9,3.72,Ahmedabad
2024-02-15,0.0,23.13,33.27,14.69,26.57,3.76,Ahmedabad
2024-02-16,0.0,24.89,35.25,16.32,30.81,3.83,Ahmedabad
2024-02-17,0.0,26.09,36.11,17.92,23.36,3.0,Ahmedabad
2024-02-18,0.0,25.66,35.49,17.63,20.77,3.1,Ahmedabad
2024-02-19,0.0,25.8,36.22,16.18,34.75,4.12,Ahmedabad
2024-02-20,0.0,26.45,34.89,20.14,47.87,3.52,Ahmedabad
2024-02-21,0.0,24.55,32.04,19.19,52.68,4.37,Ahmedabad
2024-02-22,0.0,23.9,32.39,17.59,48.63,3.72,Ahmedabad
2024-02-23,0.0,22.33,32.24,14.19,16.83,2.98,Ahmedabad
2024-02-24,0.0,21.45,31.75,12.56,11.38,3.57,Ahmedabad
2024-02-25,0.0,22.36,32.9,12.65,10.66,3.52,Ahmedabad
2024-02-26,0.0,24.07,33.95,16.98,22.1,3.43,Ahmedabad
2024-02-27,0.0,26.57,36.33,18.87,25.42,3.0,Ahmedabad
2024-02-28,0.0,26.46,36.9,17.14,25.69,3.05,Ahmedabad
2024-02-29,0.0,28.69,38.32,19.03,22.67,2.53,Ahmedabad
2024-03-01,0.0,28.8,38.64,20.12,30.91,3.97,Ahmedabad
2024-03-02,3.2,25.3,32.91,19.96,52.92,4.49,Ahmedabad
2024-03-03,0.0,19.04,27.5,12.01,24.33,4.41,Ahmedabad
2024-03-04,0.0,19.01,29.33,10.09,18.31,2.86,Ahmedabad
2024-03-05,0.0,20.51,32.13,10.06,15.11,3.29,Ahmedabad
2024-03-06,0.0,22.98,34.47,12.41,18.39,3.26,Ahmedabad
2024-03-07,0.0,24.18,33.62,15.38,27.03,3.36,Ahmedabad
2024-03-08,0.0,24.41,33.81,16.58,22.77,3.83,Ahmedabad
2024-03-09,0.0,24.33,34.77,14.84,17.01,3.09,Ahmedabad
2024-03-10,0.0,26.06,36.73,16.47,21.17,3.22,Ahmedabad
2024-03-11,0.0,27.48,37.22,18.56,22.41,3.34,Ahmedabad
2024-03-12,0.0,27.33,36.01,20.1,31.12,3.67,Ahmedabad
2024-03-13,0.0,26.86,35.89,18.98,35.0,4.46,Ahmedabad
2024-03-14,0.0,26.17,35.52,18.33,29.42,3.13,Ahmedabad
2024-03-15,0.0,26.48,36.86,16.98,18.69,2.19,Ahmedabad
2024-03-16,0.0,27.37,36.76,18.22,21.68,2.62,Ahmedabad
2024-03-17,0.0,27.88,38.04,18.65,21.28,3.57,Ahmedabad
2024-03-18,0.0,27.39,37.02,19.22,19.8,3.42,Ahmedabad
2024-03-19,0.0,28.85,39.07,18.85,13.61,3.19,Ahmedabad
2024-03-20,0.0,29.12,40.15,19.24,19.16,2.87,Ahmedabad
2024-03-21,0.0,29.41,39.68,21.65,13.85,2.64,Ahmedabad
2024-03-22,0.0,29.51,40.3,19.99,19.76,3.12,Ahmedabad
2024-03-23,0.0,29.42,39.81,18.59,24.82,2.66,Ahmedabad
2024-03-24,0.0,30.64,39.52,22.88,34.39,3.21,Ahmedabad
2024-03-25,0.0,31.08,40.12,21.97,34.79,2.48,Ahmedabad
2024-03-26,0.0,33.02,42.05,24.04,25.55,2.36,Ahmedabad
2024-03-27,0.0,33.27,41.88,25.01,27.39,2.68,Ahmedabad
2024-03-28,0.0,33.06,42.06,25.12,27.26,3.97,Ahmedabad
2024-03-29,0.0,31.89,40.93,24.06,22.33,4.1,Ahmedabad
2024-03-30,0.0,30.37,39.54,21.98,30.67,3.73,Ahmedabad
2024-03-31,0.0,29.3,38.69,20.16,25.42,3.58,Ahmedabad
2024-04-01,0.0,30.57,40.48,21.39,21.5,3.43,Ahmedabad
2024-04-02,0.0,29.68,36.13,23.73,21.43,3.49,Ahmedabad
2024-04-03,0.0,29.98,38.11,21.74,34.95,3.56,Ahmedabad
2024-04-04,0.0,29.94,36.46,23.92,36.24,3.05,Ahmedabad
2024-04-05,0.0,31.09,38.08,23.83,28.37,4.45,Ahmedabad
2024-04-06,0.0,30.9,39.45,24.62,28.08,4.12,Ahmedabad
2024-04-07,0.0,31.11,40.39,21.8,27.92,3.09,Ahmedabad
2024-04-08,0.0,32.98,41.91,23.37,22.89,1.95,Ahmedabad
2024-04-09,0.0,33.75,42.71,24.08,15.76,1.73,Ahmedabad
2024-04-10,0.0,33.09,41.01,24.93,16.78,2.1,Ahmedabad
2024-04-11,0.01,33.12,40.79,25.9,21.17,2.59,Ahmedabad
2024-04-12,0.0,31.75,40.89,23.37,26.13,3.64,Ahmedabad
2024-04-13,0.0,30.98,37.42,25.04,35.83,2.44,Ahmedabad
2024-04-14,0.0,33.2,40.46,25.72,37.34,2.71,Ahmedabad
2024-04-15,0.0,34.77,42.64,27.25,30.99,3.83,Ahmedabad
2024-04-16,0.0,34.82,42.69,26.71,25.32,4.99,Ahmedabad
2024-04-17,0.0,36.4,45.13,27.64,22.11,3.33,Ahmedabad
2024-04-18,0.0,34.84,41.88,27.62,23.61,4.0,Ahmedabad
2024-04-19,0.0,33.27,40.87,26.21,31.63,5.56,Ahmedabad
2024-04-20,0.0,31.58,39.63,23.55,32.18,4.3,Ahmedabad
2024-04-21,0.0,30.72,37.51,25.3,34.59,3.56,Ahmedabad
2024-04-22,0.0,31.88,40.52,23.34,33.82,3.41,Ahmedabad
2024-04-23,0.0,32.45,40.89,24.16,31.67,3.54,Ahmedabad
2024-04-24,0.0,33.68,42.28,24.17,26.01,2.11,Ahmedabad
2024-04-25,0.0,34.35,42.49,25.47,29.2,3.09,Ahmedabad
2024-04-26,0.0,33.24,40.98,25.89,29.51,4.31,Ahmedabad
2024-04-27,0.01,33.93,41.46,26.0,25.92,3.34,Ahmedabad
2024-04-28,0.0,34.47,42.79,27.12,18.69,3.84,Ahmedabad
2024-04-29,0.0,33.94,42.2,26.0,23.78,4.63,Ahmedabad
2024-04-30,0.0,33.11,41.12,24.53,9.34,4.26,Ahmedabad
2024-05-01,0.0,32.2,41.77,23.4,10.19,4.45,Ahmedabad
2024-05-02,0.0,32.16,40.67,23.69,11.73,2.61,Ahmedabad
2024-05-03,0.0,32.98,43.03,23.47,15.47,3.21,Ahmedabad
2024-05-04,0.0,33.84,41.3,25.85,34.52,4.52,Ahmedabad
2024-05-05,0.0,32.85,38.23,27.68,33.5,5.13,Ahmedabad
2024-05-06,0.0,33.99,42.61,25.32,40.06,3.45,Ahmedabad
2024-05-07,0.0,35.76,44.24,26.74,34.97,3.3,Ahmedabad
2024-05-08,0.0,36.51,44.81,28.13,26.39,4.07,Ahmedabad
2024-05-09,0.0,36.11,43.66,29.06,32.42,4.14,Ahmedabad
2024-05-10,0.0,35.78,43.64,27.96,33.41,4.61,Ahmedabad
2024-05-11,0.04,35.16,42.56,28.21,37.06,3.3,Ahmedabad
2024-05-12,0.02,35.81,42.86,28.52,36.74,3.07,Ahmedabad
2024-05-13,0.66,36.55,43.93,29.21,31.54,3.09,Ahmedabad
2024-05-14,5.11,36.07,42.18,29.49,34.14,1.47,Ahmedabad
2024-05-15,0.0,37.38,43.59,31.12,27.16,1.6,Ahmedabad
2024-05-16,0.35,37.66,44.73,30.2,25.64,2.26,Ahmedabad
2024-05-17,0.0,38.33,45.83,31.06,23.52,4.95,Ahmedabad
2024-05-18,0.02,38.19,46.33,29.76,21.14,4.11,Ahmedabad
2024-05-19,0.0,38.61,46.28,31.12,20.25,5.5,Ahmedabad
2024-05-20,0.0,38.3,46.1,30.13,23.21,6.01,Ahmedabad
2024-05-21,0.0,38.48,46.6,30.12,24.34,4.63,Ahmedabad
2024-05-22,0.0,38.88,47.3,30.51,28.59,4.26,Ahmedabad
2024-05-23,0.0,38.73,47.35,29.51,26.16,5.51,Ahmedabad
2024-05-24,0.0,38.17,46.73,29.55,30.44,5.86,Ahmedabad
2024-05-25,0.0,37.74,46.14,28.81,33.3,4.7,Ahmedabad
2024-05-26,0.0,38.14,46.54,29.95,34.73,5.83,Ahmedabad
2024-05-27,0.0,37.73,47.44,29.4,35.81,7.42,Ahmedabad
2024-05-28,0.0,36.36,44.58,28.58,43.22,7.68,Ahmedabad
2024-05-29,0.0,35.74,43.94,28.86,48.89,7.16,Ahmedabad
2024-05-30,0.0,36.62,44.53,29.59,42.44,4.81,Ahmedabad
2024-05-31,0.0,36.4,43.15,29.49,42.26,5.19,Ahmedabad
2024-06-01,0.0,36.5,42.81,30.03,41.68,5.38,Ahmedabad
2024-06-02,0.0,35.88,42.7,30.33,39.13,3.97,Ahmedabad
2024-06-03,0.0,36.86,43.73,29.71,36.96,4.03,Ahmedabad
2024-06-04,0.0,36.61,43.01,29.79,36.13,4.55,Ahmedabad
2024-06-05,0.0,35.6,43.1,28.71,38.08,5.12,Ahmedabad
2024-06-06,0.0,36.01,43.2,29.05,39.04,4.14,Ahmedabad
2024-06-07,0.02,37.55,44.56,29.71,38.57,4.55,Ahmedabad
2024-06-08,0.23,36.71,43.33,29.91,38.37,4.41,Ahmedabad
2024-06-09,0.6,36.51,41.85,30.92,36.41,4.6,Ahmedabad
2024-06-10,2.01,35.64,40.37,30.75,39.15,4.55,Ahmedabad
2024-06-11,7.97,32.47,37.4,28.86,53.88,4.54,Ahmedabad
2024-06-12,0.0,34.87,41.4,28.4,44.94,4.43,Ahmedabad
2024-06-13,0.49,35.23,41.85,28.46,41.67,5.03,Ahmedabad
2024-06-14,0.34,35.45,41.86,29.07,43.12,5.46,Ahmedabad
2024-06-15,2.3,35.96,42.15,30.71,42.53,5.23,Ahmedabad
2024-06-16,0.43,35.02,40.84,29.0,49.65,5.03,Ahmedabad
2024-06-17,0.04,35.59,41.41,29.47,48.43,5.07,Ahmedabad
2024-06-18,0.04,35.57,41.36,29.57,45.34,5.77,Ahmedabad
2024-06-19,0.05,35.56,41.85,29.58,48.07,7.11,Ahmedabad
2024-06-20,0.27,35.16,42.0,29.52,50.44,6.76,Ahmedabad
2024-06-21,0.05,35.9,42.06,30.16,48.04,5.65,Ahmedabad
2024-06-22,0.44,36.02,41.57,30.43,45.57,3.71,Ahmedabad
2024-06-23,1.82,36.09,40.8,31.09,44.27,2.49,Ahmedabad
2024-06-24,22.58,34.3,37.81,30.43,56.74,2.39,Ahmedabad
2024-06-25,18.2,32.52,37.1,28.09,67.3,2.52,Ahmedabad
2024-06-26,2.5,31.79,35.12,28.42,68.34,3.24,Ahmedabad
2024-06-27,3.04,33.38,39.2,28.63,63.39,2.87,Ahmedabad
2024-06-28,3.67,31.67,34.77,29.03,70.51,4.92,Ahmedabad
2024-06-29,7.56,31.35,35.38,28.63,71.72,6.15,Ahmedabad
2024-06-30,18.9,30.01,33.51,27.77,81.08,5.21,Ahmedabad
2024-07-01,17.71,29.7,33.72,27.12,82.06,5.33,Ahmedabad
2024-07-02,9.23,29.91,33.55,27.85,79.05,5.84,Ahmedabad
2024-07-03,1.64,31.56,37.02,27.13,70.55,5.7,Ahmedabad
2024-07-04,6.15,31.35,35.81,27.29,71.18,4.33,Ahmedabad
2024-07-05,7.47,29.69,32.78,27.26,78.78,4.11,Ahmedabad
2024-07-06,1.15,31.45,36.56,26.96,71.79,4.95,Ahmedabad
2024-07-07,0.26,31.67,36.83,27.27,68.67,4.81,Ahmedabad
2024-07-08,0.61,31.77,36.75,27.45,66.92,2.75,Ahmedabad
2024-07-09,7.83,31.59,35.42,28.08,70.99,2.54,Ahmedabad
2024-07-10,1.38,30.75,34.98,27.95,74.63,4.22,Ahmedabad
2024-07-11,1.27,30.98,35.56,27.54,73.17,4.42,Ahmedabad
2024-07-12,3.18,30.74,35.37,27.55,73.06,5.67,Ahmedabad
2024-07-13,1.07,31.74,37.92,26.55,67.06,5.42,Ahmedabad
2024-07-14,1.46,32.08,37.54,27.28,66.22,4.11,Ahmedabad
2024-07-15,33.74,31.31,36.08,27.69,72.64,3.25,Ahmedabad
2024-07-16,11.55,31.06,36.01,26.85,74.81,3.6,Ahmedabad
2024-07-17,2.56,29.8,34.15,26.7,78.95,3.82,Ahmedabad
2024-07-18,0.37,31.19,36.5,27.09,75.46,3.13,Ahmedabad
2024-07-19,0.12,30.45,34.71,27.46,80.0,3.78,Ahmedabad
2024-07-20,0.53,31.15,36.09,27.83,76.67,4.0,Ahmedabad
2024-07-21,1.34,31.55,36.58,27.44,72.66,3.68,Ahmedabad
2024-07-22,6.03,30.73,35.44,27.36,77.65,4.98,Ahmedabad
2024-07-23,7.15,29.46,33.91,26.65,80.53,5.47,Ahmedabad
2024-07-24,32.62,28.91,32.17,26.61,84.65,5.94,Ahmedabad
2024-07-25,26.4,28.84,33.18,25.81,82.62,5.45,Ahmedabad
2024-07-26,6.85,28.48,31.72,25.9,85.44,4.75,Ahmedabad
2024-07-27,5.78,28.9,32.81,26.23,82.66,4.41,Ahmedabad
2024-07-28,5.63,28.45,31.3,26.35,85.04,3.76,Ahmedabad
2024-07-29,17.79,29.2,33.18,26.66,84.46,4.9,Ahmedabad
2024-07-30,4.05,28.85,33.13,25.88,81.77,5.51,Ahmedabad
2024-07-31,4.55,29.65,34.33,25.75,80.46,4.32,Ahmedabad
2024-08-01,9.61,27.81,30.3,25.72,87.11,4.93,Ahmedabad
2024-08-02,8.82,27.79,30.93,25.75,87.98,5.46,Ahmedabad
2024-08-03,13.03,28.05,31.01,25.82,87.88,5.26,Ahmedabad
2024-08-04,10.38,27.7,31.08,25.49,87.38,4.91,Ahmedabad
2024-08-05,5.08,28.3,32.73,25.19,83.65,4.58,Ahmedabad
2024-08-06,1.5,28.39,33.29,24.7,80.97,5.48,Ahmedabad
2024-08-07,0.34,28.0,32.19,24.72,82.31,4.99,Ahmedabad
2024-08-08,7.36,28.4,32.95,24.74,81.65,4.46,Ahmedabad
2024-08-09,6.59,28.22,32.46,25.26,83.51,4.23,Ahmedabad
2024-08-10,9.1,28.11,31.91,25.38,83.7,4.79,Ahmedabad
2024-08-11,9.99,27.8,31.41,25.29,85.2,5.01,Ahmedabad
2024-08-12,8.25,28.22,32.83,25.03,85.21,4.2,Ahmedabad
2024-08-13,0.98,28.98,33.54,25.12,82.15,3.34,Ahmedabad
2024-08-14,1.7,28.86,32.54,25.79,83.17,3.03,Ahmedabad
2024-08-15,0.5,29.08,33.27,25.53,81.82,3.24,Ahmedabad
2024-08-16,2.48,28.73,32.69,25.96,82.74,3.96,Ahmedabad
2024-08-17,1.14,28.53,32.76,24.73,81.84,3.81,Ahmedabad
2024-08-18,0.19,29.09,33.2,25.74,78.35,2.59,Ahmedabad
2024-08-19,0.03,29.66,34.88,24.77,72.8,1.89,Ahmedabad
2024-08-20,1.75,29.73,34.29,26.03,76.96,2.88,Ahmedabad
2024-08-21,4.38,29.68,33.51,25.77,78.81,1.86,Ahmedabad
2024-08-22,2.58,30.08,34.11,26.34,77.05,1.38,Ahmedabad
2024-08-23,17.53,28.57,31.3,26.62,85.62,1.95,Ahmedabad
2024-08-24,45.03,27.82,30.56,25.98,88.4,4.01,Ahmedabad
2024-08-25,39.88,27.39,30.67,25.5,89.94,5.37,Ahmedabad
2024-08-26,134.15,26.68,28.55,25.55,93.49,8.51,Ahmedabad
2024-08-27,62.66,26.43,28.08,25.45,93.7,9.24,Ahmedabad
2024-08-28,10.19,27.54,31.48,25.49,87.87,8.3,Ahmedabad
2024-08-29,15.18,27.61,31.29,25.4,88.29,8.01,Ahmedabad
2024-08-30,1.85,27.7,31.59,25.02,87.45,5.35,Ahmedabad
2024-08-31,0.07,28.1,31.75,24.37,82.74,1.62,Ahmedabad
2024-09-01,0.03,28.41,32.19,24.72,84.84,2.04,Ahmedabad
2024-09-02,51.33,27.4,30.03,25.82,91.5,3.99,Ahmedabad
2024-09-03,11.4,26.93,29.46,25.5,92.89,4.3,Ahmedabad
2024-09-04,4.24,27.39,30.87,25.11,87.71,3.96,Ahmedabad
2024-09-05,28.1,27.04,29.74,24.68,90.04,3.75,Ahmedabad
2024-09-06,5.12,27.77,31.08,25.21,88.23,4.01,Ahmedabad
2024-09-07,0.61,27.6,31.11,24.6,86.95,3.4,Ahmedabad
2024-09-08,0.03,27.57,30.91,24.59,87.66,3.22,Ahmedabad
2024-09-09,0.92,27.85,31.52,24.67,87.28,3.46,Ahmedabad
2024-09-10,6.04,27.64,30.74,25.05,87.97,4.16,Ahmedabad
2024-09-11,2.31,27.19,30.31,24.75,87.71,3.83,Ahmedabad
2024-09-12,0.17,27.27,30.91,24.2,86.33,4.12,Ahmedabad
2024-09-13,2.11,26.59,30.57,23.14,86.43,4.01,Ahmedabad
2024-09-14,8.28,26.3,30.3,22.94,86.18,3.51,Ahmedabad
2024-09-15,1.82,26.39,30.74,22.33,84.92,3.16,Ahmedabad
2024-09-16,0.01,26.43,30.71,22.43,84.39,2.78,Ahmedabad
2024-09-17,0.0,26.53,30.81,22.33,83.28,2.44,Ahmedabad
2024-09-18,0.0,26.54,30.97,22.68,84.96,2.98,Ahmedabad
2024-09-19,0.0,26.98,31.64,22.57,83.66,3.01,Ahmedabad
2024-09-20,0.08,27.42,31.86,23.33,84.91,3.08,Ahmedabad
2024-09-21,0.03,27.69,31.59,24.47,86.54,2.96,Ahmedabad
2024-09-22,0.02,27.92,31.64,24.44,86.24,2.57,Ahmedabad
2024-09-23,0.98,28.08,31.66,25.27,87.37,3.1,Ahmedabad
2024-09-24,2.16,28.68,32.49,25.29,85.67,3.44,Ahmedabad
2024-09-25,8.33,28.51,31.86,25.22,86.17,2.96,Ahmedabad
2024-09-26,20.09,28.1,31.02,26.0,89.78,2.92,Ahmedabad
2024-09-27,15.93,27.05,29.42,25.5,89.67,1.98,Ahmedabad
2024-09-28,7.01,27.38,30.13,24.73,90.6,1.48,Ahmedabad
2024-09-29,29.42,27.08,29.72,24.97,91.46,2.37,Ahmedabad
2024-09-30,8.19,27.46,30.7,24.77,89.51,2.45,Ahmedabad
2024-10-01,0.02,28.18,32.12,24.37,84.86,2.17,Ahmedabad
2024-10-02,0.0,28.13,32.33,24.0,85.87,2.41,Ahmedabad
2024-10-03,0.0,27.16,31.47,23.9,86.17,2.75,Ahmedabad
2024-10-04,0.0,26.21,30.67,22.67,86.14,2.77,Ahmedabad
2024-10-05,0.0,26.77,30.83,22.83,84.05,2.05,Ahmedabad
2024-10-06,0.0,27.5,31.48,22.83,80.45,1.8,Ahmedabad
2024-10-07,0.0,27.21,32.31,22.62,78.94,2.89,Ahmedabad
2024-10-08,0.0,27.78,32.54,22.68,77.25,1.86,Ahmedabad
2024-10-09,0.15,27.67,32.05,23.28,79.12,1.79,Ahmedabad
2024-10-10,0.15,26.82,30.96,23.84,85.16,1.95,Ahmedabad
2024-10-11,0.38,25.49,29.62,22.87,87.18,3.35,Ahmedabad
2024-10-12,6.7,25.51,29.22,22.17,89.41,2.97,Ahmedabad
2024-10-13,3.93,25.89,28.35,23.7,93.01,3.02,Ahmedabad
2024-10-14,0.11,26.8,30.11,24.0,88.64,2.03,Ahmedabad
2024-10-15,0.13,27.38,31.59,24.2,86.93,2.06,Ahmedabad
2024-10-16,0.01,26.52,29.81,23.69,83.45,1.76,Ahmedabad
2024-10-17,0.1,26.49,30.64,22.3,75.89,1.64,Ahmedabad
2024-10-18,0.4,27.13,31.02,23.8,85.36,2.25,Ahmedabad
2024-10-19,5.22,26.42,29.9,23.66,87.4,1.75,Ahmedabad
2024-10-20,1.06,26.93,31.09,22.97,83.33,1.7,Ahmedabad
2024-10-21,1.55,26.43,29.8,23.36,84.75,2.0,Ahmedabad
2024-10-22,0.45,26.75,31.37,22.35,82.21,1.59,Ahmedabad
2024-10-23,0.0,26.99,31.67,22.42,78.83,2.02,Ahmedabad
2024-10-24,0.0,26.89,31.91,21.45,72.04,1.7,Ahmedabad
2024-10-25,0.0,25.98,31.55,19.63,68.44,1.8,Ahmedabad
2024-10-26,0.0,26.13,31.45,21.0,66.9,1.3,Ahmedabad
2024-10-27,0.0,25.42,31.82,18.93,75.63,2.14,Ahmedabad
2024-10-28,0.0,25.69,31.66,19.88,79.25,1.59,Ahmedabad
2024-10-29,0.0,26.85,32.4,20.88,74.1,1.26,Ahmedabad
2024-10-30,0.0,26.95,32.44,20.67,70.13,1.23,Ahmedabad
2024-10-31,0.0,26.78,32.88,20.04,62.68,1.77,Ahmedabad
2024-11-01,0.0,26.03,33.18,19.06,59.2,1.8,Ahmedabad
2024-11-02,0.0,25.51,31.16,19.51,55.49,1.0,Ahmedabad
2024-11-03,0.0,25.79,31.43,19.25,59.8,0.97,Ahmedabad
2024-11-04,0.0,25.72,31.38,18.9,64.55,1.76,Ahmedabad
2024-11-05,0.0,25.96,31.75,19.89,63.07,1.35,Ahmedabad
2024-11-06,0.0,25.31,31.24,18.67,65.58,1.65,Ahmedabad
2024-11-07,0.0,25.45,31.47,18.43,64.37,1.28,Ahmedabad
2024-11-08,0.0,25.59,31.51,19.66,64.39,1.11,Ahmedabad
2024-11-09,0.0,25.28,31.49,18.62,61.08,1.78,Ahmedabad
2024-11-10,0.0,24.98,31.01,17.97,59.2,1.34,Ahmedabad
2024-11-11,0.0,25.2,30.58,19.04,57.5,0.97,Ahmedabad
2024-11-12,0.0,24.33,30.09,17.76,62.07,1.47,Ahmedabad
2024-11-13,0.0,23.11,29.08,17.45,72.71,2.12,Ahmedabad
2024-11-14,0.0,21.54,28.53,16.14,75.75,3.16,Ahmedabad
2024-11-15,0.0,21.97,28.67,15.15,69.55,2.07,Ahmedabad
2024-11-16,0.0,22.38,29.28,15.13,65.67,1.96,Ahmedabad
2024-11-17,0.0,21.74,29.2,15.22,69.04,2.55,Ahmedabad
2024-11-18,0.0,22.07,28.73,15.31,67.84,2.28,Ahmedabad
2024-11-19,0.0,22.44,28.23,15.72,64.43,1.7,Ahmedabad
2024-11-20,0.0,21.41,27.78,14.72,65.16,1.94,Ahmedabad
2024-11-21,0.0,20.54,27.42,13.49,60.39,2.04,Ahmedabad
2024-11-22,0.0,19.0,26.7,12.15,62.18,2.63,Ahmedabad
2024-11-23,0.0,18.41,26.56,11.66,67.49,2.69,Ahmedabad
2024-11-24,0.0,19.14,27.16,12.68,71.45,2.71,Ahmedabad
2024-11-25,0.0,19.63,27.27,13.65,66.0,2.96,Ahmedabad
2024-11-26,0.0,19.92,28.07,12.48,61.85,2.61,Ahmedabad
2024-11-27,0.0,20.67,28.24,13.21,62.06,1.99,Ahmedabad
2024-11-28,0.0,20.44,28.22,13.6,64.2,2.58,Ahmedabad
2024-11-29,0.0,18.97,26.38,13.57,68.91,3.18,Ahmedabad
2024-11-30,0.0,17.23,25.76,10.69,66.58,3.52,Ahmedabad
2024-12-01,0.0,17.75,26.53,10.63,64.93,3.34,Ahmedabad
2024-12-02,0.0,18.83,28.03,11.56,65.14,3.4,Ahmedabad
2024-12-03,0.0,20.13,29.02,13.14,65.08,3.3,Ahmedabad
2024-12-04,0.0,21.51,29.79,15.28,64.99,3.77,Ahmedabad
2024-12-05,0.0,21.5,29.57,15.18,62.55,2.91,Ahmedabad
2024-12-06,0.0,20.5,29.11,13.93,54.28,2.79,Ahmedabad
2024-12-07,0.0,19.86,27.96,13.05,53.12,2.06,Ahmedabad
2024-12-08,0.0,17.36,27.19,10.45,44.22,2.81,Ahmedabad
2024-12-09,0.0,14.61,25.15,6.5,46.87,3.76,Ahmedabad
2024-12-10,0.0,14.66,24.3,7.49,57.79,3.97,Ahmedabad
2024-12-11,0.0,15.43,25.02,7.78,57.95,3.66,Ahmedabad
2024-12-12,0.0,16.0,25.35,8.52,55.57,2.95,Ahmedabad
2024-12-13,0.0,15.4,25.16,8.66,54.7,4.48,Ahmedabad
2024-12-14,0.0,15.02,25.63,7.28,53.16,4.1,Ahmedabad
2024-12-15,0.0,15.81,26.54,7.56,53.81,3.5,Ahmedabad
2024-12-16,0.0,16.84,26.98,8.33,51.46,2.91,Ahmedabad
2024-12-17,0.0,17.45,27.66,9.51,51.12,2.63,Ahmedabad
2024-12-18,0.0,18.21,27.78,10.1,53.54,2.72,Ahmedabad
2024-12-19,0.0,18.56,28.21,11.05,59.07,2.44,Ahmedabad
2024-12-20,0.0,17.39,27.04,10.91,51.36,2.81,Ahmedabad
2024-12-21,0.0,18.3,27.74,11.04,58.7,2.94,Ahmedabad
2024-12-22,0.0,18.84,25.72,13.0,74.27,2.96,Ahmedabad
2024-12-23,0.0,18.64,26.11,13.23,67.63,2.44,Ahmedabad
2024-12-24,0.0,16.43,25.57,9.75,53.57,3.15,Ahmedabad
2024-12-25,0.0,17.51,26.8,8.79,61.59,2.45,Ahmedabad
2024-12-26,0.03,20.4,27.67,13.94,69.29,2.77,Ahmedabad
2024-12-27,0.15,20.63,25.97,16.76,65.17,2.96,Ahmedabad
2024-12-28,0.0,17.82,26.55,11.22,58.39,3.15,Ahmedabad
2024-12-29,0.0,17.56,27.15,10.09,60.08,3.57,Ahmedabad
2024-12-30,0.0,18.24,27.26,10.47,56.93,2.95,Ahmedabad
2024-12-31,0.0,18.99,28.56,11.6,54.13,2.62,Ahmedabad
2025-01-01,0.0,19.52,29.09,11.7,55.29,3.3,Ahmedabad
2025-01-02,0.0,20.47,29.96,12.08,51.09,2.86,Ahmedabad
2025-01-03,0.0,20.88,30.79,12.06,48.41,2.75,Ahmedabad
2025-01-04,0.0,20.02,29.85,11.77,52.39,2.45,Ahmedabad
2025-01-05,0.0,19.15,28.39,12.26,53.01,2.79,Ahmedabad
2025-01-06,0.0,16.94,26.57,9.62,41.31,3.94,Ahmedabad
2025-01-07,0.0,16.17,26.27,8.59,38.35,3.91,Ahmedabad
2025-01-08,0.0,16.03,26.55,7.23,42.48,3.34,Ahmedabad
2025-01-09,0.0,17.46,28.25,8.36,43.11,3.23,Ahmedabad
2025-01-10,0.0,19.37,29.13,10.53,47.04,2.97,Ahmedabad
2025-01-11,0.0,19.67,27.23,14.4,53.47,2.4,Ahmedabad
2025-01-12,0.0,18.29,27.58,11.8,49.75,3.47,Ahmedabad
2025-01-13,0.0,16.25,26.06,9.13,44.91,4.02,Ahmedabad
2025-01-14,0.0,16.94,27.12,9.08,47.98,3.64,Ahmedabad
2025-01-15,0.0,19.04,28.31,12.65,48.0,3.5,Ahmedabad
2025-01-16,0.0,17.64,27.86,9.75,38.41,4.47,Ahmedabad
2025-01-17,0.0,18.62,28.03,10.41,50.0,4.32,Ahmedabad
2025-01-18,0.0,21.32,29.89,13.57,53.75,3.09,Ahmedabad
2025-01-19,0.0,22.48,31.01,14.95,54.02,1.91,Ahmedabad
2025-01-20,0.0,22.43,31.72,14.92,49.74,2.24,Ahmedabad
2025-01-21,0.0,21.23,30.38,14.05,42.09,2.58,Ahmedabad
2025-01-22,0.0,20.06,29.49,13.21,39.03,3.06,Ahmedabad
2025-01-23,0.0,19.06,28.59,11.51,37.02,3.45,Ahmedabad
2025-01-24,0.0,19.23,29.6,11.3,38.58,4.32,Ahmedabad
2025-01-25,0.0,20.21,30.75,12.38,40.34,3.62,Ahmedabad
2025-01-26,0.0,20.79,31.49,12.42,35.86,2.94,Ahmedabad
2025-01-27,0.0,21.18,32.13,12.2,33.06,2.88,Ahmedabad
2025-01-28,0.0,22.62,33.31,13.88,29.07,2.42,Ahmedabad
2025-01-29,0.0,23.2,33.1,16.67,26.06,2.46,Ahmedabad
2025-01-30,0.0,21.34,31.81,13.23,38.38,3.39,Ahmedabad
2025-01-31,0.0,19.76,29.25,12.05,37.44,2.82,Ahmedabad
2025-02-01,0.0,18.84,28.73,10.59,40.54,3.01,Ahmedabad
2025-02-02,0.0,19.87,29.41,10.92,27.68,2.46,Ahmedabad
2025-02-03,0.0,22.04,31.82,14.06,30.43,2.9,Ahmedabad
2025-02-04,0.0,21.2,30.17,14.82,30.91,3.38,Ahmedabad
2025-02-05,0.0,19.2,29.41,10.59,27.42,3.47,Ahmedabad
2025-02-06,0.0,19.51,30.96,9.97,26.13,4.28,Ahmedabad
2025-02-07,0.0,21.26,31.68,12.45,29.82,4.02,Ahmedabad
2025-02-08,0.0,23.14,33.5,13.3,27.61,2.57,Ahmedabad
2025-02-09,0.0,23.07,33.89,14.35,27.17,2.84,Ahmedabad
2025-02-10,0.0,22.58,33.31,14.61,22.69,2.56,Ahmedabad
2025-02-11,0.0,21.89,32.29,11.72,34.07,2.92,Ahmedabad
2025-02-12,0.0,22.71,33.5,13.72,38.16,2.89,Ahmedabad
2025-02-13,0.0,23.43,33.71,13.95,22.72,2.89,Ahmedabad
2025-02-14,0.0,24.49,34.6,15.57,23.79,2.41,Ahmedabad
2025-02-15,0.0,24.53,35.5,15.05,36.34,3.87,Ahmedabad
2025-02-16,0.0,25.14,35.1,16.48,39.98,3.23,Ahmedabad
2025-02-17,0.0,25.75,35.46,16.9,44.84,2.74,Ahmedabad
2025-02-18,0.0,26.46,36.24,18.98,38.03,3.56,Ahmedabad
2025-02-19,0.0,25.49,34.48,17.88,32.42,3.19,Ahmedabad
2025-02-20,0.0,26.03,35.06,17.49,38.64,3.48,Ahmedabad
2025-02-21,0.0,26.01,35.44,17.93,30.33,2.73,Ahmedabad
2025-02-22,0.0,25.74,35.75,17.47,24.68,3.18,Ahmedabad
2025-02-23,0.0,26.19,36.03,17.38,24.54,2.68,Ahmedabad
2025-02-24,0.0,26.96,35.46,18.07,23.68,2.51,Ahmedabad
2025-02-25,0.0,27.68,36.39,18.55,23.66,2.73,Ahmedabad
2025-02-26,0.0,29.42,38.16,20.85,23.36,2.5,Ahmedabad
2025-02-27,0.0,28.56,37.91,19.3,25.6,2.67,Ahmedabad
2025-02-28,0.0,27.19,36.15,19.56,31.76,3.6,Ahmedabad
2025-03-01,0.0,26.66,35.59,19.46,38.42,3.62,Ahmedabad
2025-03-02,0.0,26.59,35.28,18.75,35.19,3.17,Ahmedabad
2025-03-03,0.0,27.08,36.25,19.55,33.56,3.96,Ahmedabad
2025-03-04,0.0,25.53,34.39,18.13,22.33,5.1,Ahmedabad
2025-03-05,0.0,22.87,35.02,12.88,9.3,4.25,Ahmedabad
2025-03-06,0.0,25.04,36.98,13.98,11.39,3.07,Ahmedabad
2025-03-07,0.0,27.52,38.36,18.32,16.4,2.41,Ahmedabad
2025-03-08,0.0,28.94,39.54,18.59,23.66,2.43,Ahmedabad
2025-03-09,0.0,31.03,39.94,21.6,21.32,1.2,Ahmedabad
2025-03-10,0.0,32.27,41.57,21.76,16.72,2.08,Ahmedabad
2025-03-11,0.0,31.44,41.39,21.68,18.49,2.79,Ahmedabad
2025-03-12,0.0,30.94,41.59,21.88,16.63,3.61,Ahmedabad
2025-03-13,0.0,30.27,40.82,19.89,20.81,4.53,Ahmedabad
2025-03-14,0.0,30.62,40.6,21.23,30.22,4.43,Ahmedabad
2025-03-15,0.0,29.89,39.79,20.66,32.09,3.43,Ahmedabad
2025-03-16,0.0,28.96,38.63,20.78,23.47,3.83,Ahmedabad
2025-03-17,0.0,28.5,37.71,19.45,20.99,2.92,Ahmedabad
2025-03-18,0.0,29.48,38.87,20.48,16.5,2.39,Ahmedabad
2025-03-19,0.0,28.46,38.65,19.09,15.55,3.05,Ahmedabad
2025-03-20,0.0,27.66,37.34,18.57,25.2,3.15,Ahmedabad
2025-03-21,0.0,28.53,38.09,19.45,33.31,3.25,Ahmedabad
2025-03-22,0.0,29.96,39.43,20.82,19.86,2.14,Ahmedabad
2025-03-23,0.0,31.16,40.49,21.19,16.01,1.77,Ahmedabad
2025-03-24,0.0,31.73,41.36,21.64,15.53,2.0,Ahmedabad
2025-03-25,0.0,31.76,41.41,22.59,16.37,2.22,Ahmedabad
2025-03-26,0.0,30.46,40.01,22.04,26.53,3.79,Ahmedabad
2025-03-27,0.0,29.28,38.12,21.55,32.79,4.06,Ahmedabad
2025-03-28,0.0,29.43,38.85,20.45,6.52,4.32,Ahmedabad
2025-03-29,0.0,29.34,40.0,20.32,5.48,3.41,Ahmedabad
2025-03-30,0.0,29.81,41.32,19.24,5.84,3.06,Ahmedabad
2025-03-31,0.0,31.24,42.31,20.78,7.21,3.27,Ahmedabad
2025-04-01,0.0,32.16,42.33,23.9,6.78,3.25,Ahmedabad
2025-04-02,0.0,31.61,42.46,21.39,9.15,2.95,Ahmedabad
2025-04-03,0.0,32.23,42.08,24.41,12.86,2.58,Ahmedabad
2025-04-04,0.0,31.83,42.2,21.34,17.98,2.33,Ahmedabad
2025-04-05,0.0,32.47,43.09,22.03,17.34,3.33,Ahmedabad
2025-04-06,0.0,33.69,44.53,23.66,13.33,4.23,Ahmedabad
2025-04-07,0.0,33.94,44.8,23.63,18.25,4.86,Ahmedabad
2025-04-08,0.0,34.33,44.95,24.18,17.49,4.35,Ahmedabad
2025-04-09,0.0,35.26,45.05,25.69,13.54,5.49,Ahmedabad
2025-04-10,0.0,34.66,43.88,25.71,14.32,6.17,Ahmedabad
2025-04-11,0.0,32.35,42.1,22.06,28.03,4.62,Ahmedabad
2025-04-12,0.2,32.37,42.4,23.28,34.99,3.86,Ahmedabad
2025-04-13,0.0,32.93,43.15,22.96,32.62,4.01,Ahmedabad
2025-04-14,0.0,33.72,43.4,24.18,25.42,5.76,Ahmedabad
2025-04-15,0.0,33.68,43.87,23.87,38.46,4.3,Ahmedabad
2025-04-16,0.0,34.62,44.74,25.77,37.53,4.34,Ahmedabad
2025-04-17,0.0,34.34,44.83,24.68,36.08,3.98,Ahmedabad
2025-04-18,0.0,34.18,44.59,23.8,35.22,4.86,Ahmedabad
2025-04-19,0.0,33.28,42.84,23.66,28.1,5.29,Ahmedabad
2025-04-20,0.0,31.97,42.1,22.09,36.03,4.08,Ahmedabad
2025-04-21,0.0,32.67,42.23,23.25,28.18,3.53,Ahmedabad
2025-04-22,0.0,32.94,43.64,22.26,18.18,3.27,Ahmedabad
2025-04-23,0.0,33.83,44.2,22.94,14.9,3.42,Ahmedabad
2025-04-24,0.0,33.41,43.55,22.69,20.7,3.34,Ahmedabad
2025-04-25,0.0,33.2,43.73,22.89,25.24,3.4,Ahmedabad
2025-04-26,0.0,33.36,43.83,22.75,32.68,3.21,Ahmedabad
2025-04-27,0.0,34.62,45.0,24.82,27.87,3.5,Ahmedabad
2025-04-28,0.0,35.75,45.48,26.02,23.37,4.66,Ahmedabad
2025-04-29,0.0,35.38,45.77,25.59,27.56,4.46,Ahmedabad
2025-04-30,0.0,35.54,45.53,25.76,28.17,4.48,Ahmedabad
2025-05-01,0.0,35.2,45.89,24.03,27.21,5.19,Ahmedabad
2025-05-02,0.0,35.41,45.98,24.74,23.97,3.75,Ahmedabad
2025-05-03,0.0,34.18,42.52,24.88,30.39,3.56,Ahmedabad
2025-05-04,0.0,33.9,40.85,27.07,34.77,3.4,Ahmedabad
2025-05-05,7.64,33.68,41.46,26.89,40.26,4.74,Ahmedabad
2025-05-06,15.21,28.84,32.26,25.63,64.83,3.31,Ahmedabad
2025-05-07,29.42,27.31,30.06,25.08,76.8,2.81,Ahmedabad
2025-05-08,15.55,28.21,32.31,24.39,74.3,2.25,Ahmedabad
2025-05-09,7.97,30.02,35.66,24.58,65.71,1.86,Ahmedabad
2025-05-10,0.84,31.2,37.18,25.1,59.63,2.65,Ahmedabad
2025-05-11,0.01,32.25,38.94,25.99,53.53,2.87,Ahmedabad
2025-05-12,0.11,32.54,38.62,26.88,54.45,3.29,Ahmedabad
2025-05-13,0.05,32.61,38.34,27.08,54.47,3.11,Ahmedabad
2025-05-14,0.0,33.67,40.5,26.95,51.56,2.51,Ahmedabad
2025-05-15,0.01,34.12,40.72,27.3,48.88,2.59,Ahmedabad
2025-05-16,0.01,34.38,40.85,28.37,48.96,3.81,Ahmedabad
2025-05-17,0.0,33.91,40.57,28.19,52.42,4.72,Ahmedabad
2025-05-18,0.0,33.51,39.35,28.14,54.41,3.54,Ahmedabad
2025-05-19,0.0,34.5,40.44,28.25,52.72,2.34,Ahmedabad
2025-05-20,0.03,35.79,41.79,29.88,47.94,2.05,Ahmedabad
2025-05-21,0.08,35.51,41.17,30.33,47.6,3.1,Ahmedabad
2025-05-22,0.2,35.8,41.95,29.99,50.17,3.33,Ahmedabad
2025-05-23,0.15,36.28,43.02,30.7,46.25,2.99,Ahmedabad
2025-05-24,0.03,35.81,43.19,30.17,44.0,3.82,Ahmedabad
2025-05-25,0.2,35.14,42.67,28.49,46.6,2.87,Ahmedabad
2025-05-26,3.91,34.42,40.25,28.5,51.72,3.0,Ahmedabad
2025-05-27,0.58,34.46,39.96,29.25,52.87,4.68,Ahmedabad
2025-05-28,6.8,32.45,38.37,27.08,55.7,4.55,Ahmedabad
2025-05-29,11.01,32.15,40.01,25.76,58.19,3.47,Ahmedabad
2025-05-30,0.0,34.03,42.34,27.02,50.14,4.99,Ahmedabad
2025-05-31,0.03,33.29,41.09,26.42,53.36,6.79,Ahmedabad
2025-06-01,3.11,33.08,40.06,27.36,53.76,6.75,Ahmedabad
2025-06-02,14.7,32.02,38.33,26.9,60.85,5.49,Ahmedabad
2025-06-03,10.21,31.69,38.23,26.24,64.6,5.03,Ahmedabad
2025-06-04,0.18,32.23,38.35,27.02,56.01,3.16,Ahmedabad
2025-06-05,0.25,32.78,38.84,26.97,54.27,2.54,Ahmedabad
2025-06-06,0.0,33.56,40.13,27.14,52.25,3.28,Ahmedabad
2025-06-07,0.02,33.91,41.28,27.18,44.93,3.91,Ahmedabad
2025-06-08,0.01,33.96,41.34,26.86,48.31,4.35,Ahmedabad
2025-06-09,0.0,34.38,41.26,28.07,46.87,5.24,Ahmedabad
2025-06-10,0.0,34.75,42.07,27.77,44.56,4.94,Ahmedabad
2025-06-11,0.0,34.89,42.76,28.28,44.09,5.29,Ahmedabad
2025-06-12,0.0,35.62,43.38,28.94,42.18,4.44,Ahmedabad
2025-06-13,0.17,35.12,41.27,29.3,50.7,4.47,Ahmedabad
2025-06-14,3.63,34.33,39.64,29.68,56.98,3.15,Ahmedabad
2025-06-15,16.54,30.91,33.35,29.09,73.83,2.06,Ahmedabad
2025-06-16,32.77,29.93,32.56,27.91,79.75,3.31,Ahmedabad
2025-06-17,30.78,28.88,31.41,27.03,85.98,4.8,Ahmedabad
2025-06-18,12.72,28.82,31.6,26.66,83.47,5.03,Ahmedabad
2025-06-19,16.76,29.39,33.19,26.87,80.95,5.8,Ahmedabad
2025-06-20,1.31,29.69,34.2,26.36,77.41,4.96,Ahmedabad
2025-06-21,19.59,29.53,33.43,26.55,79.54,5.42,Ahmedabad
2025-06-22,10.06,28.89,32.77,26.4,82.27,4.86,Ahmedabad
2025-06-23,10.41,28.06,30.97,25.98,85.94,3.83,Ahmedabad
2025-06-24,9.42,28.47,31.97,25.53,82.58,4.48,Ahmedabad
2025-06-25,7.17,29.1,32.37,26.3,82.88,2.58,Ahmedabad
2025-06-26,14.11,29.26,32.64,26.44,83.0,1.94,Ahmedabad
2025-06-27,8.93,28.4,31.09,26.19,85.45,4.5,Ahmedabad
2025-06-28,12.12,28.26,32.49,25.32,84.64,7.25,Ahmedabad
2025-06-29,11.5,28.77,32.17,26.01,82.57,5.97,Ahmedabad
2025-06-30,8.86,28.77,32.73,25.86,82.52,6.06,Ahmedabad
2025-07-01,5.95,29.0,33.73,25.65,80.3,5.29,Ahmedabad
2025-07-02,7.82,27.57,29.6,25.51,87.89,3.91,Ahmedabad
2025-07-03,21.98,27.88,31.04,25.68,87.34,4.06,Ahmedabad
2025-07-04,13.52,28.57,31.87,25.77,85.88,3.95,Ahmedabad
2025-07-05,11.58,28.3,31.56,25.8,87.19,3.78,Ahmedabad
2025-07-06,26.21,27.92,30.64,25.66,88.82,4.28,Ahmedabad
2025-07-07,9.87,27.88,31.34,25.23,85.17,4.66,Ahmedabad
2025-07-08,3.07,28.31,32.63,24.71,83.53,4.22,Ahmedabad
2025-07-09,1.47,28.37,32.73,25.05,83.51,4.15,Ahmedabad
2025-07-10,1.59,28.69,33.3,24.97,82.3,4.52,Ahmedabad
2025-07-11,7.13,28.43,31.81,25.51,83.71,3.25,Ahmedabad
2025-07-12,8.31,27.88,30.98,24.92,84.9,3.65,Ahmedabad
2025-07-13,8.61,28.73,32.49,25.68,83.9,4.12,Ahmedabad
2025-07-14,8.16,27.34,29.01,25.96,90.45,3.49,Ahmedabad
2025-07-15,2.68,29.23,33.09,25.78,84.27,4.29,Ahmedabad
2025-07-16,0.6,29.15,33.01,25.85,82.19,3.42,Ahmedabad
2025-07-17,0.06,28.64,32.42,25.24,81.8,3.16,Ahmedabad
2025-07-18,3.46,28.29,31.68,26.2,83.71,3.74,Ahmedabad
2025-07-19,7.01,27.83,31.07,25.57,85.01,3.55,Ahmedabad
2025-07-20,3.88,28.5,32.52,24.65,83.08,4.5,Ahmedabad
2025-07-21,19.71,28.54,31.52,26.23,85.69,2.98,Ahmedabad
2025-07-22,4.94,28.76,32.33,26.07,84.27,3.62,Ahmedabad
2025-07-23,3.79,28.44,32.37,25.51,84.04,4.5,Ahmedabad
2025-07-24,0.23,28.51,32.26,25.21,82.67,3.52,Ahmedabad
2025-07-25,0.16,29.1,33.09,25.41,82.0,3.25,Ahmedabad
2025-07-26,13.6,28.32,31.44,25.88,86.0,4.19,Ahmedabad
2025-07-27,26.09,27.4,29.57,25.86,89.48,5.79,Ahmedabad
2025-07-28,34.57,28.59,33.32,25.03,83.9,5.94,Ahmedabad
2025-07-29,2.73,27.51,30.9,25.61,87.11,5.2,Ahmedabad
2025-07-30,0.02,26.76,29.41,24.9,88.32,4.62,Ahmedabad
2025-07-31,0.01,28.21,32.48,24.65,82.99,4.38,Ahmedabad
2025-08-01,0.58,27.99,32.24,24.23,83.06,4.21,Ahmedabad
2025-08-02,3.05,27.71,32.24,23.57,83.06,3.54,Ahmedabad
2025-08-03,3.84,28.09,32.54,24.34,82.58,4.22,Ahmedabad
2025-08-04,0.16,27.52,31.09,24.93,85.76,3.1,Ahmedabad
2025-08-05,1.02,27.88,32.19,24.2,83.34,3.8,Ahmedabad
2025-08-06,0.44,27.95,32.23,23.94,82.69,3.24,Ahmedabad
2025-08-07,0.0,27.93,31.49,24.26,80.9,3.03,Ahmedabad
2025-08-08,0.0,28.34,32.95,24.4,80.14,3.2,Ahmedabad
2025-08-09,0.2,28.25,32.26,24.51,80.05,3.01,Ahmedabad
2025-08-10,0.46,27.98,31.93,24.86,81.76,3.29,Ahmedabad
2025-08-11,0.17,28.3,32.37,24.68,80.22,3.65,Ahmedabad
2025-08-12,0.31,28.33,32.63,24.53,79.97,3.99,Ahmedabad
2025-08-13,0.33,27.85,31.4,24.91,83.38,2.99,Ahmedabad
2025-08-14,0.22,28.05,31.48,25.78,83.18,2.29,Ahmedabad
2025-08-15,1.53,28.23,32.16,24.92,83.19,1.84,Ahmedabad
2025-08-16,16.62,27.73,30.3,25.67,87.58,2.48,Ahmedabad
2025-08-17,3.5,28.89,33.68,25.31,83.4,1.88,Ahmedabad
2025-08-18,2.63,29.26,32.75,25.31,80.16,1.14,Ahmedabad
2025-08-19,5.65,29.11,32.3,26.52,84.43,2.59,Ahmedabad
2025-08-20,24.93,28.21,32.09,25.8,86.7,3.88,Ahmedabad
2025-08-21,20.5,27.44,30.08,25.67,89.73,4.52,Ahmedabad
2025-08-22,15.01,27.33,31.14,24.86,87.92,5.41,Ahmedabad
2025-08-23,17.8,27.24,31.11,24.63,87.34,5.8,Ahmedabad
2025-08-24,26.06,27.07,30.67,24.43,87.97,5.7,Ahmedabad
2025-08-25,6.33,27.71,32.22,24.44,85.44,5.15,Ahmedabad
2025-08-26,2.17,28.01,32.06,24.55,84.6,3.36,Ahmedabad
2025-08-27,1.06,28.21,32.2,24.53,84.13,2.53,Ahmedabad
2025-08-28,5.06,27.32,30.25,25.21,88.91,3.07,Ahmedabad
2025-08-29,23.64,28.07,31.36,25.36,87.04,3.15,Ahmedabad
2025-08-30,13.89,27.82,30.79,25.28,87.38,2.71,Ahmedabad
2025-08-31,6.85,27.63,30.46,25.83,89.02,3.21,Ahmedabad
2025-09-01,1.1,26.97,29.95,24.75,87.45,3.71,Ahmedabad
2025-09-02,0.04,27.46,31.78,23.58,83.45,3.19,Ahmedabad
2025-09-03,6.18,27.45,31.76,23.71,83.66,3.15,Ahmedabad
2025-09-04,35.32,27.09,30.85,24.1,88.44,4.4,Ahmedabad
2025-09-05,15.37,27.79,31.14,25.32,88.06,4.05,Ahmedabad
2025-09-06,19.6,26.84,28.91,25.14,92.34,5.01,Ahmedabad
2025-09-07,49.84,26.4,28.71,25.0,92.0,5.97,Ahmedabad
2025-09-08,4.22,26.94,30.95,24.59,87.22,6.07,Ahmedabad
2025-09-09,0.09,26.73,31.24,23.41,85.79,3.77,Ahmedabad
2025-09-10,0.0,26.09,29.97,22.35,82.87,2.12,Ahmedabad
2025-09-11,0.0,26.66,30.42,22.65,81.66,2.21,Ahmedabad
2025-09-12,0.0,26.89,30.76,23.0,80.9,1.85,Ahmedabad
2025-09-13,0.0,27.22,31.08,23.06,80.88,1.7,Ahmedabad
2025-09-14,0.02,27.24,31.85,23.24,82.67,2.79,Ahmedabad
2025-09-15,0.03,26.81,30.73,23.65,84.53,3.3,Ahmedabad
2025-09-16,0.0,27.51,31.76,22.8,83.3,2.3,Ahmedabad
2025-09-17,0.0,28.15,31.8,24.73,82.52,2.04,Ahmedabad
2025-09-18,0.34,28.21,31.93,24.74,83.61,1.72,Ahmedabad
2025-09-19,2.23,27.91,31.2,25.04,86.08,1.87,Ahmedabad
2025-09-20,5.59,27.5,31.05,24.61,86.35,2.87,Ahmedabad
2025-09-21,8.55,27.2,31.11,24.28,86.38,2.99,Ahmedabad
2025-09-22,1.6,27.07,31.62,23.48,83.78,3.22,Ahmedabad
2025-09-23,0.21,26.63,30.12,23.35,84.1,2.69,Ahmedabad
2025-09-24,0.02,26.93,30.98,23.0,81.49,2.56,Ahmedabad
2025-09-25,0.02,27.08,30.87,23.1,78.43,1.97,Ahmedabad
2025-09-26,0.0,27.41,32.1,22.65,80.32,2.18,Ahmedabad
2025-09-27,0.01,28.38,33.86,23.79,79.21,3.32,Ahmedabad
2025-09-28,12.16,27.54,31.67,24.51,86.34,3.62,Ahmedabad
2025-09-29,2.34,27.71,31.28,25.15,87.83,4.63,Ahmedabad
2025-09-30,1.64,26.27,30.57,23.86,88.96,6.06,Ahmedabad
2025-10-01,1.41,26.39,30.7,23.5,86.28,4.37,Ahmedabad
2025-10-02,2.04,26.2,30.12,23.85,87.53,4.21,Ahmedabad
2025-10-03,0.84,26.18,30.23,23.08,88.02,2.78,Ahmedabad
2025-10-04,1.17,26.66,30.8,23.64,84.95,2.53,Ahmedabad
2025-10-05,9.22,26.6,30.54,23.81,85.28,3.34,Ahmedabad
2025-10-06,8.11,26.09,30.26,22.38,85.46,3.69,Ahmedabad
2025-10-07,3.08,26.07,29.71,22.82,78.29,2.58,Ahmedabad
2025-10-08,0.01,25.28,30.45,20.42,74.76,1.49,Ahmedabad
2025-10-09,0.0,25.95,30.4,20.86,62.91,1.2,Ahmedabad
2025-10-10,0.0,25.67,30.53,20.39,59.74,1.24,Ahmedabad
2025-10-11,0.0,24.39,30.15,18.26,62.86,2.15,Ahmedabad
2025-10-12,0.0,24.66,30.84,17.55,62.86,2.05,Ahmedabad
2025-10-13,0.0,25.27,30.95,19.28,61.96,1.67,Ahmedabad
2025-10-14,0.0,24.21,30.93,18.37,68.64,2.6,Ahmedabad
2025-10-15,0.0,24.16,30.73,17.94,67.89,2.18,Ahmedabad
2025-10-16,0.0,24.9,31.94,18.49,69.95,2.47,Ahmedabad
2025-10-17,0.0,25.21,32.18,19.32,65.86,2.45,Ahmedabad
2025-10-18,0.01,25.1,32.05,18.67,66.13,2.4,Ahmedabad
2025-10-19,0.0,25.52,32.23,18.9,64.82,2.25,Ahmedabad
2025-10-20,0.0,26.28,32.34,20.83,60.95,1.94,Ahmedabad
2025-10-21,0.0,25.63,31.37,21.31,71.73,2.55,Ahmedabad
2025-10-22,0.0,25.43,32.4,20.49,75.24,3.87,Ahmedabad
2025-10-23,0.0,25.37,31.77,19.83,78.18,3.99,Ahmedabad
2025-10-24,0.0,26.61,32.73,22.11,77.75,4.23,Ahmedabad
2025-10-25,0.16,26.34,32.07,21.74,78.71,4.38,Ahmedabad
2025-10-26,6.4,24.97,28.85,22.1,85.74,4.4,Ahmedabad
2025-10-27,12.75,24.88,28.27,22.49,90.66,3.69,Ahmedabad
2025-10-28,23.83,24.05,26.22,22.11,92.84,5.01,Ahmedabad
2025-10-29,1.0,25.13,29.87,21.21,85.87,4.77,Ahmedabad
2025-10-30,24.35,25.06,28.65,22.36,88.86,3.32,Ahmedabad
2025-10-31,4.36,25.71,29.79,22.99,88.15,3.03,Ahmedabad
2025-11-01,4.56,26.12,30.27,22.52,86.34,2.19,Ahmedabad
2025-11-02,2.83,26.72,30.7,23.88,87.95,2.59,Ahmedabad
2025-11-03,4.59,26.29,30.61,22.21,87.03,3.54,Ahmedabad
2025-11-04,0.39,24.57,29.81,20.57,79.36,2.76,Ahmedabad
2025-11-05,0.0,24.16,29.61,18.59,64.93,0.96,Ahmedabad
2025-11-06,0.0,23.21,29.32,17.91,57.73,1.55,Ahmedabad
2025-11-07,0.0,21.17,28.81,13.84,57.1,2.56,Ahmedabad
2025-11-08,0.0,19.92,27.79,12.45,59.14,2.36,Ahmedabad
2025-11-09,0.0,20.08,27.52,12.56,58.74,1.83,Ahmedabad
2025-11-10,0.0,20.27,27.26,13.07,56.77,1.92,Ahmedabad
2025-11-11,0.0,19.92,27.08,11.98,57.7,1.83,Ahmedabad
2025-11-12,0.0,20.62,27.72,12.79,59.13,1.91,Ahmedabad
2025-11-13,0.0,20.34,28.3,13.38,62.78,2.5,Ahmedabad
2025-11-14,0.0,19.57,28.02,13.2,66.92,3.04,Ahmedabad
2025-11-15,0.0,18.72,27.12,12.41,68.02,3.3,Ahmedabad
2025-11-16,0.0,18.49,27.6,12.48,66.1,3.65,Ahmedabad
2025-11-17,0.0,17.19,26.18,10.67,66.6,3.65,Ahmedabad
2025-11-18,0.0,17.01,26.17,10.07,67.54,3.38,Ahmedabad
2025-11-19,0.0,17.34,26.59,10.4,69.36,3.18,Ahmedabad
2025-11-20,0.0,17.83,26.91,11.14,70.14,3.26,Ahmedabad
2025-11-21,0.0,18.73,27.3,12.38,73.87,3.31,Ahmedabad
2025-11-22,0.0,19.29,27.98,12.68,69.58,3.13,Ahmedabad
2025-11-23,0.0,19.58,28.78,12.59,64.62,2.96,Ahmedabad
2025-11-24,0.0,19.82,28.84,12.76,63.98,2.86,Ahmedabad
2025-11-25,0.0,21.63,29.48,15.36,78.31,2.87,Ahmedabad
2025-11-26,0.0,22.95,29.87,17.34,77.16,2.32,Ahmedabad
2025-11-27,0.0,23.54,29.68,18.48,78.76,2.57,Ahmedabad
2025-11-28,0.0,23.51,29.38,19.01,77.82,2.66,Ahmedabad
2025-11-29,0.0,22.82,29.42,17.93,72.99,2.8,Ahmedabad
2025-11-30,0.0,22.04,29.31,16.72,70.86,2.66,Ahmedabad
2025-12-01,0.0,21.63,28.94,14.79,64.8,2.08,Ahmedabad
2025-12-02,0.0,21.56,28.21,15.57,61.77,1.61,Ahmedabad
2025-12-03,0.0,20.33,28.32,14.5,66.33,3.54,Ahmedabad
2025-12-04,0.0,19.65,28.08,13.33,69.15,3.72,Ahmedabad
2025-12-05,0.0,19.54,28.12,13.37,67.2,3.85,Ahmedabad
2025-12-06,0.0,19.21,28.03,12.52,65.2,3.82,Ahmedabad
2025-12-07,0.0,19.07,28.16,12.13,59.38,3.59,Ahmedabad
2025-12-08,0.0,19.08,28.81,12.39,56.33,3.76,Ahmedabad
2025-12-09,0.0,19.09,29.48,11.48,55.6,3.57,Ahmedabad
2025-12-10,0.0,19.35,29.19,10.89,51.95,2.92,Ahmedabad
2025-12-11,0.0,19.98,29.24,11.47,48.96,2.47,Ahmedabad
2025-12-12,0.0,20.07,29.43,11.51,47.82,2.51,Ahmedabad
2025-12-13,0.0,19.73,29.81,11.59,53.22,3.02,Ahmedabad
2025-12-14,0.0,19.35,29.8,11.25,57.69,3.25,Ahmedabad
2025-12-15,0.0,19.35,29.36,11.63,63.04,3.34,Ahmedabad
2025-12-16,0.0,18.75,28.18,11.69,60.34,3.92,Ahmedabad
2025-12-17,0.0,18.98,29.26,11.14,57.82,3.41,Ahmedabad
2025-12-18,0.0,19.06,29.6,11.04,54.52,3.33,Ahmedabad
2025-12-19,0.0,20.23,30.55,10.66,50.15,2.94,Ahmedabad
2025-12-20,0.0,20.7,30.45,12.23,53.67,2.83,Ahmedabad
2025-12-21,0.0,19.44,28.13,13.56,54.96,3.28,Ahmedabad
2025-12-22,0.0,19.93,29.94,11.86,54.41,3.16,Ahmedabad
2025-12-23,0.0,20.41,30.06,12.27,55.32,2.86,Ahmedabad
2025-12-24,0.0,20.14,29.22,12.96,55.19,3.02,Ahmedabad
2025-12-25,0.0,19.93,28.89,12.42,57.45,2.74,Ahmedabad
2025-12-26,0.0,19.47,28.77,12.21,55.02,3.37,Ahmedabad
2025-12-27,0.0,19.02,28.9,11.66,54.9,3.61,Ahmedabad
2025-12-28,0.0,19.29,28.43,11.54,55.78,2.83,Ahmedabad
2025-12-29,0.0,20.1,28.91,13.03,53.33,2.74,Ahmedabad
2025-12-30,0.0,20.13,28.51,12.61,52.77,2.26,Ahmedabad
2025-12-31,0.0,20.66,27.29,14.33,59.24,1.85,Ahmedabad
