date,PRECTOTCORR,T2M,T2M_MAX,T2M_MIN,RH2M,WS10M,city
2018-01-01,0.0,17.79,26.01,11.47,62.4,2.32,Pune
2018-01-02,0.0,17.7,26.04,10.3,61.28,2.42,Pune
2018-01-03,0.0,17.98,26.48,10.71,61.77,2.91,Pune
2018-01-04,0.0,18.54,26.42,11.53,60.74,1.91,Pune
2018-01-05,0.0,18.03,26.18,11.27,63.35,2.28,Pune
2018-01-06,0.0,17.38,25.58,11.37,61.9,2.38,Pune
2018-01-07,0.0,17.04,24.84,10.48,61.79,2.11,Pune
2018-01-08,0.0,17.82,25.9,10.26,60.65,2.26,Pune
2018-01-09,0.0,17.56,25.37,11.0,64.34,3.45,Pune
2018-01-10,0.0,18.79,26.61,12.11,62.44,3.71,Pune
2018-01-11,0.0,20.77,28.34,13.66,60.19,2.99,Pune
2018-01-12,0.0,21.52,28.38,15.07,59.77,3.25,Pune
2018-01-13,0.0,21.85,28.96,15.14,58.56,3.04,Pune
2018-01-14,0.0,22.16,29.57,15.08,57.07,2.57,Pune
2018-01-15,0.0,22.72,29.75,16.33,63.38,2.53,Pune
2018-01-16,0.0,22.18,29.09,15.92,60.43,2.65,Pune
2018-01-17,0.0,21.7,28.93,16.53,56.19,2.22,Pune
2018-01-18,0.0,20.68,28.56,13.03,54.36,2.45,Pune
2018-01-19,0.0,20.4,28.07,12.76,52.93,2.12,Pune
2018-01-20,0.0,20.57,27.85,12.03,43.41,2.46,Pune
2018-01-21,0.0,20.64,28.23,11.65,41.33,2.0,Pune
2018-01-22,0.0,19.77,28.24,11.89,49.3,2.31,Pune
2018-01-23,10.23,18.36,26.61,12.77,69.02,2.28,Pune
2018-01-24,0.0,17.39,26.11,9.99,67.95,2.19,Pune
2018-01-25,0.0,17.8,26.93,9.49,53.74,2.46,Pune
2018-01-26,0.0,18.2,27.18,9.74,46.09,2.72,Pune
2018-01-27,0.0,18.11,27.44,9.65,47.55,2.43,Pune
2018-01-28,0.0,18.44,28.07,10.03,52.14,2.39,Pune
2018-01-29,0.0,19.26,28.69,10.62,48.18,3.08,Pune
2018-01-30,0.0,19.19,28.8,11.49,43.86,4.0,Pune
2018-01-31,0.0,20.37,29.51,11.6,37.9,3.31,Pune
2018-02-01,0.0,20.85,29.88,11.45,36.66,2.39,Pune
2018-02-02,0.0,20.78,30.43,11.92,39.93,2.14,Pune
2018-02-03,0.0,20.88,30.08,12.26,44.46,2.2,Pune
2018-02-04,0.0,22.21,30.81,14.18,41.17,1.62,Pune
2018-02-05,0.0,22.45,30.69,14.88,40.67,2.16,Pune
2018-02-06,0.0,20.98,28.41,14.75,44.84,2.53,Pune
2018-02-07,0.0,21.26,28.2,16.53,51.71,2.56,Pune
2018-02-08,0.0,20.52,28.86,14.72,63.01,2.33,Pune
2018-02-09,0.0,20.68,28.79,14.04,50.06,2.6,Pune
2018-02-10,0.0,21.97,29.31,17.74,44.68,2.04,Pune
2018-02-11,0.0,20.89,29.99,14.61,57.59,3.14,Pune
2018-02-12,0.0,19.63,28.35,12.87,67.98,2.58,Pune
2018-02-13,0.0,20.14,30.11,13.01,52.78,2.18,Pune
2018-02-14,0.0,21.86,30.91,13.65,52.43,4.31,Pune
2018-02-15,0.0,23.16,30.89,16.52,54.37,3.99,Pune
2018-02-16,0.0,22.57,31.43,15.47,50.43,2.96,Pune
2018-02-17,0.0,22.61,32.54,14.6,44.59,2.61,Pune
2018-02-18,0.0,22.74,32.89,14.22,39.95,2.58,Pune
2018-02-19,0.0,23.28,32.95,15.4,40.74,2.33,Pune
2018-02-20,0.0,23.43,33.29,15.54,43.06,2.54,Pune
2018-02-21,0.0,23.68,33.12,15.34,41.74,2.39,Pune
2018-02-22,0.0,24.38,33.37,16.57,42.82,2.19,Pune
2018-02-23,0.0,25.04,33.78,17.81,43.97,2.21,Pune
2018-02-24,0.0,25.32,34.01,17.62,42.07,2.45,Pune
2018-02-25,0.0,25.64,33.87,16.9,34.98,2.94,Pune
2018-02-26,0.0,25.3,34.62,16.74,35.99,2.39,Pune
2018-02-27,0.0,25.92,34.95,17.32,35.51,3.0,Pune
2018-02-28,0.0,26.06,35.11,17.11,33.97,2.9,Pune
2018-03-01,0.0,26.28,34.65,20.04,36.41,1.22,Pune
2018-03-02,0.0,26.27,34.88,19.39,38.84,1.51,Pune
2018-03-03,0.0,26.24,34.51,20.82,36.44,2.14,Pune
2018-03-04,0.0,25.01,33.78,18.63,47.53,2.23,Pune
2018-03-05,0.0,25.21,34.86,17.6,41.98,2.58,Pune
2018-03-06,0.0,26.03,35.88,17.2,37.86,2.78,Pune
2018-03-07,0.0,26.36,35.93,18.67,39.73,3.47,Pune
2018-03-08,0.0,25.77,35.49,18.45,45.18,2.1,Pune
2018-03-09,0.0,26.29,36.1,17.78,43.85,2.55,Pune
2018-03-10,0.0,26.71,36.13,19.29,37.51,3.04,Pune
2018-03-11,0.0,27.3,36.27,19.86,32.89,3.47,Pune
2018-03-12,0.0,27.84,36.13,20.98,29.76,3.21,Pune
2018-03-13,0.0,27.49,36.3,19.95,35.04,2.92,Pune
2018-03-14,0.0,27.06,36.31,20.18,27.3,3.04,Pune
2018-03-15,0.02,26.34,32.3,22.08,31.46,1.48,Pune
2018-03-16,0.05,26.23,32.59,20.99,42.09,1.69,Pune
2018-03-17,0.0,26.55,32.66,21.01,47.02,1.62,Pune
2018-03-18,0.85,26.84,33.86,21.34,48.07,2.57,Pune
2018-03-19,0.39,26.36,35.24,19.84,46.51,2.63,Pune
2018-03-20,0.0,25.13,34.64,17.65,46.64,3.37,Pune
2018-03-21,0.0,24.17,34.19,16.28,50.69,3.56,Pune
2018-03-22,0.0,23.13,33.53,14.59,48.58,3.49,Pune
2018-03-23,0.0,23.26,33.47,14.8,45.48,2.42,Pune
2018-03-24,0.0,26.42,36.74,16.75,31.49,2.91,Pune
2018-03-25,0.0,27.85,36.6,18.8,24.34,3.58,Pune
2018-03-26,0.0,28.95,38.22,20.53,24.62,3.64,Pune
2018-03-27,0.0,29.19,38.0,22.77,29.61,2.64,Pune
2018-03-28,0.0,27.84,37.43,20.7,36.98,2.78,Pune
2018-03-29,0.0,27.68,38.49,20.39,39.17,3.05,Pune
2018-03-30,0.0,26.93,38.63,17.9,46.5,3.12,Pune
2018-03-31,0.0,26.43,36.27,18.43,54.19,2.87,Pune
2018-04-01,0.0,27.63,38.81,18.11,46.34,2.91,Pune
2018-04-02,0.0,28.2,38.9,19.25,37.09,3.22,Pune
2018-04-03,0.0,28.16,39.27,18.22,40.36,2.6,Pune
2018-04-04,0.0,28.92,39.51,20.03,32.55,2.84,Pune
2018-04-05,0.0,28.94,38.96,20.71,40.43,3.13,Pune
2018-04-06,0.0,27.53,35.39,20.73,42.92,2.64,Pune
2018-04-07,0.0,28.75,38.75,19.98,37.91,2.21,Pune
2018-04-08,0.13,28.57,37.67,20.69,37.17,2.78,Pune
2018-04-09,0.0,29.05,38.16,21.22,27.05,2.28,Pune
2018-04-10,0.0,29.57,38.29,22.31,27.75,2.04,Pune
2018-04-11,0.0,29.15,37.9,23.07,34.15,2.06,Pune
2018-04-12,0.0,28.68,38.3,21.67,38.15,2.74,Pune
2018-04-13,0.0,28.91,38.77,19.87,41.69,2.88,Pune
2018-04-14,0.0,29.48,38.89,21.33,39.93,3.25,Pune
2018-04-15,0.0,29.8,38.67,22.17,40.3,2.63,Pune
2018-04-16,0.01,31.13,39.99,22.13,44.66,2.53,Pune
2018-04-17,0.35,32.16,39.96,25.06,40.01,2.47,Pune
2018-04-18,0.12,31.56,41.01,23.66,40.01,3.4,Pune
2018-04-19,0.0,30.78,40.08,23.24,34.55,3.69,Pune
2018-04-20,0.0,28.53,37.55,21.41,50.44,4.41,Pune
2018-04-21,0.0,28.98,38.58,20.13,44.87,4.09,Pune
2018-04-22,0.0,29.5,40.04,20.5,29.67,3.74,Pune
2018-04-23,0.0,29.26,40.2,19.92,37.52,3.44,Pune
2018-04-24,0.0,29.16,39.99,19.74,36.7,3.42,Pune
2018-04-25,0.0,28.99,39.39,20.38,29.38,3.6,Pune
2018-04-26,0.0,28.21,39.17,18.85,43.99,3.31,Pune
2018-04-27,0.0,29.25,40.95,18.85,43.76,3.06,Pune
2018-04-28,0.0,30.02,41.3,20.16,47.41,3.56,Pune
2018-04-29,0.0,29.39,39.68,21.4,52.16,4.28,Pune
2018-04-30,0.0,28.7,38.71,21.07,51.98,4.69,Pune
2018-05-01,0.0,28.71,38.91,20.2,50.48,4.27,Pune
2018-05-02,0.0,28.37,39.93,19.03,51.13,4.12,Pune
2018-05-03,0.0,28.91,39.85,19.31,49.63,3.6,Pune
2018-05-04,0.0,30.02,40.61,21.96,38.4,2.94,Pune
2018-05-05,0.0,29.67,39.1,22.31,43.84,3.31,Pune
2018-05-06,0.01,30.13,40.97,22.62,44.59,3.39,Pune
2018-05-07,0.01,29.46,38.2,23.17,47.12,4.33,Pune
2018-05-08,0.0,29.06,38.61,20.14,46.76,3.95,Pune
2018-05-09,0.0,30.03,40.28,20.5,47.41,3.85,Pune
2018-05-10,0.04,30.91,40.59,22.56,42.37,2.85,Pune
2018-05-11,0.05,30.08,39.3,23.39,51.07,4.34,Pune
2018-05-12,0.01,27.9,34.3,22.94,56.27,4.04,Pune
2018-05-13,0.42,29.14,38.25,21.47,55.48,3.61,Pune
2018-05-14,0.73,29.64,38.47,22.73,53.31,4.23,Pune
2018-05-15,0.01,29.01,38.33,21.75,54.95,3.75,Pune
2018-05-16,0.07,29.76,39.26,22.21,53.89,3.83,Pune
2018-05-17,1.13,31.01,39.61,22.64,47.48,3.7,Pune
2018-05-18,1.12,29.81,38.39,23.36,52.17,4.65,Pune
2018-05-19,0.01,29.28,37.7,22.98,52.25,4.08,Pune
2018-05-20,0.01,29.09,38.7,22.04,54.54,4.53,Pune
2018-05-21,0.0,28.98,38.24,21.69,52.44,4.31,Pune
2018-05-22,0.0,28.79,36.98,22.35,49.45,3.99,Pune
2018-05-23,0.0,29.41,39.27,22.65,48.8,3.88,Pune
2018-05-24,0.01,28.59,36.97,22.82,57.59,4.83,Pune
2018-05-25,0.0,28.7,37.36,22.37,55.93,5.37,Pune
2018-05-26,0.01,30.36,39.48,23.12,54.83,4.67,Pune
2018-05-27,1.89,29.47,37.22,24.63,63.04,3.57,Pune
2018-05-28,0.77,29.2,37.34,24.45,64.05,5.45,Pune
2018-05-29,0.03,28.02,33.69,24.45,68.6,5.69,Pune
2018-05-30,0.03,28.09,34.66,23.87,68.63,5.49,Pune
2018-05-31,0.33,28.8,35.6,24.37,66.96,4.82,Pune
2018-06-01,7.12,27.68,33.35,24.31,67.55,2.55,Pune
2018-06-02,9.6,27.1,32.52,23.53,73.06,2.33,Pune
2018-06-03,5.81,25.83,29.43,23.4,79.99,2.95,Pune
2018-06-04,5.67,25.83,31.82,22.37,78.34,3.13,Pune
2018-06-05,2.73,26.37,31.24,23.01,76.62,2.33,Pune
2018-06-06,7.81,26.1,30.29,23.56,78.62,3.31,Pune
2018-06-07,7.88,26.1,30.6,23.73,83.1,5.07,Pune
2018-06-08,11.35,24.79,27.47,23.15,88.16,5.66,Pune
2018-06-09,22.48,24.99,27.74,23.24,86.23,6.79,Pune
2018-06-10,16.98,25.85,30.13,23.29,83.71,7.68,Pune
2018-06-11,6.67,25.88,29.69,23.73,85.1,7.48,Pune
2018-06-12,0.9,25.97,29.59,23.77,82.99,7.6,Pune
2018-06-13,0.4,26.46,31.25,23.64,79.75,6.78,Pune
2018-06-14,0.43,26.35,31.23,23.48,79.74,6.25,Pune
2018-06-15,8.02,25.95,30.09,23.38,81.23,5.97,Pune
2018-06-16,9.19,26.21,30.72,23.46,78.85,6.03,Pune
2018-06-17,23.83,25.51,29.22,23.01,82.37,6.97,Pune
2018-06-18,11.35,25.57,29.58,23.0,84.4,5.82,Pune
2018-06-19,1.16,25.69,30.03,23.26,84.77,3.83,Pune
2018-06-20,2.84,25.74,29.87,23.23,84.05,4.08,Pune
2018-06-21,35.92,24.51,26.2,23.39,90.42,5.22,Pune
2018-06-22,15.67,24.9,28.85,22.32,85.16,5.22,Pune
2018-06-23,27.78,24.75,27.85,23.27,87.64,5.1,Pune
2018-06-24,38.91,23.87,27.01,21.04,87.51,6.73,Pune
2018-06-25,33.41,24.27,26.71,22.64,88.27,7.07,Pune
2018-06-26,21.37,24.33,26.65,23.09,90.2,7.9,Pune
2018-06-27,5.72,24.39,27.55,22.69,87.66,7.36,Pune
2018-06-28,12.2,24.74,28.6,22.57,86.25,6.24,Pune
2018-06-29,10.66,24.17,27.12,22.56,87.87,5.15,Pune
2018-06-30,9.03,24.56,28.47,21.63,83.85,4.94,Pune
2018-07-01,2.62,24.43,28.64,21.15,82.65,4.67,Pune
2018-07-02,11.56,24.54,28.45,22.48,87.36,5.87,Pune
2018-07-03,31.05,24.14,26.89,22.52,88.59,7.59,Pune
2018-07-04,42.7,24.04,26.21,22.79,91.13,7.89,Pune
2018-07-05,46.66,23.79,25.97,22.7,92.57,6.93,Pune
2018-07-06,20.5,24.24,26.71,22.67,90.46,5.91,Pune
2018-07-07,48.78,23.63,25.71,22.06,93.0,6.14,Pune
2018-07-08,30.71,23.7,26.48,21.98,90.68,6.15,Pune
2018-07-09,46.1,23.27,24.96,22.23,93.26,5.31,Pune
2018-07-10,40.36,23.39,26.02,21.48,92.01,7.01,Pune
2018-07-11,13.89,23.51,26.35,21.38,90.32,7.29,Pune
2018-07-12,21.7,23.61,25.23,22.79,93.5,8.02,Pune
2018-07-13,25.12,23.71,26.34,22.16,91.53,7.17,Pune
2018-07-14,28.08,23.8,26.73,22.0,91.02,7.89,Pune
2018-07-15,51.83,23.19,24.75,22.22,95.2,8.19,Pune
2018-07-16,74.82,23.4,24.73,22.6,95.57,8.97,Pune
2018-07-17,38.68,23.5,25.49,22.41,93.02,9.61,Pune
2018-07-18,16.73,23.61,26.25,21.97,91.91,8.23,Pune
2018-07-19,16.09,23.34,26.22,21.73,91.33,7.91,Pune
2018-07-20,19.83,23.06,24.39,21.95,94.36,7.41,Pune
2018-07-21,13.33,23.04,25.39,21.76,92.32,8.12,Pune
2018-07-22,11.65,23.02,25.24,21.45,92.52,7.74,Pune
2018-07-23,9.62,22.91,25.38,21.31,91.48,8.01,Pune
2018-07-24,5.69,23.15,25.93,21.48,91.48,7.9,Pune
2018-07-25,5.61,23.17,25.66,21.5,91.33,7.2,Pune
2018-07-26,5.19,23.19,26.11,21.78,91.3,7.8,Pune
2018-07-27,3.78,23.1,26.28,21.42,90.63,7.71,Pune
2018-07-28,1.19,23.45,26.9,21.52,90.22,6.74,Pune
2018-07-29,0.31,23.51,26.71,21.69,90.13,6.08,Pune
2018-07-30,1.23,23.47,27.18,21.48,89.19,6.1,Pune
2018-07-31,2.12,23.6,27.27,21.27,89.3,6.36,Pune
2018-08-01,5.5,22.97,24.99,21.71,91.7,6.59,Pune
2018-08-02,4.38,23.36,27.08,21.41,89.62,6.58,Pune
2018-08-03,9.01,23.1,26.13,21.5,90.38,6.6,Pune
2018-08-04,12.38,22.65,25.12,21.3,91.42,7.08,Pune
2018-08-05,3.03,23.09,26.52,21.23,89.27,7.39,Pune
2018-08-06,3.27,22.85,26.0,20.98,89.55,8.07,Pune
2018-08-07,5.08,23.13,26.34,21.1,89.26,7.64,Pune
2018-08-08,5.6,22.69,25.12,21.48,91.97,6.62,Pune
2018-08-09,5.48,23.36,26.88,21.5,89.76,7.31,Pune
2018-08-10,7.82,23.39,26.92,21.35,89.23,7.13,Pune
2018-08-11,15.18,23.4,26.89,21.54,89.84,7.9,Pune
2018-08-12,18.63,22.84,25.27,21.42,90.9,8.69,Pune
2018-08-13,24.22,22.67,24.43,21.45,92.09,8.39,Pune
2018-08-14,11.48,23.6,27.07,21.75,90.72,7.16,Pune
2018-08-15,14.91,22.71,24.39,21.79,93.75,6.44,Pune
2018-08-16,25.95,22.64,25.23,21.39,93.16,8.06,Pune
2018-08-17,17.17,22.58,25.11,21.23,92.85,8.65,Pune
2018-08-18,11.74,22.91,26.04,21.02,91.15,7.67,Pune
2018-08-19,20.31,23.09,26.16,21.26,91.11,7.51,Pune
2018-08-20,27.9,22.73,25.38,21.14,92.74,6.99,Pune
2018-08-21,35.83,22.35,23.89,21.36,95.24,6.24,Pune
2018-08-22,28.81,22.98,26.0,21.26,92.45,7.02,Pune
2018-08-23,13.16,22.96,26.28,21.13,91.65,6.26,Pune
2018-08-24,11.0,22.93,26.3,20.89,91.09,5.89,Pune
2018-08-25,13.03,22.71,25.6,21.01,91.73,6.11,Pune
2018-08-26,17.5,22.72,25.48,20.96,91.67,6.19,Pune
2018-08-27,14.12,22.94,25.62,21.29,91.82,5.95,Pune
2018-08-28,6.94,22.75,25.86,21.01,91.66,4.75,Pune
2018-08-29,3.41,22.87,26.48,20.65,91.25,4.48,Pune
2018-08-30,3.21,22.65,26.34,20.1,90.95,4.72,Pune
2018-08-31,4.47,22.54,26.09,20.05,91.06,4.29,Pune
2018-09-01,8.04,22.68,26.44,20.42,90.42,4.68,Pune
2018-09-02,13.76,22.59,26.0,20.71,90.73,5.65,Pune
2018-09-03,9.04,22.64,26.22,20.28,90.17,5.65,Pune
2018-09-04,3.16,22.21,26.24,19.8,90.18,5.15,Pune
2018-09-05,1.91,22.43,26.36,19.99,89.63,5.33,Pune
2018-09-06,1.13,22.2,26.09,19.87,89.67,4.55,Pune
2018-09-07,2.5,22.09,25.92,19.67,89.23,4.26,Pune
2018-09-08,1.58,21.48,24.97,18.86,89.4,3.68,Pune
2018-09-09,0.97,21.64,26.22,17.93,88.42,2.95,Pune
2018-09-10,0.16,22.24,27.54,18.56,85.07,2.23,Pune
2018-09-11,0.03,22.86,28.47,18.9,83.23,2.08,Pune
2018-09-12,0.38,22.08,26.94,18.85,86.89,2.7,Pune
2018-09-13,0.86,21.85,26.72,17.97,88.63,2.9,Pune
2018-09-14,1.87,22.6,27.6,18.61,88.03,2.6,Pune
2018-09-15,4.45,23.38,28.05,19.93,87.3,2.25,Pune
2018-09-16,2.5,23.3,28.04,20.19,87.73,2.87,Pune
2018-09-17,1.32,22.59,27.38,19.35,86.55,3.07,Pune
2018-09-18,1.36,22.71,27.83,18.85,85.47,2.44,Pune
2018-09-19,2.54,22.83,26.78,20.55,88.12,2.55,Pune
2018-09-20,4.93,23.89,28.84,20.41,87.22,2.66,Pune
2018-09-21,3.43,24.16,28.95,21.06,86.64,2.84,Pune
2018-09-22,0.31,23.32,26.73,20.75,88.96,4.17,Pune
2018-09-23,0.23,23.44,28.21,20.29,86.4,2.39,Pune
2018-09-24,0.09,23.48,28.53,20.16,85.85,2.21,Pune
2018-09-25,0.16,23.87,29.45,19.98,85.64,2.32,Pune
2018-09-26,1.94,24.63,29.57,20.46,84.83,1.84,Pune
2018-09-27,5.19,24.34,28.54,20.53,83.07,1.63,Pune
2018-09-28,8.36,24.56,29.35,19.83,80.19,2.33,Pune
2018-09-29,1.03,24.97,30.42,20.66,77.99,2.98,Pune
2018-09-30,0.45,24.82,30.85,20.2,76.51,3.01,Pune
2018-10-01,6.26,25.37,31.29,19.87,76.54,2.62,Pune
2018-10-02,2.34,25.07,30.15,20.18,79.43,2.39,Pune
2018-10-03,2.98,24.83,28.85,21.6,82.92,2.01,Pune
2018-10-04,2.66,24.45,27.68,21.44,82.94,1.92,Pune
2018-10-05,0.26,24.81,28.85,21.15,78.25,3.18,Pune
2018-10-06,0.0,24.0,29.87,19.88,72.7,3.39,Pune
2018-10-07,0.0,25.12,31.05,20.1,68.84,3.48,Pune
2018-10-08,0.09,25.02,30.52,20.45,73.06,2.72,Pune
2018-10-09,0.0,24.01,30.33,18.42,71.55,2.03,Pune
2018-10-10,0.0,24.03,30.47,19.11,71.13,1.99,Pune
2018-10-11,0.0,23.45,30.67,17.83,73.51,2.81,Pune
2018-10-12,0.01,24.57,30.85,19.41,72.31,2.52,Pune
2018-10-13,0.0,23.68,30.65,17.94,66.06,3.07,Pune
2018-10-14,0.0,23.52,30.62,16.84,64.89,2.69,Pune
2018-10-15,0.0,23.58,30.55,17.71,65.49,2.77,Pune
2018-10-16,0.08,23.72,30.72,17.67,71.39,3.16,Pune
2018-10-17,0.55,23.81,28.87,20.9,77.4,1.43,Pune
2018-10-18,5.24,23.06,27.63,20.31,83.13,1.39,Pune
2018-10-19,2.88,23.88,28.37,20.02,75.88,1.31,Pune
2018-10-20,0.01,24.07,30.24,18.77,71.56,2.04,Pune
2018-10-21,0.0,23.61,30.29,17.99,69.81,2.11,Pune
2018-10-22,0.01,23.87,30.77,18.11,68.4,2.11,Pune
2018-10-23,0.02,23.66,30.71,17.3,57.88,2.44,Pune
2018-10-24,0.01,23.77,31.04,16.16,58.3,2.09,Pune
2018-10-25,0.34,23.5,28.2,20.17,72.73,3.24,Pune
2018-10-26,0.06,24.06,30.09,19.55,64.94,2.6,Pune
2018-10-27,0.0,22.72,30.3,16.5,59.5,3.57,Pune
2018-10-28,0.0,21.93,30.08,15.93,57.88,3.83,Pune
2018-10-29,0.0,21.13,29.24,14.82,57.17,3.68,Pune
2018-10-30,0.0,20.53,28.52,13.96,56.55,3.65,Pune
2018-10-31,0.0,21.17,29.7,14.68,59.81,4.13,Pune
2018-11-01,0.0,21.44,28.98,14.12,58.43,3.56,Pune
2018-11-02,0.0,22.96,29.74,15.34,65.79,2.66,Pune
2018-11-03,0.23,24.53,29.99,19.59,74.36,2.61,Pune
2018-11-04,3.51,24.34,29.29,20.15,80.72,1.94,Pune
2018-11-05,9.25,23.15,25.74,21.38,87.82,1.64,Pune
2018-11-06,0.43,23.77,29.64,19.63,74.49,2.15,Pune
2018-11-07,0.0,23.25,29.99,18.19,65.82,2.86,Pune
2018-11-08,0.0,22.59,30.36,15.42,65.11,2.8,Pune
2018-11-09,0.0,22.79,30.42,16.2,64.15,2.41,Pune
2018-11-10,0.0,22.22,29.75,15.91,60.26,2.35,Pune
2018-11-11,0.0,21.44,29.74,14.53,57.68,2.53,Pune
2018-11-12,0.0,20.97,29.22,13.49,54.19,2.52,Pune
2018-11-13,0.0,20.8,29.01,13.68,51.59,2.15,Pune
2018-11-14,0.0,20.86,28.95,13.76,55.66,1.98,Pune
2018-11-15,0.0,20.35,30.38,12.6,51.3,3.57,Pune
2018-11-16,0.0,21.07,30.0,13.65,48.52,3.51,Pune
2018-11-17,0.0,21.51,29.95,13.78,55.53,2.88,Pune
2018-11-18,0.0,22.98,30.31,16.2,63.73,2.3,Pune
2018-11-19,0.05,23.73,29.54,18.56,66.46,1.7,Pune
2018-11-20,0.45,24.17,28.67,20.27,72.64,1.59,Pune
2018-11-21,0.01,23.98,28.44,19.52,71.59,2.27,Pune
2018-11-22,0.0,22.87,29.35,18.0,62.17,3.46,Pune
2018-11-23,0.0,21.78,29.57,16.31,54.29,4.39,Pune
2018-11-24,0.0,21.65,29.34,15.19,56.89,3.12,Pune
2018-11-25,0.0,21.44,28.35,14.74,53.78,2.52,Pune
2018-11-26,0.0,21.01,28.62,14.36,54.76,2.81,Pune
2018-11-27,0.0,20.87,28.8,13.64,45.01,3.36,Pune
2018-11-28,0.0,19.74,27.16,14.01,50.15,3.5,Pune
2018-11-29,0.0,19.94,28.12,12.67,48.8,3.32,Pune
2018-11-30,0.0,20.05,28.47,12.65,48.67,3.33,Pune
2018-12-01,0.0,19.52,26.59,12.97,52.81,3.17,Pune
2018-12-02,0.0,20.19,27.76,13.78,54.75,2.42,Pune
2018-12-03,0.0,21.07,28.05,14.67,59.29,2.96,Pune
2018-12-04,0.0,21.14,27.12,16.24,62.57,3.15,Pune
2018-12-05,0.0,21.47,29.05,15.64,61.1,2.55,Pune
2018-12-06,0.0,20.9,28.77,15.14,63.0,2.36,Pune
2018-12-07,0.0,20.69,29.47,13.74,57.19,2.48,Pune
2018-12-08,0.0,21.28,29.56,15.38,59.19,2.44,Pune
2018-12-09,0.0,21.05,29.32,15.33,57.96,2.53,Pune
2018-12-10,0.0,19.89,27.06,14.04,50.23,2.27,Pune
2018-12-11,0.0,17.94,27.67,9.94,50.01,2.71,Pune
2018-12-12,0.0,18.37,26.82,12.78,59.6,2.46,Pune
2018-12-13,0.0,18.15,27.13,10.84,55.84,3.57,Pune
2018-12-14,0.0,19.17,27.22,12.9,54.54,5.07,Pune
2018-12-15,0.0,20.54,27.25,15.08,59.77,4.65,Pune
2018-12-16,0.0,18.91,26.64,12.79,50.38,4.24,Pune
2018-12-17,0.0,17.89,26.32,11.07,52.54,3.77,Pune
2018-12-18,0.0,18.8,27.33,12.98,59.52,3.95,Pune
2018-12-19,0.0,17.71,27.22,10.76,47.16,3.96,Pune
2018-12-20,0.0,18.64,27.51,10.62,48.45,3.39,Pune
2018-12-21,0.0,19.37,28.3,12.21,57.59,2.61,Pune
2018-12-22,0.0,20.14,29.13,11.77,50.54,2.31,Pune
2018-12-23,0.0,21.53,29.39,13.91,56.32,2.25,Pune
2018-12-24,0.0,22.03,30.1,15.87,62.94,2.73,Pune
2018-12-25,0.0,21.93,30.28,16.02,58.07,2.43,Pune
2018-12-26,0.0,20.58,28.88,15.25,54.29,2.92,Pune
2018-12-27,0.0,17.92,28.29,10.11,35.34,3.09,Pune
2018-12-28,0.0,16.78,26.94,9.06,26.19,4.0,Pune
2018-12-29,0.0,17.17,27.93,8.98,26.77,3.82,Pune
2018-12-30,0.0,17.4,28.02,9.81,27.99,4.37,Pune
2018-12-31,0.0,18.13,28.45,10.25,29.18,4.26,Pune
2019-01-01,0.0,19.42,29.66,10.32,26.85,2.97,Pune
2019-01-02,0.0,20.31,30.49,10.51,29.01,1.98,Pune
2019-01-03,0.0,20.83,30.15,12.91,31.66,1.94,Pune
2019-01-04,0.0,20.67,30.66,10.98,30.66,2.37,Pune
2019-01-05,0.0,20.4,30.62,12.16,38.25,2.74,Pune
2019-01-06,0.0,19.43,30.34,11.75,38.53,2.7,Pune
2019-01-07,0.0,18.93,29.39,11.49,33.15,4.21,Pune
2019-01-08,0.0,18.97,29.75,10.63,28.1,3.32,Pune
2019-01-09,0.0,19.56,30.78,10.46,30.5,2.32,Pune
2019-01-10,0.0,19.69,30.71,10.29,29.95,2.94,Pune
2019-01-11,0.0,19.82,30.65,11.13,36.49,2.77,Pune
2019-01-12,0.0,20.33,30.06,15.0,36.78,2.39,Pune
2019-01-13,0.0,19.48,29.98,11.03,40.7,2.47,Pune
2019-01-14,0.0,20.07,30.0,12.71,41.09,3.8,Pune
2019-01-15,0.0,20.91,30.12,13.36,38.8,3.75,Pune
2019-01-16,0.0,21.69,31.11,13.52,43.06,2.67,Pune
2019-01-17,0.0,21.65,31.3,13.03,36.0,2.55,Pune
2019-01-18,0.0,21.6,31.56,12.79,32.27,2.49,Pune
2019-01-19,0.0,21.74,31.27,13.15,31.33,3.12,Pune
2019-01-20,0.0,22.44,31.51,13.44,32.48,2.63,Pune
2019-01-21,0.0,20.6,30.84,13.46,45.73,3.48,Pune
2019-01-22,0.0,18.81,27.82,13.13,69.84,2.66,Pune
2019-01-23,0.0,18.73,27.56,13.29,68.19,2.58,Pune
2019-01-24,0.0,18.33,29.33,10.12,47.82,3.07,Pune
2019-01-25,0.0,17.29,28.09,9.29,38.74,3.1,Pune
2019-01-26,0.0,18.06,28.38,8.67,41.05,3.09,Pune
2019-01-27,0.0,19.6,27.51,12.54,58.5,4.62,Pune
2019-01-28,0.0,18.49,26.99,12.08,38.34,4.88,Pune
2019-01-29,0.0,18.09,28.28,10.48,25.56,4.74,Pune
2019-01-30,0.0,19.11,29.57,9.94,25.3,2.81,Pune
2019-01-31,0.0,20.58,30.82,11.8,32.72,2.06,Pune
2019-02-01,0.0,21.1,30.96,13.13,42.88,2.66,Pune
2019-02-02,0.0,21.51,31.12,13.89,43.26,2.79,Pune
2019-02-03,0.0,22.89,31.28,14.97,43.35,2.89,Pune
2019-02-04,0.0,23.38,32.22,15.76,40.92,3.96,Pune
2019-02-05,0.0,23.26,32.41,15.46,44.95,2.35,Pune
2019-02-06,0.0,22.26,32.43,15.28,48.4,3.29,Pune
2019-02-07,0.0,18.46,27.71,12.03,62.65,3.88,Pune
2019-02-08,0.0,16.73,26.85,9.95,55.37,3.67,Pune
2019-02-09,0.0,17.26,30.07,7.2,30.71,3.43,Pune
2019-02-10,0.0,20.07,32.31,10.47,22.67,4.27,Pune
2019-02-11,0.0,22.37,32.98,12.78,28.83,2.4,Pune
2019-02-12,0.0,25.23,33.74,16.54,39.24,2.41,Pune
2019-02-13,0.0,26.05,34.21,18.92,40.27,2.06,Pune
2019-02-14,0.0,24.9,34.36,17.75,39.92,3.13,Pune
2019-02-15,0.0,22.79,32.3,16.34,44.66,3.48,Pune
2019-02-16,0.0,21.47,32.44,12.85,38.73,2.57,Pune
2019-02-17,0.0,21.65,32.59,13.03,29.74,2.59,Pune
2019-02-18,0.0,23.18,35.27,13.72,27.99,2.54,Pune
2019-02-19,0.0,24.99,36.61,15.99,28.22,2.47,Pune
2019-02-20,0.0,25.2,37.18,15.78,34.08,3.67,Pune
2019-02-21,0.0,25.94,36.12,17.76,50.63,2.77,Pune
2019-02-22,0.0,27.49,35.57,20.34,37.91,2.22,Pune
2019-02-23,0.0,27.69,37.03,19.99,30.62,3.38,Pune
2019-02-24,0.0,26.29,36.43,19.2,23.18,3.65,Pune
2019-02-25,0.0,25.24,35.38,17.77,26.87,3.3,Pune
2019-02-26,0.0,23.19,31.94,16.41,33.45,4.12,Pune
2019-02-27,0.0,21.57,30.26,14.93,47.79,3.93,Pune
2019-02-28,0.0,21.67,31.36,13.24,43.68,2.12,Pune
2019-03-01,0.0,22.93,34.09,12.79,26.05,2.12,Pune
2019-03-02,0.0,24.84,37.06,15.58,34.71,3.65,Pune
2019-03-03,0.0,23.59,34.12,16.56,59.28,3.0,Pune
2019-03-04,0.0,23.34,33.46,16.9,64.13,3.96,Pune
2019-03-05,0.0,23.14,33.01,17.17,59.49,3.68,Pune
2019-03-06,0.0,21.93,32.57,14.07,55.2,3.41,Pune
2019-03-07,0.0,22.96,34.31,12.87,40.9,3.07,Pune
2019-03-08,0.0,25.47,36.4,16.11,27.08,3.31,Pune
2019-03-09,0.0,25.9,36.16,17.77,29.82,3.42,Pune
2019-03-10,0.0,25.84,37.32,16.96,30.31,3.56,Pune
2019-03-11,0.0,25.07,35.59,17.15,38.21,3.51,Pune
2019-03-12,0.0,25.36,36.29,15.98,39.24,2.88,Pune
2019-03-13,0.0,24.67,35.07,16.36,43.19,3.81,Pune
2019-03-14,0.0,24.76,35.15,16.29,39.89,3.73,Pune
2019-03-15,0.0,26.18,36.78,16.95,24.12,3.1,Pune
2019-03-16,0.0,27.29,38.11,18.18,22.85,3.11,Pune
2019-03-17,0.0,26.5,36.81,18.98,24.75,3.39,Pune
2019-03-18,0.0,26.51,37.56,17.77,25.89,3.45,Pune
2019-03-19,0.0,26.75,37.73,18.0,25.72,3.4,Pune
2019-03-20,0.0,26.32,37.26,18.17,31.9,3.33,Pune
2019-03-21,0.0,25.55,36.65,16.05,41.53,3.26,Pune
2019-03-22,0.0,26.2,37.15,16.64,29.97,3.07,Pune
2019-03-23,0.0,28.21,38.99,18.15,21.9,2.96,Pune
2019-03-24,0.0,29.21,39.52,19.31,18.41,2.9,Pune
2019-03-25,0.0,30.6,40.3,20.91,20.81,3.18,Pune
2019-03-26,0.0,30.25,40.16,21.45,21.44,3.05,Pune
2019-03-27,0.0,29.25,40.11,20.8,29.66,2.27,Pune
2019-03-28,0.0,29.34,40.36,19.54,22.37,2.5,Pune
2019-03-29,0.0,29.84,40.69,19.6,27.78,2.68,Pune
2019-03-30,0.0,29.79,40.46,20.98,32.82,3.23,Pune
2019-03-31,0.0,28.66,38.76,20.65,42.91,3.51,Pune
2019-04-01,0.0,27.65,38.76,19.23,39.64,3.61,Pune
2019-04-02,0.0,28.38,39.93,18.95,38.44,2.7,Pune
2019-04-03,0.0,29.5,40.87,18.84,38.82,2.8,Pune
2019-04-04,0.01,30.08,41.41,20.82,33.83,3.29,Pune
2019-04-05,0.0,28.91,39.7,20.85,48.97,3.1,Pune
2019-04-06,0.0,29.19,39.94,20.42,40.66,3.6,Pune
2019-04-07,0.0,28.86,39.16,20.46,39.22,3.55,Pune
2019-04-08,0.0,29.34,40.31,19.72,39.3,3.79,Pune
2019-04-09,0.0,28.53,38.91,20.31,39.51,3.96,Pune
2019-04-10,0.0,29.29,40.3,19.9,30.94,3.51,Pune
2019-04-11,0.0,29.69,40.52,19.62,37.09,3.32,Pune
2019-04-12,0.02,29.99,40.31,21.18,39.81,3.23,Pune
2019-04-13,0.02,31.46,41.32,21.76,28.87,2.78,Pune
2019-04-14,0.78,31.31,39.34,23.23,33.63,2.32,Pune
2019-04-15,1.17,29.86,37.27,24.74,36.61,3.06,Pune
2019-04-16,0.6,28.16,35.54,22.23,51.31,3.81,Pune
2019-04-17,0.0,26.22,35.42,19.24,48.69,4.17,Pune
2019-04-18,0.0,26.1,37.66,15.04,39.01,3.4,Pune
2019-04-19,0.0,27.63,38.62,18.35,46.72,3.68,Pune
2019-04-20,0.0,27.96,38.26,18.99,40.35,3.59,Pune
2019-04-21,0.0,27.89,37.78,19.26,47.02,3.93,Pune
2019-04-22,0.0,28.28,38.33,19.17,39.08,3.83,Pune
2019-04-23,0.0,29.49,40.65,19.02,37.35,3.3,Pune
2019-04-24,0.0,31.05,41.71,21.21,33.89,3.13,Pune
2019-04-25,0.0,31.65,41.89,21.51,39.06,2.87,Pune
2019-04-26,0.0,33.03,43.2,23.5,31.62,3.52,Pune
2019-04-27,0.0,33.59,42.96,24.1,32.96,3.11,Pune
2019-04-28,0.0,33.52,42.52,26.02,27.23,3.83,Pune
2019-04-29,0.0,31.15,40.33,22.71,39.9,4.03,Pune
2019-04-30,0.0,30.01,38.7,23.0,38.14,4.27,Pune
2019-05-01,0.0,27.52,36.93,20.75,52.89,4.81,Pune
2019-05-02,0.0,26.92,36.75,19.78,51.79,4.47,Pune
2019-05-03,0.0,26.44,35.87,19.16,55.73,4.5,Pune
2019-05-04,0.0,26.85,35.71,20.31,60.49,4.56,Pune
2019-05-05,0.0,27.69,36.89,21.1,55.5,4.28,Pune
2019-05-06,0.0,28.79,38.68,20.57,52.18,3.62,Pune
2019-05-07,0.0,28.44,37.91,20.54,54.3,4.37,Pune
2019-05-08,0.0,27.95,36.95,22.11,59.73,4.98,Pune
2019-05-09,0.0,27.49,36.52,21.67,56.54,5.02,Pune
2019-05-10,0.0,27.57,36.87,21.28,55.08,4.79,Pune
2019-05-11,0.0,28.44,39.1,20.44,53.34,4.54,Pune
2019-05-12,0.0,29.1,40.07,20.7,53.75,4.33,Pune
2019-05-13,0.0,29.19,39.67,21.7,51.96,4.7,Pune
2019-05-14,0.0,28.69,38.9,20.72,50.78,4.41,Pune
2019-05-15,0.0,28.63,38.82,20.31,49.47,4.26,Pune
2019-05-16,0.13,28.53,38.68,20.19,49.32,3.95,Pune
2019-05-17,0.0,28.97,39.2,19.61,48.47,4.38,Pune
2019-05-18,0.0,30.13,39.91,21.01,41.4,4.44,Pune
2019-05-19,0.0,31.25,40.62,22.95,32.33,4.57,Pune
2019-05-20,0.0,31.54,41.61,22.83,34.77,4.19,Pune
2019-05-21,0.0,30.52,40.65,22.46,50.67,4.28,Pune
2019-05-22,0.0,30.31,39.92,22.93,54.29,4.33,Pune
2019-05-23,0.0,29.59,38.69,22.82,55.05,4.71,Pune
2019-05-24,0.0,29.47,38.43,22.22,55.67,4.31,Pune
2019-05-25,0.0,29.26,37.1,23.3,54.54,4.36,Pune
2019-05-26,0.0,29.24,37.79,22.33,50.61,4.45,Pune
2019-05-27,0.0,29.51,38.43,21.94,52.62,4.41,Pune
2019-05-28,0.0,30.21,40.01,22.59,52.63,5.08,Pune
2019-05-29,0.0,30.09,39.95,22.84,52.51,5.03,Pune
2019-05-30,0.0,29.7,38.92,22.55,56.49,5.24,Pune
2019-05-31,0.0,30.05,39.64,23.56,55.38,5.06,Pune
2019-06-01,0.0,30.07,39.8,23.87,55.02,4.87,Pune
2019-06-02,0.0,30.43,40.0,23.43,57.14,5.19,Pune
2019-06-03,0.01,27.52,31.84,24.0,64.48,4.36,Pune
2019-06-04,0.02,29.34,37.69,23.57,59.15,5.3,Pune
2019-06-05,0.06,30.2,38.72,22.91,54.83,4.36,Pune
2019-06-06,0.03,29.92,37.31,24.32,51.96,4.84,Pune
2019-06-07,0.19,30.17,38.63,23.19,53.86,4.45,Pune
2019-06-08,0.95,28.62,32.1,24.41,61.15,3.03,Pune
2019-06-09,5.27,28.09,31.85,24.96,66.67,2.56,Pune
2019-06-10,14.23,27.62,32.52,24.2,75.41,2.24,Pune
2019-06-11,10.93,27.29,33.56,24.31,77.03,3.21,Pune
2019-06-12,6.89,26.4,30.89,23.4,76.7,7.63,Pune
2019-06-13,5.97,25.95,30.86,22.67,73.65,7.7,Pune
2019-06-14,12.72,25.68,31.07,21.96,75.32,6.31,Pune
2019-06-15,12.67,26.07,31.22,22.73,76.76,6.22,Pune
2019-06-16,2.54,26.67,32.13,23.05,76.85,5.48,Pune
2019-06-17,2.08,26.37,31.44,23.11,76.99,5.95,Pune
2019-06-18,5.26,26.16,31.08,22.77,77.38,6.48,Pune
2019-06-19,7.58,26.1,30.71,23.17,79.27,5.42,Pune
2019-06-20,1.46,26.35,31.46,22.95,76.93,4.95,Pune
2019-06-21,0.04,26.91,33.23,22.15,72.29,4.23,Pune
2019-06-22,0.86,26.54,32.1,22.79,73.82,3.38,Pune
2019-06-23,3.21,25.44,29.62,23.24,79.97,3.45,Pune
2019-06-24,6.64,24.59,27.13,22.58,82.4,3.21,Pune
2019-06-25,4.66,26.29,31.97,22.66,78.84,3.6,Pune
2019-06-26,9.6,26.02,31.4,23.2,82.16,3.28,Pune
2019-06-27,58.54,24.98,28.97,22.85,87.12,5.02,Pune
2019-06-28,106.74,23.65,26.56,21.81,90.76,6.94,Pune
2019-06-29,39.67,23.5,25.17,21.7,92.59,6.33,Pune
2019-06-30,38.02,24.25,26.66,22.86,89.69,5.68,Pune
2019-07-01,55.88,23.83,25.6,22.72,90.95,5.2,Pune
2019-07-02,32.6,24.35,27.58,22.3,88.49,5.48,Pune
2019-07-03,12.79,23.89,26.3,21.93,89.78,4.83,Pune
2019-07-04,4.47,23.0,25.84,20.6,83.28,5.28,Pune
2019-07-05,35.31,24.3,26.55,20.71,91.46,7.36,Pune
2019-07-06,63.1,24.22,25.82,23.4,93.07,8.74,Pune
2019-07-07,45.42,24.12,25.57,23.26,93.98,7.92,Pune
2019-07-08,39.66,24.65,26.96,23.25,91.54,7.68,Pune
2019-07-09,29.36,24.73,26.84,23.64,92.66,7.59,Pune
2019-07-10,30.98,24.71,26.88,23.49,92.06,7.82,Pune
2019-07-11,36.32,24.13,25.38,23.19,93.71,7.35,Pune
2019-07-12,5.46,24.65,27.61,22.57,89.44,6.17,Pune
2019-07-13,7.02,24.51,27.21,22.76,90.72,5.81,Pune
2019-07-14,11.35,24.3,26.68,22.89,92.21,6.23,Pune
2019-07-15,8.54,24.44,27.56,22.46,89.7,5.55,Pune
2019-07-16,7.85,24.01,26.38,22.45,91.42,5.72,Pune
2019-07-17,2.4,24.01,26.8,22.02,89.81,4.6,Pune
2019-07-18,3.7,24.4,28.27,21.7,87.72,3.61,Pune
2019-07-19,14.57,24.92,28.98,21.64,87.21,2.23,Pune
2019-07-20,17.59,25.37,29.36,22.61,86.02,1.23,Pune
2019-07-21,11.95,25.12,28.83,22.7,88.37,2.18,Pune
2019-07-22,12.63,24.64,26.99,23.01,92.83,3.78,Pune
2019-07-23,10.95,24.8,28.84,22.56,90.22,3.84,Pune
2019-07-24,41.9,24.04,25.52,23.19,93.84,6.12,Pune
2019-07-25,24.46,24.19,26.23,23.08,93.44,6.58,Pune
2019-07-26,72.45,23.81,25.4,23.02,94.15,7.32,Pune
2019-07-27,62.85,23.4,24.24,22.6,95.4,8.55,Pune
2019-07-28,26.8,23.52,24.93,22.56,94.3,8.25,Pune
2019-07-29,55.34,23.28,24.29,22.52,95.47,8.07,Pune
2019-07-30,46.2,22.96,24.19,22.02,95.31,8.15,Pune
2019-07-31,32.18,23.15,24.46,22.04,94.78,7.93,Pune
2019-08-01,36.67,23.53,25.78,22.04,92.75,8.62,Pune
2019-08-02,52.34,23.27,25.19,21.89,93.85,9.11,Pune
2019-08-03,71.94,23.39,24.43,22.67,96.03,8.9,Pune
2019-08-04,103.69,23.38,24.5,22.57,96.42,8.36,Pune
2019-08-05,39.84,23.6,24.72,22.87,95.23,9.01,Pune
2019-08-06,27.76,23.51,24.5,22.85,95.25,9.04,Pune
2019-08-07,32.7,23.44,24.4,22.84,95.89,8.77,Pune
2019-08-08,22.64,23.25,24.86,22.48,95.08,9.16,Pune
2019-08-09,24.63,23.12,24.25,22.43,95.84,9.14,Pune
2019-08-10,22.81,23.26,25.58,21.53,93.32,9.36,Pune
2019-08-11,15.0,23.04,25.95,21.33,92.25,7.28,Pune
2019-08-12,7.28,23.17,25.47,21.37,92.78,5.23,Pune
2019-08-13,7.85,23.83,27.2,21.76,92.28,5.73,Pune
2019-08-14,6.7,23.42,25.47,22.31,94.52,4.66,Pune
2019-08-15,7.41,23.92,26.84,22.29,92.04,5.98,Pune
2019-08-16,7.02,23.9,27.23,21.83,90.95,6.1,Pune
2019-08-17,2.41,23.58,27.05,21.4,90.36,4.8,Pune
2019-08-18,2.53,23.44,27.0,21.11,90.57,4.19,Pune
2019-08-19,1.6,23.43,27.3,20.88,90.68,3.56,Pune
2019-08-20,2.02,23.32,26.89,20.96,90.58,3.4,Pune
2019-08-21,9.44,23.43,27.21,20.46,90.29,4.2,Pune
2019-08-22,7.53,23.27,26.77,20.93,90.11,3.8,Pune
2019-08-23,5.2,23.09,26.36,20.39,90.69,3.55,Pune
2019-08-24,5.24,23.35,26.64,21.2,90.0,4.21,Pune
2019-08-25,3.43,22.59,26.14,20.37,89.84,3.64,Pune
2019-08-26,1.69,22.48,26.0,19.87,90.36,4.0,Pune
2019-08-27,3.28,22.83,26.43,20.02,90.07,4.17,Pune
2019-08-28,1.47,23.67,27.59,20.66,89.11,3.64,Pune
2019-08-29,8.11,24.12,28.27,20.95,89.43,3.41,Pune
2019-08-30,17.11,24.02,27.4,21.9,90.72,4.4,Pune
2019-08-31,23.48,23.7,26.05,22.21,93.52,5.16,Pune
2019-09-01,15.58,23.47,25.3,22.49,92.9,4.91,Pune
2019-09-02,21.02,24.03,26.65,22.5,91.87,5.66,Pune
2019-09-03,55.34,23.24,25.81,21.36,93.01,6.03,Pune
2019-09-04,67.23,23.11,25.13,22.17,95.22,5.62,Pune
2019-09-05,45.24,23.52,25.06,22.32,95.25,6.64,Pune
2019-09-06,38.78,23.3,25.11,22.05,94.45,7.11,Pune
2019-09-07,54.96,23.28,25.32,21.67,94.21,7.19,Pune
2019-09-08,27.33,23.36,25.49,21.97,93.83,6.73,Pune
2019-09-09,23.5,23.62,25.91,22.26,93.73,6.47,Pune
2019-09-10,16.41,23.73,26.51,22.06,92.94,6.06,Pune
2019-09-11,9.0,23.21,25.43,21.75,93.2,5.76,Pune
2019-09-12,15.07,22.88,24.66,21.83,94.16,5.11,Pune
2019-09-13,30.05,23.53,26.24,21.93,93.34,5.89,Pune
2019-09-14,32.87,23.75,26.67,22.08,92.79,5.21,Pune
2019-09-15,10.27,23.27,26.86,20.99,91.6,3.66,Pune
2019-09-16,9.09,22.98,26.57,20.58,92.03,4.29,Pune
2019-09-17,14.08,23.48,26.38,21.69,92.45,4.05,Pune
2019-09-18,15.29,24.17,27.8,21.42,92.64,2.73,Pune
2019-09-19,22.14,24.37,28.34,22.06,90.66,1.87,Pune
2019-09-20,11.58,22.93,25.45,20.81,93.09,5.69,Pune
2019-09-21,6.57,23.18,27.57,19.61,90.46,3.41,Pune
2019-09-22,2.8,24.09,28.49,21.11,91.21,3.14,Pune
2019-09-23,16.22,24.13,28.28,21.05,88.86,2.3,Pune
2019-09-24,38.27,24.09,27.18,21.89,91.89,1.87,Pune
2019-09-25,45.5,24.01,26.78,22.35,92.25,2.94,Pune
2019-09-26,30.25,23.0,24.71,21.71,96.08,3.98,Pune
2019-09-27,2.52,22.7,26.06,20.58,92.39,4.08,Pune
2019-09-28,1.26,22.99,26.8,20.48,91.65,3.31,Pune
2019-09-29,0.77,22.76,26.42,19.82,91.86,3.1,Pune
2019-09-30,1.74,23.14,26.83,20.42,91.9,2.87,Pune
2019-10-01,0.6,23.16,27.59,20.0,89.54,2.72,Pune
2019-10-02,0.16,23.49,28.34,20.09,86.29,2.06,Pune
2019-10-03,1.74,24.09,29.04,20.39,86.41,1.78,Pune
2019-10-04,15.37,23.66,27.34,21.12,88.65,1.56,Pune
2019-10-05,16.83,23.77,27.13,20.83,85.97,1.13,Pune
2019-10-06,6.29,23.36,26.97,20.39,86.26,1.45,Pune
2019-10-07,6.71,23.65,27.42,20.57,87.82,1.54,Pune
2019-10-08,11.69,24.17,28.62,20.4,86.06,2.51,Pune
2019-10-09,12.94,24.09,28.27,20.77,85.57,2.68,Pune
2019-10-10,6.18,24.0,27.43,20.58,83.86,2.07,Pune
2019-10-11,2.72,23.8,27.03,20.56,83.88,1.5,Pune
2019-10-12,4.54,23.72,27.56,20.36,86.56,1.84,Pune
2019-10-13,5.39,23.31,26.22,21.26,91.23,2.33,Pune
2019-10-14,0.2,24.04,28.75,20.44,85.25,3.29,Pune
2019-10-15,0.0,22.96,28.08,18.95,81.11,3.92,Pune
2019-10-16,0.0,21.81,27.26,17.37,81.22,3.95,Pune
2019-10-17,0.03,22.77,27.16,19.02,85.9,3.6,Pune
2019-10-18,1.94,22.57,26.12,20.43,87.77,3.4,Pune
2019-10-19,31.91,21.64,23.93,19.61,94.09,4.09,Pune
2019-10-20,18.34,21.85,24.78,19.99,92.83,3.74,Pune
2019-10-21,19.05,22.03,24.31,20.28,93.52,3.11,Pune
2019-10-22,17.93,22.43,25.24,20.68,94.77,2.39,Pune
2019-10-23,14.99,22.47,24.93,20.7,91.61,2.11,Pune
2019-10-24,8.63,22.24,24.38,20.6,94.72,2.49,Pune
2019-10-25,4.57,22.27,24.94,20.42,93.27,5.64,Pune
2019-10-26,1.45,22.6,26.09,20.18,91.21,4.92,Pune
2019-10-27,1.07,21.73,25.36,18.27,84.27,2.6,Pune
2019-10-28,2.61,22.43,27.69,17.11,87.28,2.37,Pune
2019-10-29,1.05,23.91,28.19,20.39,88.61,2.1,Pune
2019-10-30,2.7,23.72,27.76,21.1,88.86,3.28,Pune
2019-10-31,0.74,22.47,25.74,20.52,89.88,4.24,Pune
2019-11-01,9.99,22.21,24.41,20.66,94.12,4.15,Pune
2019-11-02,5.98,22.3,26.2,18.89,87.65,2.37,Pune
2019-11-03,8.22,22.78,27.79,19.44,87.49,1.89,Pune
2019-11-04,12.55,23.14,28.18,19.22,88.93,1.99,Pune
2019-11-05,2.59,23.14,28.39,18.86,84.3,1.99,Pune
2019-11-06,1.87,22.94,27.84,19.05,83.22,1.78,Pune
2019-11-07,0.84,22.21,26.95,18.6,90.48,2.36,Pune
2019-11-08,2.72,21.57,26.43,18.46,89.69,2.46,Pune
2019-11-09,0.63,21.85,27.37,18.13,81.81,1.1,Pune
2019-11-10,0.0,22.03,27.81,16.71,82.16,1.77,Pune
2019-11-11,0.0,22.07,28.01,16.92,80.31,2.32,Pune
2019-11-12,0.0,21.91,27.1,17.19,83.02,2.98,Pune
2019-11-13,0.0,21.05,26.17,16.99,84.36,3.64,Pune
2019-11-14,0.01,20.58,26.14,14.91,83.02,3.36,Pune
2019-11-15,0.0,22.08,26.59,18.13,83.81,2.36,Pune
2019-11-16,0.0,22.2,27.19,17.92,86.3,2.96,Pune
2019-11-17,0.0,21.72,26.54,18.5,85.24,3.47,Pune
2019-11-18,0.0,20.65,26.65,16.58,83.1,3.65,Pune
2019-11-19,0.0,19.87,25.99,15.75,80.03,3.46,Pune
2019-11-20,0.0,20.82,27.12,14.65,78.97,2.78,Pune
2019-11-21,0.0,21.5,26.85,16.81,84.07,3.23,Pune
2019-11-22,0.0,20.97,26.45,16.39,81.23,3.12,Pune
2019-11-23,0.0,20.23,25.98,15.35,79.5,3.35,Pune
2019-11-24,0.0,19.31,25.18,15.35,79.71,3.5,Pune
2019-11-25,0.0,19.77,26.68,13.98,79.03,3.28,Pune
2019-11-26,0.0,19.95,26.34,15.02,78.98,3.52,Pune
2019-11-27,0.0,19.93,26.24,15.14,77.27,3.7,Pune
2019-11-28,0.0,20.78,26.97,14.77,79.39,3.26,Pune
2019-11-29,0.0,21.53,27.45,16.73,80.01,2.81,Pune
2019-11-30,0.0,21.91,27.31,17.03,80.19,3.26,Pune
2019-12-01,0.0,22.15,27.03,18.77,84.12,3.19,Pune
2019-12-02,0.04,21.64,26.86,18.19,83.17,4.13,Pune
2019-12-03,0.03,21.3,26.1,17.54,86.56,3.95,Pune
2019-12-04,0.07,21.47,25.03,18.75,87.66,3.93,Pune
2019-12-05,0.02,21.46,25.31,18.7,87.31,3.61,Pune
2019-12-06,0.0,20.17,25.06,16.04,80.87,3.93,Pune
2019-12-07,0.0,19.94,25.68,15.05,80.68,3.94,Pune
2019-12-08,0.0,20.46,26.48,14.41,78.71,2.88,Pune
2019-12-09,0.0,21.49,27.03,16.34,81.63,2.76,Pune
2019-12-10,0.0,21.6,26.96,17.0,78.66,2.38,Pune
2019-12-11,0.0,21.72,27.61,16.48,74.19,1.44,Pune
2019-12-12,0.0,20.7,26.86,15.94,82.14,2.03,Pune
2019-12-13,0.0,19.74,26.52,15.49,78.71,1.74,Pune
2019-12-14,0.0,19.91,26.78,14.18,79.91,2.24,Pune
2019-12-15,0.0,20.74,26.92,15.46,78.46,1.97,Pune
2019-12-16,0.0,20.96,26.35,17.19,82.01,2.52,Pune
2019-12-17,0.0,20.22,26.33,16.05,81.46,4.08,Pune
2019-12-18,0.0,19.79,25.93,15.48,81.43,4.04,Pune
2019-12-19,0.0,19.87,26.19,14.53,77.6,3.32,Pune
2019-12-20,0.0,20.62,26.42,14.67,73.02,2.53,Pune
2019-12-21,0.0,19.89,26.06,15.92,75.69,3.06,Pune
2019-12-22,0.0,20.35,26.28,15.15,80.98,3.93,Pune
2019-12-23,0.0,21.78,27.14,17.16,78.12,2.66,Pune
2019-12-24,0.0,21.57,26.95,17.02,82.58,2.76,Pune
2019-12-25,0.11,21.81,25.68,19.1,85.54,1.93,Pune
2019-12-26,0.13,21.34,26.02,17.93,85.76,1.86,Pune
2019-12-27,0.0,20.61,26.74,16.16,82.08,2.62,Pune
2019-12-28,0.0,19.53,26.5,13.37,78.07,4.06,Pune
2019-12-29,0.0,19.94,25.86,14.8,82.77,3.28,Pune
2019-12-30,0.0,19.75,26.05,15.4,86.31,2.7,Pune
2019-12-31,0.0,17.9,24.44,13.2,80.97,1.89,Pune
2020-01-01,0.0,17.41,25.4,11.18,76.18,2.28,Pune
2020-01-02,0.0,18.07,25.74,12.76,77.99,2.09,Pune
2020-01-03,0.0,17.3,24.37,12.48,80.61,1.94,Pune
2020-01-04,0.0,16.71,24.06,9.85,75.26,2.12,Pune
2020-01-05,0.0,17.09,24.46,11.7,79.12,4.94,Pune
2020-01-06,0.0,18.91,26.26,12.72,76.77,4.78,Pune
2020-01-07,0.0,20.29,26.89,14.79,83.01,3.48,Pune
2020-01-08,0.0,19.62,24.8,14.96,88.48,2.59,Pune
2020-01-09,0.0,17.67,25.32,11.27,79.48,2.42,Pune
2020-01-10,0.0,18.46,25.57,12.89,79.38,4.65,Pune
2020-01-11,0.0,18.88,26.09,13.01,74.8,4.44,Pune
2020-01-12,0.0,19.33,25.83,12.54,65.31,2.76,Pune
2020-01-13,0.0,19.26,25.95,14.76,74.37,1.98,Pune
2020-01-14,0.0,18.93,25.53,13.84,82.97,1.93,Pune
2020-01-15,0.0,17.62,25.64,12.15,82.48,2.75,Pune
2020-01-16,0.0,15.51,22.3,9.88,77.7,2.63,Pune
2020-01-17,0.0,14.9,23.99,7.25,61.93,2.02,Pune
2020-01-18,0.0,17.57,27.03,9.71,67.89,3.01,Pune
2020-01-19,0.0,18.97,27.15,11.69,70.25,2.43,Pune
2020-01-20,0.0,19.89,28.22,12.8,72.66,2.72,Pune
2020-01-21,0.0,20.94,28.38,14.92,70.85,2.03,Pune
2020-01-22,0.0,21.01,28.58,14.5,68.41,2.81,Pune
2020-01-23,0.0,20.94,27.93,14.54,64.63,3.22,Pune
2020-01-24,0.0,20.86,28.17,14.16,65.1,3.21,Pune
2020-01-25,0.0,21.69,28.68,14.76,63.27,2.58,Pune
2020-01-26,0.0,21.55,29.47,14.9,65.53,2.45,Pune
2020-01-27,0.0,20.56,28.18,14.88,70.07,2.86,Pune
2020-01-28,0.0,17.96,24.53,13.46,84.12,3.27,Pune
2020-01-29,0.0,17.18,23.68,11.2,78.82,2.95,Pune
2020-01-30,0.0,16.41,26.0,8.62,63.08,2.45,Pune
2020-01-31,0.0,17.22,26.67,9.97,60.88,2.59,Pune
2020-02-01,0.0,17.76,27.47,9.01,60.44,2.58,Pune
2020-02-02,0.0,18.93,27.92,13.07,69.05,4.04,Pune
2020-02-03,0.0,19.61,27.81,12.91,77.08,2.23,Pune
2020-02-04,0.0,19.43,27.1,14.14,74.87,2.45,Pune
2020-02-05,0.0,19.16,28.27,11.81,60.61,2.98,Pune
2020-02-06,0.0,18.78,27.35,12.74,59.68,2.51,Pune
2020-02-07,0.0,17.53,25.22,11.4,54.63,2.3,Pune
2020-02-08,0.0,18.14,26.05,9.65,69.76,3.29,Pune
2020-02-09,0.0,20.03,27.15,13.84,70.94,4.89,Pune
2020-02-10,0.0,21.45,28.34,15.71,69.63,4.27,Pune
2020-02-11,0.0,22.02,28.35,16.64,70.75,4.01,Pune
2020-02-12,0.0,22.64,29.52,16.94,65.44,3.71,Pune
2020-02-13,0.0,22.14,29.34,15.59,59.54,3.48,Pune
2020-02-14,0.0,21.64,29.93,14.43,58.76,2.4,Pune
2020-02-15,0.0,21.61,30.62,14.08,55.31,2.52,Pune
2020-02-16,0.0,23.04,31.97,14.54,51.55,2.77,Pune
2020-02-17,0.0,23.26,32.03,14.99,49.43,3.35,Pune
2020-02-18,0.0,23.11,31.74,15.6,49.35,3.28,Pune
2020-02-19,0.0,23.55,31.97,17.04,54.3,1.77,Pune
2020-02-20,0.0,23.32,32.2,16.88,54.83,2.37,Pune
2020-02-21,0.0,23.02,31.78,15.88,55.94,2.38,Pune
2020-02-22,0.0,23.78,32.27,16.09,52.98,2.51,Pune
2020-02-23,0.0,24.18,32.89,16.68,49.28,2.37,Pune
2020-02-24,0.0,23.72,33.26,16.51,45.37,2.78,Pune
2020-02-25,0.0,22.54,31.81,14.6,41.49,3.28,Pune
2020-02-26,0.0,22.38,31.5,14.83,36.52,4.07,Pune
2020-02-27,0.0,22.72,32.43,14.38,35.66,3.39,Pune
2020-02-28,0.0,23.21,33.19,14.39,41.12,3.28,Pune
2020-02-29,0.0,23.59,32.58,16.06,46.64,2.95,Pune
2020-03-01,0.38,23.99,32.04,18.65,51.98,1.99,Pune
2020-03-02,0.0,23.39,32.41,16.95,52.44,2.93,Pune
2020-03-03,0.0,21.89,29.99,16.41,58.74,3.34,Pune
2020-03-04,0.0,20.76,29.51,14.17,68.07,3.13,Pune
2020-03-05,0.0,20.99,30.14,14.78,66.38,2.89,Pune
2020-03-06,0.0,20.6,28.11,15.77,72.19,3.95,Pune
2020-03-07,0.0,20.62,29.28,14.83,66.13,3.14,Pune
2020-03-08,0.0,21.9,32.09,13.76,58.82,3.28,Pune
2020-03-09,0.0,21.99,30.98,15.63,63.27,3.09,Pune
2020-03-10,0.0,21.84,30.7,14.72,70.72,3.75,Pune
2020-03-11,0.0,21.2,29.5,15.2,67.48,4.09,Pune
2020-03-12,0.0,20.33,29.57,13.7,69.88,3.15,Pune
2020-03-13,0.0,20.06,30.22,13.14,60.89,3.08,Pune
2020-03-14,0.0,21.56,33.46,10.92,34.15,2.96,Pune
2020-03-15,0.0,24.3,34.9,13.85,32.97,3.52,Pune
2020-03-16,0.11,26.51,36.17,17.65,38.3,3.65,Pune
2020-03-17,0.0,27.94,36.43,21.09,38.02,2.68,Pune
2020-03-18,0.0,27.39,35.79,21.21,37.9,3.32,Pune
2020-03-19,0.0,25.18,34.51,18.12,39.14,3.54,Pune
2020-03-20,0.0,23.76,32.88,16.79,49.33,3.87,Pune
2020-03-21,0.0,23.95,33.78,16.07,52.85,3.31,Pune
2020-03-22,0.0,25.47,35.25,16.63,47.75,2.85,Pune
2020-03-23,0.0,26.99,36.5,18.74,44.27,2.69,Pune
2020-03-24,0.43,28.17,37.58,19.95,43.41,2.98,Pune
2020-03-25,2.99,27.6,33.42,23.44,51.72,1.86,Pune
2020-03-26,2.38,26.43,33.18,21.79,61.71,2.68,Pune
2020-03-27,0.36,27.3,34.97,21.47,57.43,2.47,Pune
2020-03-28,1.09,27.47,35.22,20.48,48.66,2.63,Pune
2020-03-29,1.04,28.65,37.15,21.44,45.3,3.07,Pune
2020-03-30,0.2,28.7,37.18,21.89,44.03,2.33,Pune
2020-03-31,0.09,28.04,37.37,20.12,41.7,2.52,Pune
2020-04-01,0.0,28.38,37.81,20.59,37.46,2.91,Pune
2020-04-02,0.0,28.58,38.22,20.24,33.91,3.56,Pune
2020-04-03,0.0,29.16,38.48,20.86,35.17,3.26,Pune
2020-04-04,0.01,28.74,38.65,20.8,39.12,3.25,Pune
2020-04-05,0.09,28.66,38.75,20.92,41.94,3.02,Pune
2020-04-06,0.07,27.16,37.15,19.0,51.3,3.08,Pune
2020-04-07,0.0,26.64,36.57,19.29,47.3,3.51,Pune
2020-04-08,0.0,25.39,35.15,17.44,46.11,3.56,Pune
2020-04-09,0.0,26.27,36.53,16.8,51.15,2.98,Pune
2020-04-10,0.0,28.48,38.05,19.19,42.53,2.68,Pune
2020-04-11,0.01,30.33,38.68,23.07,39.56,2.47,Pune
2020-04-12,0.63,30.82,38.73,24.5,35.09,2.14,Pune
2020-04-13,0.1,30.82,39.67,23.44,34.38,2.09,Pune
2020-04-14,0.32,30.94,40.26,21.78,33.02,2.37,Pune
2020-04-15,0.11,31.72,40.02,24.25,32.77,2.14,Pune
2020-04-16,0.07,30.78,40.16,23.21,42.39,2.83,Pune
2020-04-17,0.02,30.41,39.64,22.2,44.29,2.72,Pune
2020-04-18,0.05,30.91,40.05,23.12,42.24,3.05,Pune
2020-04-19,1.49,31.26,40.38,22.96,41.05,2.6,Pune
2020-04-20,0.02,31.59,39.63,25.58,34.04,2.15,Pune
2020-04-21,0.0,29.95,39.01,22.88,30.36,3.85,Pune
2020-04-22,0.0,29.52,39.54,20.28,41.93,3.29,Pune
2020-04-23,0.0,29.37,38.67,21.83,48.29,3.89,Pune
2020-04-24,0.0,28.95,37.8,21.54,51.97,4.03,Pune
2020-04-25,0.0,27.91,36.49,21.87,52.99,4.49,Pune
2020-04-26,0.0,28.3,38.91,18.61,46.93,3.73,Pune
2020-04-27,0.0,28.82,38.27,20.41,56.05,3.63,Pune
2020-04-28,0.01,30.91,40.47,21.73,47.24,3.36,Pune
2020-04-29,0.22,30.86,39.76,22.77,47.66,2.65,Pune
2020-04-30,0.88,30.22,40.24,23.57,51.64,3.36,Pune
2020-05-01,1.27,29.78,39.3,22.71,56.01,3.94,Pune
2020-05-02,5.2,29.77,39.0,22.93,57.53,3.82,Pune
2020-05-03,0.04,30.06,39.51,22.54,52.27,4.39,Pune
2020-05-04,0.01,29.53,39.36,21.35,48.36,3.93,Pune
2020-05-05,0.02,29.72,39.64,20.7,55.07,4.48,Pune
2020-05-06,0.05,30.86,40.09,22.31,47.9,3.88,Pune
2020-05-07,0.0,31.05,41.15,22.17,40.52,3.97,Pune
2020-05-08,0.0,30.05,40.45,21.05,48.32,3.59,Pune
2020-05-09,0.0,30.7,41.01,21.24,47.22,3.16,Pune
2020-05-10,1.22,30.81,40.27,22.51,48.15,2.15,Pune
2020-05-11,5.17,30.59,40.31,23.48,46.66,2.96,Pune
2020-05-12,0.08,29.81,39.03,22.41,43.71,3.09,Pune
2020-05-13,0.77,30.2,39.23,22.73,50.64,3.43,Pune
2020-05-14,1.28,30.96,38.74,24.21,52.7,2.48,Pune
2020-05-15,4.1,28.72,33.55,24.32,60.61,2.46,Pune
2020-05-16,0.25,28.8,35.45,23.49,58.92,3.07,Pune
2020-05-17,0.99,29.02,36.19,23.9,58.85,4.54,Pune
2020-05-18,0.31,27.97,33.63,23.6,60.17,5.21,Pune
2020-05-19,0.01,28.36,36.54,23.09,61.28,5.24,Pune
2020-05-20,0.01,29.37,38.35,22.6,57.49,4.97,Pune
2020-05-21,0.0,29.92,39.09,23.19,56.54,5.04,Pune
2020-05-22,0.0,30.09,38.81,23.75,53.84,5.17,Pune
2020-05-23,0.0,30.64,40.89,21.93,48.53,4.58,Pune
2020-05-24,0.0,30.81,40.53,23.29,50.84,4.47,Pune
2020-05-25,0.0,30.98,40.4,23.62,53.23,4.37,Pune
2020-05-26,0.0,30.51,39.75,23.68,54.26,4.75,Pune
2020-05-27,0.0,29.58,38.49,23.15,55.68,5.27,Pune
2020-05-28,0.0,29.06,37.4,23.33,60.87,5.89,Pune
2020-05-29,0.0,28.95,36.67,23.63,62.49,5.45,Pune
2020-05-30,0.0,29.17,35.09,25.03,61.12,4.67,Pune
2020-05-31,1.17,27.32,30.96,24.69,64.51,2.94,Pune
2020-06-01,7.12,26.25,29.95,23.38,70.3,2.3,Pune
2020-06-02,16.91,25.16,29.27,22.54,77.74,2.88,Pune
2020-06-03,79.26,24.7,27.42,22.94,87.83,9.31,Pune
2020-06-04,26.22,24.33,26.18,22.43,88.69,6.64,Pune
2020-06-05,2.25,25.07,30.59,21.06,76.29,3.78,Pune
2020-06-06,8.45,24.98,29.44,21.68,80.88,4.29,Pune
2020-06-07,5.22,25.46,29.44,22.33,82.6,3.94,Pune
2020-06-08,8.66,24.93,30.02,21.03,73.38,3.67,Pune
2020-06-09,3.36,24.13,29.8,19.41,77.87,4.08,Pune
2020-06-10,5.71,24.58,30.18,20.22,80.73,4.36,Pune
2020-06-11,5.32,24.55,27.72,22.04,85.85,3.68,Pune
2020-06-12,5.37,25.45,30.23,22.35,82.89,4.03,Pune
2020-06-13,15.09,24.52,28.01,21.76,88.0,4.43,Pune
2020-06-14,10.06,25.34,30.31,23.13,86.77,5.09,Pune
2020-06-15,19.36,25.06,28.74,23.09,90.39,4.58,Pune
2020-06-16,11.15,24.81,28.26,22.26,87.44,3.85,Pune
2020-06-17,26.86,25.0,27.82,23.15,87.83,4.29,Pune
2020-06-18,28.39,24.8,27.49,22.85,88.98,5.71,Pune
2020-06-19,8.61,25.45,28.93,22.93,86.01,4.85,Pune
2020-06-20,1.93,25.04,28.51,23.13,86.42,4.65,Pune
2020-06-21,4.05,24.84,28.14,22.77,86.88,4.59,Pune
2020-06-22,2.17,25.06,28.74,22.75,83.74,5.07,Pune
2020-06-23,2.34,25.32,29.78,22.4,80.69,4.38,Pune
2020-06-24,1.88,25.55,30.39,21.76,80.97,3.56,Pune
2020-06-25,8.8,26.31,31.43,22.36,81.01,2.58,Pune
2020-06-26,6.56,24.34,26.42,22.64,88.63,3.36,Pune
2020-06-27,4.38,25.21,29.53,22.25,84.91,2.62,Pune
2020-06-28,10.29,25.1,28.74,22.77,86.25,2.53,Pune
2020-06-29,28.3,25.27,29.98,22.49,86.5,3.53,Pune
2020-06-30,27.34,24.09,26.76,22.64,91.76,3.65,Pune
2020-07-01,4.86,24.16,27.43,21.84,86.62,4.54,Pune
2020-07-02,8.03,24.92,29.08,21.87,86.08,5.15,Pune
2020-07-03,23.72,23.59,24.96,22.26,90.63,7.1,Pune
2020-07-04,50.41,24.19,27.06,22.44,91.69,6.84,Pune
2020-07-05,34.17,23.97,26.88,22.44,90.09,8.58,Pune
2020-07-06,24.24,24.92,27.56,23.29,88.97,9.51,Pune
2020-07-07,43.03,24.3,26.87,22.66,91.09,9.08,Pune
2020-07-08,18.7,24.38,27.85,22.05,88.1,6.32,Pune
2020-07-09,19.19,24.59,28.06,22.04,87.81,5.56,Pune
2020-07-10,17.3,24.31,27.28,22.46,90.02,5.44,Pune
2020-07-11,11.92,24.55,27.26,22.83,89.46,5.42,Pune
2020-07-12,13.83,24.18,26.93,22.14,88.73,5.17,Pune
2020-07-13,11.57,24.08,27.7,21.38,89.96,4.13,Pune
2020-07-14,19.44,24.66,27.56,22.47,89.77,5.06,Pune
2020-07-15,38.04,23.71,24.81,22.85,93.71,4.87,Pune
2020-07-16,21.53,22.8,24.78,21.35,92.12,6.16,Pune
2020-07-17,17.49,23.78,27.71,21.09,89.5,5.89,Pune
2020-07-18,7.57,24.56,28.35,21.69,89.4,5.24,Pune
2020-07-19,4.46,24.51,28.34,22.26,90.07,4.54,Pune
2020-07-20,2.27,23.96,26.65,21.96,89.45,3.25,Pune
2020-07-21,1.21,24.24,28.36,21.23,87.77,2.53,Pune
2020-07-22,4.56,24.67,27.89,22.17,89.42,2.19,Pune
2020-07-23,8.06,24.14,26.68,22.13,90.71,2.51,Pune
2020-07-24,27.69,23.78,27.26,21.62,89.43,3.16,Pune
2020-07-25,11.32,23.12,25.6,21.03,90.15,2.51,Pune
2020-07-26,17.34,23.87,27.82,21.1,88.47,3.28,Pune
2020-07-27,12.2,23.88,27.12,21.61,90.8,4.32,Pune
2020-07-28,16.54,23.81,26.4,21.68,91.92,3.54,Pune
2020-07-29,5.9,23.92,26.53,21.86,92.79,3.19,Pune
2020-07-30,6.55,24.12,27.74,21.41,88.17,2.82,Pune
2020-07-31,6.7,23.61,25.78,21.41,91.79,2.42,Pune
2020-08-01,3.93,24.21,27.04,22.04,92.35,2.85,Pune
2020-08-02,7.4,24.22,26.92,21.81,91.89,3.56,Pune
2020-08-03,30.78,24.24,26.55,22.68,93.07,4.99,Pune
2020-08-04,92.3,23.86,25.54,22.8,95.14,8.26,Pune
2020-08-05,74.93,23.85,25.62,22.53,95.28,9.46,Pune
2020-08-06,52.36,22.98,24.42,21.24,94.77,8.35,Pune
2020-08-07,23.93,24.39,26.83,22.87,91.96,8.14,Pune
2020-08-08,12.04,24.04,26.74,22.31,91.35,7.42,Pune
2020-08-09,8.23,23.85,26.47,22.27,92.12,6.41,Pune
2020-08-10,33.99,23.64,25.37,22.6,94.1,5.87,Pune
2020-08-11,15.93,23.62,26.12,22.2,92.62,6.76,Pune
2020-08-12,28.97,23.32,25.55,22.31,93.6,7.6,Pune
2020-08-13,47.0,23.19,24.28,22.46,95.73,7.51,Pune
2020-08-14,49.34,23.49,25.1,22.52,94.5,8.29,Pune
2020-08-15,42.83,23.49,25.03,22.63,94.7,8.0,Pune
2020-08-16,30.39,23.31,24.53,22.69,95.52,7.6,Pune
2020-08-17,36.92,23.06,24.31,21.92,95.75,6.64,Pune
2020-08-18,22.18,23.46,26.02,21.95,93.24,6.46,Pune
2020-08-19,14.87,23.66,26.53,22.13,92.59,5.84,Pune
2020-08-20,33.49,23.2,24.33,22.25,95.92,5.92,Pune
2020-08-21,30.88,23.28,24.67,22.24,95.25,7.0,Pune
2020-08-22,13.86,23.95,26.51,22.42,93.26,7.17,Pune
2020-08-23,8.79,23.88,26.46,22.3,92.44,6.86,Pune
2020-08-24,6.7,23.62,26.29,21.81,92.04,6.28,Pune
2020-08-25,4.22,23.49,26.8,21.4,91.73,4.7,Pune
2020-08-26,2.49,23.4,27.19,20.77,91.14,3.67,Pune
2020-08-27,3.81,22.97,26.62,21.03,92.34,4.44,Pune
2020-08-28,29.57,23.22,26.41,21.09,92.63,4.44,Pune
2020-08-29,31.88,22.91,25.03,21.65,94.58,4.52,Pune
2020-08-30,21.22,23.07,24.95,21.94,94.43,5.23,Pune
2020-08-31,13.04,23.53,26.56,21.63,92.54,4.91,Pune
2020-09-01,3.73,23.64,27.23,20.82,91.65,3.23,Pune
2020-09-02,0.66,23.73,26.75,21.12,91.1,2.55,Pune
2020-09-03,4.61,24.28,27.59,21.59,90.16,1.63,Pune
2020-09-04,3.25,25.21,28.91,21.42,86.98,2.01,Pune
2020-09-05,9.45,25.79,29.62,21.89,86.2,1.92,Pune
2020-09-06,19.17,25.84,29.84,21.99,86.29,1.7,Pune
2020-09-07,15.52,25.54,29.16,22.99,88.44,1.82,Pune
2020-09-08,5.31,24.67,27.89,22.79,92.17,2.38,Pune
2020-09-09,15.54,24.1,27.83,21.67,89.68,2.23,Pune
2020-09-10,26.21,23.64,25.63,22.53,93.92,1.53,Pune
2020-09-11,13.89,23.9,26.4,22.15,92.19,2.06,Pune
2020-09-12,15.16,24.16,27.47,21.86,90.82,2.92,Pune
2020-09-13,4.18,23.54,26.88,21.81,92.95,4.34,Pune
2020-09-14,3.76,22.52,24.8,21.14,93.37,3.66,Pune
2020-09-15,4.23,22.47,24.35,20.96,93.78,2.52,Pune
2020-09-16,5.23,22.89,25.54,21.16,93.38,2.87,Pune
2020-09-17,7.01,23.28,26.2,21.37,93.25,3.52,Pune
2020-09-18,3.23,22.7,24.38,21.46,95.11,3.51,Pune
2020-09-19,13.64,23.27,25.88,20.98,94.2,2.54,Pune
2020-09-20,14.94,23.65,25.79,21.94,93.0,1.63,Pune
2020-09-21,12.62,23.88,26.79,22.3,94.37,3.45,Pune
2020-09-22,42.42,23.46,24.9,22.33,96.61,4.02,Pune
2020-09-23,35.13,23.38,25.19,22.27,95.49,4.56,Pune
2020-09-24,4.94,24.36,28.16,21.7,92.23,2.92,Pune
2020-09-25,13.34,23.21,25.39,21.74,94.49,3.43,Pune
2020-09-26,2.46,22.48,25.33,20.45,92.65,3.05,Pune
2020-09-27,2.08,22.78,26.67,19.67,89.82,2.53,Pune
2020-09-28,0.27,23.03,27.35,19.98,89.4,2.34,Pune
2020-09-29,0.29,22.85,26.64,20.26,90.18,2.62,Pune
2020-09-30,0.36,23.09,27.45,19.67,89.81,2.67,Pune
2020-10-01,0.35,23.33,27.32,20.3,89.13,2.12,Pune
2020-10-02,2.26,23.79,27.9,20.89,88.66,1.94,Pune
2020-10-03,5.87,24.59,28.9,21.26,87.69,1.74,Pune
2020-10-04,4.37,23.97,27.0,21.89,91.49,2.7,Pune
2020-10-05,0.52,23.84,27.81,21.29,88.84,2.34,Pune
2020-10-06,0.13,22.86,27.0,20.17,88.85,1.89,Pune
2020-10-07,0.09,24.02,28.82,20.61,82.59,2.06,Pune
2020-10-08,0.23,24.45,28.87,21.31,76.5,1.71,Pune
2020-10-09,0.07,24.26,28.15,20.21,82.04,1.51,Pune
2020-10-10,15.35,24.41,27.44,22.03,86.79,1.35,Pune
2020-10-11,12.85,23.58,27.15,21.48,88.33,1.76,Pune
2020-10-12,5.32,23.38,26.76,20.52,90.08,1.97,Pune
2020-10-13,19.0,24.59,28.23,22.08,87.26,1.1,Pune
2020-10-14,28.83,23.87,26.89,22.19,92.68,2.94,Pune
2020-10-15,41.91,23.91,26.03,22.43,94.88,4.32,Pune
2020-10-16,1.27,24.04,27.66,21.31,91.24,4.42,Pune
2020-10-17,2.15,23.4,27.56,19.78,89.35,2.53,Pune
2020-10-18,5.16,23.52,27.98,20.24,90.25,1.88,Pune
2020-10-19,13.99,23.54,27.18,21.45,91.73,2.29,Pune
2020-10-20,15.14,24.55,28.73,21.31,89.38,1.41,Pune
2020-10-21,4.94,25.24,28.7,23.02,88.48,1.27,Pune
2020-10-22,13.4,24.28,26.77,22.55,93.18,1.32,Pune
2020-10-23,6.31,23.42,26.08,21.47,91.17,2.33,Pune
2020-10-24,7.74,23.42,27.59,20.86,89.17,1.7,Pune
2020-10-25,6.64,23.75,27.71,20.36,82.65,1.39,Pune
2020-10-26,1.29,22.97,27.44,19.04,88.44,2.45,Pune
2020-10-27,0.01,23.13,27.44,18.97,83.07,2.37,Pune
2020-10-28,0.0,22.71,27.74,18.1,76.03,1.86,Pune
2020-10-29,0.0,21.98,28.13,16.37,74.79,2.11,Pune
2020-10-30,0.0,22.1,28.29,16.16,72.51,2.02,Pune
2020-10-31,0.0,21.89,27.88,16.3,77.22,2.24,Pune
2020-11-01,0.0,22.61,27.76,18.48,81.48,1.87,Pune
2020-11-02,0.0,22.14,25.51,19.47,83.89,2.11,Pune
2020-11-03,0.0,21.81,27.41,17.18,79.44,3.22,Pune
2020-11-04,0.0,21.79,27.96,16.74,75.07,2.5,Pune
2020-11-05,0.0,20.65,26.74,15.55,75.69,2.82,Pune
2020-11-06,0.0,19.3,26.05,14.49,73.46,3.57,Pune
2020-11-07,0.0,20.14,27.05,13.67,80.57,3.98,Pune
2020-11-08,0.0,21.14,27.21,16.12,82.86,3.77,Pune
2020-11-09,0.0,19.4,26.58,14.09,75.8,3.4,Pune
2020-11-10,0.0,17.69,25.02,12.57,72.99,4.13,Pune
2020-11-11,0.0,17.23,24.91,11.76,73.89,4.29,Pune
2020-11-12,0.0,18.6,25.75,12.09,78.32,3.61,Pune
2020-11-13,0.0,22.15,27.36,17.73,86.6,3.31,Pune
2020-11-14,0.0,23.22,28.12,19.13,84.55,2.77,Pune
2020-11-15,0.0,22.52,28.33,17.35,80.48,2.67,Pune
2020-11-16,0.0,22.48,28.07,17.18,84.19,3.27,Pune
2020-11-17,0.0,22.62,27.11,19.05,84.24,3.11,Pune
2020-11-18,0.05,22.7,27.69,18.2,85.66,2.28,Pune
2020-11-19,0.04,23.53,27.88,20.11,83.99,2.03,Pune
2020-11-20,0.87,23.71,28.15,19.41,82.69,1.73,Pune
2020-11-21,0.29,23.44,28.15,19.54,82.04,1.99,Pune
2020-11-22,0.01,21.97,26.29,18.67,86.02,2.63,Pune
2020-11-23,0.0,22.23,27.59,18.4,84.32,1.97,Pune
2020-11-24,0.0,21.51,27.13,17.09,80.46,2.3,Pune
2020-11-25,0.0,19.9,26.35,15.44,75.83,3.79,Pune
2020-11-26,0.0,19.98,26.71,14.59,79.74,3.59,Pune
2020-11-27,0.0,20.02,25.36,16.35,83.31,5.2,Pune
2020-11-28,0.0,20.52,25.86,16.25,84.68,5.19,Pune
2020-11-29,0.0,22.04,26.95,17.95,85.47,3.44,Pune
2020-11-30,0.0,22.8,27.56,18.76,86.17,1.98,Pune
2020-12-01,0.0,22.55,27.56,18.85,85.42,2.5,Pune
2020-12-02,0.0,20.71,26.69,16.55,80.34,3.22,Pune
2020-12-03,0.0,19.25,26.35,13.79,75.77,3.47,Pune
2020-12-04,0.0,19.41,26.88,13.42,72.41,3.39,Pune
2020-12-05,0.0,19.01,26.16,13.06,70.76,3.41,Pune
2020-12-06,0.0,18.5,26.27,13.11,72.56,3.9,Pune
2020-12-07,0.0,18.4,26.68,12.36,71.42,3.75,Pune
2020-12-08,0.0,19.16,26.89,12.99,69.31,3.74,Pune
2020-12-09,0.01,20.53,26.81,14.16,75.23,2.69,Pune
2020-12-10,0.2,21.85,27.43,16.59,76.34,2.07,Pune
2020-12-11,0.64,21.32,24.77,18.58,84.83,1.39,Pune
2020-12-12,0.05,21.72,26.54,17.11,80.64,2.08,Pune
2020-12-13,1.08,21.1,25.57,16.97,79.2,1.98,Pune
2020-12-14,4.56,21.42,26.28,17.51,81.36,1.92,Pune
2020-12-15,0.16,20.86,26.42,15.93,80.68,2.37,Pune
2020-12-16,0.0,21.01,26.79,16.14,78.72,2.39,Pune
2020-12-17,0.0,20.33,26.4,15.74,80.44,2.79,Pune
2020-12-18,0.0,19.37,25.86,14.78,79.54,3.47,Pune
2020-12-19,0.0,18.53,24.88,14.51,79.17,4.24,Pune
2020-12-20,0.0,17.71,25.14,13.33,72.37,4.62,Pune
2020-12-21,0.0,16.3,24.39,11.37,63.27,4.16,Pune
2020-12-22,0.0,16.12,24.46,9.56,63.1,3.35,Pune
2020-12-23,0.0,17.36,25.23,10.16,61.56,2.65,Pune
2020-12-24,0.0,17.82,25.87,10.39,66.48,3.03,Pune
2020-12-25,0.0,18.67,26.12,13.26,73.71,3.68,Pune
2020-12-26,0.0,19.61,26.65,13.24,70.6,3.24,Pune
2020-12-27,0.0,19.72,27.51,13.79,74.86,2.41,Pune
2020-12-28,0.0,19.38,26.67,12.95,74.01,1.93,Pune
2020-12-29,0.0,19.21,26.83,12.52,72.32,2.36,Pune
2020-12-30,0.0,19.3,26.76,12.82,72.16,2.55,Pune
2020-12-31,0.0,19.62,26.68,14.45,77.59,4.15,Pune
2021-01-01,0.01,21.19,26.8,15.76,78.45,2.87,Pune
2021-01-02,0.0,21.3,26.02,17.59,82.12,2.18,Pune
2021-01-03,0.0,20.89,26.13,16.65,77.4,2.09,Pune
2021-01-04,1.07,20.77,26.09,17.16,82.8,2.39,Pune
2021-01-05,0.13,20.71,25.07,16.53,81.44,1.97,Pune
2021-01-06,0.04,21.79,26.57,17.48,80.92,1.87,Pune
2021-01-07,1.84,21.1,24.34,19.22,90.06,2.55,Pune
2021-01-08,9.98,21.87,26.55,18.36,88.65,2.41,Pune
2021-01-09,3.4,22.72,27.2,18.74,83.79,1.89,Pune
2021-01-10,0.15,23.13,27.78,19.0,78.06,2.05,Pune
2021-01-11,0.0,22.65,28.88,17.28,72.05,2.77,Pune
2021-01-12,0.0,22.55,29.48,16.57,69.67,3.23,Pune
2021-01-13,0.0,22.46,28.2,17.05,69.94,2.81,Pune
2021-01-14,0.0,22.09,28.39,16.16,67.29,2.08,Pune
2021-01-15,0.0,21.07,28.93,14.6,70.39,2.76,Pune
2021-01-16,0.0,22.1,28.9,15.92,67.05,1.78,Pune
2021-01-17,0.0,23.08,29.66,17.54,72.42,1.72,Pune
2021-01-18,0.0,23.17,29.34,18.75,76.75,1.85,Pune
2021-01-19,0.0,22.18,29.35,16.73,73.0,1.94,Pune
2021-01-20,0.0,21.62,28.95,16.82,66.92,1.88,Pune
2021-01-21,0.0,20.0,28.07,13.81,60.8,2.22,Pune
2021-01-22,0.0,20.9,28.9,13.16,57.11,2.33,Pune
2021-01-23,0.0,20.94,29.23,15.0,62.16,1.99,Pune
2021-01-24,0.0,20.72,29.05,15.6,61.77,2.17,Pune
2021-01-25,0.0,19.62,29.28,12.24,59.07,2.45,Pune
2021-01-26,0.0,19.94,28.56,14.74,55.26,1.98,Pune
2021-01-27,0.0,19.56,28.21,13.19,55.19,2.18,Pune
2021-01-28,0.0,19.74,28.33,14.36,58.04,2.2,Pune
2021-01-29,0.0,19.52,28.3,12.45,57.96,2.47,Pune
2021-01-30,0.0,20.28,28.22,13.35,60.32,2.42,Pune
2021-01-31,0.0,20.26,28.45,13.19,62.03,2.73,Pune
2021-02-01,0.0,20.04,28.23,13.77,57.53,4.0,Pune
2021-02-02,0.0,19.89,28.36,13.01,47.43,3.87,Pune
2021-02-03,0.0,19.76,28.32,11.16,44.19,3.11,Pune
2021-02-04,0.0,19.88,28.52,11.55,50.39,2.49,Pune
2021-02-05,0.0,19.49,28.15,12.93,59.21,2.62,Pune
2021-02-06,0.0,19.0,28.29,11.29,52.36,3.56,Pune
2021-02-07,0.0,19.49,28.1,12.32,50.59,3.89,Pune
2021-02-08,0.0,19.28,28.6,11.42,45.12,3.9,Pune
2021-02-09,0.0,20.0,29.3,10.59,40.62,3.15,Pune
2021-02-10,0.0,20.71,29.95,11.62,41.32,2.48,Pune
2021-02-11,0.0,21.35,30.42,12.37,42.1,2.14,Pune
2021-02-12,0.0,21.62,30.64,14.25,48.51,2.06,Pune
2021-02-13,0.0,21.34,30.43,14.84,52.11,2.18,Pune
2021-02-14,0.0,21.66,30.24,15.48,55.07,1.93,Pune
2021-02-15,0.0,21.16,29.77,15.56,57.84,2.28,Pune
2021-02-16,0.0,20.99,29.65,14.68,63.86,2.4,Pune
2021-02-17,0.02,21.68,29.69,15.1,64.87,2.08,Pune
2021-02-18,3.38,22.15,29.3,16.75,65.04,2.07,Pune
2021-02-19,5.37,20.62,26.97,16.49,69.49,4.04,Pune
2021-02-20,0.0,20.81,28.33,14.28,59.84,4.39,Pune
2021-02-21,0.0,22.51,29.49,16.57,58.6,4.31,Pune
2021-02-22,0.0,23.82,30.24,16.9,58.67,2.46,Pune
2021-02-23,0.0,24.3,31.9,17.42,55.11,1.86,Pune
2021-02-24,0.0,23.66,32.45,15.82,49.37,2.39,Pune
2021-02-25,0.0,23.43,32.55,15.98,51.85,2.61,Pune
2021-02-26,0.0,23.88,32.61,17.26,50.9,3.04,Pune
2021-02-27,0.0,24.21,33.54,17.11,43.63,3.08,Pune
2021-02-28,0.0,24.83,34.22,16.35,42.43,2.74,Pune
2021-03-01,0.0,25.69,35.18,17.15,44.11,2.57,Pune
2021-03-02,0.0,25.05,34.64,17.14,39.36,2.97,Pune
2021-03-03,0.0,25.24,34.84,16.02,31.41,3.13,Pune
2021-03-04,0.0,24.8,35.14,15.48,33.7,2.84,Pune
2021-03-05,0.0,24.81,34.87,15.71,34.3,2.75,Pune
2021-03-06,0.0,25.34,34.63,18.96,42.41,1.79,Pune
2021-03-07,0.0,25.31,34.67,18.77,39.76,2.95,Pune
2021-03-08,0.0,25.02,34.97,17.02,38.95,2.73,Pune
2021-03-09,0.0,25.54,35.4,17.18,39.67,2.59,Pune
2021-03-10,0.0,26.13,35.11,20.19,40.03,2.2,Pune
2021-03-11,0.0,25.66,35.19,18.39,41.87,3.07,Pune
2021-03-12,0.0,25.79,35.06,18.24,41.04,2.52,Pune
2021-03-13,0.0,26.64,35.36,18.78,36.98,2.89,Pune
2021-03-14,0.0,26.84,35.76,19.1,38.02,2.39,Pune
2021-03-15,0.0,26.55,35.95,19.17,36.61,2.66,Pune
2021-03-16,0.0,26.75,35.7,19.83,36.29,2.77,Pune
2021-03-17,0.0,26.96,35.9,19.38,36.03,2.69,Pune
2021-03-18,0.0,26.92,34.56,21.06,38.49,2.58,Pune
2021-03-19,0.0,26.14,35.11,19.81,38.23,3.27,Pune
2021-03-20,0.02,25.97,35.3,19.02,39.68,2.98,Pune
2021-03-21,0.07,26.63,35.28,20.83,40.25,2.54,Pune
2021-03-22,2.57,26.16,33.16,21.06,47.35,1.85,Pune
2021-03-23,0.09,27.64,35.85,20.48,44.12,2.84,Pune
2021-03-24,0.02,28.63,36.02,23.0,39.24,2.45,Pune
2021-03-25,1.25,28.18,36.8,20.6,34.24,3.05,Pune
2021-03-26,0.0,28.03,37.56,19.54,29.86,2.71,Pune
2021-03-27,0.0,28.3,38.34,19.13,27.69,3.07,Pune
2021-03-28,0.0,28.43,38.12,19.67,28.94,2.33,Pune
2021-03-29,0.0,28.73,39.05,20.39,31.78,2.64,Pune
2021-03-30,0.0,27.14,36.87,19.51,38.76,3.59,Pune
2021-03-31,0.0,26.81,37.47,17.87,35.76,3.33,Pune
2021-04-01,0.0,26.5,36.61,18.64,51.54,3.33,Pune
2021-04-02,0.0,26.15,36.7,17.89,56.2,3.16,Pune
2021-04-03,0.0,26.61,37.3,18.54,57.69,2.84,Pune
2021-04-04,0.0,27.39,37.32,19.56,56.21,3.45,Pune
2021-04-05,0.0,28.78,38.95,20.43,44.24,3.31,Pune
2021-04-06,0.0,29.77,39.97,21.0,36.01,2.93,Pune
2021-04-07,0.0,29.77,39.47,21.58,29.61,3.5,Pune
2021-04-08,0.0,28.83,38.13,20.97,37.78,2.93,Pune
2021-04-09,0.11,28.85,35.89,22.44,40.38,1.71,Pune
2021-04-10,0.09,29.39,36.71,23.36,34.69,1.73,Pune
2021-04-11,0.83,29.34,36.73,22.68,40.46,2.37,Pune
2021-04-12,1.28,29.66,36.12,22.88,41.91,1.34,Pune
2021-04-13,5.59,29.31,34.24,25.33,46.03,0.67,Pune
2021-04-14,1.88,28.68,35.52,22.91,46.47,2.49,Pune
2021-04-15,0.5,28.43,36.15,22.81,42.72,2.38,Pune
2021-04-16,0.5,27.95,36.97,20.13,43.43,3.22,Pune
2021-04-17,0.0,28.52,37.9,19.58,40.94,3.8,Pune
2021-04-18,0.0,29.71,38.96,20.97,35.87,3.06,Pune
2021-04-19,0.0,28.68,37.64,21.35,44.36,3.48,Pune
2021-04-20,0.0,27.4,36.56,19.96,53.55,3.81,Pune
2021-04-21,0.0,27.33,35.99,20.91,53.38,3.77,Pune
2021-04-22,0.0,27.99,37.32,19.29,47.25,2.81,Pune
2021-04-23,0.0,28.02,37.77,19.95,49.31,3.43,Pune
2021-04-24,0.0,28.43,37.94,20.17,41.73,2.75,Pune
2021-04-25,0.0,30.33,39.85,21.07,37.71,2.83,Pune
2021-04-26,0.17,29.39,37.68,22.82,51.84,2.82,Pune
2021-04-27,1.87,29.93,38.84,22.61,46.56,2.4,Pune
2021-04-28,0.41,29.47,37.46,23.03,41.29,2.75,Pune
2021-04-29,0.17,29.27,38.48,21.43,48.67,2.94,Pune
2021-04-30,0.57,30.04,37.85,23.51,43.45,2.78,Pune
2021-05-01,0.11,30.32,37.94,24.28,40.37,2.51,Pune
2021-05-02,8.41,29.1,36.93,22.85,52.31,2.39,Pune
2021-05-03,4.82,28.74,35.35,23.08,59.91,1.8,Pune
2021-05-04,6.01,28.66,35.55,23.12,57.71,1.5,Pune
2021-05-05,0.55,29.16,36.76,23.01,52.42,2.21,Pune
2021-05-06,4.15,29.0,35.88,23.47,56.71,1.64,Pune
2021-05-07,1.91,28.9,35.29,22.8,60.71,1.31,Pune
2021-05-08,0.93,29.64,37.61,23.47,53.98,2.08,Pune
2021-05-09,0.56,29.49,37.15,23.74,54.35,2.85,Pune
2021-05-10,0.0,29.55,38.07,22.47,55.74,3.41,Pune
2021-05-11,0.0,29.0,36.85,21.88,53.69,3.87,Pune
2021-05-12,0.0,28.84,37.87,21.09,53.72,4.28,Pune
2021-05-13,0.01,28.6,35.87,23.19,50.28,3.89,Pune
2021-05-14,2.77,30.02,37.2,23.21,46.89,1.14,Pune
2021-05-15,6.15,29.1,33.53,25.22,60.63,4.82,Pune
2021-05-16,16.4,26.7,32.04,23.69,73.86,10.68,Pune
2021-05-17,129.13,24.68,27.31,23.07,86.71,11.97,Pune
2021-05-18,33.84,25.51,29.3,23.07,85.17,8.42,Pune
2021-05-19,13.78,25.29,28.1,22.74,86.89,5.28,Pune
2021-05-20,0.39,25.59,30.95,21.41,79.54,2.81,Pune
2021-05-21,0.9,26.25,31.83,21.94,76.72,2.91,Pune
2021-05-22,1.88,26.04,30.86,22.73,78.62,2.84,Pune
2021-05-23,0.98,25.81,31.23,21.89,77.83,3.58,Pune
2021-05-24,0.72,26.45,32.67,22.19,75.11,4.01,Pune
2021-05-25,0.12,26.66,32.59,22.71,77.21,4.88,Pune
2021-05-26,0.05,26.03,31.22,22.61,78.5,5.57,Pune
2021-05-27,0.05,26.15,31.64,21.95,76.3,5.74,Pune
2021-05-28,0.07,26.98,32.39,23.22,76.18,5.08,Pune
2021-05-29,11.49,26.88,31.82,23.45,78.7,3.35,Pune
2021-05-30,7.43,26.25,30.64,22.99,81.28,1.98,Pune
2021-05-31,11.8,25.78,29.25,23.4,83.65,2.7,Pune
2021-06-01,14.68,26.16,30.75,22.57,83.09,3.04,Pune
2021-06-02,15.72,26.21,30.33,23.23,82.56,1.7,Pune
2021-06-03,3.52,26.53,31.8,23.03,78.01,1.7,Pune
2021-06-04,2.32,26.09,30.1,22.98,80.0,1.44,Pune
2021-06-05,18.19,24.58,26.88,22.28,84.92,1.91,Pune
2021-06-06,8.48,25.19,29.92,21.67,80.35,3.07,Pune
2021-06-07,3.48,25.11,29.66,21.89,81.39,4.3,Pune
2021-06-08,17.34,25.17,29.7,21.4,84.23,4.49,Pune
2021-06-09,28.8,25.3,28.63,23.49,86.12,6.54,Pune
2021-06-10,28.5,24.34,26.25,22.67,90.54,6.89,Pune
2021-06-11,17.24,25.32,28.85,22.89,86.13,6.23,Pune
2021-06-12,23.48,25.46,27.62,24.14,91.31,6.04,Pune
2021-06-13,13.55,25.25,27.72,23.79,89.94,6.27,Pune
2021-06-14,4.07,25.42,29.0,22.99,85.51,5.6,Pune
2021-06-15,19.56,25.11,27.47,23.91,88.32,6.93,Pune
2021-06-16,41.31,24.74,26.39,23.64,92.35,6.69,Pune
2021-06-17,48.01,24.87,27.56,23.33,89.71,7.69,Pune
2021-06-18,51.5,24.92,27.65,23.37,89.59,8.39,Pune
2021-06-19,40.03,24.25,25.83,23.19,91.23,7.22,Pune
2021-06-20,13.86,24.45,27.48,22.69,88.66,6.07,Pune
2021-06-21,4.93,24.19,27.58,22.02,89.1,4.85,Pune
2021-06-22,5.14,24.23,27.56,21.76,88.1,4.85,Pune
2021-06-23,6.1,24.08,27.67,21.67,88.59,4.66,Pune
2021-06-24,7.22,23.99,27.12,21.93,88.09,4.77,Pune
2021-06-25,14.09,23.59,26.17,21.9,89.37,5.1,Pune
2021-06-26,5.47,24.1,27.63,21.63,87.88,4.93,Pune
2021-06-27,5.82,23.25,25.5,21.46,90.23,3.64,Pune
2021-06-28,17.92,23.63,26.37,21.17,91.03,3.32,Pune
2021-06-29,3.35,24.9,28.45,22.39,88.19,4.12,Pune
2021-06-30,2.96,24.26,27.3,22.32,90.04,3.64,Pune
2021-07-01,2.13,23.95,26.45,22.11,90.83,4.35,Pune
2021-07-02,0.5,24.53,28.25,21.68,87.47,5.0,Pune
2021-07-03,2.46,24.47,28.06,21.96,87.86,4.05,Pune
2021-07-04,1.24,24.51,28.59,21.29,86.51,3.38,Pune
2021-07-05,4.86,24.3,27.84,21.64,87.5,2.9,Pune
2021-07-06,2.6,24.55,28.85,21.45,86.6,2.38,Pune
2021-07-07,3.64,24.61,27.95,22.16,87.43,3.13,Pune
2021-07-08,15.74,24.14,26.54,22.44,90.81,3.43,Pune
2021-07-09,10.22,23.89,26.81,21.83,88.69,2.7,Pune
2021-07-10,9.34,24.14,28.29,21.05,83.22,2.62,Pune
2021-07-11,13.35,23.89,26.58,21.59,92.12,5.24,Pune
2021-07-12,48.58,23.53,25.03,22.55,93.43,6.64,Pune
2021-07-13,25.79,23.89,26.49,22.01,91.11,5.83,Pune
2021-07-14,17.09,23.49,25.18,21.86,92.65,6.22,Pune
2021-07-15,31.23,24.08,25.94,23.08,94.4,6.18,Pune
2021-07-16,14.18,24.42,27.22,22.17,90.34,5.13,Pune
2021-07-17,35.86,24.19,26.82,22.41,92.48,5.08,Pune
2021-07-18,44.84,24.17,25.61,23.23,94.09,7.47,Pune
2021-07-19,73.76,23.75,25.39,22.53,94.43,8.04,Pune
2021-07-20,37.97,23.75,25.45,22.44,93.77,7.38,Pune
2021-07-21,95.24,23.23,24.07,22.59,95.48,8.91,Pune
2021-07-22,60.77,23.27,25.21,22.05,93.74,9.43,Pune
2021-07-23,84.96,23.14,24.52,22.24,95.07,7.18,Pune
2021-07-24,38.04,24.18,26.97,22.27,91.69,6.38,Pune
2021-07-25,27.81,24.19,26.44,22.56,93.12,7.25,Pune
2021-07-26,19.62,23.95,26.44,22.48,92.03,8.51,Pune
2021-07-27,15.18,23.52,26.33,21.9,91.0,8.35,Pune
2021-07-28,12.1,23.36,25.95,21.85,90.86,8.62,Pune
2021-07-29,12.8,22.84,24.87,21.58,93.16,8.11,Pune
2021-07-30,10.8,22.81,24.98,21.6,92.27,7.95,Pune
2021-07-31,8.7,23.02,25.26,21.65,91.9,8.38,Pune
2021-08-01,6.13,22.98,25.92,21.29,90.65,7.89,Pune
2021-08-02,10.87,23.34,26.32,21.43,90.3,7.38,Pune
2021-08-03,14.36,23.78,26.91,21.8,90.73,7.48,Pune
2021-08-04,14.0,23.52,26.64,21.82,91.51,7.38,Pune
2021-08-05,7.33,23.5,26.96,21.65,90.72,7.24,Pune
2021-08-06,4.59,23.71,27.28,21.57,90.15,6.12,Pune
2021-08-07,2.57,23.91,27.81,21.21,89.15,4.1,Pune
2021-08-08,3.69,23.7,27.31,20.95,90.63,3.14,Pune
2021-08-09,1.7,23.96,27.76,21.41,89.59,3.21,Pune
2021-08-10,2.89,23.77,27.65,21.23,89.68,3.57,Pune
2021-08-11,3.84,23.73,27.27,21.02,89.42,3.68,Pune
2021-08-12,8.22,23.76,27.93,21.17,88.51,4.42,Pune
2021-08-13,5.89,23.84,27.86,21.32,88.74,4.4,Pune
2021-08-14,15.5,23.5,27.0,21.23,89.53,4.88,Pune
2021-08-15,12.77,23.6,27.22,21.17,89.68,4.81,Pune
2021-08-16,6.96,23.74,27.14,21.54,88.76,3.57,Pune
2021-08-17,9.96,22.63,24.82,20.8,92.31,3.11,Pune
2021-08-18,18.35,22.17,24.88,19.96,91.76,3.64,Pune
2021-08-19,17.24,22.4,25.1,20.59,92.7,3.23,Pune
2021-08-20,10.78,22.87,26.38,20.43,90.99,3.63,Pune
2021-08-21,19.3,22.47,25.17,20.61,92.2,3.53,Pune
2021-08-22,1.25,22.14,25.68,19.38,89.59,2.43,Pune
2021-08-23,0.24,23.13,27.71,19.12,87.03,2.44,Pune
2021-08-24,1.75,23.45,26.94,20.74,89.12,2.49,Pune
2021-08-25,1.55,23.65,27.53,20.78,89.56,3.01,Pune
2021-08-26,2.63,23.65,27.49,20.88,89.61,3.22,Pune
2021-08-27,3.16,23.82,27.95,20.64,88.76,3.15,Pune
2021-08-28,0.61,23.46,27.05,20.7,88.38,2.87,Pune
2021-08-29,0.63,23.29,26.84,20.47,87.65,2.84,Pune
2021-08-30,6.72,22.1,24.43,20.52,91.7,4.38,Pune
2021-08-31,38.89,21.93,23.92,20.12,95.38,4.73,Pune
2021-09-01,7.26,23.31,27.16,21.14,91.23,4.93,Pune
2021-09-02,4.8,22.73,25.04,20.76,93.14,3.9,Pune
2021-09-03,10.01,23.33,26.63,20.94,91.22,3.93,Pune
2021-09-04,12.94,23.65,27.4,20.8,90.75,3.75,Pune
2021-09-05,13.73,23.27,26.24,21.52,91.43,4.1,Pune
2021-09-06,14.16,23.07,25.56,21.04,93.26,3.94,Pune
2021-09-07,32.97,23.47,25.46,21.42,95.61,3.98,Pune
2021-09-08,23.7,23.48,24.82,22.14,96.01,6.02,Pune
2021-09-09,13.57,23.56,26.45,21.54,92.18,7.2,Pune
2021-09-10,14.38,23.74,26.59,21.97,91.86,7.0,Pune
2021-09-11,24.42,23.98,26.48,22.25,92.4,6.93,Pune
2021-09-12,36.74,24.08,26.01,22.77,93.82,6.16,Pune
2021-09-13,30.35,23.91,26.0,22.94,94.14,6.3,Pune
2021-09-14,12.28,23.57,25.91,21.94,92.66,6.48,Pune
2021-09-15,3.07,23.15,26.05,21.44,92.05,5.16,Pune
2021-09-16,0.64,23.2,26.48,21.14,91.65,4.75,Pune
2021-09-17,0.48,22.79,25.93,20.7,91.2,3.62,Pune
2021-09-18,1.53,23.11,27.09,20.11,90.5,3.63,Pune
2021-09-19,8.82,23.56,27.27,20.6,90.69,3.54,Pune
2021-09-20,9.98,23.67,26.94,21.26,91.48,3.58,Pune
2021-09-21,26.26,23.35,26.12,21.78,93.03,4.3,Pune
2021-09-22,18.93,23.39,26.69,21.51,91.97,4.21,Pune
2021-09-23,7.11,23.48,27.22,21.06,90.99,3.47,Pune
2021-09-24,1.24,23.11,26.75,20.25,90.05,2.55,Pune
2021-09-25,2.27,23.14,26.62,20.58,90.52,2.66,Pune
2021-09-26,2.03,23.15,26.49,20.7,90.29,2.54,Pune
2021-09-27,7.89,22.61,25.4,21.13,91.97,3.36,Pune
2021-09-28,34.57,21.83,23.89,20.72,93.96,4.8,Pune
2021-09-29,9.52,22.76,25.82,20.71,91.77,5.27,Pune
2021-09-30,4.46,23.78,27.49,21.19,90.66,3.03,Pune
2021-10-01,8.01,24.24,28.79,20.73,88.16,1.82,Pune
2021-10-02,3.05,24.63,27.64,22.44,89.23,1.98,Pune
2021-10-03,4.76,24.63,28.82,21.08,88.82,2.06,Pune
2021-10-04,9.89,25.1,28.94,21.97,88.67,1.69,Pune
2021-10-05,4.65,25.19,28.98,22.28,88.84,1.88,Pune
2021-10-06,11.38,24.4,27.56,21.09,87.2,1.42,Pune
2021-10-07,1.26,25.42,29.63,21.64,85.83,2.12,Pune
2021-10-08,3.85,23.89,25.55,22.66,94.37,2.32,Pune
2021-10-09,20.82,24.08,27.43,21.92,91.93,2.31,Pune
2021-10-10,5.75,24.02,27.41,21.63,89.16,1.57,Pune
2021-10-11,2.77,24.35,28.3,21.42,87.41,1.34,Pune
2021-10-12,4.47,24.69,28.84,20.82,84.95,1.61,Pune
2021-10-13,0.09,23.76,28.66,19.62,82.8,2.52,Pune
2021-10-14,0.13,23.57,28.05,18.96,80.93,2.38,Pune
2021-10-15,0.0,23.97,29.06,20.0,82.31,2.79,Pune
2021-10-16,0.0,23.31,28.77,18.47,79.96,2.01,Pune
2021-10-17,0.1,23.81,28.39,20.78,86.07,2.29,Pune
2021-10-18,0.15,22.68,26.91,19.61,88.52,3.12,Pune
2021-10-19,0.06,21.67,26.71,18.08,86.47,2.15,Pune
2021-10-20,0.0,22.26,28.28,17.52,82.97,1.62,Pune
2021-10-21,0.0,22.31,28.69,16.41,76.11,2.1,Pune
2021-10-22,0.0,21.95,28.12,16.51,77.97,2.21,Pune
2021-10-23,0.0,21.44,27.96,16.04,80.45,2.25,Pune
2021-10-24,0.0,20.8,27.17,15.83,84.57,2.18,Pune
2021-10-25,0.0,21.12,27.45,15.95,81.92,2.37,Pune
2021-10-26,0.0,20.86,26.9,15.13,78.52,2.45,Pune
2021-10-27,0.0,20.57,26.93,15.49,76.06,3.8,Pune
2021-10-28,0.0,20.62,26.52,15.86,80.51,3.97,Pune
2021-10-29,0.0,21.25,27.69,15.92,80.16,3.99,Pune
2021-10-30,0.0,21.65,28.17,16.12,78.82,4.06,Pune
2021-10-31,0.0,21.84,28.01,17.05,79.81,3.37,Pune
2021-11-01,0.0,22.07,28.47,16.9,81.15,2.81,Pune
2021-11-02,0.0,21.71,27.28,16.63,81.39,3.3,Pune
2021-11-03,0.0,22.09,26.89,18.06,84.58,3.42,Pune
2021-11-04,0.51,23.55,28.15,19.36,84.31,2.14,Pune
2021-11-05,4.59,22.56,25.99,20.49,89.55,3.41,Pune
2021-11-06,3.52,22.34,26.16,19.43,86.12,2.66,Pune
2021-11-07,2.19,22.14,26.23,18.91,85.47,2.78,Pune
2021-11-08,0.0,20.67,26.52,16.34,76.36,3.91,Pune
2021-11-09,0.0,19.28,26.27,14.52,73.52,4.45,Pune
2021-11-10,0.0,18.97,26.45,13.57,71.22,3.83,Pune
2021-11-11,0.0,18.65,25.66,13.85,72.89,4.44,Pune
2021-11-12,0.0,20.52,27.68,14.54,74.25,3.69,Pune
2021-11-13,0.0,23.22,28.81,19.08,85.05,3.12,Pune
2021-11-14,0.3,23.84,28.73,19.79,85.5,2.61,Pune
2021-11-15,0.22,24.32,28.67,21.08,86.44,1.84,Pune
2021-11-16,5.17,23.88,27.59,21.47,88.75,3.66,Pune
2021-11-17,4.26,23.6,26.94,21.74,90.26,4.19,Pune
2021-11-18,5.01,24.05,28.52,20.7,82.79,2.66,Pune
2021-11-19,0.87,23.7,28.12,20.04,84.5,2.41,Pune
2021-11-20,0.97,23.66,28.01,20.38,87.45,3.11,Pune
2021-11-21,11.45,24.24,28.92,20.81,84.75,3.47,Pune
2021-11-22,2.88,23.99,28.23,21.36,88.45,2.2,Pune
2021-11-23,0.02,24.26,28.64,21.38,87.95,1.39,Pune
2021-11-24,0.0,23.89,28.91,20.43,83.75,3.21,Pune
2021-11-25,0.0,22.24,27.06,18.61,80.88,2.71,Pune
2021-11-26,0.0,21.3,27.41,16.5,79.39,3.1,Pune
2021-11-27,0.0,20.61,27.18,15.17,75.33,3.16,Pune
2021-11-28,0.0,18.94,25.22,15.11,76.04,4.37,Pune
2021-11-29,0.0,19.9,26.03,14.49,76.57,4.84,Pune
2021-11-30,0.31,19.92,22.55,17.95,89.11,4.11,Pune
2021-12-01,64.48,18.74,20.71,17.32,92.73,4.43,Pune
2021-12-02,14.04,19.06,23.82,15.4,89.65,4.11,Pune
2021-12-03,0.47,21.11,26.61,17.21,88.62,1.94,Pune
2021-12-04,0.61,20.95,26.02,17.45,86.85,2.1,Pune
2021-12-05,0.02,19.59,25.62,15.36,84.18,1.88,Pune
2021-12-06,0.0,19.67,25.64,13.66,81.61,2.21,Pune
2021-12-07,0.0,19.8,26.14,14.75,79.68,3.36,Pune
2021-12-08,0.0,19.88,25.91,15.29,77.73,3.66,Pune
2021-12-09,0.0,20.08,26.37,14.85,79.12,2.95,Pune
2021-12-10,0.0,20.59,26.23,16.42,83.48,3.64,Pune
2021-12-11,0.0,20.69,26.13,16.34,82.85,3.62,Pune
2021-12-12,0.0,20.61,26.01,15.98,79.53,3.05,Pune
2021-12-13,0.0,19.95,24.9,15.52,81.74,2.19,Pune
2021-12-14,0.0,19.72,25.15,15.04,83.1,2.44,Pune
2021-12-15,0.0,19.52,25.07,15.38,83.51,2.72,Pune
2021-12-16,0.0,20.1,25.07,15.3,82.99,2.53,Pune
2021-12-17,0.0,19.64,24.97,15.54,79.19,2.19,Pune
2021-12-18,0.0,18.64,25.55,13.73,75.17,3.69,Pune
2021-12-19,0.0,17.67,24.48,12.57,74.78,3.93,Pune
2021-12-20,0.0,17.51,24.64,11.2,68.51,3.17,Pune
2021-12-21,0.0,17.5,25.33,10.61,68.48,2.55,Pune
2021-12-22,0.0,18.44,26.19,11.39,69.24,1.76,Pune
2021-12-23,0.0,18.42,26.61,11.93,72.03,2.09,Pune
2021-12-24,0.0,18.34,25.63,13.6,73.32,2.14,Pune
2021-12-25,0.0,18.25,26.35,12.37,70.95,1.84,Pune
2021-12-26,0.0,18.55,26.78,11.48,71.24,2.09,Pune
2021-12-27,0.0,19.74,26.83,12.28,64.69,1.98,Pune
2021-12-28,0.01,19.59,26.35,13.63,70.94,2.13,Pune
2021-12-29,0.0,18.1,25.16,11.6,71.43,2.36,Pune
2021-12-30,0.0,18.21,24.92,12.89,80.1,4.45,Pune
2021-12-31,0.0,19.32,25.83,14.35,78.23,4.5,Pune
2022-01-01,0.0,20.27,26.38,15.3,77.45,2.75,Pune
2022-01-02,0.0,20.29,26.31,14.78,78.85,2.56,Pune
2022-01-03,0.0,20.39,26.29,15.59,76.19,2.67,Pune
2022-01-04,0.0,20.2,26.69,14.85,71.59,2.85,Pune
2022-01-05,0.0,19.4,26.5,13.56,72.63,2.79,Pune
2022-01-06,0.0,19.51,26.42,14.32,76.88,2.21,Pune
2022-01-07,0.0,18.92,26.05,14.39,82.67,2.91,Pune
2022-01-08,0.51,18.94,25.01,15.04,84.99,2.22,Pune
2022-01-09,0.61,17.78,23.84,13.15,85.3,2.24,Pune
2022-01-10,0.0,16.71,24.93,10.95,75.33,2.42,Pune
2022-01-11,0.0,15.52,22.48,10.98,72.43,2.34,Pune
2022-01-12,0.0,15.63,23.81,8.65,81.69,2.42,Pune
2022-01-13,0.0,16.12,23.52,10.06,82.45,2.57,Pune
2022-01-14,0.0,17.0,24.12,11.67,82.16,1.7,Pune
2022-01-15,0.0,18.55,25.48,13.24,77.19,2.86,Pune
2022-01-16,0.0,19.38,26.48,13.27,77.01,3.93,Pune
2022-01-17,0.0,20.49,26.05,15.48,75.15,2.74,Pune
2022-01-18,0.0,20.19,27.4,14.54,71.4,2.38,Pune
2022-01-19,0.0,19.43,27.26,12.86,66.29,2.71,Pune
2022-01-20,0.0,19.41,27.31,14.23,61.32,2.71,Pune
2022-01-21,0.0,19.26,26.33,14.33,67.07,2.68,Pune
2022-01-22,0.05,18.59,24.79,13.87,85.35,3.25,Pune
2022-01-23,0.1,16.65,21.72,10.35,82.07,4.22,Pune
2022-01-24,0.0,13.41,21.25,6.96,68.24,2.02,Pune
2022-01-25,0.0,14.13,23.21,5.96,56.48,2.64,Pune
2022-01-26,0.0,15.97,24.91,7.71,56.84,2.54,Pune
2022-01-27,0.0,16.42,25.52,8.74,59.43,3.23,Pune
2022-01-28,0.0,17.12,26.18,9.96,57.7,4.12,Pune
2022-01-29,0.0,18.4,26.62,9.98,46.74,3.07,Pune
2022-01-30,0.0,19.05,27.69,10.4,48.46,2.33,Pune
2022-01-31,0.0,19.41,28.38,11.84,51.48,2.1,Pune
2022-02-01,0.0,19.21,28.92,11.29,52.33,2.33,Pune
2022-02-02,0.0,19.65,29.76,12.16,54.26,2.42,Pune
2022-02-03,0.0,18.19,26.36,12.47,69.39,2.92,Pune
2022-02-04,0.0,17.75,25.08,13.36,73.53,2.27,Pune
2022-02-05,0.0,17.81,27.43,9.47,56.67,2.46,Pune
2022-02-06,0.0,18.89,29.34,9.86,54.0,3.17,Pune
2022-02-07,0.0,19.14,28.05,12.93,70.15,1.99,Pune
2022-02-08,0.0,18.76,28.03,12.85,76.46,2.48,Pune
2022-02-09,0.0,18.43,27.36,13.01,73.9,2.57,Pune
2022-02-10,0.0,19.16,28.29,10.99,59.5,3.07,Pune
2022-02-11,0.0,20.17,29.17,13.1,51.47,3.88,Pune
2022-02-12,0.0,20.34,29.31,12.88,50.66,3.24,Pune
2022-02-13,0.0,20.63,29.29,13.1,55.26,2.65,Pune
2022-02-14,0.0,19.84,29.25,12.83,58.65,2.97,Pune
2022-02-15,0.0,18.98,28.4,12.42,64.95,2.78,Pune
2022-02-16,0.0,18.67,26.57,11.92,66.68,2.51,Pune
2022-02-17,0.0,19.85,27.99,12.79,59.9,2.65,Pune
2022-02-18,0.0,20.7,29.35,13.72,58.94,2.6,Pune
2022-02-19,0.0,21.54,31.02,13.84,63.29,2.43,Pune
2022-02-20,0.0,22.01,31.04,15.01,52.69,2.96,Pune
2022-02-21,0.0,22.03,32.03,14.86,43.39,2.04,Pune
2022-02-22,0.0,22.68,33.5,14.55,43.17,2.14,Pune
2022-02-23,0.0,23.42,33.55,14.29,48.61,2.63,Pune
2022-02-24,0.0,23.83,32.9,16.6,49.2,2.19,Pune
2022-02-25,0.0,24.04,32.93,17.06,48.31,2.4,Pune
2022-02-26,0.0,23.87,32.92,17.81,47.03,2.4,Pune
2022-02-27,0.0,22.99,32.6,15.11,46.4,2.73,Pune
2022-02-28,0.0,22.96,32.54,14.79,40.48,3.04,Pune
2022-03-01,0.0,23.4,32.89,15.29,39.71,3.11,Pune
2022-03-02,0.0,24.37,33.73,16.27,40.82,2.95,Pune
2022-03-03,0.0,24.67,33.55,16.55,40.68,2.64,Pune
2022-03-04,0.0,24.65,33.64,17.09,39.47,3.48,Pune
2022-03-05,0.0,25.06,33.89,17.12,39.91,2.97,Pune
2022-03-06,0.0,25.5,34.03,18.53,43.95,2.91,Pune
2022-03-07,0.06,25.9,33.2,19.89,46.33,3.06,Pune
2022-03-08,0.08,26.32,33.4,19.62,47.05,2.67,Pune
2022-03-09,0.04,26.69,34.51,21.13,44.53,2.61,Pune
2022-03-10,0.01,25.72,32.61,19.79,42.44,2.99,Pune
2022-03-11,0.68,27.06,33.94,20.28,45.46,2.15,Pune
2022-03-12,0.08,26.56,33.88,19.83,47.34,2.53,Pune
2022-03-13,0.0,25.98,35.0,18.33,37.46,3.63,Pune
2022-03-14,0.0,26.07,35.92,17.61,27.11,3.24,Pune
2022-03-15,0.0,26.6,36.95,17.24,32.59,3.09,Pune
2022-03-16,0.0,27.81,37.9,18.45,31.02,3.19,Pune
2022-03-17,0.0,28.1,38.38,18.87,31.26,2.9,Pune
2022-03-18,0.0,28.6,38.48,21.33,31.03,2.19,Pune
2022-03-19,0.0,27.62,37.83,20.79,40.12,3.0,Pune
2022-03-20,0.0,26.49,36.4,18.99,45.84,3.03,Pune
2022-03-21,0.0,26.62,36.43,18.44,46.31,2.79,Pune
2022-03-22,0.0,27.92,37.72,19.26,33.38,3.08,Pune
2022-03-23,0.01,28.57,37.96,19.81,34.59,2.72,Pune
2022-03-24,0.04,27.61,37.11,19.84,40.61,3.14,Pune
2022-03-25,0.04,27.39,37.32,20.11,47.32,2.03,Pune
2022-03-26,0.0,27.54,37.94,20.35,48.13,2.54,Pune
2022-03-27,0.0,28.26,39.15,19.58,48.61,2.27,Pune
2022-03-28,0.0,28.79,39.32,19.81,48.76,2.94,Pune
2022-03-29,0.0,28.79,39.47,20.05,38.44,3.69,Pune
2022-03-30,0.0,28.98,38.98,21.59,30.23,3.57,Pune
2022-03-31,0.0,27.99,38.21,20.78,31.33,3.68,Pune
2022-04-01,0.0,28.2,39.11,19.24,25.37,3.36,Pune
2022-04-02,0.0,28.99,39.59,21.28,28.08,2.61,Pune
2022-04-03,0.0,28.91,40.02,18.85,35.11,2.7,Pune
2022-04-04,0.0,29.5,39.94,20.72,33.39,2.61,Pune
2022-04-05,0.01,29.64,40.4,20.45,46.19,2.65,Pune
2022-04-06,0.04,29.83,40.32,20.52,49.51,2.46,Pune
2022-04-07,0.0,30.43,40.42,21.83,36.11,2.9,Pune
2022-04-08,0.39,30.57,39.96,22.51,29.15,2.64,Pune
2022-04-09,0.28,29.09,37.51,22.58,45.47,3.34,Pune
2022-04-10,0.01,28.18,36.41,21.28,53.5,3.0,Pune
2022-04-11,0.01,29.54,38.91,21.52,39.75,2.9,Pune
2022-04-12,0.0,30.38,39.43,22.91,35.42,2.07,Pune
2022-04-13,0.0,30.39,38.42,24.34,29.76,2.16,Pune
2022-04-14,0.0,28.89,36.06,23.71,35.85,2.95,Pune
2022-04-15,0.0,27.43,36.38,21.77,54.16,3.46,Pune
2022-04-16,0.0,28.28,38.33,19.85,48.85,3.32,Pune
2022-04-17,0.02,28.63,39.28,19.55,50.19,2.96,Pune
2022-04-18,0.0,28.95,39.1,20.69,50.57,3.3,Pune
2022-04-19,0.0,27.54,35.52,20.7,52.42,3.86,Pune
2022-04-20,0.0,28.8,37.64,21.38,49.36,3.48,Pune
2022-04-21,0.0,31.03,38.81,24.01,30.29,3.27,Pune
2022-04-22,6.3,31.6,39.56,24.61,33.74,2.99,Pune
2022-04-23,1.61,29.28,35.77,23.57,55.03,2.23,Pune
2022-04-24,0.11,28.71,36.06,23.18,49.0,2.43,Pune
2022-04-25,0.0,30.09,38.91,21.52,45.56,2.71,Pune
2022-04-26,0.85,30.09,39.02,22.57,37.55,2.57,Pune
2022-04-27,0.0,31.73,40.72,23.57,29.37,3.33,Pune
2022-04-28,0.0,32.36,41.0,24.5,29.64,3.59,Pune
2022-04-29,0.01,30.6,39.44,23.37,42.85,3.42,Pune
2022-04-30,0.0,29.94,39.25,22.67,40.44,4.09,Pune
2022-05-01,0.0,28.62,38.08,21.09,55.03,4.44,Pune
2022-05-02,0.0,27.8,36.22,21.29,58.85,3.74,Pune
2022-05-03,0.0,27.17,33.49,22.19,63.76,3.57,Pune
2022-05-04,0.0,28.99,38.48,21.91,54.02,3.4,Pune
2022-05-05,0.0,29.32,38.81,21.71,52.77,4.41,Pune
2022-05-06,0.0,29.42,39.3,21.39,53.92,4.05,Pune
2022-05-07,0.0,29.61,38.87,22.91,54.97,4.81,Pune
2022-05-08,0.0,30.68,40.74,22.5,50.11,4.1,Pune
2022-05-09,0.0,30.05,39.19,23.41,52.46,5.83,Pune
2022-05-10,0.0,28.47,37.15,23.25,61.8,6.25,Pune
2022-05-11,0.0,29.2,38.77,23.32,63.19,5.35,Pune
2022-05-12,0.01,28.99,37.13,24.11,63.7,5.52,Pune
2022-05-13,0.0,28.57,35.53,23.75,61.62,5.84,Pune
2022-05-14,0.01,28.92,37.3,23.6,60.54,5.98,Pune
2022-05-15,0.0,28.81,37.1,23.37,60.77,5.65,Pune
2022-05-16,0.01,30.0,39.3,23.61,58.59,4.7,Pune
2022-05-17,0.02,29.28,37.22,23.82,60.73,4.06,Pune
2022-05-18,0.0,28.52,35.22,23.91,61.1,4.23,Pune
2022-05-19,2.31,28.48,35.86,24.12,59.91,3.55,Pune
2022-05-20,0.98,27.05,32.84,23.27,65.63,4.75,Pune
2022-05-21,0.07,26.81,33.7,22.67,68.54,6.49,Pune
2022-05-22,0.06,27.0,33.72,22.71,69.67,7.23,Pune
2022-05-23,0.95,27.53,33.87,23.32,71.1,6.72,Pune
2022-05-24,0.64,27.99,34.89,23.71,68.23,5.93,Pune
2022-05-25,0.11,27.94,35.71,22.83,63.19,4.97,Pune
2022-05-26,0.0,27.51,35.56,21.5,60.37,5.21,Pune
2022-05-27,0.0,27.81,34.98,22.62,60.43,6.02,Pune
2022-05-28,0.0,27.96,35.06,22.68,60.28,5.87,Pune
2022-05-29,0.0,27.66,34.52,23.12,61.35,6.12,Pune
2022-05-30,0.0,27.96,35.85,22.36,62.37,5.8,Pune
2022-05-31,2.17,28.08,36.03,22.81,62.01,5.69,Pune
2022-06-01,2.79,27.86,35.04,22.41,63.34,4.33,Pune
2022-06-02,0.04,28.02,35.43,23.37,60.0,5.35,Pune
2022-06-03,0.02,28.32,36.24,23.17,60.4,5.57,Pune
2022-06-04,0.01,28.21,35.59,22.88,59.74,5.06,Pune
2022-06-05,2.12,28.48,37.14,23.11,60.68,4.61,Pune
2022-06-06,2.65,27.4,34.13,22.65,64.64,4.6,Pune
2022-06-07,0.1,27.58,33.69,23.35,64.67,4.96,Pune
2022-06-08,0.14,27.64,33.86,23.41,67.58,4.95,Pune
2022-06-09,1.32,27.68,33.88,23.52,68.82,4.07,Pune
2022-06-10,9.37,26.96,32.99,23.63,74.06,4.14,Pune
2022-06-11,13.7,25.08,29.5,22.58,82.24,5.03,Pune
2022-06-12,3.16,25.43,30.74,22.33,76.54,5.11,Pune
2022-06-13,0.92,26.18,32.24,21.61,72.12,4.44,Pune
2022-06-14,0.26,26.77,33.27,22.5,67.12,4.43,Pune
2022-06-15,1.78,26.38,31.9,22.74,74.37,5.31,Pune
2022-06-16,5.65,25.98,31.13,23.17,77.15,4.9,Pune
2022-06-17,3.68,25.73,30.67,22.75,77.13,4.33,Pune
2022-06-18,3.03,25.7,31.32,21.33,74.4,4.54,Pune
2022-06-19,16.32,25.64,30.06,22.98,81.28,6.06,Pune
2022-06-20,9.69,25.46,29.87,23.09,81.61,6.43,Pune
2022-06-21,6.85,25.11,28.9,23.08,83.45,6.34,Pune
2022-06-22,11.24,25.36,28.76,22.9,83.31,4.26,Pune
2022-06-23,13.46,25.06,30.37,21.58,78.95,2.28,Pune
2022-06-24,11.14,24.21,28.31,22.0,86.16,3.75,Pune
2022-06-25,9.82,24.15,26.53,22.0,91.41,5.46,Pune
2022-06-26,15.06,24.45,27.98,22.22,88.86,4.91,Pune
2022-06-27,13.7,24.39,27.62,22.19,86.25,5.77,Pune
2022-06-28,9.09,24.92,28.4,22.6,84.11,5.49,Pune
2022-06-29,20.41,24.9,28.75,22.78,86.89,6.12,Pune
2022-06-30,28.71,24.04,26.23,22.5,87.92,5.84,Pune
2022-07-01,33.1,24.23,27.38,22.36,88.76,5.67,Pune
2022-07-02,17.97,24.56,27.78,22.68,86.91,6.77,Pune
2022-07-03,13.19,24.7,28.43,22.84,86.08,7.12,Pune
2022-07-04,41.88,24.02,25.62,23.14,91.92,7.39,Pune
2022-07-05,61.67,23.62,25.53,22.45,92.13,7.53,Pune
2022-07-06,55.4,24.1,27.03,22.37,90.07,7.32,Pune
2022-07-07,36.87,23.48,25.41,22.22,91.74,7.35,Pune
2022-07-08,48.67,23.31,24.81,22.32,93.76,8.2,Pune
2022-07-09,33.7,23.49,25.49,22.47,92.05,8.45,Pune
2022-07-10,41.09,22.95,23.82,22.42,94.61,8.07,Pune
2022-07-11,63.9,22.96,24.1,21.95,94.98,8.64,Pune
2022-07-12,60.15,22.57,23.74,21.96,94.79,8.89,Pune
2022-07-13,78.23,22.56,23.85,21.7,95.44,9.75,Pune
2022-07-14,81.98,22.51,23.27,21.99,95.35,8.6,Pune
2022-07-15,31.37,22.85,24.1,21.77,93.61,8.7,Pune
2022-07-16,27.59,23.56,26.16,21.78,92.63,8.5,Pune
2022-07-17,14.72,23.9,26.82,22.09,91.97,6.91,Pune
2022-07-18,14.52,22.69,24.26,21.68,94.22,6.0,Pune
2022-07-19,14.54,23.5,26.48,21.65,91.77,6.6,Pune
2022-07-20,9.52,23.43,26.7,21.49,91.13,6.25,Pune
2022-07-21,8.5,23.24,26.19,21.43,91.88,5.46,Pune
2022-07-22,6.07,23.04,25.57,21.46,92.02,4.99,Pune
2022-07-23,17.64,23.29,25.95,21.59,92.97,6.3,Pune
2022-07-24,16.73,23.33,25.61,21.87,91.95,6.58,Pune
2022-07-25,11.58,23.08,26.26,21.31,91.24,5.57,Pune
2022-07-26,4.9,23.33,26.94,20.96,90.46,4.2,Pune
2022-07-27,12.17,23.92,27.84,21.02,88.82,2.51,Pune
2022-07-28,19.51,23.89,27.0,21.47,89.59,2.29,Pune
2022-07-29,4.42,24.4,27.78,22.11,90.32,1.89,Pune
2022-07-30,3.3,24.08,27.02,22.01,91.48,2.93,Pune
2022-07-31,2.73,23.94,27.26,21.49,90.45,3.4,Pune
2022-08-01,0.98,23.95,27.53,21.19,89.45,4.01,Pune
2022-08-02,3.5,23.67,27.05,21.47,91.08,3.69,Pune
2022-08-03,13.01,23.78,26.9,21.64,92.64,3.65,Pune
2022-08-04,14.99,23.85,26.79,21.79,91.75,3.37,Pune
2022-08-05,13.22,23.88,27.37,21.69,91.69,4.21,Pune
2022-08-06,19.67,23.43,26.48,21.74,90.57,5.62,Pune
2022-08-07,36.61,23.31,25.28,21.79,95.03,6.32,Pune
2022-08-08,51.92,23.12,24.29,22.09,96.02,7.7,Pune
2022-08-09,55.66,22.87,24.83,21.45,94.63,9.21,Pune
2022-08-10,37.21,22.99,25.05,21.84,94.3,10.26,Pune
2022-08-11,34.88,22.9,24.71,21.93,94.26,10.54,Pune
2022-08-12,21.6,23.03,25.07,21.72,92.71,9.93,Pune
2022-08-13,18.25,23.03,25.28,21.57,92.51,8.08,Pune
2022-08-14,12.84,22.72,25.67,21.02,92.13,7.78,Pune
2022-08-15,26.02,21.87,23.3,20.66,95.25,6.86,Pune
2022-08-16,22.92,22.12,23.56,20.99,94.39,7.75,Pune
2022-08-17,16.4,22.86,25.14,21.4,92.92,7.41,Pune
2022-08-18,10.63,22.87,25.77,21.05,92.44,6.07,Pune
2022-08-19,10.11,23.17,26.45,20.99,92.09,6.0,Pune
2022-08-20,9.55,23.19,26.41,21.43,91.83,6.18,Pune
2022-08-21,7.61,22.74,25.51,21.24,92.69,6.19,Pune
2022-08-22,13.38,23.01,25.68,21.35,92.36,7.2,Pune
2022-08-23,14.47,23.56,26.66,21.72,91.77,6.84,Pune
2022-08-24,9.03,23.31,26.38,21.16,90.85,5.58,Pune
2022-08-25,4.66,23.1,26.77,20.95,91.21,4.2,Pune
2022-08-26,1.34,23.02,26.68,20.03,90.24,3.1,Pune
2022-08-27,0.24,22.82,26.23,20.12,89.45,3.09,Pune
2022-08-28,0.4,22.91,26.66,20.03,89.33,3.0,Pune
2022-08-29,0.34,23.44,27.52,20.34,86.7,2.54,Pune
2022-08-30,5.07,24.16,28.92,20.55,88.22,2.25,Pune
2022-08-31,15.17,24.85,28.75,22.04,90.63,2.61,Pune
2022-09-01,6.36,24.35,27.03,22.56,92.36,2.37,Pune
2022-09-02,2.08,25.06,29.03,21.25,86.22,1.31,Pune
2022-09-03,5.38,25.12,29.62,21.06,87.24,2.54,Pune
2022-09-04,5.58,24.13,27.25,21.74,91.02,2.66,Pune
2022-09-05,5.57,23.93,26.87,21.87,91.41,2.85,Pune
2022-09-06,10.69,23.98,27.61,21.24,88.84,2.1,Pune
2022-09-07,13.17,24.16,28.08,21.39,90.37,1.85,Pune
2022-09-08,47.46,24.34,27.37,22.14,88.74,1.5,Pune
2022-09-09,9.34,24.32,27.57,21.99,90.0,2.46,Pune
2022-09-10,7.54,24.36,27.98,21.68,89.5,0.94,Pune
2022-09-11,23.9,24.26,27.92,22.13,91.92,2.95,Pune
2022-09-12,27.18,22.99,25.03,21.92,95.46,4.86,Pune
2022-09-13,23.45,23.45,26.15,22.08,93.25,6.64,Pune
2022-09-14,19.98,23.22,25.89,21.8,92.98,6.67,Pune
2022-09-15,32.29,23.52,26.07,22.03,93.5,7.89,Pune
2022-09-16,39.53,23.05,24.38,22.07,95.59,6.78,Pune
2022-09-17,21.65,23.36,26.56,21.49,92.53,5.1,Pune
2022-09-18,18.1,22.68,26.2,20.11,91.79,3.93,Pune
2022-09-19,7.98,21.86,25.4,19.35,91.04,3.82,Pune
2022-09-20,6.85,21.58,24.63,19.44,92.8,3.63,Pune
2022-09-21,2.54,21.45,24.01,19.82,93.48,3.58,Pune
2022-09-22,2.35,21.18,24.02,19.28,92.71,3.44,Pune
2022-09-23,5.64,21.65,24.38,19.09,92.98,3.83,Pune
2022-09-24,3.51,22.25,25.95,19.46,91.28,3.64,Pune
2022-09-25,4.31,22.75,27.09,19.64,90.65,3.06,Pune
2022-09-26,3.64,22.02,24.81,19.54,92.15,2.79,Pune
2022-09-27,1.35,22.81,27.52,20.12,90.26,2.41,Pune
2022-09-28,1.49,22.65,26.23,20.12,92.09,3.08,Pune
2022-09-29,9.11,22.93,26.6,20.78,91.9,2.92,Pune
2022-09-30,15.29,23.95,28.06,20.37,89.48,2.36,Pune
2022-10-01,9.24,23.7,27.23,21.33,91.2,2.96,Pune
2022-10-02,5.55,22.91,26.65,20.17,90.24,2.8,Pune
2022-10-03,0.57,22.67,26.87,19.73,89.59,2.87,Pune
2022-10-04,1.83,23.29,28.04,19.32,88.07,2.73,Pune
2022-10-05,1.75,23.25,26.79,20.77,89.67,3.22,Pune
2022-10-06,9.27,21.82,24.32,19.04,90.21,3.01,Pune
2022-10-07,30.66,22.63,25.3,21.18,94.12,5.36,Pune
2022-10-08,8.37,22.68,25.93,20.72,92.5,4.87,Pune
2022-10-09,0.21,23.3,28.05,19.34,86.81,2.01,Pune
2022-10-10,3.17,24.02,28.33,20.69,89.62,2.22,Pune
2022-10-11,12.95,24.05,27.45,21.52,90.91,2.23,Pune
2022-10-12,13.42,23.32,25.38,21.96,95.15,1.75,Pune
2022-10-13,7.38,22.88,26.21,20.2,90.07,3.44,Pune
2022-10-14,34.28,23.11,26.75,20.51,91.15,3.21,Pune
2022-10-15,4.76,23.0,27.28,19.9,87.66,4.05,Pune
2022-10-16,0.91,22.58,28.0,17.1,85.38,3.98,Pune
2022-10-17,24.58,24.35,27.68,21.49,89.94,2.55,Pune
2022-10-18,24.22,22.97,25.09,20.82,94.15,1.88,Pune
2022-10-19,4.18,23.62,28.03,20.02,88.64,1.46,Pune
2022-10-20,4.27,23.51,27.76,20.69,88.15,2.33,Pune
2022-10-21,12.67,23.41,26.57,21.29,91.54,2.5,Pune
2022-10-22,0.11,21.71,25.16,17.56,85.48,4.02,Pune
2022-10-23,0.0,19.49,25.09,15.32,78.91,4.23,Pune
2022-10-24,0.0,20.11,25.83,14.48,72.74,2.54,Pune
2022-10-25,0.0,20.36,26.29,15.19,69.13,1.97,Pune
2022-10-26,0.0,19.61,26.09,13.76,76.26,2.87,Pune
2022-10-27,0.0,19.58,25.76,14.34,77.22,3.19,Pune
2022-10-28,0.0,18.97,25.12,14.55,76.26,3.51,Pune
2022-10-29,0.0,18.69,25.47,13.09,75.13,4.06,Pune
2022-10-30,0.0,19.35,26.05,14.05,79.4,3.97,Pune
2022-10-31,0.0,19.68,25.97,14.51,81.59,3.66,Pune
2022-11-01,0.0,19.29,25.34,14.61,80.96,3.4,Pune
2022-11-02,0.0,20.25,27.12,14.71,81.07,3.42,Pune
2022-11-03,0.0,19.64,26.3,14.76,77.89,4.01,Pune
2022-11-04,0.0,19.59,26.69,13.85,76.32,3.44,Pune
2022-11-05,0.0,20.05,27.23,14.69,73.19,3.74,Pune
2022-11-06,0.0,19.97,27.21,14.2,70.24,3.41,Pune
2022-11-07,0.0,20.59,26.66,15.24,71.17,2.73,Pune
2022-11-08,0.0,21.02,27.12,15.85,75.39,2.66,Pune
2022-11-09,0.0,20.77,27.1,15.55,78.23,2.6,Pune
2022-11-10,0.0,19.48,25.83,14.53,79.63,4.38,Pune
2022-11-11,0.0,19.18,25.81,13.82,80.85,4.65,Pune
2022-11-12,0.0,19.91,26.16,15.47,83.8,4.45,Pune
2022-11-13,0.0,19.77,26.17,15.17,80.57,3.79,Pune
2022-11-14,0.0,20.54,27.34,14.92,81.42,2.85,Pune
2022-11-15,0.0,20.32,26.74,15.82,79.07,2.65,Pune
2022-11-16,0.0,18.85,25.33,13.83,78.71,2.82,Pune
2022-11-17,0.0,18.1,25.1,12.62,78.63,3.65,Pune
2022-11-18,0.0,17.87,24.67,12.64,78.57,3.81,Pune
2022-11-19,0.0,17.61,24.32,13.05,77.6,4.17,Pune
2022-11-20,0.0,16.08,23.25,10.67,74.98,4.06,Pune
2022-11-21,0.0,16.66,24.42,10.4,71.88,3.07,Pune
2022-11-22,0.0,19.07,25.86,12.67,77.79,3.05,Pune
2022-11-23,0.0,20.79,26.76,16.8,82.06,3.01,Pune
2022-11-24,0.0,21.16,27.72,15.81,80.64,2.69,Pune
2022-11-25,0.11,21.73,27.32,16.91,84.25,2.93,Pune
2022-11-26,0.07,21.63,27.67,17.42,83.86,2.76,Pune
2022-11-27,0.0,21.0,27.0,16.18,82.03,2.4,Pune
2022-11-28,0.0,21.17,27.79,16.4,79.48,2.01,Pune
2022-11-29,0.0,20.24,27.63,14.31,75.11,2.37,Pune
2022-11-30,0.0,19.25,25.87,14.95,76.38,3.25,Pune
2022-12-01,0.0,18.77,25.84,13.44,70.97,3.37,Pune
2022-12-02,0.0,19.54,26.9,12.74,70.78,2.42,Pune
2022-12-03,0.0,20.96,27.21,15.3,77.6,2.56,Pune
2022-12-04,0.0,22.29,27.11,18.24,82.96,2.37,Pune
2022-12-05,0.0,21.94,26.8,18.59,82.99,2.82,Pune
2022-12-06,0.0,20.75,26.59,16.14,77.83,3.36,Pune
2022-12-07,0.0,19.93,26.32,15.28,81.28,3.19,Pune
2022-12-08,0.0,17.82,25.02,12.97,76.08,3.9,Pune
2022-12-09,0.0,16.33,24.39,10.15,66.33,4.73,Pune
2022-12-10,0.0,18.31,26.5,11.86,71.23,3.54,Pune
2022-12-11,0.1,21.45,27.58,16.15,81.03,3.23,Pune
2022-12-12,0.02,22.08,26.96,18.39,85.37,3.4,Pune
2022-12-13,0.01,21.69,26.85,18.47,85.57,4.01,Pune
2022-12-14,0.51,22.19,27.19,18.44,84.31,3.61,Pune
2022-12-15,0.12,22.48,27.61,18.81,83.51,2.82,Pune
2022-12-16,0.01,22.8,28.21,19.01,80.57,3.2,Pune
2022-12-17,0.0,22.47,28.28,18.25,79.88,3.16,Pune
2022-12-18,0.0,21.5,27.53,17.32,78.64,3.48,Pune
2022-12-19,0.0,19.59,26.68,14.63,71.14,3.51,Pune
2022-12-20,0.0,19.34,27.41,13.29,66.45,3.24,Pune
2022-12-21,0.0,19.94,27.76,13.86,67.87,3.29,Pune
2022-12-22,0.0,20.15,27.63,13.8,66.06,2.95,Pune
2022-12-23,0.0,19.74,27.89,13.62,70.07,2.71,Pune
2022-12-24,0.0,19.25,27.51,13.85,62.81,2.07,Pune
2022-12-25,0.0,19.25,27.25,12.01,66.0,2.18,Pune
2022-12-26,0.0,19.79,27.73,12.29,74.78,2.8,Pune
2022-12-27,0.0,21.01,27.89,15.25,79.39,2.81,Pune
2022-12-28,0.0,21.35,28.62,15.26,69.39,2.29,Pune
2022-12-29,0.0,20.54,27.85,13.99,66.87,2.29,Pune
2022-12-30,0.0,20.21,27.65,13.8,63.87,2.36,Pune
2022-12-31,0.0,18.95,27.48,12.78,65.49,2.65,Pune
2023-01-01,0.0,18.44,27.07,11.18,64.42,2.51,Pune
2023-01-02,0.0,18.86,27.64,12.13,65.4,3.16,Pune
2023-01-03,0.0,18.71,27.21,12.08,66.97,2.97,Pune
2023-01-04,0.0,19.13,26.52,12.42,67.0,2.76,Pune
2023-01-05,0.0,20.01,26.93,14.51,76.19,3.95,Pune
2023-01-06,0.0,20.56,26.28,16.33,79.36,4.29,Pune
2023-01-07,0.0,20.07,26.4,15.41,77.07,3.93,Pune
2023-01-08,0.0,18.45,25.91,13.06,68.71,3.46,Pune
2023-01-09,0.0,17.48,26.1,10.52,54.17,3.33,Pune
2023-01-10,0.0,17.62,26.82,9.93,50.62,3.49,Pune
2023-01-11,0.0,18.18,27.58,10.45,52.59,2.79,Pune
2023-01-12,0.0,18.19,26.85,12.33,49.16,2.19,Pune
2023-01-13,0.0,16.48,25.38,9.58,68.05,2.42,Pune
2023-01-14,0.0,16.32,26.33,8.87,67.07,2.86,Pune
2023-01-15,0.0,17.33,27.58,9.78,62.33,2.85,Pune
2023-01-16,0.0,18.16,26.92,12.85,58.05,2.04,Pune
2023-01-17,0.0,18.45,27.88,11.73,57.32,2.27,Pune
2023-01-18,0.0,19.37,28.42,11.64,54.3,2.14,Pune
2023-01-19,0.0,19.93,28.65,11.61,56.03,2.64,Pune
2023-01-20,0.0,20.03,28.09,14.59,58.38,2.12,Pune
2023-01-21,0.0,18.7,27.67,11.92,67.36,2.29,Pune
2023-01-22,0.0,18.17,27.32,12.52,67.64,2.37,Pune
2023-01-23,0.0,17.96,27.32,12.4,63.98,2.21,Pune
2023-01-24,0.01,17.28,25.63,11.95,67.42,2.48,Pune
2023-01-25,0.06,18.0,26.37,12.15,69.26,2.23,Pune
2023-01-26,0.02,19.99,27.63,14.39,73.66,2.67,Pune
2023-01-27,0.0,21.99,29.52,16.73,63.71,3.57,Pune
2023-01-28,0.0,21.32,29.81,13.62,55.1,3.06,Pune
2023-01-29,0.0,20.65,28.17,15.34,75.7,2.37,Pune
2023-01-30,0.0,20.84,28.44,15.6,75.73,2.39,Pune
2023-01-31,0.0,20.95,28.91,14.75,64.69,3.77,Pune
2023-02-01,0.0,20.91,28.25,15.14,63.99,4.27,Pune
2023-02-02,0.0,20.78,28.85,14.86,59.23,4.31,Pune
2023-02-03,0.0,20.22,28.91,12.75,43.51,3.43,Pune
2023-02-04,0.0,20.69,30.18,11.99,42.78,2.71,Pune
2023-02-05,0.0,20.85,30.81,12.57,45.52,2.72,Pune
2023-02-06,0.0,20.99,30.32,14.89,42.14,2.59,Pune
2023-02-07,0.0,20.11,30.43,11.45,44.98,2.54,Pune
2023-02-08,0.0,21.57,32.07,12.79,41.86,3.4,Pune
2023-02-09,0.0,22.13,32.76,13.46,39.14,3.42,Pune
2023-02-10,0.0,22.34,32.52,13.72,37.87,2.95,Pune
2023-02-11,0.0,22.02,32.99,13.75,35.84,2.92,Pune
2023-02-12,0.0,21.96,33.07,13.59,35.5,4.35,Pune
2023-02-13,0.0,22.6,32.9,14.72,31.4,4.6,Pune
2023-02-14,0.0,22.45,33.34,13.5,27.88,3.91,Pune
2023-02-15,0.0,22.39,33.5,12.85,28.23,3.98,Pune
2023-02-16,0.0,23.09,34.43,13.86,28.85,4.11,Pune
2023-02-17,0.0,23.44,34.39,14.32,29.87,4.35,Pune
2023-02-18,0.0,23.55,33.99,14.47,29.51,4.25,Pune
2023-02-19,0.0,23.6,34.61,14.16,29.76,4.23,Pune
2023-02-20,0.0,23.54,34.0,14.31,31.7,2.64,Pune
2023-02-21,0.0,23.87,34.57,16.37,31.44,2.3,Pune
2023-02-22,0.0,23.39,34.64,14.56,34.06,2.81,Pune
2023-02-23,0.0,23.98,34.54,14.69,30.43,2.77,Pune
2023-02-24,0.0,24.15,34.58,14.07,26.83,3.43,Pune
2023-02-25,0.0,23.94,34.19,14.01,29.55,2.89,Pune
2023-02-26,0.0,23.96,34.2,14.83,30.25,3.05,Pune
2023-02-27,0.0,23.63,34.5,14.46,29.1,3.25,Pune
2023-02-28,0.0,24.1,33.59,15.62,33.61,2.45,Pune
2023-03-01,0.0,24.59,33.63,16.17,34.46,2.66,Pune
2023-03-02,0.0,25.53,33.94,16.91,34.85,3.17,Pune
2023-03-03,0.0,26.09,34.31,17.36,35.2,3.12,Pune
2023-03-04,0.0,26.54,34.42,19.25,37.73,2.59,Pune
2023-03-05,0.0,26.24,33.91,19.45,39.73,2.22,Pune
2023-03-06,0.21,26.24,34.03,18.68,39.31,3.09,Pune
2023-03-07,1.35,24.92,32.42,18.98,40.3,3.78,Pune
2023-03-08,0.03,25.53,33.47,18.17,37.95,2.99,Pune
2023-03-09,0.0,25.52,33.43,18.92,38.43,3.24,Pune
2023-03-10,0.0,25.11,33.63,17.22,35.85,2.94,Pune
2023-03-11,0.0,26.13,34.38,18.17,36.2,3.29,Pune
2023-03-12,0.0,27.23,34.68,19.74,35.34,3.1,Pune
2023-03-13,0.0,26.79,34.15,19.63,35.48,2.92,Pune
2023-03-14,0.0,27.25,33.85,20.66,37.07,2.13,Pune
2023-03-15,0.67,26.16,33.61,20.53,41.05,2.51,Pune
2023-03-16,2.29,25.0,31.53,18.84,51.48,2.18,Pune
2023-03-17,1.09,24.05,30.75,17.94,59.47,2.4,Pune
2023-03-18,0.35,24.0,31.25,17.87,55.44,2.76,Pune
2023-03-19,0.36,22.72,30.82,17.42,58.48,3.13,Pune
2023-03-20,0.76,22.02,30.12,15.96,64.67,3.52,Pune
2023-03-21,4.72,21.99,28.5,16.81,70.36,3.17,Pune
2023-03-22,0.01,22.61,31.25,16.27,63.48,3.29,Pune
2023-03-23,0.0,22.31,30.65,14.99,64.02,3.76,Pune
2023-03-24,0.0,23.69,33.21,16.45,61.25,3.46,Pune
2023-03-25,0.0,22.95,33.6,14.53,51.5,3.43,Pune
2023-03-26,0.0,22.87,33.26,14.42,48.55,3.45,Pune
2023-03-27,0.0,23.22,34.07,15.05,59.53,3.23,Pune
2023-03-28,0.0,24.1,34.58,15.71,57.19,2.91,Pune
2023-03-29,0.0,24.61,36.2,15.7,55.21,3.48,Pune
2023-03-30,0.0,23.88,33.75,16.02,60.25,3.59,Pune
2023-03-31,0.0,23.64,31.69,17.62,62.97,3.92,Pune
2023-04-01,0.0,24.54,34.37,16.14,46.02,3.03,Pune
2023-04-02,0.0,24.56,34.57,16.9,58.9,3.4,Pune
2023-04-03,0.0,24.71,35.41,16.24,56.37,3.07,Pune
2023-04-04,0.0,26.1,36.49,17.05,52.79,3.13,Pune
2023-04-05,0.0,27.48,37.84,18.95,42.46,3.13,Pune
2023-04-06,0.57,28.17,36.77,19.63,40.75,2.8,Pune
2023-04-07,1.34,28.38,35.34,22.55,38.98,2.74,Pune
2023-04-08,0.57,28.69,34.46,22.93,45.43,2.66,Pune
2023-04-09,2.07,28.72,35.92,22.25,48.68,2.34,Pune
2023-04-10,0.05,29.75,38.09,21.89,40.98,3.15,Pune
2023-04-11,0.01,30.25,38.45,21.82,38.64,2.97,Pune
2023-04-12,0.51,30.92,37.57,24.62,37.54,2.32,Pune
2023-04-13,0.03,30.57,35.71,26.06,35.98,2.41,Pune
2023-04-14,8.04,27.77,34.03,24.14,50.13,2.52,Pune
2023-04-15,0.85,27.84,35.15,21.32,52.14,2.96,Pune
2023-04-16,2.29,28.97,37.21,23.02,47.4,2.12,Pune
2023-04-17,0.0,28.92,37.17,22.63,42.42,2.42,Pune
2023-04-18,0.0,30.92,39.33,22.89,35.19,2.39,Pune
2023-04-19,0.01,31.13,39.83,23.24,32.41,3.28,Pune
2023-04-20,1.48,29.36,38.29,22.17,38.63,3.26,Pune
2023-04-21,0.29,27.44,37.24,19.71,44.96,3.56,Pune
2023-04-22,0.0,26.02,35.15,18.37,54.58,4.05,Pune
2023-04-23,0.0,26.78,36.33,18.46,54.39,3.91,Pune
2023-04-24,0.0,28.54,36.95,20.91,37.74,2.74,Pune
2023-04-25,0.0,29.07,38.28,21.48,30.2,3.58,Pune
2023-04-26,0.01,26.61,33.97,20.5,57.62,3.5,Pune
2023-04-27,0.18,27.79,36.05,20.38,54.1,2.97,Pune
2023-04-28,0.45,27.83,35.52,22.15,54.63,2.99,Pune
2023-04-29,2.55,27.21,34.55,20.79,57.0,3.25,Pune
2023-04-30,0.02,26.33,34.77,19.17,53.83,3.86,Pune
2023-05-01,0.01,26.09,34.82,19.63,50.56,3.92,Pune
2023-05-02,0.55,25.95,34.99,17.79,54.56,3.33,Pune
2023-05-03,0.58,26.48,34.67,20.68,61.26,3.8,Pune
2023-05-04,0.71,27.07,35.14,19.72,57.14,3.04,Pune
2023-05-05,0.01,27.61,35.71,20.98,55.5,3.1,Pune
2023-05-06,0.03,28.25,35.43,22.14,56.33,3.52,Pune
2023-05-07,1.9,27.46,34.38,22.77,62.64,3.09,Pune
2023-05-08,2.77,28.39,34.26,23.04,60.72,2.07,Pune
2023-05-09,3.08,28.74,35.5,23.38,61.47,2.46,Pune
2023-05-10,0.4,30.62,39.08,22.46,50.21,2.61,Pune
2023-05-11,0.0,31.06,40.32,23.08,41.03,2.79,Pune
2023-05-12,0.0,30.16,39.34,21.9,51.75,3.73,Pune
2023-05-13,0.0,29.93,38.61,22.63,53.63,4.32,Pune
2023-05-14,0.0,28.83,37.2,22.85,55.19,4.88,Pune
2023-05-15,0.0,28.19,36.12,22.1,59.39,4.75,Pune
2023-05-16,0.0,27.97,35.52,22.37,62.79,4.38,Pune
2023-05-17,0.0,29.27,38.0,22.12,56.33,4.36,Pune
2023-05-18,0.0,29.76,38.73,21.78,51.44,4.04,Pune
2023-05-19,0.0,30.02,38.86,22.06,48.77,4.03,Pune
2023-05-20,0.0,29.21,37.71,22.2,55.34,4.04,Pune
2023-05-21,0.01,29.54,38.52,22.75,55.83,4.42,Pune
2023-05-22,0.16,29.88,39.15,22.27,50.45,4.23,Pune
2023-05-23,0.0,30.15,39.77,21.91,45.39,3.17,Pune
2023-05-24,0.0,29.11,37.44,22.45,50.19,4.33,Pune
2023-05-25,0.11,28.09,36.29,22.21,57.16,5.49,Pune
2023-05-26,2.27,27.8,34.79,22.85,62.18,5.58,Pune
2023-05-27,0.02,27.69,35.46,22.1,60.52,5.41,Pune
2023-05-28,0.07,28.69,37.02,22.84,58.93,5.2,Pune
2023-05-29,2.03,29.93,39.42,22.52,55.51,4.0,Pune
2023-05-30,2.74,29.44,37.51,22.72,54.23,3.69,Pune
2023-05-31,0.34,29.99,37.92,23.16,52.77,3.41,Pune
2023-06-01,0.87,29.37,37.72,22.58,53.39,3.93,Pune
2023-06-02,2.21,27.79,35.2,22.86,61.51,5.04,Pune
2023-06-03,0.14,27.42,33.7,22.6,67.17,4.7,Pune
2023-06-04,3.36,27.17,32.72,23.26,71.49,3.95,Pune
2023-06-05,4.27,26.72,32.64,23.1,71.16,3.8,Pune
2023-06-06,0.02,28.06,35.6,22.47,66.89,4.3,Pune
2023-06-07,0.03,28.35,35.61,23.24,63.66,4.65,Pune
2023-06-08,1.46,28.66,35.54,23.62,65.23,3.93,Pune
2023-06-09,3.38,27.77,33.12,23.78,71.77,4.13,Pune
2023-06-10,2.2,27.48,32.83,24.08,72.54,5.43,Pune
2023-06-11,0.23,27.72,33.46,23.82,66.91,6.61,Pune
2023-06-12,2.47,27.56,33.36,23.36,66.93,7.29,Pune
2023-06-13,1.69,27.03,32.79,22.9,70.79,7.15,Pune
2023-06-14,6.14,26.8,32.26,23.03,73.39,6.99,Pune
2023-06-15,1.66,26.88,32.46,23.12,74.77,7.14,Pune
2023-06-16,1.37,27.15,32.65,23.54,74.93,8.15,Pune
2023-06-17,1.11,27.03,32.31,23.89,76.03,7.49,Pune
2023-06-18,0.37,27.06,32.5,23.51,74.77,6.81,Pune
2023-06-19,0.08,27.14,32.73,23.52,73.77,5.74,Pune
2023-06-20,0.08,27.53,33.43,23.54,72.79,5.64,Pune
2023-06-21,0.22,26.71,31.21,23.79,74.03,5.11,Pune
2023-06-22,0.9,27.15,32.82,23.58,71.15,5.24,Pune
2023-06-23,1.42,26.97,32.77,23.08,72.15,5.14,Pune
2023-06-24,39.91,25.51,29.34,22.66,82.1,5.16,Pune
2023-06-25,33.15,24.64,28.04,22.21,83.48,4.76,Pune
2023-06-26,46.52,23.89,26.6,21.64,87.72,6.01,Pune
2023-06-27,38.73,23.09,25.21,20.98,89.01,5.64,Pune
2023-06-28,26.72,23.58,26.37,21.46,89.34,7.48,Pune
2023-06-29,16.77,23.4,26.62,21.51,84.87,7.47,Pune
2023-06-30,64.8,23.86,26.32,21.49,90.17,8.23,Pune
2023-07-01,24.84,23.88,26.27,22.18,89.49,7.21,Pune
2023-07-02,19.11,24.88,28.18,22.82,88.04,6.89,Pune
2023-07-03,27.65,25.04,27.85,23.41,90.18,5.72,Pune
2023-07-04,20.32,24.71,27.69,23.17,90.8,5.06,Pune
2023-07-05,10.79,24.31,28.22,22.46,89.44,5.53,Pune
2023-07-06,30.37,23.93,25.87,22.22,91.56,5.9,Pune
2023-07-07,38.2,24.49,27.27,23.25,90.99,8.83,Pune
2023-07-08,17.81,24.4,27.22,22.47,88.16,8.62,Pune
2023-07-09,8.16,24.06,27.44,22.24,88.9,7.66,Pune
2023-07-10,4.56,24.3,27.7,22.08,87.83,6.33,Pune
2023-07-11,3.32,24.23,27.78,21.67,87.6,5.73,Pune
2023-07-12,4.58,23.94,26.52,21.83,88.52,4.78,Pune
2023-07-13,12.12,23.47,25.98,21.29,87.7,4.91,Pune
2023-07-14,16.84,24.22,27.16,22.41,87.95,5.63,Pune
2023-07-15,9.22,24.32,27.36,22.17,88.38,6.16,Pune
2023-07-16,15.26,24.1,26.35,22.83,91.65,6.21,Pune
2023-07-17,31.63,24.09,26.12,22.82,90.93,6.86,Pune
2023-07-18,82.44,24.05,26.49,22.82,92.17,8.5,Pune
2023-07-19,94.4,23.58,25.3,22.16,93.23,8.28,Pune
2023-07-20,45.73,23.03,24.91,21.26,94.27,8.48,Pune
2023-07-21,42.9,22.55,24.55,20.67,93.97,7.24,Pune
2023-07-22,40.17,23.09,24.65,21.73,94.9,7.25,Pune
2023-07-23,38.31,23.82,25.77,21.77,93.18,8.4,Pune
2023-07-24,47.54,23.95,26.2,22.57,93.14,8.08,Pune
2023-07-25,44.66,23.35,24.44,22.62,95.26,7.04,Pune
2023-07-26,64.93,23.42,24.81,22.25,95.31,7.37,Pune
2023-07-27,58.67,23.21,24.34,22.34,95.41,8.08,Pune
2023-07-28,34.73,23.54,26.05,21.99,92.99,8.09,Pune
2023-07-29,18.67,23.37,25.91,21.59,92.5,7.5,Pune
2023-07-30,15.89,23.57,26.18,22.1,92.6,7.13,Pune
2023-07-31,17.48,23.84,26.14,22.62,92.84,7.76,Pune
2023-08-01,16.68,23.73,26.2,22.38,92.73,7.99,Pune
2023-08-02,6.12,23.0,25.21,21.59,93.6,7.8,Pune
2023-08-03,5.94,23.14,25.83,21.56,92.0,7.98,Pune
2023-08-04,11.05,23.51,26.63,21.63,91.3,7.96,Pune
2023-08-05,7.09,23.25,25.72,21.55,91.76,6.89,Pune
2023-08-06,5.75,23.42,26.66,21.49,90.64,7.02,Pune
2023-08-07,3.11,23.24,26.33,21.51,90.78,7.04,Pune
2023-08-08,3.51,23.33,26.38,21.6,90.47,6.5,Pune
2023-08-09,4.99,23.4,26.36,21.64,91.19,5.42,Pune
2023-08-10,5.51,23.25,26.87,21.25,91.09,4.93,Pune
2023-08-11,3.03,23.45,27.47,20.64,89.71,4.68,Pune
2023-08-12,4.51,23.17,26.89,20.6,89.82,5.19,Pune
2023-08-13,6.16,22.7,25.44,21.09,91.33,5.42,Pune
2023-08-14,2.77,23.04,26.28,21.09,89.89,5.41,Pune
2023-08-15,2.98,23.03,26.46,20.95,89.34,4.79,Pune
2023-08-16,3.69,23.23,27.05,20.73,89.38,4.42,Pune
2023-08-17,4.11,23.31,27.13,20.64,89.4,4.98,Pune
2023-08-18,3.4,22.95,26.22,21.12,90.83,4.98,Pune
2023-08-19,8.48,23.31,26.91,21.39,90.65,5.34,Pune
2023-08-20,8.48,23.46,26.51,21.24,89.97,5.55,Pune
2023-08-21,3.92,23.17,27.02,20.51,89.41,4.55,Pune
2023-08-22,6.1,23.16,26.92,20.28,89.84,4.3,Pune
2023-08-23,3.85,23.13,26.13,20.9,90.59,4.5,Pune
2023-08-24,9.84,23.57,26.98,20.96,89.63,5.21,Pune
2023-08-25,14.53,23.97,27.36,21.65,90.66,5.17,Pune
2023-08-26,13.71,23.85,27.1,21.88,90.42,5.41,Pune
2023-08-27,12.2,23.91,27.74,21.64,89.33,5.37,Pune
2023-08-28,9.05,23.55,27.07,21.35,90.3,4.71,Pune
2023-08-29,1.65,23.57,27.51,20.63,89.27,3.35,Pune
2023-08-30,0.18,23.7,27.94,20.2,87.57,2.58,Pune
2023-08-31,1.37,24.28,28.79,20.59,86.84,2.12,Pune
2023-09-01,12.8,24.83,29.85,21.25,86.79,2.42,Pune
2023-09-02,17.73,23.57,26.55,21.78,92.04,3.31,Pune
2023-09-03,3.86,23.52,27.31,21.12,90.05,3.46,Pune
2023-09-04,2.43,23.34,27.35,20.91,89.37,4.28,Pune
2023-09-05,0.35,23.07,27.48,19.41,88.51,3.58,Pune
2023-09-06,3.73,23.38,27.39,20.26,89.93,4.2,Pune
2023-09-07,38.47,22.72,24.36,21.69,93.73,5.85,Pune
2023-09-08,46.07,23.22,24.6,22.15,95.5,6.54,Pune
2023-09-09,16.04,24.08,26.88,22.75,92.45,5.94,Pune
2023-09-10,7.67,24.14,27.16,22.28,90.93,5.28,Pune
2023-09-11,4.07,24.12,27.93,21.71,90.36,5.24,Pune
2023-09-12,1.52,23.35,27.06,20.66,90.58,4.49,Pune
2023-09-13,3.62,23.13,26.54,20.63,90.94,4.29,Pune
2023-09-14,3.62,23.06,26.65,20.41,90.16,3.23,Pune
2023-09-15,1.66,22.94,25.65,20.41,91.87,3.47,Pune
2023-09-16,4.85,23.38,25.38,22.02,92.9,5.66,Pune
2023-09-17,5.88,24.04,27.19,22.14,90.6,5.94,Pune
2023-09-18,12.01,24.18,27.73,22.02,90.26,5.81,Pune
2023-09-19,10.48,24.04,27.38,21.98,90.55,5.13,Pune
2023-09-20,14.18,24.22,27.97,21.65,90.98,4.44,Pune
2023-09-21,23.02,24.31,27.67,22.5,92.81,3.8,Pune
2023-09-22,15.92,23.78,26.51,21.79,91.81,2.65,Pune
2023-09-23,29.98,23.35,26.56,21.63,93.13,3.2,Pune
2023-09-24,7.92,22.91,26.51,20.76,91.3,3.07,Pune
2023-09-25,7.28,23.14,27.42,19.74,90.72,2.76,Pune
2023-09-26,22.38,23.86,27.33,21.43,91.74,2.57,Pune
2023-09-27,20.12,24.22,27.31,22.16,91.38,2.9,Pune
2023-09-28,16.02,24.5,28.15,22.01,90.11,2.81,Pune
2023-09-29,14.33,24.44,27.95,21.72,90.28,3.45,Pune
2023-09-30,12.5,24.56,28.5,21.91,89.1,3.63,Pune
2023-10-01,25.36,23.58,26.5,21.21,92.79,4.57,Pune
2023-10-02,8.84,22.42,25.18,20.65,92.18,2.96,Pune
2023-10-03,0.12,23.42,27.59,20.47,88.5,2.41,Pune
2023-10-04,0.0,23.49,28.21,20.37,87.99,2.36,Pune
2023-10-05,0.0,22.76,27.65,19.19,85.94,2.43,Pune
2023-10-06,0.0,23.27,28.71,19.43,85.22,2.09,Pune
2023-10-07,0.0,24.15,29.77,19.99,83.74,1.69,Pune
2023-10-08,0.0,24.25,30.05,19.17,81.92,1.96,Pune
2023-10-09,0.0,23.87,29.81,18.97,81.79,2.26,Pune
2023-10-10,0.0,23.44,29.15,19.08,83.26,2.47,Pune
2023-10-11,0.0,23.65,29.13,19.32,84.11,2.16,Pune
2023-10-12,0.0,24.12,29.74,19.31,78.77,2.57,Pune
2023-10-13,0.0,24.3,29.82,19.18,75.38,3.1,Pune
2023-10-14,0.0,23.97,29.62,18.58,74.33,2.33,Pune
2023-10-15,0.05,24.03,29.07,19.39,79.28,2.24,Pune
2023-10-16,0.07,24.23,28.9,19.68,77.45,2.28,Pune
2023-10-17,0.93,24.08,29.09,19.54,79.11,2.29,Pune
2023-10-18,0.15,23.74,29.24,19.35,80.47,2.92,Pune
2023-10-19,0.12,24.23,29.09,19.49,76.22,2.17,Pune
2023-10-20,0.12,24.07,28.46,20.08,79.17,2.31,Pune
2023-10-21,0.02,23.7,28.29,20.39,81.07,2.63,Pune
2023-10-22,0.0,23.43,28.83,19.22,79.57,2.61,Pune
2023-10-23,0.0,22.9,28.81,17.8,76.3,2.82,Pune
2023-10-24,0.0,22.74,28.59,18.06,78.05,2.68,Pune
2023-10-25,0.0,22.17,28.47,17.32,74.26,3.09,Pune
2023-10-26,0.0,21.09,27.36,16.28,69.38,3.62,Pune
2023-10-27,0.0,20.73,27.27,14.66,66.73,3.24,Pune
2023-10-28,0.0,20.85,28.04,14.92,69.58,3.0,Pune
2023-10-29,0.0,21.17,28.74,14.59,69.04,2.7,Pune
2023-10-30,0.0,20.9,28.16,15.13,70.19,3.31,Pune
2023-10-31,0.0,20.65,27.78,14.8,72.45,3.49,Pune
2023-11-01,0.0,20.65,28.0,15.18,75.65,3.44,Pune
2023-11-02,0.0,21.21,28.17,15.47,74.68,2.93,Pune
2023-11-03,0.0,21.6,28.61,15.81,73.67,3.03,Pune
2023-11-04,0.0,22.46,29.16,16.1,71.42,3.62,Pune
2023-11-05,0.0,22.63,27.93,18.58,78.89,3.31,Pune
2023-11-06,0.0,21.73,27.5,18.08,76.0,4.12,Pune
2023-11-07,0.01,22.87,28.26,18.02,81.69,3.05,Pune
2023-11-08,3.55,22.95,26.8,19.87,86.06,2.98,Pune
2023-11-09,0.52,23.44,27.84,19.93,86.53,2.12,Pune
2023-11-10,13.34,22.67,25.88,20.78,89.82,2.46,Pune
2023-11-11,2.8,22.69,27.62,18.65,80.57,3.31,Pune
2023-11-12,0.0,22.24,28.76,17.61,72.84,3.7,Pune
2023-11-13,0.0,21.93,28.2,16.9,74.19,3.34,Pune
2023-11-14,0.0,21.25,27.49,16.19,75.72,2.72,Pune
2023-11-15,0.0,20.84,27.69,14.98,72.93,2.53,Pune
2023-11-16,0.0,20.07,27.46,14.36,70.86,3.14,Pune
2023-11-17,0.0,20.22,27.41,14.26,68.44,3.1,Pune
2023-11-18,0.0,20.79,28.43,14.39,71.94,2.9,Pune
2023-11-19,0.0,22.56,28.85,16.51,74.01,2.65,Pune
2023-11-20,0.0,22.56,28.58,17.75,74.84,3.14,Pune
2023-11-21,0.0,21.07,28.1,16.08,71.41,3.59,Pune
2023-11-22,0.0,20.1,27.48,14.52,69.44,3.36,Pune
2023-11-23,0.0,21.03,27.7,14.39,72.41,2.64,Pune
2023-11-24,0.0,22.65,28.42,17.43,77.27,3.22,Pune
2023-11-25,3.33,22.9,28.75,18.32,79.77,3.48,Pune
2023-11-26,6.34,22.73,27.14,19.83,85.69,3.56,Pune
2023-11-27,3.32,22.57,27.22,19.51,87.18,2.5,Pune
2023-11-28,0.27,22.12,26.88,18.72,86.2,1.92,Pune
2023-11-29,0.2,21.56,27.15,17.73,86.76,2.08,Pune
2023-11-30,1.38,21.59,27.78,17.29,85.93,2.63,Pune
2023-12-01,0.75,21.32,27.52,17.44,84.23,1.95,Pune
2023-12-02,0.29,22.08,28.37,16.47,78.37,3.03,Pune
2023-12-03,0.0,22.92,29.23,17.06,73.09,3.32,Pune
2023-12-04,0.0,22.78,28.66,17.89,77.09,3.12,Pune
2023-12-05,0.01,21.68,27.91,17.4,75.98,3.66,Pune
2023-12-06,0.01,20.9,26.04,16.71,79.05,3.32,Pune
2023-12-07,0.0,20.99,26.2,16.84,78.64,2.5,Pune
2023-12-08,0.0,20.89,27.39,15.41,76.04,2.65,Pune
2023-12-09,0.0,20.99,28.01,14.87,75.25,2.37,Pune
2023-12-10,0.0,20.89,27.76,15.21,75.86,2.73,Pune
2023-12-11,0.0,20.33,27.66,14.28,74.77,2.34,Pune
2023-12-12,0.0,20.15,27.45,13.93,74.54,2.11,Pune
2023-12-13,0.0,20.27,27.2,13.88,72.25,2.5,Pune
2023-12-14,0.0,19.62,26.56,14.64,70.31,3.93,Pune
2023-12-15,0.0,18.83,26.03,13.22,67.53,3.5,Pune
2023-12-16,0.0,18.46,26.01,11.53,70.29,2.62,Pune
2023-12-17,0.0,19.9,26.77,14.57,75.69,3.76,Pune
2023-12-18,0.0,19.76,25.42,15.61,71.2,5.2,Pune
2023-12-19,0.0,18.5,24.49,15.14,66.47,5.69,Pune
2023-12-20,0.0,18.42,24.6,13.78,58.88,4.58,Pune
2023-12-21,0.0,18.52,24.02,14.66,58.77,3.9,Pune
2023-12-22,0.0,20.2,28.59,14.52,55.08,2.84,Pune
2023-12-23,0.0,20.71,29.44,13.46,53.41,3.12,Pune
2023-12-24,0.0,20.0,28.34,14.01,59.99,4.19,Pune
2023-12-25,0.0,20.57,29.21,14.5,55.2,4.06,Pune
2023-12-26,0.0,20.08,29.09,13.54,58.01,3.49,Pune
2023-12-27,0.0,19.84,28.3,13.71,62.16,4.0,Pune
2023-12-28,0.0,20.38,28.57,13.64,61.0,3.57,Pune
2023-12-29,0.0,20.76,28.85,14.05,60.67,3.35,Pune
2023-12-30,0.0,21.2,28.8,14.37,61.43,2.51,Pune
2023-12-31,0.0,21.15,28.64,13.82,58.41,2.58,Pune
2024-01-01,0.0,20.83,28.19,13.87,62.72,2.4,Pune
2024-01-02,0.0,20.28,28.22,13.83,66.23,2.42,Pune
2024-01-03,0.0,20.01,27.92,14.05,70.21,3.0,Pune
2024-01-04,0.0,19.78,27.91,14.59,65.84,2.53,Pune
2024-01-05,0.0,18.91,27.06,13.37,62.72,2.42,Pune
2024-01-06,0.0,20.03,27.92,13.25,66.01,3.11,Pune
2024-01-07,0.0,21.36,28.53,14.85,67.35,2.98,Pune
2024-01-08,0.01,22.38,29.19,16.46,59.48,4.46,Pune
2024-01-09,2.44,20.72,27.35,17.14,70.37,4.4,Pune
2024-01-10,0.37,21.51,27.73,16.1,68.86,3.43,Pune
2024-01-11,0.04,22.37,29.26,16.69,67.12,3.22,Pune
2024-01-12,0.0,22.29,30.12,16.12,59.5,3.41,Pune
2024-01-13,0.0,21.63,30.2,15.42,63.24,2.86,Pune
2024-01-14,0.0,20.37,28.94,13.94,59.77,2.99,Pune
2024-01-15,0.0,18.74,28.09,12.2,54.13,3.01,Pune
2024-01-16,0.0,18.43,28.65,10.92,52.72,2.83,Pune
2024-01-17,0.0,19.04,27.68,13.79,61.35,2.18,Pune
2024-01-18,0.0,18.3,26.15,12.94,69.71,2.05,Pune
2024-01-19,0.0,19.14,28.07,12.48,60.25,2.63,Pune
2024-01-20,0.0,19.26,26.87,14.22,69.02,3.05,Pune
2024-01-21,0.0,19.44,28.75,11.42,57.99,2.53,Pune
2024-01-22,0.0,19.54,29.95,11.93,56.6,3.69,Pune
2024-01-23,0.0,17.94,27.65,10.22,49.2,2.92,Pune
2024-01-24,0.0,18.21,28.1,9.71,43.64,2.94,Pune
2024-01-25,0.0,19.06,28.8,10.77,36.35,3.76,Pune
2024-01-26,0.0,19.86,29.57,11.82,41.66,3.21,Pune
2024-01-27,0.0,21.6,30.49,13.17,44.82,2.58,Pune
2024-01-28,0.0,21.35,30.13,13.78,47.52,2.77,Pune
2024-01-29,0.0,21.26,30.24,13.91,48.8,2.44,Pune
2024-01-30,0.0,20.55,29.95,13.07,49.7,2.68,Pune
2024-01-31,0.0,20.79,30.08,14.78,55.24,2.67,Pune
2024-02-01,0.0,19.39,28.01,13.52,63.7,2.33,Pune
2024-02-02,0.0,20.01,29.05,12.24,60.52,2.54,Pune
2024-02-03,0.0,22.11,31.56,14.48,46.8,3.93,Pune
2024-02-04,0.0,23.45,32.5,16.06,50.26,2.71,Pune
2024-02-05,0.0,23.43,32.64,16.97,51.44,2.48,Pune
2024-02-06,0.0,23.51,32.98,16.36,50.16,2.48,Pune
2024-02-07,0.0,23.37,33.44,16.01,49.11,2.6,Pune
2024-02-08,0.0,22.81,33.07,15.32,43.51,3.36,Pune
2024-02-09,0.0,22.35,33.4,13.8,43.21,3.16,Pune
2024-02-10,0.0,21.88,32.8,13.75,44.13,3.25,Pune
2024-02-11,0.0,22.02,32.75,14.3,40.84,2.98,Pune
2024-02-12,0.0,22.42,32.62,14.5,43.73,2.8,Pune
2024-02-13,0.0,22.19,32.21,15.08,43.44,3.09,Pune
2024-02-14,0.0,22.35,32.77,14.12,39.1,2.66,Pune
2024-02-15,0.0,23.89,33.46,15.65,41.34,3.32,Pune
2024-02-16,0.0,25.63,33.86,18.65,40.89,2.91,Pune
2024-02-17,0.0,24.42,33.86,16.33,38.5,2.5,Pune
2024-02-18,0.0,24.09,33.4,16.82,45.77,2.34,Pune
2024-02-19,0.0,24.24,33.13,18.36,37.7,2.44,Pune
2024-02-20,0.0,22.9,32.34,16.16,45.68,3.26,Pune
2024-02-21,0.0,21.61,30.77,14.79,61.83,3.5,Pune
2024-02-22,0.0,21.31,30.67,15.18,63.81,3.33,Pune
2024-02-23,0.0,20.56,31.2,12.05,55.69,2.62,Pune
2024-02-24,0.0,21.28,32.61,13.33,33.95,3.23,Pune
2024-02-25,0.0,21.87,33.65,11.26,28.81,3.43,Pune
2024-02-26,0.0,25.05,34.81,15.34,43.15,3.01,Pune
2024-02-27,0.28,26.21,34.46,19.72,45.73,3.15,Pune
2024-02-28,0.07,27.09,34.85,19.99,45.75,2.83,Pune
2024-02-29,0.02,28.26,35.5,21.84,42.02,2.18,Pune
2024-03-01,0.49,27.89,34.75,22.64,45.76,2.42,Pune
2024-03-02,0.04,25.18,33.6,19.64,57.25,3.83,Pune
2024-03-03,0.0,22.41,29.41,16.16,68.96,4.78,Pune
2024-03-04,0.0,20.78,30.89,12.91,51.19,3.45,Pune
2024-03-05,0.0,22.65,34.35,13.29,36.71,3.37,Pune
2024-03-06,0.0,23.17,33.1,16.58,32.21,3.21,Pune
2024-03-07,0.0,24.13,35.32,14.45,28.66,2.72,Pune
2024-03-08,0.0,25.04,35.37,16.04,32.57,3.24,Pune
2024-03-09,0.0,25.43,35.9,16.23,31.08,3.38,Pune
2024-03-10,0.0,25.74,36.43,16.93,29.64,3.15,Pune
2024-03-11,0.0,26.25,36.92,17.12,30.08,3.07,Pune
2024-03-12,0.0,26.59,37.21,18.47,35.5,3.51,Pune
2024-03-13,0.0,25.24,35.26,17.15,43.13,3.55,Pune
2024-03-14,0.0,24.36,35.15,16.06,45.7,3.45,Pune
2024-03-15,0.0,24.02,34.68,15.56,42.63,3.16,Pune
2024-03-16,0.0,24.35,34.88,16.4,43.26,3.3,Pune
2024-03-17,0.0,25.65,35.7,18.44,38.36,3.17,Pune
2024-03-18,0.0,25.28,34.89,18.63,37.38,3.2,Pune
2024-03-19,0.0,25.15,35.33,16.83,43.79,3.36,Pune
2024-03-20,0.0,26.35,36.82,16.43,22.58,3.16,Pune
2024-03-21,0.0,26.84,35.99,18.31,26.25,3.15,Pune
2024-03-22,0.0,27.95,37.57,20.56,28.03,2.56,Pune
2024-03-23,0.0,27.5,37.43,18.85,30.8,3.22,Pune
2024-03-24,0.0,28.22,38.31,19.74,36.98,2.73,Pune
2024-03-25,0.0,28.7,38.87,19.72,37.5,3.05,Pune
2024-03-26,0.0,29.46,39.48,21.57,36.41,2.61,Pune
2024-03-27,0.0,29.85,39.37,22.54,43.5,2.79,Pune
2024-03-28,0.02,29.89,37.97,23.53,44.52,2.89,Pune
2024-03-29,0.26,30.23,38.5,23.72,44.38,2.66,Pune
2024-03-30,0.01,29.79,39.27,21.61,44.54,3.18,Pune
2024-03-31,0.0,30.43,38.06,24.69,35.27,3.51,Pune
2024-04-01,0.0,30.45,39.31,23.76,29.79,3.08,Pune
2024-04-02,0.0,29.23,39.69,21.04,33.77,3.1,Pune
2024-04-03,0.0,29.02,39.5,20.83,37.36,3.33,Pune
2024-04-04,0.0,29.36,39.69,20.12,33.98,3.64,Pune
2024-04-05,0.0,30.01,39.68,21.5,33.28,3.33,Pune
2024-04-06,0.0,29.71,38.98,21.26,32.01,3.36,Pune
2024-04-07,0.0,29.02,38.99,22.08,32.41,4.0,Pune
2024-04-08,0.0,29.15,39.56,19.96,33.13,3.12,Pune
2024-04-09,0.0,29.33,39.71,20.81,41.26,3.0,Pune
2024-04-10,0.0,29.88,39.9,22.26,35.89,2.73,Pune
2024-04-11,0.0,29.31,38.01,22.2,32.02,2.26,Pune
2024-04-12,0.0,29.36,38.99,21.92,33.48,2.94,Pune
2024-04-13,0.01,28.74,38.66,21.41,42.13,3.17,Pune
2024-04-14,0.0,29.11,39.75,19.41,48.23,2.86,Pune
2024-04-15,0.0,31.78,40.79,21.99,45.48,2.55,Pune
2024-04-16,0.0,33.42,40.35,27.14,33.59,3.92,Pune
2024-04-17,0.0,32.85,39.11,26.63,33.09,2.53,Pune
2024-04-18,0.0,31.09,38.06,24.97,41.95,2.57,Pune
2024-04-19,0.0,31.25,39.78,24.2,44.71,3.42,Pune
2024-04-20,3.59,30.35,39.33,24.39,49.47,3.42,Pune
2024-04-21,0.43,29.82,38.23,22.79,46.12,3.28,Pune
2024-04-22,0.02,29.42,38.37,22.15,47.51,3.51,Pune
2024-04-23,0.07,29.76,39.65,21.02,44.45,2.89,Pune
2024-04-24,1.45,30.85,39.49,24.29,43.0,2.54,Pune
2024-04-25,0.38,31.25,40.12,24.25,44.08,2.78,Pune
2024-04-26,0.05,31.16,39.43,23.9,46.09,3.68,Pune
2024-04-27,0.0,32.71,41.08,24.1,38.64,3.02,Pune
2024-04-28,0.0,33.57,41.79,25.95,34.09,3.05,Pune
2024-04-29,0.0,33.2,41.88,25.25,33.06,3.19,Pune
2024-04-30,0.0,32.59,42.11,24.89,29.48,3.68,Pune
2024-05-01,0.0,30.06,39.54,22.3,39.61,4.12,Pune
2024-05-02,0.0,29.46,40.47,20.24,39.68,3.7,Pune
2024-05-03,0.0,28.81,39.98,18.75,43.51,3.62,Pune
2024-05-04,0.0,29.26,39.88,19.27,46.03,3.67,Pune
2024-05-05,0.0,30.12,40.62,21.55,50.84,4.14,Pune
2024-05-06,0.01,29.41,39.58,22.12,54.91,4.37,Pune
2024-05-07,0.0,29.45,39.96,22.08,57.19,4.66,Pune
2024-05-08,0.02,29.83,40.5,21.52,52.14,3.76,Pune
2024-05-09,0.04,29.75,39.98,21.24,53.14,3.48,Pune
2024-05-10,6.57,29.79,39.27,22.95,55.23,2.53,Pune
2024-05-11,17.09,29.3,37.98,23.37,59.81,2.49,Pune
2024-05-12,2.36,28.79,35.39,22.57,64.55,1.66,Pune
2024-05-13,3.47,29.67,36.52,23.48,59.12,2.3,Pune
2024-05-14,5.88,29.3,36.56,22.92,60.64,2.53,Pune
2024-05-15,6.22,29.13,35.58,22.85,60.96,2.15,Pune
2024-05-16,2.21,29.79,35.72,24.44,60.93,1.48,Pune
2024-05-17,1.54,29.6,35.63,24.87,60.16,1.7,Pune
2024-05-18,1.71,29.94,37.27,23.42,58.66,1.97,Pune
2024-05-19,2.47,30.32,38.84,23.37,58.79,2.59,Pune
2024-05-20,5.15,29.63,37.53,24.59,64.35,2.38,Pune
2024-05-21,3.14,30.15,38.79,24.17,61.16,2.43,Pune
2024-05-22,0.97,31.03,39.51,24.63,61.64,1.72,Pune
2024-05-23,2.46,31.02,39.17,25.14,59.53,2.63,Pune
2024-05-24,0.13,29.5,37.87,23.18,62.49,4.29,Pune
2024-05-25,0.02,28.28,35.57,23.81,65.41,5.58,Pune
2024-05-26,0.03,28.39,35.75,24.31,66.24,5.53,Pune
2024-05-27,0.0,28.46,35.61,23.91,66.74,6.08,Pune
2024-05-28,0.0,28.66,35.67,24.47,67.88,6.69,Pune
2024-05-29,0.01,28.68,35.18,24.5,70.62,6.03,Pune
2024-05-30,0.01,29.26,36.71,24.42,67.49,5.64,Pune
2024-05-31,0.03,29.38,37.22,23.88,64.0,5.04,Pune
2024-06-01,0.05,29.58,36.98,24.39,63.36,4.93,Pune
2024-06-02,0.22,29.56,36.86,24.67,61.28,4.41,Pune
2024-06-03,8.28,27.89,33.45,24.64,72.9,3.34,Pune
2024-06-04,13.79,27.36,32.68,24.37,76.87,3.4,Pune
2024-06-05,13.24,27.14,32.53,23.66,77.68,3.57,Pune
2024-06-06,10.72,27.64,33.61,23.6,75.54,3.12,Pune
2024-06-07,5.37,27.14,32.14,23.67,76.72,2.78,Pune
2024-06-08,36.55,26.57,31.73,23.72,79.05,4.12,Pune
2024-06-09,43.36,25.15,27.6,23.31,88.47,4.2,Pune
2024-06-10,14.18,24.81,28.13,22.51,84.83,4.26,Pune
2024-06-11,8.31,24.92,28.42,22.9,81.66,5.17,Pune
2024-06-12,7.56,25.0,28.33,22.75,84.35,4.68,Pune
2024-06-13,11.46,25.5,29.67,22.15,81.12,4.0,Pune
2024-06-14,8.72,25.19,28.15,22.9,85.85,4.64,Pune
2024-06-15,2.35,25.92,30.51,22.71,82.33,3.92,Pune
2024-06-16,2.17,26.06,31.02,22.56,81.04,3.06,Pune
2024-06-17,2.64,25.58,29.37,23.19,82.74,3.42,Pune
2024-06-18,9.39,25.33,29.72,22.56,81.85,4.85,Pune
2024-06-19,12.99,24.77,27.76,22.42,86.39,5.87,Pune
2024-06-20,24.04,25.44,28.49,23.25,87.64,6.21,Pune
2024-06-21,12.67,25.91,28.86,23.92,86.95,6.17,Pune
2024-06-22,9.58,26.47,29.92,24.65,84.33,4.64,Pune
2024-06-23,10.92,25.06,27.94,22.43,87.1,4.34,Pune
2024-06-24,6.47,25.37,31.22,21.78,81.43,3.94,Pune
2024-06-25,13.0,24.82,27.42,21.9,88.93,5.23,Pune
2024-06-26,18.78,25.29,28.06,21.92,91.01,6.4,Pune
2024-06-27,18.9,24.33,27.51,21.88,87.58,9.87,Pune
2024-06-28,28.34,23.7,25.42,22.45,91.4,9.1,Pune
2024-06-29,15.14,25.29,28.32,23.45,87.39,6.54,Pune
2024-06-30,15.81,25.12,28.96,22.74,88.39,7.6,Pune
2024-07-01,20.81,25.54,28.8,23.63,86.75,9.89,Pune
2024-07-02,26.42,25.44,28.07,23.7,88.42,10.08,Pune
2024-07-03,6.51,25.53,29.15,23.4,86.14,8.1,Pune
2024-07-04,7.6,25.24,27.85,23.21,87.55,7.41,Pune
2024-07-05,12.41,25.51,28.59,23.31,86.83,8.11,Pune
2024-07-06,24.73,25.29,28.3,23.3,88.57,8.86,Pune
2024-07-07,33.72,25.08,27.54,23.92,90.62,7.07,Pune
2024-07-08,34.67,24.86,27.6,23.11,91.27,5.97,Pune
2024-07-09,21.69,23.46,26.33,21.73,89.29,4.62,Pune
2024-07-10,8.71,23.52,27.04,21.38,88.07,4.39,Pune
2024-07-11,4.32,24.31,27.77,21.81,87.84,5.98,Pune
2024-07-12,48.07,24.46,26.85,22.56,90.49,6.95,Pune
2024-07-13,64.9,24.26,25.62,23.53,93.89,8.44,Pune
2024-07-14,47.45,24.45,26.16,23.27,93.58,7.53,Pune
2024-07-15,18.6,23.75,25.75,21.68,90.56,4.43,Pune
2024-07-16,6.98,22.85,25.47,20.99,89.92,4.44,Pune
2024-07-17,21.26,24.03,26.45,22.22,91.98,7.68,Pune
2024-07-18,31.23,24.16,26.13,22.95,93.08,9.13,Pune
2024-07-19,30.94,24.1,26.31,22.86,92.52,8.86,Pune
2024-07-20,42.66,23.85,24.79,23.18,95.11,8.5,Pune
2024-07-21,53.32,24.14,25.69,22.99,94.38,7.65,Pune
2024-07-22,49.7,23.5,24.63,22.62,95.11,7.86,Pune
2024-07-23,67.95,23.7,24.94,23.06,95.38,8.44,Pune
2024-07-24,82.6,23.53,24.72,22.66,95.59,8.7,Pune
2024-07-25,125.97,22.8,23.86,21.4,94.87,8.57,Pune
2024-07-26,32.11,23.42,25.68,21.53,93.56,9.38,Pune
2024-07-27,16.61,23.58,25.58,22.57,93.84,8.6,Pune
2024-07-28,21.94,23.18,24.4,22.34,95.18,7.83,Pune
2024-07-29,33.27,23.83,26.04,22.5,93.5,7.61,Pune
2024-07-30,33.79,24.14,27.07,22.36,92.48,6.35,Pune
2024-07-31,19.25,24.43,27.17,22.35,92.79,6.08,Pune
2024-08-01,26.05,24.11,25.79,23.2,93.98,7.28,Pune
2024-08-02,28.65,23.55,24.76,22.81,94.82,8.09,Pune
2024-08-03,61.46,23.25,24.74,22.26,95.22,8.87,Pune
2024-08-04,38.81,23.29,24.72,22.28,95.41,7.79,Pune
2024-08-05,17.23,23.56,26.09,22.18,93.16,6.73,Pune
2024-08-06,11.41,23.6,26.34,22.04,92.25,5.96,Pune
2024-08-07,8.94,23.68,26.86,21.61,92.04,5.31,Pune
2024-08-08,7.59,23.82,27.28,21.88,91.2,5.11,Pune
2024-08-09,9.15,24.0,27.33,21.65,91.09,5.08,Pune
2024-08-10,9.13,23.88,27.16,21.62,91.64,4.56,Pune
2024-08-11,7.13,23.74,26.99,21.87,91.87,5.01,Pune
2024-08-12,2.95,24.08,27.57,21.9,90.96,4.56,Pune
2024-08-13,1.45,24.47,28.4,21.54,90.18,3.58,Pune
2024-08-14,0.16,24.59,28.64,21.4,89.24,2.83,Pune
2024-08-15,1.03,24.56,28.33,21.88,89.94,3.02,Pune
2024-08-16,2.21,24.52,27.98,22.13,90.22,2.63,Pune
2024-08-17,25.82,24.88,28.96,21.68,87.93,2.17,Pune
2024-08-18,91.08,25.2,28.46,22.29,90.74,1.93,Pune
2024-08-19,21.86,25.24,28.29,22.96,90.68,1.82,Pune
2024-08-20,9.79,25.04,27.54,23.07,90.83,1.43,Pune
2024-08-21,2.53,24.83,28.33,21.33,89.57,2.16,Pune
2024-08-22,5.15,25.53,28.52,23.12,88.54,1.61,Pune
2024-08-23,19.69,24.73,27.88,22.31,91.4,2.67,Pune
2024-08-24,56.66,23.63,25.67,22.43,95.26,4.76,Pune
2024-08-25,37.34,23.26,24.97,21.8,94.44,7.97,Pune
2024-08-26,32.96,23.79,25.4,22.88,94.64,8.74,Pune
2024-08-27,21.23,23.81,25.85,22.5,92.69,8.56,Pune
2024-08-28,14.03,23.55,25.84,22.0,93.22,7.93,Pune
2024-08-29,5.32,23.85,26.73,22.34,92.34,6.75,Pune
2024-08-30,5.95,23.82,26.92,22.06,92.11,4.87,Pune
2024-08-31,3.49,23.52,26.4,21.66,92.74,4.01,Pune
2024-09-01,3.92,23.28,25.55,21.64,93.89,4.49,Pune
2024-09-02,15.01,21.84,23.1,19.83,94.33,5.2,Pune
2024-09-03,11.51,22.16,24.73,19.43,94.64,4.3,Pune
2024-09-04,21.15,24.03,27.07,22.36,92.64,6.29,Pune
2024-09-05,23.09,23.93,26.64,22.41,93.15,6.17,Pune
2024-09-06,11.11,23.92,27.08,21.94,91.92,6.06,Pune
2024-09-07,11.12,23.66,27.21,21.59,91.99,4.89,Pune
2024-09-08,5.1,23.74,27.16,21.46,92.15,4.12,Pune
2024-09-09,7.51,24.09,27.82,22.09,91.36,4.21,Pune
2024-09-10,7.52,23.47,26.65,21.64,92.11,4.41,Pune
2024-09-11,8.58,23.32,26.83,20.98,91.21,4.76,Pune
2024-09-12,5.07,23.15,26.12,20.75,91.38,4.94,Pune
2024-09-13,1.71,22.5,25.85,20.25,91.58,4.17,Pune
2024-09-14,6.72,22.81,26.68,20.28,90.74,4.34,Pune
2024-09-15,8.73,22.99,26.82,20.2,90.23,4.3,Pune
2024-09-16,2.06,22.21,26.54,18.89,89.59,2.85,Pune
2024-09-17,1.39,22.09,26.48,18.94,89.74,3.25,Pune
2024-09-18,0.37,22.05,27.05,18.38,87.24,2.38,Pune
2024-09-19,0.01,22.54,27.14,19.54,86.22,1.82,Pune
2024-09-20,0.68,23.34,28.07,19.62,87.37,2.09,Pune
2024-09-21,4.05,23.89,28.2,20.88,90.1,2.89,Pune
2024-09-22,9.86,24.4,28.6,21.39,90.08,3.2,Pune
2024-09-23,15.16,24.71,28.18,22.37,91.4,3.05,Pune
2024-09-24,25.2,24.15,26.09,23.14,95.37,4.61,Pune
2024-09-25,100.15,23.77,25.31,22.53,96.3,4.5,Pune
2024-09-26,51.88,23.77,26.24,22.15,94.82,4.35,Pune
2024-09-27,28.71,23.24,25.53,21.88,94.27,6.17,Pune
2024-09-28,6.87,23.2,26.31,21.02,92.44,4.35,Pune
2024-09-29,1.3,23.47,27.49,20.31,91.41,2.87,Pune
2024-09-30,0.48,24.53,29.53,20.67,85.15,1.51,Pune
2024-10-01,2.06,25.31,29.86,21.14,86.5,1.56,Pune
2024-10-02,4.84,25.54,29.65,22.46,88.83,2.03,Pune
2024-10-03,0.4,24.51,28.16,22.17,90.25,2.62,Pune
2024-10-04,0.08,23.74,27.97,20.78,89.81,2.53,Pune
2024-10-05,0.01,23.61,28.48,20.31,87.55,1.88,Pune
2024-10-06,4.91,24.01,28.76,19.52,86.84,2.82,Pune
2024-10-07,0.13,24.04,28.47,21.0,84.64,3.91,Pune
2024-10-08,1.93,23.94,28.4,20.26,86.37,3.02,Pune
2024-10-09,4.01,23.26,26.09,21.31,89.96,2.5,Pune
2024-10-10,16.72,23.73,27.29,20.87,90.03,3.76,Pune
2024-10-11,12.44,24.3,28.28,21.33,89.18,3.93,Pune
2024-10-12,0.63,24.84,29.16,21.64,88.64,3.39,Pune
2024-10-13,13.13,25.07,28.63,22.03,87.1,2.46,Pune
2024-10-14,4.08,24.73,28.94,20.39,86.74,2.15,Pune
2024-10-15,11.05,24.92,28.74,22.06,88.38,2.08,Pune
2024-10-16,8.67,24.65,28.0,21.77,88.43,2.82,Pune
2024-10-17,2.18,24.32,27.58,21.8,89.48,3.64,Pune
2024-10-18,3.51,24.27,27.94,20.71,89.17,4.15,Pune
2024-10-19,5.57,24.29,27.32,22.42,90.76,1.26,Pune
2024-10-20,13.89,23.57,27.16,20.38,86.87,2.91,Pune
2024-10-21,1.24,23.54,27.76,19.36,83.91,2.69,Pune
2024-10-22,4.49,24.44,28.56,20.63,84.81,2.18,Pune
2024-10-23,1.91,24.11,28.79,20.77,86.23,2.72,Pune
2024-10-24,0.0,23.43,29.08,19.57,81.69,2.87,Pune
2024-10-25,0.0,22.29,28.09,17.6,77.24,2.73,Pune
2024-10-26,0.0,21.89,28.09,16.77,80.55,3.15,Pune
2024-10-27,0.0,22.01,28.31,16.48,80.11,2.62,Pune
2024-10-28,0.0,22.71,28.79,17.51,82.35,1.96,Pune
2024-10-29,0.89,22.64,28.26,17.62,80.67,2.2,Pune
2024-10-30,0.31,23.02,28.24,17.42,77.42,2.07,Pune
2024-10-31,0.07,23.28,28.71,19.05,81.2,3.29,Pune
2024-11-01,0.22,22.89,28.44,19.0,79.99,3.31,Pune
2024-11-02,0.0,22.0,28.3,17.54,75.39,3.49,Pune
2024-11-03,0.0,21.29,27.67,16.03,76.94,3.2,Pune
2024-11-04,0.0,21.4,27.19,16.69,78.44,3.55,Pune
2024-11-05,0.0,21.42,27.15,16.56,76.49,3.31,Pune
2024-11-06,0.0,21.3,28.03,16.47,78.45,3.43,Pune
2024-11-07,0.0,21.04,27.42,16.36,80.33,3.88,Pune
2024-11-08,0.0,20.94,27.06,16.45,80.28,3.88,Pune
2024-11-09,0.0,20.68,26.95,15.66,76.94,3.39,Pune
2024-11-10,0.0,20.72,26.95,16.25,80.51,3.21,Pune
2024-11-11,0.0,20.17,26.04,15.86,79.02,3.57,Pune
2024-11-12,0.0,19.66,25.98,15.3,78.55,4.07,Pune
2024-11-13,0.0,20.34,26.94,14.8,80.4,4.17,Pune
2024-11-14,0.01,21.81,27.6,16.29,83.32,3.63,Pune
2024-11-15,2.59,21.0,23.09,18.58,90.32,3.56,Pune
2024-11-16,0.94,22.68,27.78,18.4,80.3,2.98,Pune
2024-11-17,0.0,21.16,27.21,16.67,79.14,3.89,Pune
2024-11-18,0.0,18.85,26.0,13.82,72.43,4.29,Pune
2024-11-19,0.0,18.15,25.11,13.17,76.82,3.92,Pune
2024-11-20,0.0,18.09,25.11,12.62,76.09,3.83,Pune
2024-11-21,0.0,18.33,25.4,12.21,74.16,2.96,Pune
2024-11-22,0.0,18.59,25.63,12.49,74.54,2.78,Pune
2024-11-23,0.0,19.09,26.06,12.89,73.01,2.41,Pune
2024-11-24,0.0,18.56,25.36,12.68,76.39,2.89,Pune
2024-11-25,0.0,17.81,24.95,12.44,75.75,3.85,Pune
2024-11-26,0.0,17.29,24.65,12.08,75.7,4.37,Pune
2024-11-27,0.0,17.08,24.6,11.7,73.36,4.71,Pune
2024-11-28,0.0,16.86,24.29,11.98,72.96,5.31,Pune
2024-11-29,0.0,16.63,24.84,10.5,68.85,4.51,Pune
2024-11-30,0.0,18.5,26.27,11.48,73.19,3.42,Pune
2024-12-01,0.0,21.11,26.93,16.29,85.14,3.24,Pune
2024-12-02,0.0,22.41,27.77,18.59,85.93,3.96,Pune
2024-12-03,0.14,23.21,28.33,19.45,85.17,4.53,Pune
2024-12-04,0.42,23.79,28.41,20.3,84.78,3.71,Pune
2024-12-05,0.46,23.6,28.76,19.73,83.41,2.93,Pune
2024-12-06,0.05,23.17,27.95,19.62,83.73,2.24,Pune
2024-12-07,0.0,22.03,28.38,17.48,80.67,2.59,Pune
2024-12-08,0.0,20.13,26.46,15.17,68.78,2.55,Pune
2024-12-09,0.0,17.66,26.22,10.43,63.71,3.12,Pune
2024-12-10,0.0,18.0,26.32,10.78,62.86,4.01,Pune
2024-12-11,0.0,19.03,26.7,12.8,71.53,3.4,Pune
2024-12-12,0.0,18.24,26.15,11.48,67.69,2.86,Pune
2024-12-13,0.0,17.44,25.84,11.55,67.21,4.65,Pune
2024-12-14,0.0,17.02,25.69,10.56,66.06,4.87,Pune
2024-12-15,0.0,17.41,26.6,10.8,61.52,4.41,Pune
2024-12-16,0.0,16.96,26.25,9.52,52.08,4.08,Pune
2024-12-17,0.0,17.16,26.47,9.24,56.32,3.39,Pune
2024-12-18,0.0,18.13,26.46,10.03,52.31,2.74,Pune
2024-12-19,0.0,18.88,27.9,11.6,63.84,2.92,Pune
2024-12-20,0.0,19.44,27.2,13.24,74.28,1.99,Pune
2024-12-21,0.0,19.32,26.89,13.5,85.51,2.08,Pune
2024-12-22,0.0,19.88,26.34,15.26,86.97,2.38,Pune
2024-12-23,0.0,19.95,25.6,16.62,86.94,2.34,Pune
2024-12-24,0.0,19.82,26.76,15.54,84.46,2.43,Pune
2024-12-25,0.0,20.21,27.08,14.29,78.36,2.23,Pune
2024-12-26,0.0,20.68,27.24,15.72,79.04,2.83,Pune
2024-12-27,0.01,20.93,27.48,16.13,86.28,3.2,Pune
2024-12-28,1.12,21.86,27.94,17.71,84.0,2.71,Pune
2024-12-29,0.28,21.2,27.52,16.54,79.04,2.94,Pune
2024-12-30,0.0,21.06,27.78,15.67,71.68,3.03,Pune
2024-12-31,0.0,20.79,28.45,15.13,69.96,3.39,Pune
2025-01-01,0.0,20.53,27.68,14.75,70.32,3.8,Pune
2025-01-02,0.0,19.68,28.53,13.79,62.82,4.2,Pune
2025-01-03,0.0,18.57,27.94,11.56,51.44,4.51,Pune
2025-01-04,0.0,19.91,28.66,11.94,44.31,3.64,Pune
2025-01-05,0.0,19.77,28.06,12.52,53.53,2.7,Pune
2025-01-06,0.0,19.59,27.62,13.79,62.17,1.66,Pune
2025-01-07,0.0,18.51,27.48,11.59,62.51,3.31,Pune
2025-01-08,0.0,18.04,26.42,11.69,60.86,3.98,Pune
2025-01-09,0.0,17.73,26.43,10.81,53.48,4.08,Pune
2025-01-10,0.0,19.05,26.7,11.84,62.09,3.29,Pune
2025-01-11,0.0,19.07,26.94,13.77,72.28,3.04,Pune
2025-01-12,0.0,19.18,27.55,12.92,72.08,2.38,Pune
2025-01-13,0.0,19.99,27.81,14.24,70.98,3.96,Pune
2025-01-14,0.0,21.12,28.34,13.89,66.11,3.11,Pune
2025-01-15,0.0,21.57,27.77,16.32,73.47,2.63,Pune
2025-01-16,0.0,21.43,27.11,16.41,73.33,2.51,Pune
2025-01-17,0.0,20.57,28.05,15.29,61.5,4.96,Pune
2025-01-18,0.0,19.82,28.03,13.76,58.6,4.83,Pune
2025-01-19,0.0,20.14,28.62,13.77,58.4,3.86,Pune
2025-01-20,0.0,20.41,29.06,13.32,53.44,3.45,Pune
2025-01-21,0.0,20.35,29.4,12.12,48.78,2.58,Pune
2025-01-22,0.0,20.63,30.16,12.11,51.0,2.57,Pune
2025-01-23,0.0,20.84,30.31,12.7,56.9,2.93,Pune
2025-01-24,0.0,22.35,31.58,14.43,56.26,3.08,Pune
2025-01-25,0.0,22.88,31.74,15.22,54.32,3.03,Pune
2025-01-26,0.0,22.91,31.33,14.86,49.5,3.05,Pune
2025-01-27,0.0,22.75,31.85,15.0,50.86,2.35,Pune
2025-01-28,0.0,23.06,32.17,16.66,49.73,2.06,Pune
2025-01-29,0.0,23.04,32.54,16.63,49.27,1.97,Pune
2025-01-30,0.0,21.95,31.59,14.49,52.84,2.73,Pune
2025-01-31,0.0,21.73,31.13,15.83,51.13,2.52,Pune
2025-02-01,0.0,21.37,31.66,14.43,53.34,2.62,Pune
2025-02-02,0.0,22.28,32.33,14.49,51.46,2.42,Pune
2025-02-03,0.0,22.85,32.62,16.27,53.93,2.52,Pune
2025-02-04,0.0,22.02,32.3,15.15,52.28,2.83,Pune
2025-02-05,0.0,21.81,31.87,13.48,52.65,2.86,Pune
2025-02-06,0.0,23.42,32.43,15.19,47.52,3.08,Pune
2025-02-07,0.0,23.85,32.52,16.48,49.81,3.08,Pune
2025-02-08,0.0,24.19,32.85,16.56,49.76,2.25,Pune
2025-02-09,0.0,24.46,32.56,17.56,51.03,2.08,Pune
2025-02-10,0.0,23.85,32.34,17.12,50.96,2.34,Pune
2025-02-11,0.0,23.29,32.73,16.18,45.61,2.74,Pune
2025-02-12,0.0,23.28,33.53,16.01,39.58,2.48,Pune
2025-02-13,0.0,23.48,34.41,14.36,34.85,3.35,Pune
2025-02-14,0.0,23.42,33.52,15.25,35.83,3.61,Pune
2025-02-15,0.0,23.66,34.1,15.41,35.12,3.52,Pune
2025-02-16,0.0,23.43,34.3,15.11,34.76,3.23,Pune
2025-02-17,0.0,23.9,34.66,15.26,38.47,2.7,Pune
2025-02-18,0.0,24.16,34.92,15.78,38.87,3.14,Pune
2025-02-19,0.0,23.88,34.48,15.73,41.93,3.07,Pune
2025-02-20,0.0,24.11,34.3,15.34,38.96,3.19,Pune
2025-02-21,0.0,24.77,34.7,16.96,34.49,3.82,Pune
2025-02-22,0.0,25.09,35.33,17.21,34.4,3.41,Pune
2025-02-23,0.0,24.82,35.04,16.76,34.36,3.31,Pune
2025-02-24,0.0,24.82,34.13,16.3,31.75,3.23,Pune
2025-02-25,0.0,25.14,34.41,16.46,31.79,3.31,Pune
2025-02-26,0.0,25.23,34.72,16.77,37.2,4.0,Pune
2025-02-27,0.0,25.67,34.97,17.59,34.83,3.54,Pune
2025-02-28,0.0,25.68,35.19,16.89,38.3,2.56,Pune
2025-03-01,0.0,26.1,35.15,18.7,40.35,3.15,Pune
2025-03-02,0.0,26.26,36.16,18.78,36.42,3.04,Pune
2025-03-03,0.0,26.45,36.38,17.81,34.42,3.59,Pune
2025-03-04,0.0,26.46,36.5,18.17,32.53,4.0,Pune
2025-03-05,0.0,25.44,36.16,16.45,24.48,3.39,Pune
2025-03-06,0.0,24.75,36.25,15.2,17.97,3.48,Pune
2025-03-07,0.0,24.94,36.11,15.01,21.06,3.12,Pune
2025-03-08,0.0,25.9,37.05,16.85,27.98,3.11,Pune
2025-03-09,0.0,26.77,37.47,17.34,29.54,2.92,Pune
2025-03-10,0.0,27.7,36.97,19.15,30.42,4.29,Pune
2025-03-11,0.0,28.09,36.73,20.01,32.67,3.71,Pune
2025-03-12,0.0,27.97,37.64,19.39,34.77,2.39,Pune
2025-03-13,0.0,28.38,38.12,20.27,36.33,2.94,Pune
2025-03-14,0.0,28.19,37.57,21.08,32.19,3.15,Pune
2025-03-15,0.0,28.39,37.88,20.22,30.78,2.65,Pune
2025-03-16,0.0,28.38,37.1,22.53,32.46,3.01,Pune
2025-03-17,0.0,27.83,37.02,20.58,30.47,3.85,Pune
2025-03-18,0.0,28.12,38.25,21.27,30.1,2.9,Pune
2025-03-19,0.0,27.17,38.02,19.21,37.59,2.78,Pune
2025-03-20,0.0,27.37,37.39,19.69,29.5,3.5,Pune
2025-03-21,0.0,25.6,35.55,17.72,33.97,3.48,Pune
2025-03-22,0.0,25.85,36.77,16.72,38.59,2.85,Pune
2025-03-23,0.0,27.46,38.23,18.19,37.03,2.39,Pune
2025-03-24,0.0,28.01,38.23,18.84,31.34,2.48,Pune
2025-03-25,0.0,28.5,38.57,19.26,28.12,2.57,Pune
2025-03-26,0.0,27.74,38.46,20.23,41.04,3.03,Pune
2025-03-27,0.0,25.95,34.23,19.48,48.55,3.82,Pune
2025-03-28,0.0,27.88,37.73,18.98,35.25,2.82,Pune
2025-03-29,0.0,29.64,39.26,20.79,23.9,2.99,Pune
2025-03-30,0.0,29.89,38.93,22.15,25.76,2.99,Pune
2025-03-31,0.0,30.25,37.81,23.1,30.05,2.05,Pune
2025-04-01,0.56,30.37,37.44,24.08,32.56,2.59,Pune
2025-04-02,0.39,30.48,37.57,24.66,37.44,2.91,Pune
2025-04-03,4.31,28.8,35.93,23.29,50.06,2.05,Pune
2025-04-04,2.25,27.94,35.8,21.71,51.98,2.44,Pune
2025-04-05,1.26,28.44,37.37,20.55,37.73,3.16,Pune
2025-04-06,0.0,28.95,39.33,19.39,31.79,3.08,Pune
2025-04-07,0.0,30.31,40.39,21.05,25.08,2.65,Pune
2025-04-08,0.0,30.98,40.83,22.11,22.63,2.58,Pune
2025-04-09,0.0,30.81,40.95,22.31,27.81,3.14,Pune
2025-04-10,0.0,29.1,39.76,20.73,48.95,3.49,Pune
2025-04-11,0.0,27.46,36.7,19.98,52.05,3.66,Pune
2025-04-12,0.0,27.05,36.63,19.25,49.49,3.96,Pune
2025-04-13,0.0,29.07,39.31,19.51,37.96,3.59,Pune
2025-04-14,0.0,29.6,39.8,20.65,36.44,4.09,Pune
2025-04-15,0.0,29.42,40.17,20.04,35.8,3.93,Pune
2025-04-16,0.0,29.18,40.51,20.33,48.13,4.06,Pune
2025-04-17,0.0,29.34,40.33,20.76,52.76,4.12,Pune
2025-04-18,0.0,29.69,40.8,20.77,51.44,3.68,Pune
2025-04-19,0.0,29.4,39.35,21.11,47.66,4.43,Pune
2025-04-20,0.0,29.49,39.78,20.98,40.59,3.96,Pune
2025-04-21,0.0,29.82,40.62,20.92,44.22,3.63,Pune
2025-04-22,0.01,31.28,41.82,21.13,33.66,2.84,Pune
2025-04-23,0.02,31.42,41.98,22.78,35.26,2.94,Pune
2025-04-24,0.01,30.6,41.2,21.86,40.2,2.83,Pune
2025-04-25,0.0,30.49,40.84,22.34,37.58,2.7,Pune
2025-04-26,0.0,30.58,40.99,22.0,35.81,2.53,Pune
2025-04-27,0.0,30.53,40.67,21.9,35.59,3.32,Pune
2025-04-28,0.01,30.61,40.83,21.29,41.94,2.87,Pune
2025-04-29,0.0,30.25,40.46,21.41,42.28,3.51,Pune
2025-04-30,0.0,30.17,39.3,22.26,41.74,4.08,Pune
2025-05-01,0.0,30.67,41.56,21.23,38.39,3.87,Pune
2025-05-02,0.0,30.31,40.93,20.95,39.84,4.27,Pune
2025-05-03,0.0,29.23,38.57,21.67,41.54,4.06,Pune
2025-05-04,0.0,27.01,35.38,20.31,52.78,4.07,Pune
2025-05-05,0.0,28.07,37.38,20.38,54.67,3.68,Pune
2025-05-06,0.71,26.27,32.56,21.81,58.63,3.23,Pune
2025-05-07,4.5,25.22,31.12,21.15,66.34,4.13,Pune
2025-05-08,8.88,24.34,28.17,21.64,77.84,3.94,Pune
2025-05-09,7.86,25.58,31.71,21.19,74.48,3.4,Pune
2025-05-10,1.84,27.13,35.08,21.5,63.6,2.94,Pune
2025-05-11,0.97,27.72,36.29,21.57,61.16,2.92,Pune
2025-05-12,2.74,28.06,35.27,22.55,62.84,2.41,Pune
2025-05-13,11.94,27.74,34.75,22.61,68.58,2.01,Pune
2025-05-14,8.37,27.47,34.26,22.71,70.33,1.76,Pune
2025-05-15,2.29,27.72,34.25,22.76,70.45,2.35,Pune
2025-05-16,7.11,27.07,32.86,23.35,75.04,2.09,Pune
2025-05-17,2.78,27.07,32.84,23.12,74.47,2.86,Pune
2025-05-18,2.89,26.43,30.75,23.79,79.39,2.74,Pune
2025-05-19,13.8,26.3,30.33,23.81,82.44,2.63,Pune
2025-05-20,32.16,27.2,31.86,23.61,81.14,2.35,Pune
2025-05-21,18.35,26.66,31.04,23.77,82.14,1.95,Pune
2025-05-22,24.61,25.48,28.62,23.55,86.45,1.88,Pune
2025-05-23,20.13,24.64,27.2,22.12,83.56,4.0,Pune
2025-05-24,34.22,24.57,29.37,20.81,82.29,4.1,Pune
2025-05-25,62.15,23.98,26.24,22.95,90.81,6.6,Pune
2025-05-26,75.58,24.5,27.68,22.45,90.15,6.61,Pune
2025-05-27,31.51,24.27,26.41,22.77,92.14,4.48,Pune
2025-05-28,9.42,24.91,28.09,22.82,87.38,5.46,Pune
2025-05-29,9.5,25.43,28.57,23.57,88.28,5.85,Pune
2025-05-30,0.64,25.85,29.79,23.33,84.4,6.38,Pune
2025-05-31,1.78,25.52,29.72,23.04,84.04,5.84,Pune
2025-06-01,5.88,25.49,29.59,23.0,84.14,5.66,Pune
2025-06-02,3.53,25.25,29.3,22.87,85.32,5.81,Pune
2025-06-03,6.5,25.01,29.11,21.94,85.19,5.45,Pune
2025-06-04,5.06,24.66,28.92,21.24,84.24,4.19,Pune
2025-06-05,3.27,24.74,29.84,20.54,82.6,2.91,Pune
2025-06-06,12.28,25.43,30.51,21.8,82.88,2.76,Pune
2025-06-07,12.15,24.34,27.3,22.29,87.91,2.8,Pune
2025-06-08,0.34,25.18,30.01,21.86,83.92,3.49,Pune
2025-06-09,0.32,25.57,30.19,22.71,83.63,4.83,Pune
2025-06-10,0.09,25.36,30.28,21.76,82.41,4.91,Pune
2025-06-11,4.42,25.23,28.69,22.78,86.32,5.04,Pune
2025-06-12,18.5,24.98,26.77,23.57,91.97,5.05,Pune
2025-06-13,28.77,25.16,27.72,23.24,90.14,4.03,Pune
2025-06-14,21.89,25.89,29.47,23.58,88.55,2.4,Pune
2025-06-15,27.97,24.81,27.4,23.04,89.99,5.81,Pune
2025-06-16,58.18,24.5,26.26,23.71,92.26,9.54,Pune
2025-06-17,17.85,25.1,27.98,23.37,87.3,8.85,Pune
2025-06-18,56.87,25.14,27.99,23.48,89.67,8.92,Pune
2025-06-19,55.84,24.32,26.25,23.02,93.12,8.69,Pune
2025-06-20,15.68,24.81,27.7,22.89,89.64,8.09,Pune
2025-06-21,8.56,24.71,27.42,22.97,89.05,7.74,Pune
2025-06-22,7.49,24.56,27.39,22.67,89.02,7.75,Pune
2025-06-23,24.51,24.53,27.36,22.87,89.27,9.04,Pune
2025-06-24,17.19,24.38,26.47,22.91,89.56,8.49,Pune
2025-06-25,7.5,24.58,27.7,22.73,89.3,8.61,Pune
2025-06-26,10.94,24.29,27.59,22.83,90.56,7.81,Pune
2025-06-27,13.96,24.22,26.98,22.47,90.17,8.11,Pune
2025-06-28,8.29,24.15,27.27,22.13,88.79,8.46,Pune
2025-06-29,10.78,23.56,25.41,22.59,92.38,7.91,Pune
2025-06-30,14.41,24.08,26.26,22.68,91.56,8.22,Pune
2025-07-01,15.54,24.07,26.9,22.4,90.9,7.8,Pune
2025-07-02,26.62,23.72,25.32,22.82,92.89,7.25,Pune
2025-07-03,24.92,24.02,26.38,22.56,91.01,8.43,Pune
2025-07-04,17.47,24.11,26.79,22.61,90.94,8.99,Pune
2025-07-05,28.82,23.82,25.83,22.4,92.92,8.67,Pune
2025-07-06,21.56,23.45,26.08,22.15,92.31,8.64,Pune
2025-07-07,12.65,23.4,25.49,22.1,92.18,7.61,Pune
2025-07-08,6.2,23.22,25.35,21.98,93.26,7.0,Pune
2025-07-09,14.93,23.57,26.12,21.92,91.87,6.65,Pune
2025-07-10,8.14,23.84,26.91,21.7,91.52,5.13,Pune
2025-07-11,10.48,23.94,27.14,22.05,90.49,4.98,Pune
2025-07-12,8.24,23.81,26.69,21.99,91.05,5.4,Pune
2025-07-13,9.1,23.96,27.31,21.93,90.29,6.23,Pune
2025-07-14,24.9,24.2,26.88,22.27,90.83,7.44,Pune
2025-07-15,31.06,24.24,27.17,22.5,90.95,6.27,Pune
2025-07-16,8.21,24.44,28.13,22.18,90.16,5.08,Pune
2025-07-17,2.39,24.24,27.76,21.86,90.19,4.21,Pune
2025-07-18,2.63,24.08,27.79,21.78,89.04,4.58,Pune
2025-07-19,5.41,23.88,27.18,21.56,89.86,4.57,Pune
2025-07-20,13.35,24.19,27.43,21.62,90.04,4.55,Pune
2025-07-21,23.5,24.21,27.25,22.26,91.04,4.97,Pune
2025-07-22,22.44,23.99,26.77,22.18,91.14,5.64,Pune
2025-07-23,35.04,23.68,25.82,22.48,92.85,6.36,Pune
2025-07-24,31.91,23.94,26.5,22.42,92.4,6.84,Pune
2025-07-25,50.98,23.79,25.62,22.68,94.28,7.43,Pune
2025-07-26,41.35,23.05,24.23,22.22,95.27,8.77,Pune
2025-07-27,24.51,23.2,25.35,22.0,92.71,9.65,Pune
2025-07-28,13.56,23.12,25.7,21.68,92.0,9.55,Pune
2025-07-29,11.38,22.68,24.93,21.63,93.07,9.73,Pune
2025-07-30,7.6,22.85,25.09,21.46,92.86,7.65,Pune
2025-07-31,6.16,23.43,26.55,21.59,91.2,6.91,Pune
2025-08-01,4.22,23.52,26.93,21.17,90.54,5.65,Pune
2025-08-02,6.78,23.37,26.85,21.18,90.82,4.5,Pune
2025-08-03,3.97,23.86,28.35,20.95,89.61,3.79,Pune
2025-08-04,1.61,23.86,27.81,21.1,89.66,3.77,Pune
2025-08-05,3.32,23.62,26.78,21.49,90.69,2.95,Pune
2025-08-06,2.82,23.85,27.81,21.15,89.57,2.93,Pune
2025-08-07,2.48,23.78,26.84,21.9,91.45,2.78,Pune
2025-08-08,5.9,23.85,27.53,21.33,89.55,2.64,Pune
2025-08-09,7.14,23.42,26.84,21.01,88.97,2.99,Pune
2025-08-10,7.22,23.16,27.13,20.09,89.01,2.76,Pune
2025-08-11,8.19,22.94,25.66,20.93,91.27,3.69,Pune
2025-08-12,4.56,22.97,26.23,20.69,90.09,3.75,Pune
2025-08-13,13.99,23.29,27.11,21.1,91.32,4.05,Pune
2025-08-14,15.12,23.07,26.06,21.19,91.93,4.05,Pune
2025-08-15,35.45,23.09,25.96,20.99,93.22,4.35,Pune
2025-08-16,42.9,23.06,25.41,21.56,92.98,5.09,Pune
2025-08-17,38.57,23.45,25.58,22.07,94.36,5.7,Pune
2025-08-18,68.26,22.66,23.87,21.65,95.63,7.18,Pune
2025-08-19,102.06,22.67,24.37,21.41,95.88,8.27,Pune
2025-08-20,52.99,22.49,24.01,21.39,94.78,8.45,Pune
2025-08-21,7.93,22.91,25.41,21.37,92.98,7.26,Pune
2025-08-22,6.66,22.98,25.91,21.22,92.18,6.81,Pune
2025-08-23,7.57,22.75,25.58,21.21,91.74,7.46,Pune
2025-08-24,7.9,22.58,25.69,20.88,91.01,7.44,Pune
2025-08-25,18.87,22.59,25.0,20.98,92.43,6.76,Pune
2025-08-26,12.64,22.97,25.77,21.23,92.91,5.84,Pune
2025-08-27,17.65,22.77,24.98,20.88,94.31,3.98,Pune
2025-08-28,13.36,23.34,26.46,21.79,93.57,4.28,Pune
2025-08-29,17.78,23.48,27.01,20.97,91.75,3.69,Pune
2025-08-30,8.16,23.88,27.59,21.48,91.51,4.43,Pune
2025-08-31,10.62,23.66,27.18,21.56,91.75,5.13,Pune
2025-09-01,11.74,23.17,26.04,21.52,92.57,6.23,Pune
2025-09-02,8.31,23.38,26.67,21.56,92.13,5.6,Pune
2025-09-03,7.05,23.34,26.66,21.52,91.81,5.09,Pune
2025-09-04,5.78,22.77,25.6,21.16,92.0,5.22,Pune
2025-09-05,19.42,23.14,26.23,21.28,91.6,5.73,Pune
2025-09-06,14.42,22.51,24.37,21.15,93.79,5.19,Pune
2025-09-07,11.83,22.89,26.05,20.84,91.63,5.28,Pune
2025-09-08,2.27,22.83,26.78,20.09,91.43,3.7,Pune
2025-09-09,0.12,23.12,27.77,19.53,89.56,2.57,Pune
2025-09-10,0.4,23.41,28.32,20.01,88.42,2.46,Pune
2025-09-11,0.41,23.09,26.85,20.18,89.19,2.89,Pune
2025-09-12,5.59,22.93,26.63,20.61,89.18,2.63,Pune
2025-09-13,19.96,23.02,26.56,20.82,91.71,2.43,Pune
2025-09-14,30.63,23.95,27.73,21.27,90.95,2.72,Pune
2025-09-15,57.41,23.16,25.18,21.79,95.22,4.31,Pune
2025-09-16,15.14,22.96,25.63,21.02,93.67,2.62,Pune
2025-09-17,4.9,23.75,27.08,21.09,90.9,1.93,Pune
2025-09-18,35.0,23.87,27.18,21.67,92.29,2.98,Pune
2025-09-19,23.05,23.01,25.1,21.51,94.22,2.57,Pune
2025-09-20,9.46,23.3,26.79,20.7,92.12,3.07,Pune
2025-09-21,9.44,23.64,27.28,20.97,91.81,2.97,Pune
2025-09-22,19.08,23.12,26.16,21.28,93.25,3.63,Pune
2025-09-23,15.85,22.01,24.89,20.17,91.49,3.65,Pune
2025-09-24,1.66,22.48,26.43,19.7,90.96,3.22,Pune
2025-09-25,2.19,22.41,26.21,19.27,91.0,2.87,Pune
2025-09-26,11.68,22.27,24.79,20.18,92.69,2.88,Pune
2025-09-27,43.17,23.01,25.8,21.28,94.72,4.49,Pune
2025-09-28,53.74,22.66,23.68,21.4,96.42,7.06,Pune
2025-09-29,14.82,21.64,23.81,19.82,93.57,6.97,Pune
2025-09-30,6.93,21.98,25.47,19.47,92.64,4.65,Pune
2025-10-01,6.49,22.59,26.15,20.04,91.87,4.49,Pune
2025-10-02,6.77,22.63,25.94,20.09,91.97,3.7,Pune
2025-10-03,2.19,23.09,27.2,19.71,90.85,2.71,Pune
2025-10-04,2.68,23.22,27.23,19.93,89.98,2.48,Pune
2025-10-05,2.22,22.92,26.59,20.43,90.62,2.79,Pune
2025-10-06,1.6,22.14,25.79,19.35,90.81,2.83,Pune
2025-10-07,3.26,22.66,26.93,19.44,90.07,2.41,Pune
2025-10-08,2.08,23.33,28.67,19.47,87.05,2.05,Pune
2025-10-09,2.7,22.73,27.11,19.26,84.13,2.49,Pune
2025-10-10,0.0,22.55,28.48,17.49,80.78,2.62,Pune
2025-10-11,0.0,22.29,28.02,17.36,79.33,2.79,Pune
2025-10-12,0.0,21.56,27.53,16.55,78.07,3.36,Pune
2025-10-13,0.0,21.29,27.47,16.04,76.39,3.37,Pune
2025-10-14,0.0,21.19,27.65,15.48,76.42,3.22,Pune
2025-10-15,1.64,22.77,28.42,17.04,83.17,3.31,Pune
2025-10-16,1.02,24.14,28.79,20.69,85.82,3.13,Pune
2025-10-17,0.67,23.53,28.67,20.1,83.1,3.93,Pune
2025-10-18,0.0,23.16,28.67,18.69,80.25,3.4,Pune
2025-10-19,0.0,22.87,28.17,19.13,82.22,3.99,Pune
2025-10-20,0.01,22.35,27.72,18.82,81.69,4.54,Pune
2025-10-21,5.33,23.3,28.22,19.83,84.08,4.16,Pune
2025-10-22,2.06,23.88,28.9,20.42,85.58,4.05,Pune
2025-10-23,8.22,23.6,28.09,20.48,85.05,5.11,Pune
2025-10-24,6.63,23.81,27.9,21.35,88.14,4.14,Pune
2025-10-25,6.51,23.15,26.97,20.67,88.76,3.37,Pune
2025-10-26,22.77,23.09,27.92,19.68,87.54,3.99,Pune
2025-10-27,9.95,23.18,27.35,20.4,90.11,3.53,Pune
2025-10-28,1.94,23.47,27.29,20.61,86.14,3.19,Pune
2025-10-29,7.84,23.35,27.41,20.73,90.59,2.22,Pune
2025-10-30,10.66,23.07,26.83,20.34,90.46,3.93,Pune
2025-10-31,6.7,22.31,26.14,19.6,90.81,3.98,Pune
2025-11-01,7.19,22.67,27.21,19.57,91.64,3.5,Pune
2025-11-02,6.43,22.59,26.63,20.05,91.56,2.97,Pune
2025-11-03,2.91,22.46,26.66,19.64,90.75,2.67,Pune
2025-11-04,0.77,21.9,25.99,19.31,90.54,2.85,Pune
2025-11-05,0.08,20.89,25.99,17.2,83.91,1.85,Pune
2025-11-06,0.06,20.72,25.93,16.23,84.58,1.78,Pune
2025-11-07,0.01,20.41,26.96,15.54,77.92,2.85,Pune
2025-11-08,0.0,18.89,26.2,12.37,67.33,3.06,Pune
2025-11-09,0.0,18.52,25.34,11.96,68.73,2.24,Pune
2025-11-10,0.0,18.4,25.34,11.06,66.25,2.12,Pune
2025-11-11,0.0,18.27,25.18,11.29,68.25,2.18,Pune
2025-11-12,0.0,17.75,25.14,12.0,73.01,3.39,Pune
2025-11-13,0.0,17.7,25.47,11.97,72.2,3.62,Pune
2025-11-14,0.0,17.15,24.6,12.06,72.2,4.02,Pune
2025-11-15,0.0,16.52,24.63,10.75,71.06,4.13,Pune
2025-11-16,0.0,16.56,24.58,10.94,73.45,4.49,Pune
2025-11-17,0.0,16.24,24.02,10.96,72.96,4.56,Pune
2025-11-18,0.0,15.97,24.11,9.8,71.55,4.41,Pune
2025-11-19,0.0,16.95,25.67,10.55,72.16,3.67,Pune
2025-11-20,0.0,16.67,24.76,10.87,72.61,4.08,Pune
2025-11-21,0.0,18.77,25.97,12.25,75.48,3.85,Pune
2025-11-22,0.0,20.51,27.28,15.11,77.42,3.31,Pune
2025-11-23,0.0,21.4,27.79,15.04,73.59,2.27,Pune
2025-11-24,0.0,20.97,26.62,16.38,79.47,2.73,Pune
2025-11-25,0.0,20.55,26.5,15.75,74.08,3.32,Pune
2025-11-26,0.0,19.77,26.0,14.9,76.72,3.5,Pune
2025-11-27,0.0,20.0,26.48,15.16,79.03,3.78,Pune
2025-11-28,0.0,19.72,26.01,15.26,81.49,3.87,Pune
2025-11-29,0.0,17.94,25.12,13.55,71.79,4.54,Pune
2025-11-30,0.0,17.64,24.74,13.03,75.72,3.69,Pune
2025-12-01,0.0,18.61,26.03,13.36,76.37,3.39,Pune
2025-12-02,0.0,18.62,26.05,12.82,73.09,2.84,Pune
2025-12-03,0.0,19.0,25.96,14.11,77.79,4.06,Pune
2025-12-04,0.0,20.0,27.09,13.99,78.09,3.68,Pune
2025-12-05,0.0,20.44,26.78,16.39,79.78,4.33,Pune
2025-12-06,0.0,19.09,24.83,15.24,76.87,4.34,Pune
2025-12-07,0.0,18.09,25.52,13.2,72.54,4.49,Pune
2025-12-08,0.0,17.7,26.2,11.84,65.91,3.93,Pune
2025-12-09,0.0,17.01,26.1,10.55,63.21,5.19,Pune
2025-12-10,0.0,17.02,26.12,10.7,61.29,4.84,Pune
2025-12-11,0.0,16.9,25.76,10.26,59.04,3.96,Pune
2025-12-12,0.0,16.94,26.0,10.26,60.15,4.0,Pune
2025-12-13,0.0,17.55,26.49,10.91,61.58,3.59,Pune
2025-12-14,0.0,17.71,26.33,11.57,64.1,4.07,Pune
2025-12-15,0.0,17.26,25.85,11.11,64.38,4.36,Pune
2025-12-16,0.0,17.73,26.02,11.12,64.65,4.4,Pune
2025-12-17,0.0,19.05,28.01,12.79,70.55,4.06,Pune
2025-12-18,0.0,18.18,27.11,12.11,62.75,4.21,Pune
2025-12-19,0.0,17.1,26.74,10.57,59.48,4.34,Pune
2025-12-20,0.0,16.96,26.8,9.55,59.26,4.02,Pune
2025-12-21,0.0,17.68,25.87,11.25,59.35,4.13,Pune
2025-12-22,0.0,17.81,26.24,11.65,62.74,4.23,Pune
2025-12-23,0.0,17.67,25.6,11.56,63.73,4.09,Pune
2025-12-24,0.0,17.73,25.78,11.84,63.24,4.3,Pune
2025-12-25,0.0,17.28,25.16,11.24,63.13,3.95,Pune
2025-12-26,0.0,17.32,25.73,10.74,64.89,3.54,Pune
2025-12-27,0.0,17.67,25.95,11.7,65.64,3.9,Pune
2025-12-28,0.0,17.44,25.53,11.27,62.04,3.74,Pune
2025-12-29,0.0,17.65,25.66,10.52,56.85,3.14,Pune
2025-12-30,0.0,17.24,26.53,9.89,63.77,2.76,Pune
2025-12-31,0.0,17.0,24.75,11.71,79.87,2.47,Pune
