date,PRECTOTCORR,T2M,T2M_MAX,T2M_MIN,RH2M,WS10M,city
2018-01-01,0.0,21.5,30.11,15.4,52.57,1.91,Hyderabad
2018-01-02,0.0,19.99,28.82,12.45,56.52,2.17,Hyderabad
2018-01-03,0.0,19.99,28.34,13.21,53.93,2.11,Hyderabad
2018-01-04,0.0,19.38,28.18,12.98,46.52,2.64,Hyderabad
2018-01-05,0.0,19.87,28.82,13.75,43.59,1.96,Hyderabad
2018-01-06,0.0,19.67,28.43,13.73,44.25,1.89,Hyderabad
2018-01-07,0.0,19.9,28.0,14.64,45.26,1.8,Hyderabad
2018-01-08,0.0,19.02,27.11,12.73,51.92,2.85,Hyderabad
2018-01-09,0.0,18.88,27.15,11.25,51.37,2.76,Hyderabad
2018-01-10,0.0,20.79,29.49,13.94,47.46,2.2,Hyderabad
2018-01-11,0.0,22.1,31.48,15.31,42.53,2.07,Hyderabad
2018-01-12,0.0,22.66,31.07,16.53,35.42,2.52,Hyderabad
2018-01-13,0.0,23.73,32.32,17.12,34.49,2.57,Hyderabad
2018-01-14,0.0,22.97,32.15,15.15,42.05,2.67,Hyderabad
2018-01-15,0.0,23.44,31.75,17.15,46.47,2.45,Hyderabad
2018-01-16,0.0,22.95,31.78,16.35,40.49,2.97,Hyderabad
2018-01-17,0.0,22.43,31.72,15.21,34.4,2.56,Hyderabad
2018-01-18,0.0,22.02,30.96,16.0,33.36,2.88,Hyderabad
2018-01-19,0.0,21.41,30.68,15.02,27.61,2.82,Hyderabad
2018-01-20,0.0,21.09,30.78,13.73,26.66,2.46,Hyderabad
2018-01-21,0.0,21.8,30.6,16.26,27.82,2.25,Hyderabad
2018-01-22,0.0,20.79,29.6,13.58,44.02,2.51,Hyderabad
2018-01-23,0.0,21.63,30.6,13.43,52.72,2.55,Hyderabad
2018-01-24,0.0,21.98,30.65,15.47,37.94,3.02,Hyderabad
2018-01-25,0.0,21.18,30.58,13.68,28.13,2.84,Hyderabad
2018-01-26,0.0,20.92,31.11,12.21,15.62,2.53,Hyderabad
2018-01-27,0.0,21.81,31.23,15.85,16.37,1.57,Hyderabad
2018-01-28,0.0,21.42,30.79,14.51,23.21,2.5,Hyderabad
2018-01-29,0.0,21.78,31.94,14.61,28.56,2.85,Hyderabad
2018-01-30,0.0,21.54,31.49,13.24,22.46,3.46,Hyderabad
2018-01-31,0.0,22.47,32.27,14.28,18.55,3.22,Hyderabad
2018-02-01,0.0,23.5,32.88,16.04,15.75,2.8,Hyderabad
2018-02-02,0.0,24.09,33.69,17.63,16.0,1.7,Hyderabad
2018-02-03,0.0,22.88,32.63,15.3,26.9,2.62,Hyderabad
2018-02-04,0.0,22.57,32.28,13.45,41.12,3.09,Hyderabad
2018-02-05,0.0,22.62,31.58,14.1,40.67,3.44,Hyderabad
2018-02-06,0.0,23.83,32.68,16.07,36.51,2.53,Hyderabad
2018-02-07,0.0,23.5,29.51,18.69,33.71,1.99,Hyderabad
2018-02-08,0.0,25.93,33.79,18.81,25.91,1.16,Hyderabad
2018-02-09,0.0,25.86,33.45,18.26,29.29,2.17,Hyderabad
2018-02-10,0.0,25.09,31.37,19.2,37.02,1.77,Hyderabad
2018-02-11,0.0,24.72,31.35,19.39,54.47,4.86,Hyderabad
2018-02-12,0.02,25.2,33.02,19.33,56.98,4.18,Hyderabad
2018-02-13,0.03,24.34,31.94,18.16,54.98,3.59,Hyderabad
2018-02-14,0.0,23.84,31.73,17.32,55.37,3.21,Hyderabad
2018-02-15,0.0,23.92,31.96,17.19,45.5,3.17,Hyderabad
2018-02-16,0.0,23.48,32.4,16.09,28.28,3.56,Hyderabad
2018-02-17,0.0,24.07,34.26,15.55,22.51,3.67,Hyderabad
2018-02-18,0.0,24.59,34.72,15.7,25.89,2.3,Hyderabad
2018-02-19,0.0,25.0,34.46,16.1,39.42,2.39,Hyderabad
2018-02-20,0.0,25.68,33.96,16.9,46.17,2.64,Hyderabad
2018-02-21,0.0,25.94,33.79,17.82,40.58,2.65,Hyderabad
2018-02-22,0.0,25.97,34.49,18.22,37.35,2.62,Hyderabad
2018-02-23,0.0,25.69,34.39,17.69,39.1,2.89,Hyderabad
2018-02-24,0.0,25.11,34.16,17.0,40.27,3.56,Hyderabad
2018-02-25,0.0,25.24,35.06,16.54,32.7,3.02,Hyderabad
2018-02-26,0.0,26.73,36.23,18.62,22.7,2.55,Hyderabad
2018-02-27,0.0,27.58,36.44,19.72,25.46,3.18,Hyderabad
2018-02-28,0.0,27.4,36.72,19.52,20.85,2.86,Hyderabad
2018-03-01,0.0,27.54,36.72,20.48,18.16,2.25,Hyderabad
2018-03-02,0.0,28.28,37.26,21.31,19.5,1.93,Hyderabad
2018-03-03,0.0,28.17,37.04,19.2,21.21,2.07,Hyderabad
2018-03-04,0.0,28.42,37.34,19.9,20.48,2.7,Hyderabad
2018-03-05,0.0,27.73,37.26,19.18,25.81,3.73,Hyderabad
2018-03-06,0.0,27.87,37.24,19.12,24.4,3.11,Hyderabad
2018-03-07,0.0,27.82,37.09,18.96,29.07,3.23,Hyderabad
2018-03-08,0.0,27.56,36.63,19.48,26.06,3.63,Hyderabad
2018-03-09,0.0,27.85,37.25,19.0,30.41,3.02,Hyderabad
2018-03-10,0.0,28.29,37.23,19.98,34.81,2.21,Hyderabad
2018-03-11,0.0,28.48,36.61,20.92,35.02,3.15,Hyderabad
2018-03-12,0.0,28.5,36.96,21.07,35.68,3.06,Hyderabad
2018-03-13,0.0,28.51,37.08,20.75,33.42,3.35,Hyderabad
2018-03-14,0.0,29.44,38.17,20.31,27.18,3.26,Hyderabad
2018-03-15,0.0,29.79,36.98,23.0,31.91,2.55,Hyderabad
2018-03-16,0.39,27.7,32.17,22.75,37.21,3.83,Hyderabad
2018-03-17,0.01,27.14,34.81,20.14,46.02,2.1,Hyderabad
2018-03-18,0.0,28.52,35.93,20.61,41.85,2.69,Hyderabad
2018-03-19,0.0,28.33,35.15,20.17,37.42,2.36,Hyderabad
2018-03-20,0.0,29.58,36.39,21.77,32.5,2.04,Hyderabad
2018-03-21,0.04,30.65,38.35,22.66,30.61,2.85,Hyderabad
2018-03-22,0.05,30.88,38.69,23.66,24.45,2.97,Hyderabad
2018-03-23,0.0,30.27,38.97,22.14,18.98,2.8,Hyderabad
2018-03-24,0.0,29.84,38.93,20.64,17.92,2.84,Hyderabad
2018-03-25,0.0,29.98,38.0,22.5,26.63,2.57,Hyderabad
2018-03-26,0.0,30.05,38.97,21.61,29.21,2.46,Hyderabad
2018-03-27,0.0,30.75,39.54,21.18,27.05,2.05,Hyderabad
2018-03-28,0.0,32.23,40.96,24.14,21.44,2.11,Hyderabad
2018-03-29,0.0,31.22,38.56,22.76,22.3,2.2,Hyderabad
2018-03-30,0.0,31.67,40.58,23.16,23.78,2.5,Hyderabad
2018-03-31,0.0,31.48,39.97,22.61,44.51,3.81,Hyderabad
2018-04-01,2.64,31.33,39.02,23.17,45.74,3.1,Hyderabad
2018-04-02,8.6,29.75,37.72,22.89,49.81,2.8,Hyderabad
2018-04-03,1.06,28.56,37.07,20.87,54.59,2.45,Hyderabad
2018-04-04,0.0,30.32,38.56,22.26,43.17,2.91,Hyderabad
2018-04-05,2.63,30.21,38.32,22.54,46.57,2.78,Hyderabad
2018-04-06,2.96,29.73,35.59,22.82,48.33,1.84,Hyderabad
2018-04-07,5.61,29.24,36.16,23.67,52.05,2.42,Hyderabad
2018-04-08,9.01,27.07,33.55,21.38,62.35,2.36,Hyderabad
2018-04-09,0.16,27.83,35.51,20.45,54.62,2.82,Hyderabad
2018-04-10,0.14,28.23,35.67,21.12,54.86,3.2,Hyderabad
2018-04-11,0.0,28.71,36.36,20.85,52.34,2.41,Hyderabad
2018-04-12,0.08,29.79,37.44,22.33,46.34,2.04,Hyderabad
2018-04-13,0.0,30.53,38.15,22.73,41.25,3.23,Hyderabad
2018-04-14,0.0,30.97,38.23,22.72,43.42,2.59,Hyderabad
2018-04-15,0.01,30.49,36.46,25.44,47.14,3.08,Hyderabad
2018-04-16,0.0,32.08,39.54,24.2,38.75,2.22,Hyderabad
2018-04-17,0.06,33.45,41.15,25.28,35.89,2.61,Hyderabad
2018-04-18,0.03,34.43,42.06,26.37,32.3,2.38,Hyderabad
2018-04-19,0.05,34.46,42.42,26.77,25.73,3.12,Hyderabad
2018-04-20,0.0,34.36,42.68,26.83,22.69,3.22,Hyderabad
2018-04-21,0.02,33.14,41.64,24.78,33.41,2.59,Hyderabad
2018-04-22,0.68,33.42,41.34,24.78,39.24,2.04,Hyderabad
2018-04-23,0.03,33.82,41.4,25.34,34.78,2.07,Hyderabad
2018-04-24,0.09,33.76,42.08,25.74,25.67,2.7,Hyderabad
2018-04-25,0.23,32.7,41.0,24.05,36.83,2.79,Hyderabad
2018-04-26,0.05,33.06,40.55,24.92,37.07,3.93,Hyderabad
2018-04-27,0.02,33.77,41.37,26.8,30.12,4.25,Hyderabad
2018-04-28,0.0,32.85,40.97,24.22,38.38,4.11,Hyderabad
2018-04-29,0.0,34.62,43.18,25.59,28.02,3.12,Hyderabad
2018-04-30,0.0,35.24,43.29,27.02,24.75,3.28,Hyderabad
2018-05-01,0.0,34.91,43.24,26.22,28.78,3.36,Hyderabad
2018-05-02,0.01,33.73,41.16,26.17,44.6,3.99,Hyderabad
2018-05-03,12.01,31.48,38.1,25.57,52.26,4.04,Hyderabad
2018-05-04,4.99,29.55,36.73,23.52,60.89,2.79,Hyderabad
2018-05-05,0.0,31.11,38.55,23.42,53.05,3.46,Hyderabad
2018-05-06,0.03,32.66,40.35,25.12,44.04,3.41,Hyderabad
2018-05-07,0.05,32.99,40.54,25.43,39.94,2.98,Hyderabad
2018-05-08,0.0,33.51,40.53,26.93,41.82,3.01,Hyderabad
2018-05-09,0.0,33.42,39.43,26.66,41.27,3.58,Hyderabad
2018-05-10,0.0,32.69,38.85,26.26,44.76,3.84,Hyderabad
2018-05-11,0.0,33.21,39.08,26.82,40.34,3.21,Hyderabad
2018-05-12,1.23,34.3,41.08,28.21,34.95,2.86,Hyderabad
2018-05-13,0.77,33.61,40.09,27.75,36.49,2.9,Hyderabad
2018-05-14,1.21,33.07,39.76,27.15,38.07,3.82,Hyderabad
2018-05-15,1.32,32.8,39.42,26.56,39.3,3.02,Hyderabad
2018-05-16,0.0,33.47,40.47,26.51,33.09,3.53,Hyderabad
2018-05-17,1.8,33.65,40.88,26.58,36.15,3.5,Hyderabad
2018-05-18,0.26,33.13,39.21,27.49,39.3,3.18,Hyderabad
2018-05-19,0.0,34.71,42.74,27.14,33.74,4.66,Hyderabad
2018-05-20,0.0,34.31,41.11,28.07,33.99,4.37,Hyderabad
2018-05-21,0.0,32.53,38.5,26.74,38.82,4.31,Hyderabad
2018-05-22,0.27,31.04,35.53,26.37,51.15,3.19,Hyderabad
2018-05-23,0.33,32.73,38.34,26.94,43.62,3.03,Hyderabad
2018-05-24,0.21,31.99,38.05,26.96,45.78,4.34,Hyderabad
2018-05-25,0.01,33.89,41.44,27.27,37.3,4.56,Hyderabad
2018-05-26,0.07,33.43,41.29,25.83,42.41,4.4,Hyderabad
2018-05-27,2.62,32.5,39.38,26.02,47.04,2.67,Hyderabad
2018-05-28,0.0,33.22,39.59,26.95,42.95,3.87,Hyderabad
2018-05-29,0.07,34.22,41.69,26.95,43.3,3.85,Hyderabad
2018-05-30,0.01,34.41,40.59,28.51,40.84,3.72,Hyderabad
2018-05-31,0.33,31.15,35.91,27.09,52.4,3.96,Hyderabad
2018-06-01,3.36,30.8,34.16,27.49,58.36,1.97,Hyderabad
2018-06-02,1.73,28.3,29.61,26.35,64.79,2.67,Hyderabad
2018-06-03,0.23,31.34,37.9,24.72,52.14,2.91,Hyderabad
2018-06-04,0.01,32.41,39.45,25.74,47.53,3.83,Hyderabad
2018-06-05,0.74,30.67,35.99,26.95,52.54,3.59,Hyderabad
2018-06-06,8.61,28.94,33.07,25.76,64.9,3.62,Hyderabad
2018-06-07,7.28,27.43,31.58,24.61,76.49,4.11,Hyderabad
2018-06-08,0.37,27.42,31.7,24.36,74.35,3.65,Hyderabad
2018-06-09,6.42,27.44,32.98,23.94,71.32,5.92,Hyderabad
2018-06-10,7.16,27.95,34.24,23.02,66.92,7.56,Hyderabad
2018-06-11,3.42,27.33,31.53,23.82,73.52,7.73,Hyderabad
2018-06-12,3.53,28.28,33.72,24.53,68.97,6.98,Hyderabad
2018-06-13,0.46,29.51,35.57,24.19,60.74,7.23,Hyderabad
2018-06-14,0.0,30.34,36.85,24.58,54.32,6.67,Hyderabad
2018-06-15,1.31,30.12,36.52,24.53,53.68,6.18,Hyderabad
2018-06-16,0.03,30.08,37.1,23.78,49.83,6.67,Hyderabad
2018-06-17,0.14,29.4,35.85,24.51,53.18,6.46,Hyderabad
2018-06-18,0.26,28.95,35.09,23.46,57.25,6.9,Hyderabad
2018-06-19,0.2,28.75,35.2,23.51,59.61,6.39,Hyderabad
2018-06-20,0.0,28.8,34.93,23.83,60.96,3.67,Hyderabad
2018-06-21,10.13,29.36,35.7,24.73,61.23,2.71,Hyderabad
2018-06-22,27.39,27.81,33.04,23.89,73.72,2.23,Hyderabad
2018-06-23,15.44,26.74,31.45,23.43,78.6,2.66,Hyderabad
2018-06-24,0.05,27.19,32.15,22.96,68.82,4.59,Hyderabad
2018-06-25,0.01,27.5,33.4,22.45,63.19,7.08,Hyderabad
2018-06-26,2.08,27.73,33.94,23.28,64.31,7.18,Hyderabad
2018-06-27,9.96,26.73,31.72,23.38,71.67,6.64,Hyderabad
2018-06-28,1.74,26.51,31.44,23.13,71.43,5.77,Hyderabad
2018-06-29,0.78,27.48,33.43,22.22,64.14,4.52,Hyderabad
2018-06-30,0.18,26.87,32.02,22.7,63.59,3.24,Hyderabad
2018-07-01,0.01,28.01,34.43,22.35,58.51,4.06,Hyderabad
2018-07-02,0.03,28.48,34.67,22.98,57.65,4.39,Hyderabad
2018-07-03,0.66,26.44,31.17,22.72,65.23,6.92,Hyderabad
2018-07-04,0.05,27.83,34.06,22.8,62.53,7.14,Hyderabad
2018-07-05,10.94,27.34,33.37,23.19,68.47,6.97,Hyderabad
2018-07-06,9.85,26.28,31.19,23.02,72.05,6.64,Hyderabad
2018-07-07,7.54,24.94,27.82,22.54,73.26,7.09,Hyderabad
2018-07-08,5.27,25.0,29.39,21.47,77.08,8.43,Hyderabad
2018-07-09,7.32,25.38,29.51,22.66,78.27,6.77,Hyderabad
2018-07-10,1.23,26.78,32.22,22.6,71.98,7.23,Hyderabad
2018-07-11,12.33,27.03,33.48,22.64,72.12,6.49,Hyderabad
2018-07-12,8.79,25.24,29.57,22.04,77.79,8.31,Hyderabad
2018-07-13,7.0,25.54,29.65,22.66,79.22,7.09,Hyderabad
2018-07-14,5.88,25.73,30.15,22.17,76.91,6.24,Hyderabad
2018-07-15,2.29,25.79,30.47,22.64,78.53,7.47,Hyderabad
2018-07-16,6.17,25.41,29.44,22.19,81.28,7.66,Hyderabad
2018-07-17,2.95,26.86,32.51,22.78,72.74,8.2,Hyderabad
2018-07-18,0.56,27.04,32.4,22.59,71.85,7.07,Hyderabad
2018-07-19,5.17,26.3,31.59,22.88,74.01,6.85,Hyderabad
2018-07-20,1.36,25.38,29.77,22.26,79.57,7.09,Hyderabad
2018-07-21,1.02,25.59,29.87,22.7,76.97,6.64,Hyderabad
2018-07-22,0.03,26.21,31.52,22.1,72.84,6.98,Hyderabad
2018-07-23,0.7,26.95,33.31,22.21,68.11,6.52,Hyderabad
2018-07-24,1.53,27.41,33.61,22.09,67.67,6.73,Hyderabad
2018-07-25,1.15,27.4,33.12,22.36,68.16,6.39,Hyderabad
2018-07-26,0.41,26.54,31.28,22.58,70.95,6.38,Hyderabad
2018-07-27,0.02,27.17,32.68,22.28,68.32,6.15,Hyderabad
2018-07-28,0.0,27.56,33.11,22.49,65.78,5.82,Hyderabad
2018-07-29,0.0,27.98,33.55,23.29,64.89,5.58,Hyderabad
2018-07-30,0.0,28.14,33.62,23.58,62.69,5.65,Hyderabad
2018-07-31,0.0,27.77,33.33,22.75,63.73,6.01,Hyderabad
2018-08-01,5.36,27.45,32.94,22.89,66.85,6.24,Hyderabad
2018-08-02,1.58,27.48,33.12,22.39,68.52,6.1,Hyderabad
2018-08-03,0.39,27.28,31.88,23.21,66.78,5.96,Hyderabad
2018-08-04,1.62,27.17,32.09,22.71,67.76,6.06,Hyderabad
2018-08-05,0.88,27.16,33.16,22.41,66.49,6.51,Hyderabad
2018-08-06,3.09,26.78,32.39,22.7,66.99,7.0,Hyderabad
2018-08-07,2.16,26.41,32.28,21.95,68.97,6.81,Hyderabad
2018-08-08,2.74,25.78,29.86,22.82,71.94,6.78,Hyderabad
2018-08-09,8.72,26.95,33.3,21.93,73.23,5.15,Hyderabad
2018-08-10,4.88,26.97,33.07,22.13,71.26,6.41,Hyderabad
2018-08-11,25.49,25.56,29.72,22.45,79.64,7.48,Hyderabad
2018-08-12,4.79,24.5,28.43,22.31,82.14,7.61,Hyderabad
2018-08-13,4.82,24.92,29.63,21.98,78.21,7.79,Hyderabad
2018-08-14,1.02,25.22,29.62,21.42,79.6,5.54,Hyderabad
2018-08-15,3.66,24.94,29.05,23.07,81.97,6.22,Hyderabad
2018-08-16,9.93,24.45,27.73,22.33,85.85,8.51,Hyderabad
2018-08-17,1.37,25.69,30.72,21.66,75.71,7.98,Hyderabad
2018-08-18,4.56,25.47,30.63,21.38,76.88,6.94,Hyderabad
2018-08-19,13.66,25.39,30.4,22.15,80.36,7.03,Hyderabad
2018-08-20,29.33,23.88,27.3,21.85,86.15,8.07,Hyderabad
2018-08-21,4.28,25.22,30.44,21.7,79.37,7.38,Hyderabad
2018-08-22,0.26,25.9,31.17,21.5,77.23,6.28,Hyderabad
2018-08-23,0.43,26.18,31.1,22.02,77.2,6.2,Hyderabad
2018-08-24,0.33,25.53,29.64,22.19,78.44,5.57,Hyderabad
2018-08-25,0.31,25.35,29.55,22.12,77.98,5.87,Hyderabad
2018-08-26,4.59,25.03,29.79,21.71,79.14,5.71,Hyderabad
2018-08-27,3.1,24.24,27.69,21.66,83.48,5.34,Hyderabad
2018-08-28,0.49,25.1,30.25,21.67,79.81,4.85,Hyderabad
2018-08-29,0.13,25.84,31.45,21.43,76.43,3.99,Hyderabad
2018-08-30,0.04,25.84,31.09,21.73,73.63,4.47,Hyderabad
2018-08-31,0.28,25.94,31.13,21.98,73.61,4.33,Hyderabad
2018-09-01,2.25,25.28,29.7,21.86,77.73,4.1,Hyderabad
2018-09-02,2.65,25.52,30.46,21.76,76.98,4.59,Hyderabad
2018-09-03,1.04,25.86,31.6,21.34,74.85,4.48,Hyderabad
2018-09-04,0.07,25.87,31.1,21.77,72.3,4.83,Hyderabad
2018-09-05,0.71,25.5,30.73,21.79,72.72,5.15,Hyderabad
2018-09-06,0.42,24.93,29.55,21.38,74.56,4.83,Hyderabad
2018-09-07,0.0,25.56,31.15,21.64,70.3,4.95,Hyderabad
2018-09-08,0.0,26.18,32.49,21.45,66.87,3.85,Hyderabad
2018-09-09,0.0,26.26,32.42,20.26,67.44,1.84,Hyderabad
2018-09-10,1.77,26.6,32.35,21.78,70.56,1.62,Hyderabad
2018-09-11,5.49,26.66,32.52,22.71,76.0,1.7,Hyderabad
2018-09-12,0.25,26.82,32.29,22.01,73.55,1.32,Hyderabad
2018-09-13,0.0,27.27,33.75,21.69,67.79,1.72,Hyderabad
2018-09-14,0.01,27.15,33.54,21.9,68.8,1.41,Hyderabad
2018-09-15,0.0,27.37,33.68,22.28,66.22,2.26,Hyderabad
2018-09-16,0.53,26.36,31.59,22.0,71.56,3.05,Hyderabad
2018-09-17,28.66,24.65,28.25,22.22,83.88,2.11,Hyderabad
2018-09-18,5.5,24.78,28.84,21.25,82.27,3.54,Hyderabad
2018-09-19,16.26,25.08,29.83,21.52,81.79,3.43,Hyderabad
2018-09-20,1.97,24.86,28.37,21.91,81.97,3.65,Hyderabad
2018-09-21,9.55,23.12,25.28,20.63,85.03,6.58,Hyderabad
2018-09-22,1.8,24.76,30.87,19.43,77.27,3.96,Hyderabad
2018-09-23,0.32,25.33,31.21,20.64,76.41,2.39,Hyderabad
2018-09-24,3.29,25.37,30.27,20.99,80.68,1.82,Hyderabad
2018-09-25,0.7,26.27,31.54,21.84,77.04,2.04,Hyderabad
2018-09-26,1.32,25.82,30.39,22.62,78.69,1.8,Hyderabad
2018-09-27,3.0,25.62,30.74,21.8,78.35,1.79,Hyderabad
2018-09-28,0.57,25.63,30.22,22.05,79.8,2.16,Hyderabad
2018-09-29,0.01,25.98,30.88,22.27,78.68,2.63,Hyderabad
2018-09-30,0.16,26.42,32.32,21.92,75.12,2.63,Hyderabad
2018-10-01,0.07,25.99,31.9,21.35,75.74,2.61,Hyderabad
2018-10-02,0.0,26.82,33.01,22.23,74.03,2.01,Hyderabad
2018-10-03,0.0,26.87,32.84,22.3,73.94,2.03,Hyderabad
2018-10-04,0.0,26.38,32.23,21.78,74.73,2.72,Hyderabad
2018-10-05,0.0,25.72,32.82,20.51,70.17,3.16,Hyderabad
2018-10-06,0.0,25.91,33.27,20.52,63.86,2.82,Hyderabad
2018-10-07,0.0,26.1,32.99,20.46,67.87,2.97,Hyderabad
2018-10-08,0.0,25.85,33.3,20.22,63.5,3.14,Hyderabad
2018-10-09,0.0,25.4,32.87,19.01,62.65,3.86,Hyderabad
2018-10-10,0.0,25.43,33.04,19.56,55.83,4.89,Hyderabad
2018-10-11,0.0,25.44,33.44,19.68,55.99,5.64,Hyderabad
2018-10-12,0.0,26.15,33.74,19.93,64.13,4.21,Hyderabad
2018-10-13,0.0,26.77,33.57,20.77,65.86,2.62,Hyderabad
2018-10-14,0.0,26.57,33.02,21.08,65.05,2.63,Hyderabad
2018-10-15,0.11,26.22,33.49,20.53,60.05,2.62,Hyderabad
2018-10-16,9.93,25.26,31.52,20.41,70.18,1.9,Hyderabad
2018-10-17,8.55,24.6,29.76,21.14,77.77,1.69,Hyderabad
2018-10-18,4.16,24.74,31.24,20.61,71.01,2.0,Hyderabad
2018-10-19,0.0,24.86,32.23,19.2,67.5,2.54,Hyderabad
2018-10-20,0.0,25.52,33.1,20.52,58.04,2.57,Hyderabad
2018-10-21,0.0,25.97,33.45,20.84,60.12,2.2,Hyderabad
2018-10-22,0.0,26.71,34.32,21.48,54.6,1.91,Hyderabad
2018-10-23,0.0,26.65,34.12,20.84,59.73,2.17,Hyderabad
2018-10-24,0.0,26.47,33.35,21.82,57.78,2.38,Hyderabad
2018-10-25,0.0,24.92,32.73,19.24,55.19,3.08,Hyderabad
2018-10-26,0.0,23.86,32.83,16.76,51.21,3.69,Hyderabad
2018-10-27,0.0,24.44,32.06,19.3,49.69,3.09,Hyderabad
2018-10-28,0.0,23.6,32.08,16.92,53.02,4.11,Hyderabad
2018-10-29,0.0,22.82,31.81,15.93,53.54,4.5,Hyderabad
2018-10-30,0.0,22.94,31.87,15.66,59.94,3.38,Hyderabad
2018-10-31,0.0,23.74,32.13,16.35,62.81,2.9,Hyderabad
2018-11-01,0.13,24.85,31.48,19.57,73.86,3.37,Hyderabad
2018-11-02,0.07,25.54,32.19,20.55,71.78,3.4,Hyderabad
2018-11-03,0.0,26.07,32.83,20.6,68.72,3.26,Hyderabad
2018-11-04,0.0,26.0,32.76,20.68,68.44,3.05,Hyderabad
2018-11-05,0.0,25.94,33.16,19.71,64.64,2.58,Hyderabad
2018-11-06,0.0,26.09,33.21,20.23,63.65,2.73,Hyderabad
2018-11-07,0.0,26.41,33.63,20.37,60.01,2.22,Hyderabad
2018-11-08,0.0,25.9,33.36,19.89,59.28,2.56,Hyderabad
2018-11-09,0.0,25.02,33.38,18.95,56.65,2.34,Hyderabad
2018-11-10,0.0,24.66,33.28,18.74,45.33,2.44,Hyderabad
2018-11-11,0.0,23.07,32.66,16.35,43.57,3.13,Hyderabad
2018-11-12,0.0,22.3,31.84,15.56,45.52,3.4,Hyderabad
2018-11-13,0.0,22.63,32.15,15.79,43.95,3.3,Hyderabad
2018-11-14,0.0,22.85,32.54,15.41,45.09,2.95,Hyderabad
2018-11-15,0.0,23.39,33.1,14.93,42.39,3.53,Hyderabad
2018-11-16,0.0,25.1,34.09,17.21,54.32,3.06,Hyderabad
2018-11-17,0.05,26.24,32.93,20.68,69.41,2.61,Hyderabad
2018-11-18,0.0,26.72,33.49,20.64,64.59,2.8,Hyderabad
2018-11-19,0.0,26.4,32.64,21.45,63.02,3.18,Hyderabad
2018-11-20,0.0,25.55,31.61,20.87,61.09,3.0,Hyderabad
2018-11-21,0.0,25.13,32.81,18.9,56.08,3.24,Hyderabad
2018-11-22,0.0,24.89,32.24,18.96,58.39,3.08,Hyderabad
2018-11-23,0.0,24.18,30.01,20.1,55.5,2.63,Hyderabad
2018-11-24,0.0,23.92,32.0,18.04,41.4,2.81,Hyderabad
2018-11-25,0.0,22.91,31.69,16.47,39.93,2.98,Hyderabad
2018-11-26,0.0,22.44,31.97,15.46,35.97,2.82,Hyderabad
2018-11-27,0.0,22.07,30.96,14.59,41.39,2.7,Hyderabad
2018-11-28,0.0,22.02,30.56,14.63,52.86,2.63,Hyderabad
2018-11-29,0.0,22.64,31.16,15.86,57.05,2.29,Hyderabad
2018-11-30,0.0,22.87,31.51,16.21,43.45,2.57,Hyderabad
2018-12-01,0.0,22.63,30.69,15.62,47.63,2.61,Hyderabad
2018-12-02,0.0,22.97,29.65,17.21,59.31,2.41,Hyderabad
2018-12-03,0.0,22.79,29.41,17.65,64.31,2.85,Hyderabad
2018-12-04,0.02,24.17,31.08,17.79,55.77,2.2,Hyderabad
2018-12-05,0.01,24.27,29.42,20.22,65.81,1.65,Hyderabad
2018-12-06,0.0,24.99,31.83,19.08,64.41,1.79,Hyderabad
2018-12-07,0.0,25.42,31.99,19.74,63.06,2.37,Hyderabad
2018-12-08,0.0,25.39,31.61,20.3,62.68,2.63,Hyderabad
2018-12-09,0.0,25.28,31.34,19.5,59.48,2.78,Hyderabad
2018-12-10,0.0,25.82,31.74,20.57,57.62,3.37,Hyderabad
2018-12-11,0.0,25.0,31.5,18.66,56.93,2.17,Hyderabad
2018-12-12,0.0,24.98,32.1,18.42,52.87,2.25,Hyderabad
2018-12-13,8.12,23.25,29.06,18.37,68.3,2.3,Hyderabad
2018-12-14,6.71,20.81,25.11,17.85,78.15,3.01,Hyderabad
2018-12-15,0.0,21.27,28.38,16.97,58.17,4.11,Hyderabad
2018-12-16,0.73,18.34,22.64,15.17,63.92,4.7,Hyderabad
2018-12-17,3.56,17.62,22.56,14.81,81.11,5.94,Hyderabad
2018-12-18,0.58,18.39,25.28,14.42,73.31,5.06,Hyderabad
2018-12-19,0.0,18.83,26.54,12.05,70.53,3.31,Hyderabad
2018-12-20,0.0,20.01,28.02,13.04,64.55,2.1,Hyderabad
2018-12-21,0.0,20.57,29.06,13.66,58.08,2.29,Hyderabad
2018-12-22,0.0,20.36,29.07,13.21,52.47,2.34,Hyderabad
2018-12-23,0.0,20.72,29.08,14.37,53.46,2.1,Hyderabad
2018-12-24,0.0,20.77,30.33,14.04,43.74,2.58,Hyderabad
2018-12-25,0.0,21.9,31.32,15.42,41.13,2.38,Hyderabad
2018-12-26,0.0,23.32,31.96,15.78,48.9,1.99,Hyderabad
2018-12-27,0.04,21.96,30.29,14.75,37.0,3.81,Hyderabad
2018-12-28,0.11,17.63,27.35,9.82,28.08,3.84,Hyderabad
2018-12-29,0.0,17.23,27.75,9.26,32.72,3.4,Hyderabad
2018-12-30,0.0,17.05,27.26,8.43,35.89,2.93,Hyderabad
2018-12-31,0.0,17.66,28.25,9.39,26.55,3.02,Hyderabad
2019-01-01,0.0,19.05,29.43,10.17,24.4,3.02,Hyderabad
2019-01-02,0.0,20.76,30.45,13.79,27.93,2.32,Hyderabad
2019-01-03,0.0,20.46,30.78,12.87,37.4,2.74,Hyderabad
2019-01-04,0.0,20.11,30.18,12.21,35.13,3.02,Hyderabad
2019-01-05,0.0,20.53,30.39,12.64,57.59,2.94,Hyderabad
2019-01-06,0.0,20.54,29.34,13.39,60.69,3.27,Hyderabad
2019-01-07,0.0,21.26,30.63,13.95,54.18,2.47,Hyderabad
2019-01-08,0.0,19.87,29.59,13.18,32.39,3.41,Hyderabad
2019-01-09,0.0,19.97,30.75,12.29,20.72,3.14,Hyderabad
2019-01-10,0.0,19.99,30.65,12.15,27.5,2.57,Hyderabad
2019-01-11,0.0,21.03,30.18,13.84,59.24,2.8,Hyderabad
2019-01-12,0.0,21.89,30.86,15.33,60.8,3.34,Hyderabad
2019-01-13,0.0,22.03,30.33,16.06,58.36,3.38,Hyderabad
2019-01-14,0.0,21.85,30.67,14.32,54.21,2.94,Hyderabad
2019-01-15,0.0,21.19,29.84,13.97,45.43,3.22,Hyderabad
2019-01-16,0.0,20.91,30.81,12.74,33.34,2.84,Hyderabad
2019-01-17,0.0,21.75,31.69,15.09,31.82,2.38,Hyderabad
2019-01-18,0.0,21.92,31.75,14.85,42.36,2.4,Hyderabad
2019-01-19,0.0,21.32,30.7,14.25,34.48,2.59,Hyderabad
2019-01-20,0.0,22.23,31.73,15.39,37.79,2.47,Hyderabad
2019-01-21,0.0,22.13,31.81,13.57,47.4,3.28,Hyderabad
2019-01-22,0.0,22.08,31.16,14.72,52.86,4.23,Hyderabad
2019-01-23,0.0,22.76,31.76,15.76,56.94,3.02,Hyderabad
2019-01-24,0.0,24.33,32.15,17.74,57.21,3.6,Hyderabad
2019-01-25,0.46,24.23,31.27,17.87,60.56,4.61,Hyderabad
2019-01-26,6.93,23.58,29.75,19.62,70.02,3.59,Hyderabad
2019-01-27,9.12,21.41,27.74,17.48,75.62,3.38,Hyderabad
2019-01-28,5.69,18.93,24.5,14.24,75.88,3.74,Hyderabad
2019-01-29,0.0,16.94,25.98,10.41,40.47,4.02,Hyderabad
2019-01-30,0.0,16.96,27.45,8.11,36.31,3.05,Hyderabad
2019-01-31,0.0,18.76,27.57,10.9,59.67,3.04,Hyderabad
2019-02-01,0.0,20.88,29.19,14.42,67.36,3.06,Hyderabad
2019-02-02,0.0,21.35,29.66,14.24,62.89,2.97,Hyderabad
2019-02-03,0.0,21.29,29.79,13.9,58.85,2.97,Hyderabad
2019-02-04,0.0,21.9,30.17,14.95,62.55,3.01,Hyderabad
2019-02-05,0.0,22.72,31.08,15.73,58.43,2.14,Hyderabad
2019-02-06,0.0,23.44,31.57,16.9,47.87,2.09,Hyderabad
2019-02-07,0.0,24.02,31.67,17.15,57.6,4.22,Hyderabad
2019-02-08,0.0,24.27,31.57,17.24,63.28,2.21,Hyderabad
2019-02-09,0.0,22.74,31.4,15.98,41.24,3.45,Hyderabad
2019-02-10,0.0,21.29,32.2,11.92,25.53,2.57,Hyderabad
2019-02-11,0.0,22.38,31.21,13.7,48.96,3.16,Hyderabad
2019-02-12,0.0,24.2,32.33,17.39,58.63,3.27,Hyderabad
2019-02-13,0.0,23.94,32.78,17.26,54.03,3.13,Hyderabad
2019-02-14,0.0,24.49,34.41,15.5,48.11,2.99,Hyderabad
2019-02-15,0.3,25.94,34.71,16.98,51.01,3.26,Hyderabad
2019-02-16,0.31,26.38,34.52,19.19,48.1,2.39,Hyderabad
2019-02-17,0.0,25.81,34.77,19.32,51.04,3.08,Hyderabad
2019-02-18,0.0,24.86,34.58,16.41,32.21,2.55,Hyderabad
2019-02-19,0.0,26.54,35.96,17.31,35.59,3.04,Hyderabad
2019-02-20,0.0,26.79,35.29,19.85,55.25,4.06,Hyderabad
2019-02-21,0.0,26.95,35.59,18.46,48.07,2.83,Hyderabad
2019-02-22,0.0,28.49,37.14,20.8,34.58,2.58,Hyderabad
2019-02-23,0.0,28.85,37.78,20.88,30.31,1.95,Hyderabad
2019-02-24,0.0,28.42,37.86,19.82,25.0,3.41,Hyderabad
2019-02-25,0.0,27.81,37.46,19.12,29.74,3.08,Hyderabad
2019-02-26,0.0,27.3,36.81,18.94,30.76,1.89,Hyderabad
2019-02-27,0.0,27.35,35.41,20.27,50.63,1.88,Hyderabad
2019-02-28,0.0,26.38,34.6,19.68,40.37,2.66,Hyderabad
2019-03-01,0.03,26.69,35.22,17.59,35.35,2.62,Hyderabad
2019-03-02,0.0,27.85,34.64,22.09,55.59,4.78,Hyderabad
2019-03-03,0.0,28.75,36.31,21.33,51.64,3.29,Hyderabad
2019-03-04,0.0,29.39,38.1,21.98,40.61,3.76,Hyderabad
2019-03-05,0.0,28.3,37.14,20.77,26.52,3.99,Hyderabad
2019-03-06,0.0,27.35,36.36,19.12,19.1,3.85,Hyderabad
2019-03-07,0.0,26.7,36.25,17.23,21.6,2.78,Hyderabad
2019-03-08,0.14,27.2,36.67,18.34,27.04,2.48,Hyderabad
2019-03-09,0.0,28.27,37.54,19.24,37.55,2.17,Hyderabad
2019-03-10,0.0,28.95,37.96,20.25,40.66,1.88,Hyderabad
2019-03-11,0.0,30.18,38.59,21.35,43.35,3.91,Hyderabad
2019-03-12,0.0,30.51,37.88,23.62,35.9,3.34,Hyderabad
2019-03-13,0.0,29.87,38.48,21.53,32.36,4.35,Hyderabad
2019-03-14,0.0,29.6,38.38,20.55,24.52,3.33,Hyderabad
2019-03-15,0.0,29.6,38.47,21.12,26.44,3.66,Hyderabad
2019-03-16,0.0,29.22,37.97,20.65,30.38,4.72,Hyderabad
2019-03-17,0.0,29.01,37.7,20.78,37.52,5.09,Hyderabad
2019-03-18,0.0,28.59,37.89,20.02,32.07,4.15,Hyderabad
2019-03-19,0.0,29.04,38.45,19.25,44.54,3.47,Hyderabad
2019-03-20,1.25,29.83,37.96,21.55,47.17,5.06,Hyderabad
2019-03-21,0.01,29.76,38.09,21.62,44.35,4.97,Hyderabad
2019-03-22,0.0,29.83,38.01,22.75,39.22,2.68,Hyderabad
2019-03-23,0.0,31.45,39.35,22.24,38.47,2.48,Hyderabad
2019-03-24,0.0,32.0,39.42,24.45,31.3,2.61,Hyderabad
2019-03-25,0.0,31.37,39.66,23.56,31.59,2.87,Hyderabad
2019-03-26,0.21,31.46,39.33,23.28,35.18,2.72,Hyderabad
2019-03-27,0.0,32.24,40.23,23.87,33.02,2.08,Hyderabad
2019-03-28,0.0,31.87,40.43,23.53,29.45,2.38,Hyderabad
2019-03-29,0.0,31.61,40.65,23.8,20.68,2.8,Hyderabad
2019-03-30,0.0,31.81,40.94,22.09,27.91,2.73,Hyderabad
2019-03-31,0.01,33.19,41.72,24.4,28.62,3.0,Hyderabad
2019-04-01,0.04,33.78,41.57,26.98,22.19,2.24,Hyderabad
2019-04-02,0.0,32.68,41.51,24.2,25.93,3.29,Hyderabad
2019-04-03,0.0,31.4,39.88,23.31,41.68,4.53,Hyderabad
2019-04-04,0.0,31.07,38.6,23.1,37.16,3.64,Hyderabad
2019-04-05,2.18,32.19,40.6,23.74,38.38,2.6,Hyderabad
2019-04-06,3.44,32.77,40.32,25.97,34.05,2.53,Hyderabad
2019-04-07,0.41,32.16,40.21,23.86,32.23,2.81,Hyderabad
2019-04-08,0.0,32.17,40.44,23.48,35.96,3.21,Hyderabad
2019-04-09,0.16,32.56,40.13,24.35,38.86,2.97,Hyderabad
2019-04-10,0.1,33.01,40.88,24.81,35.67,2.59,Hyderabad
2019-04-11,0.01,33.1,41.47,24.21,31.39,2.78,Hyderabad
2019-04-12,5.2,33.15,41.73,25.15,33.16,2.94,Hyderabad
2019-04-13,1.54,31.71,40.02,24.4,37.43,3.46,Hyderabad
2019-04-14,0.11,32.01,40.86,23.43,33.58,3.4,Hyderabad
2019-04-15,0.0,32.73,41.35,24.0,26.3,3.3,Hyderabad
2019-04-16,0.0,32.0,40.76,24.05,24.87,3.91,Hyderabad
2019-04-17,1.33,31.5,39.42,22.39,35.81,3.06,Hyderabad
2019-04-18,3.55,32.49,40.14,24.98,39.88,3.39,Hyderabad
2019-04-19,6.58,30.28,36.58,24.23,56.19,3.3,Hyderabad
2019-04-20,0.6,31.06,38.48,24.17,51.2,4.88,Hyderabad
2019-04-21,0.32,31.93,40.07,24.3,41.07,3.54,Hyderabad
2019-04-22,1.14,31.42,38.72,24.86,43.22,4.22,Hyderabad
2019-04-23,0.2,31.62,39.76,23.77,38.49,3.36,Hyderabad
2019-04-24,0.34,32.03,40.38,23.83,36.76,3.88,Hyderabad
2019-04-25,0.0,33.14,42.11,23.75,30.16,3.75,Hyderabad
2019-04-26,0.0,34.28,43.23,25.04,28.85,3.99,Hyderabad
2019-04-27,0.0,34.43,42.3,25.88,32.09,3.5,Hyderabad
2019-04-28,0.0,34.48,42.07,27.0,32.24,3.54,Hyderabad
2019-04-29,0.01,34.27,42.4,26.67,32.61,4.14,Hyderabad
2019-04-30,0.01,34.38,41.84,27.01,34.49,2.64,Hyderabad
2019-05-01,0.05,34.24,41.26,28.15,32.08,3.59,Hyderabad
2019-05-02,0.07,34.72,43.03,26.9,25.63,4.57,Hyderabad
2019-05-03,0.0,33.18,39.8,27.16,22.25,4.59,Hyderabad
2019-05-04,0.0,33.49,41.57,25.39,19.35,5.36,Hyderabad
2019-05-05,0.0,33.97,41.94,25.99,17.44,4.79,Hyderabad
2019-05-06,0.0,34.61,41.94,26.93,17.56,3.04,Hyderabad
2019-05-07,0.0,34.98,41.68,27.66,21.47,1.95,Hyderabad
2019-05-08,0.0,34.96,41.56,28.19,19.81,3.58,Hyderabad
2019-05-09,0.0,34.82,43.02,27.14,19.1,4.5,Hyderabad
2019-05-10,0.0,35.19,42.94,27.22,22.44,3.04,Hyderabad
2019-05-11,1.04,33.45,41.54,27.03,45.26,2.34,Hyderabad
2019-05-12,2.03,32.21,38.7,26.52,39.73,2.58,Hyderabad
2019-05-13,0.54,33.98,40.84,26.96,37.31,2.35,Hyderabad
2019-05-14,1.17,34.25,41.25,28.09,37.09,3.2,Hyderabad
2019-05-15,0.0,33.95,40.87,26.78,40.65,2.66,Hyderabad
2019-05-16,0.0,34.64,42.21,27.47,35.22,3.45,Hyderabad
2019-05-17,0.0,34.91,42.22,26.99,31.09,2.26,Hyderabad
2019-05-18,0.0,35.28,42.51,26.79,27.98,2.31,Hyderabad
2019-05-19,0.0,35.81,43.06,29.01,24.35,1.91,Hyderabad
2019-05-20,0.2,35.15,42.67,27.24,31.97,2.88,Hyderabad
2019-05-21,6.08,35.18,42.92,28.07,34.49,3.74,Hyderabad
2019-05-22,0.77,33.7,40.65,26.63,43.52,2.99,Hyderabad
2019-05-23,0.99,34.14,41.18,27.83,42.97,3.35,Hyderabad
2019-05-24,0.14,34.83,41.83,27.77,40.2,2.74,Hyderabad
2019-05-25,0.0,35.37,42.19,30.18,32.63,4.49,Hyderabad
2019-05-26,0.0,36.21,43.86,27.59,32.49,2.95,Hyderabad
2019-05-27,0.01,37.2,43.91,30.81,28.79,2.92,Hyderabad
2019-05-28,0.0,37.04,44.09,30.39,29.1,2.74,Hyderabad
2019-05-29,0.45,36.11,43.15,29.31,36.18,3.67,Hyderabad
2019-05-30,1.46,34.54,42.14,27.45,42.85,4.33,Hyderabad
2019-05-31,0.03,34.33,41.29,27.94,44.81,4.64,Hyderabad
2019-06-01,0.13,34.11,38.52,29.84,41.51,3.02,Hyderabad
2019-06-02,1.18,34.19,40.15,29.61,37.74,3.09,Hyderabad
2019-06-03,4.97,34.29,42.23,28.28,44.33,3.54,Hyderabad
2019-06-04,0.02,33.02,39.68,26.22,49.43,2.67,Hyderabad
2019-06-05,0.04,34.29,40.93,28.38,42.05,2.98,Hyderabad
2019-06-06,3.48,32.4,39.02,26.53,46.27,5.0,Hyderabad
2019-06-07,0.19,32.11,38.65,25.7,46.2,3.32,Hyderabad
2019-06-08,6.49,28.97,33.15,25.93,61.54,2.77,Hyderabad
2019-06-09,0.06,32.3,38.99,25.64,52.47,3.61,Hyderabad
2019-06-10,0.09,31.6,36.67,26.97,51.94,3.8,Hyderabad
2019-06-11,0.05,32.55,39.22,27.32,47.02,5.51,Hyderabad
2019-06-12,0.0,31.77,38.45,26.72,49.66,6.89,Hyderabad
2019-06-13,0.04,29.72,33.72,25.6,55.22,6.35,Hyderabad
2019-06-14,0.0,31.72,38.41,25.34,41.89,6.75,Hyderabad
2019-06-15,0.0,31.63,37.56,26.3,39.66,6.39,Hyderabad
2019-06-16,0.02,32.42,38.62,27.34,42.22,6.59,Hyderabad
2019-06-17,0.59,29.79,34.98,26.16,51.3,5.01,Hyderabad
2019-06-18,0.02,33.09,39.6,26.56,38.95,5.41,Hyderabad
2019-06-19,0.0,34.13,40.04,27.88,38.98,6.15,Hyderabad
2019-06-20,9.82,31.11,34.29,27.33,55.87,4.8,Hyderabad
2019-06-21,4.31,27.39,30.66,25.25,72.27,2.31,Hyderabad
2019-06-22,7.72,26.82,29.56,24.48,77.24,4.36,Hyderabad
2019-06-23,1.04,27.82,32.45,24.15,67.52,2.9,Hyderabad
2019-06-24,10.69,28.88,35.52,23.18,67.21,3.38,Hyderabad
2019-06-25,5.82,28.47,32.69,24.58,73.47,3.1,Hyderabad
2019-06-26,1.08,28.23,31.82,24.63,69.7,4.23,Hyderabad
2019-06-27,0.35,29.01,34.51,24.34,65.18,5.14,Hyderabad
2019-06-28,0.34,28.33,31.97,24.98,66.2,6.78,Hyderabad
2019-06-29,2.13,26.95,32.26,23.28,68.14,8.2,Hyderabad
2019-06-30,0.35,26.0,29.8,22.74,70.17,7.7,Hyderabad
2019-07-01,1.91,26.93,31.9,23.34,66.52,6.64,Hyderabad
2019-07-02,3.85,26.7,32.35,22.2,67.38,7.84,Hyderabad
2019-07-03,1.23,27.27,32.36,22.82,62.87,8.27,Hyderabad
2019-07-04,0.03,28.9,36.06,22.54,58.19,7.9,Hyderabad
2019-07-05,2.06,27.71,31.74,23.25,65.11,7.94,Hyderabad
2019-07-06,0.17,28.91,34.67,23.95,63.31,8.96,Hyderabad
2019-07-07,5.23,27.86,32.53,24.36,65.55,8.41,Hyderabad
2019-07-08,2.93,28.32,34.12,23.54,67.84,7.26,Hyderabad
2019-07-09,0.47,28.22,33.79,23.77,67.16,6.68,Hyderabad
2019-07-10,0.51,28.07,33.12,24.21,65.6,7.61,Hyderabad
2019-07-11,5.74,27.38,32.11,23.8,68.81,6.69,Hyderabad
2019-07-12,1.79,27.74,33.45,22.65,67.15,4.93,Hyderabad
2019-07-13,1.7,27.62,32.94,23.67,68.64,5.07,Hyderabad
2019-07-14,3.06,27.47,32.62,23.84,70.7,4.75,Hyderabad
2019-07-15,2.62,27.76,33.53,23.1,66.68,4.78,Hyderabad
2019-07-16,3.58,27.63,32.62,23.26,65.88,4.78,Hyderabad
2019-07-17,1.1,27.6,31.73,23.2,68.16,4.76,Hyderabad
2019-07-18,0.64,28.37,32.54,24.44,68.03,3.6,Hyderabad
2019-07-19,15.99,27.12,30.74,24.15,73.45,2.08,Hyderabad
2019-07-20,7.81,27.8,33.27,23.16,72.19,2.79,Hyderabad
2019-07-21,0.73,28.19,34.02,23.54,71.11,4.2,Hyderabad
2019-07-22,0.69,27.68,33.22,23.74,72.87,4.67,Hyderabad
2019-07-23,0.17,27.48,32.59,23.29,73.01,4.11,Hyderabad
2019-07-24,0.02,28.12,33.83,23.39,68.64,4.47,Hyderabad
2019-07-25,11.53,27.03,31.5,24.19,75.2,5.91,Hyderabad
2019-07-26,15.03,25.41,27.87,23.36,80.28,6.7,Hyderabad
2019-07-27,5.05,25.72,30.37,22.0,75.62,8.49,Hyderabad
2019-07-28,9.59,25.14,28.21,22.93,81.58,7.36,Hyderabad
2019-07-29,7.52,24.76,28.17,22.63,81.85,6.91,Hyderabad
2019-07-30,1.93,25.21,29.29,22.35,78.44,7.93,Hyderabad
2019-07-31,2.44,27.01,33.04,22.53,71.7,6.75,Hyderabad
2019-08-01,14.23,26.46,32.01,22.68,75.58,7.01,Hyderabad
2019-08-02,38.78,24.97,28.58,22.41,82.07,8.09,Hyderabad
2019-08-03,13.68,24.49,27.66,22.24,84.6,8.73,Hyderabad
2019-08-04,3.52,24.68,28.15,22.61,78.76,10.57,Hyderabad
2019-08-05,7.62,25.17,29.18,22.0,83.89,8.04,Hyderabad
2019-08-06,12.91,25.06,28.16,22.94,84.29,9.88,Hyderabad
2019-08-07,9.54,24.54,27.18,22.22,83.34,9.24,Hyderabad
2019-08-08,3.0,25.37,28.69,23.04,81.66,8.7,Hyderabad
2019-08-09,0.15,26.71,31.96,22.88,76.99,7.6,Hyderabad
2019-08-10,0.0,26.93,32.11,22.4,75.48,6.04,Hyderabad
2019-08-11,5.08,26.64,31.67,22.32,75.87,5.42,Hyderabad
2019-08-12,1.31,25.76,29.83,22.84,80.61,5.34,Hyderabad
2019-08-13,1.29,25.72,29.44,23.49,81.1,4.91,Hyderabad
2019-08-14,3.84,25.85,30.55,22.98,81.49,3.69,Hyderabad
2019-08-15,1.14,26.14,30.45,22.18,78.67,3.66,Hyderabad
2019-08-16,0.01,26.96,31.61,23.47,75.95,4.11,Hyderabad
2019-08-17,2.51,25.71,28.58,23.82,81.57,3.47,Hyderabad
2019-08-18,7.33,24.77,26.97,23.18,87.52,3.3,Hyderabad
2019-08-19,1.91,26.63,31.72,22.38,79.88,2.31,Hyderabad
2019-08-20,3.06,26.02,29.97,23.07,83.84,4.22,Hyderabad
2019-08-21,3.64,25.3,28.36,23.09,86.05,3.46,Hyderabad
2019-08-22,5.04,25.57,29.74,22.97,82.46,4.23,Hyderabad
2019-08-23,4.18,25.07,28.69,22.6,83.61,4.72,Hyderabad
2019-08-24,1.82,25.95,30.96,22.35,77.69,4.8,Hyderabad
2019-08-25,2.05,26.4,31.84,22.45,75.13,5.16,Hyderabad
2019-08-26,0.11,26.19,31.48,21.7,72.06,5.6,Hyderabad
2019-08-27,0.02,26.31,31.43,21.77,70.21,5.44,Hyderabad
2019-08-28,0.0,27.11,32.72,21.97,69.97,4.23,Hyderabad
2019-08-29,5.72,26.96,31.41,23.44,76.01,3.75,Hyderabad
2019-08-30,8.21,26.49,30.58,22.84,80.23,4.15,Hyderabad
2019-08-31,19.05,24.67,27.0,23.28,90.15,4.31,Hyderabad
2019-09-01,14.52,24.92,28.43,22.7,85.07,5.24,Hyderabad
2019-09-02,10.03,24.56,28.92,20.68,83.64,5.55,Hyderabad
2019-09-03,7.48,24.12,26.87,22.42,88.25,6.05,Hyderabad
2019-09-04,2.2,24.63,28.83,21.24,83.13,6.45,Hyderabad
2019-09-05,3.61,25.49,29.77,22.72,83.99,6.52,Hyderabad
2019-09-06,2.58,24.69,27.95,22.62,86.67,6.73,Hyderabad
2019-09-07,1.67,25.16,29.59,22.69,83.56,7.05,Hyderabad
2019-09-08,1.03,25.99,30.88,22.01,79.69,6.55,Hyderabad
2019-09-09,1.17,26.39,31.63,22.34,78.15,6.35,Hyderabad
2019-09-10,0.33,26.75,31.91,22.51,78.28,5.39,Hyderabad
2019-09-11,0.76,26.65,31.71,22.71,76.08,5.0,Hyderabad
2019-09-12,1.32,25.41,29.72,22.66,81.01,5.2,Hyderabad
2019-09-13,0.19,25.88,30.69,22.0,78.49,4.59,Hyderabad
2019-09-14,7.92,26.32,30.96,22.24,79.51,3.72,Hyderabad
2019-09-15,1.52,25.88,30.4,22.44,79.6,4.21,Hyderabad
2019-09-16,0.57,25.85,29.51,22.66,82.0,3.48,Hyderabad
2019-09-17,13.97,26.72,30.95,23.09,82.1,2.3,Hyderabad
2019-09-18,9.9,26.26,30.95,23.3,82.68,2.04,Hyderabad
2019-09-19,3.79,25.48,29.23,22.43,84.49,1.86,Hyderabad
2019-09-20,7.65,25.58,30.02,22.07,84.21,2.04,Hyderabad
2019-09-21,10.28,25.88,30.34,22.67,84.3,1.45,Hyderabad
2019-09-22,2.78,26.06,30.33,22.7,83.77,2.06,Hyderabad
2019-09-23,5.48,26.3,30.69,22.8,84.04,2.07,Hyderabad
2019-09-24,7.17,25.8,29.87,23.54,88.45,1.84,Hyderabad
2019-09-25,37.3,24.8,27.73,23.28,90.45,5.2,Hyderabad
2019-09-26,17.11,24.67,28.18,22.42,87.75,4.75,Hyderabad
2019-09-27,16.16,24.91,28.58,22.71,86.5,2.96,Hyderabad
2019-09-28,0.07,24.69,28.12,22.2,87.91,2.93,Hyderabad
2019-09-29,0.94,24.74,28.13,21.84,86.45,2.82,Hyderabad
2019-09-30,5.45,25.24,29.89,21.29,82.07,2.63,Hyderabad
2019-10-01,3.76,25.36,29.34,21.05,82.18,2.38,Hyderabad
2019-10-02,3.51,25.29,29.28,22.16,84.42,2.27,Hyderabad
2019-10-03,0.64,25.22,27.99,21.81,81.39,1.06,Hyderabad
2019-10-04,8.66,24.73,28.34,21.95,85.13,1.45,Hyderabad
2019-10-05,0.3,24.56,28.31,21.17,85.39,1.81,Hyderabad
2019-10-06,18.03,24.96,28.64,21.45,82.42,1.19,Hyderabad
2019-10-07,11.16,24.93,28.87,21.63,84.0,1.62,Hyderabad
2019-10-08,1.06,24.39,27.72,21.68,87.83,2.54,Hyderabad
2019-10-09,3.19,24.42,27.63,21.79,88.36,1.6,Hyderabad
2019-10-10,2.51,24.26,27.44,22.1,90.93,1.46,Hyderabad
2019-10-11,10.58,23.76,25.76,21.94,93.08,2.03,Hyderabad
2019-10-12,1.68,24.41,27.99,22.33,89.24,2.0,Hyderabad
2019-10-13,0.18,24.79,29.28,21.1,86.38,1.91,Hyderabad
2019-10-14,0.07,24.59,28.89,21.65,88.96,2.99,Hyderabad
2019-10-15,0.76,23.47,27.06,20.59,87.62,2.44,Hyderabad
2019-10-16,1.79,23.98,28.15,20.82,87.74,2.1,Hyderabad
2019-10-17,3.12,23.46,26.94,21.0,89.09,2.88,Hyderabad
2019-10-18,15.12,23.45,27.02,20.49,90.6,3.3,Hyderabad
2019-10-19,4.26,23.67,27.47,21.11,88.43,2.94,Hyderabad
2019-10-20,5.2,23.17,26.51,20.69,90.35,2.66,Hyderabad
2019-10-21,0.54,23.39,27.04,21.36,89.09,3.24,Hyderabad
2019-10-22,0.7,23.78,28.24,20.7,86.02,2.46,Hyderabad
2019-10-23,3.19,23.7,28.42,20.35,87.67,2.78,Hyderabad
2019-10-24,8.29,24.01,28.83,20.4,87.12,1.97,Hyderabad
2019-10-25,4.01,23.58,27.2,20.82,85.65,2.32,Hyderabad
2019-10-26,0.73,23.85,28.27,20.91,87.08,3.05,Hyderabad
2019-10-27,0.39,24.03,28.11,21.02,86.97,2.72,Hyderabad
2019-10-28,0.92,24.13,28.68,20.6,88.8,2.82,Hyderabad
2019-10-29,3.46,23.81,27.19,21.21,88.75,2.84,Hyderabad
2019-10-30,3.69,23.46,27.18,20.8,88.27,2.75,Hyderabad
2019-10-31,2.06,23.22,27.85,20.21,86.73,2.57,Hyderabad
2019-11-01,0.07,23.96,28.68,20.44,85.0,2.46,Hyderabad
2019-11-02,2.43,23.96,28.71,20.43,85.79,2.12,Hyderabad
2019-11-03,0.13,24.03,28.53,20.52,85.26,2.11,Hyderabad
2019-11-04,0.0,23.67,29.75,19.05,81.03,2.34,Hyderabad
2019-11-05,0.0,23.45,28.95,18.32,79.88,2.58,Hyderabad
2019-11-06,0.28,24.01,28.74,20.12,79.34,1.69,Hyderabad
2019-11-07,0.8,23.45,28.05,20.17,84.96,1.7,Hyderabad
2019-11-08,0.25,23.49,28.98,19.63,81.52,2.44,Hyderabad
2019-11-09,0.0,22.57,28.7,17.8,78.08,3.33,Hyderabad
2019-11-10,0.0,21.79,28.04,17.06,79.52,3.08,Hyderabad
2019-11-11,0.0,22.47,28.72,17.7,83.52,3.21,Hyderabad
2019-11-12,0.0,21.85,27.96,17.7,80.56,2.88,Hyderabad
2019-11-13,0.0,20.93,27.22,15.04,78.97,2.82,Hyderabad
2019-11-14,0.07,21.36,27.02,16.73,84.17,2.62,Hyderabad
2019-11-15,0.01,22.13,27.71,17.66,81.92,2.7,Hyderabad
2019-11-16,0.0,22.74,28.7,17.97,82.04,2.41,Hyderabad
2019-11-17,0.0,21.66,28.18,17.09,80.92,3.15,Hyderabad
2019-11-18,0.0,20.88,27.91,15.7,79.82,3.29,Hyderabad
2019-11-19,0.0,21.12,28.05,15.5,80.71,2.5,Hyderabad
2019-11-20,0.0,21.18,27.75,16.09,81.77,2.49,Hyderabad
2019-11-21,0.0,21.28,27.59,16.48,82.53,2.81,Hyderabad
2019-11-22,0.0,20.71,27.6,15.69,80.69,2.37,Hyderabad
2019-11-23,0.0,20.11,27.26,14.65,78.98,2.67,Hyderabad
2019-11-24,0.0,20.31,27.19,14.73,80.54,2.45,Hyderabad
2019-11-25,0.0,20.49,27.89,14.96,81.01,3.16,Hyderabad
2019-11-26,0.0,20.68,27.46,15.98,80.67,3.37,Hyderabad
2019-11-27,0.0,20.8,27.62,14.86,79.15,3.04,Hyderabad
2019-11-28,0.0,21.23,28.13,16.11,80.03,3.0,Hyderabad
2019-11-29,0.0,21.23,28.23,15.84,80.34,2.55,Hyderabad
2019-11-30,0.0,22.12,29.2,16.1,78.78,2.6,Hyderabad
2019-12-01,0.0,22.15,26.57,19.16,83.44,2.93,Hyderabad
2019-12-02,1.36,22.35,26.55,19.34,85.6,2.94,Hyderabad
2019-12-03,3.63,22.49,27.11,19.86,82.6,3.33,Hyderabad
2019-12-04,0.0,21.61,27.19,17.54,79.94,3.44,Hyderabad
2019-12-05,0.0,20.56,26.69,16.49,79.77,2.79,Hyderabad
2019-12-06,0.0,19.3,25.95,13.91,78.93,2.61,Hyderabad
2019-12-07,0.0,19.62,26.99,14.28,76.05,2.47,Hyderabad
2019-12-08,0.0,20.63,27.07,15.53,79.17,2.8,Hyderabad
2019-12-09,0.0,20.94,27.53,16.12,78.43,2.45,Hyderabad
2019-12-10,0.0,20.77,27.52,16.13,78.42,2.41,Hyderabad
2019-12-11,0.0,21.04,27.82,15.9,76.64,2.43,Hyderabad
2019-12-12,0.0,21.06,27.61,16.03,77.14,3.39,Hyderabad
2019-12-13,0.0,21.82,28.49,16.42,77.12,3.44,Hyderabad
2019-12-14,0.0,22.66,28.52,18.66,78.42,3.31,Hyderabad
2019-12-15,0.0,22.26,28.24,18.13,76.38,3.36,Hyderabad
2019-12-16,0.0,21.78,28.01,17.62,76.68,2.89,Hyderabad
2019-12-17,0.0,21.14,27.55,16.41,77.02,3.07,Hyderabad
2019-12-18,0.0,20.76,27.49,15.5,77.07,2.6,Hyderabad
2019-12-19,0.0,20.48,27.86,14.67,74.81,2.64,Hyderabad
2019-12-20,0.0,20.34,28.13,14.23,69.16,2.65,Hyderabad
2019-12-21,0.0,20.46,28.02,14.91,71.09,2.71,Hyderabad
2019-12-22,0.0,20.89,27.67,16.01,76.87,3.01,Hyderabad
2019-12-23,0.0,20.54,27.56,15.38,73.38,3.17,Hyderabad
2019-12-24,0.0,20.83,27.79,16.18,72.49,3.31,Hyderabad
2019-12-25,0.0,21.42,28.69,16.1,72.77,3.21,Hyderabad
2019-12-26,0.0,22.2,28.45,17.59,74.76,2.16,Hyderabad
2019-12-27,0.0,21.52,27.9,17.27,75.83,2.81,Hyderabad
2019-12-28,0.0,18.76,26.07,13.66,62.78,3.51,Hyderabad
2019-12-29,0.0,18.47,26.79,11.57,59.39,2.45,Hyderabad
2019-12-30,0.0,19.62,26.36,13.51,72.68,2.97,Hyderabad
2019-12-31,0.14,20.84,26.52,16.3,77.05,4.9,Hyderabad
2020-01-01,0.42,21.74,28.35,16.86,76.54,4.73,Hyderabad
2020-01-02,3.42,22.47,28.15,18.83,80.43,4.09,Hyderabad
2020-01-03,8.85,22.84,28.81,18.33,80.3,2.82,Hyderabad
2020-01-04,0.16,21.81,28.84,16.65,75.49,2.24,Hyderabad
2020-01-05,0.0,19.77,25.89,15.23,72.43,4.15,Hyderabad
2020-01-06,0.0,20.28,27.23,13.33,73.8,3.4,Hyderabad
2020-01-07,0.0,22.03,28.52,17.09,76.72,3.15,Hyderabad
2020-01-08,0.0,22.74,29.46,18.41,75.76,3.94,Hyderabad
2020-01-09,0.0,22.5,29.65,18.09,75.36,3.44,Hyderabad
2020-01-10,0.0,20.23,26.97,14.94,70.81,3.91,Hyderabad
2020-01-11,0.0,19.28,27.57,12.74,65.09,3.13,Hyderabad
2020-01-12,0.0,18.64,28.21,11.55,55.18,2.91,Hyderabad
2020-01-13,0.0,20.11,30.12,12.46,46.28,1.99,Hyderabad
2020-01-14,0.0,20.53,29.46,13.2,60.67,2.88,Hyderabad
2020-01-15,0.0,20.73,28.84,15.09,67.47,4.17,Hyderabad
2020-01-16,0.0,20.96,28.88,15.44,67.56,4.05,Hyderabad
2020-01-17,0.0,21.58,29.23,14.61,67.23,3.38,Hyderabad
2020-01-18,0.0,22.72,29.21,17.49,72.51,3.44,Hyderabad
2020-01-19,0.0,22.88,29.71,18.18,70.28,2.53,Hyderabad
2020-01-20,0.0,22.31,29.77,15.76,66.51,2.23,Hyderabad
2020-01-21,0.0,22.22,29.94,16.38,66.23,3.5,Hyderabad
2020-01-22,0.0,22.2,30.09,16.97,65.88,3.83,Hyderabad
2020-01-23,0.0,22.06,30.49,15.61,64.18,3.02,Hyderabad
2020-01-24,0.0,21.76,30.34,14.42,60.63,3.17,Hyderabad
2020-01-25,0.0,22.2,30.72,14.51,55.03,2.9,Hyderabad
2020-01-26,0.0,23.58,31.74,18.03,49.0,2.46,Hyderabad
2020-01-27,0.0,23.03,32.52,14.73,46.6,2.9,Hyderabad
2020-01-28,0.0,24.53,32.59,16.66,58.2,3.89,Hyderabad
2020-01-29,0.0,25.23,32.68,20.02,54.49,2.74,Hyderabad
2020-01-30,0.09,22.92,31.03,16.18,55.47,3.38,Hyderabad
2020-01-31,0.0,22.83,31.36,14.22,48.79,2.85,Hyderabad
2020-02-01,0.0,24.59,31.48,18.76,61.4,3.75,Hyderabad
2020-02-02,0.0,24.25,30.35,19.25,64.01,3.34,Hyderabad
2020-02-03,0.0,24.4,30.69,19.57,63.62,3.61,Hyderabad
2020-02-04,0.0,24.33,31.92,19.03,60.2,3.95,Hyderabad
2020-02-05,0.0,24.89,31.79,18.39,56.77,2.7,Hyderabad
2020-02-06,0.0,24.92,32.33,19.07,54.76,3.05,Hyderabad
2020-02-07,0.0,25.81,32.5,20.33,53.91,3.7,Hyderabad
2020-02-08,2.2,23.87,29.62,17.78,67.18,4.23,Hyderabad
2020-02-09,1.26,21.16,28.11,16.2,72.03,4.38,Hyderabad
2020-02-10,0.27,22.6,29.13,17.54,70.15,4.11,Hyderabad
2020-02-11,0.0,23.24,29.07,18.73,67.4,4.22,Hyderabad
2020-02-12,0.0,23.34,30.24,18.36,63.07,3.02,Hyderabad
2020-02-13,0.0,22.6,31.71,15.32,41.81,3.65,Hyderabad
2020-02-14,0.0,23.31,33.36,14.55,32.45,3.2,Hyderabad
2020-02-15,0.0,24.84,34.31,17.34,30.19,2.37,Hyderabad
2020-02-16,0.0,24.11,33.77,15.76,35.11,3.15,Hyderabad
2020-02-17,0.0,24.15,34.25,15.29,32.0,3.29,Hyderabad
2020-02-18,0.0,23.37,33.13,14.97,25.43,3.84,Hyderabad
2020-02-19,0.0,23.92,33.55,14.68,33.77,3.01,Hyderabad
2020-02-20,0.0,24.68,33.09,18.18,57.47,4.24,Hyderabad
2020-02-21,0.0,23.87,32.58,16.35,51.78,4.25,Hyderabad
2020-02-22,0.0,24.37,33.56,16.28,51.74,3.86,Hyderabad
2020-02-23,0.0,24.65,33.29,17.04,52.06,3.79,Hyderabad
2020-02-24,0.0,26.43,35.03,17.83,49.06,3.15,Hyderabad
2020-02-25,0.0,25.86,33.71,19.63,48.24,3.48,Hyderabad
2020-02-26,0.0,24.29,32.91,16.33,30.97,3.83,Hyderabad
2020-02-27,0.0,24.07,33.35,15.62,28.3,3.46,Hyderabad
2020-02-28,0.0,24.9,33.0,16.69,46.09,3.26,Hyderabad
2020-02-29,0.0,25.98,32.81,19.37,54.49,2.96,Hyderabad
2020-03-01,2.42,26.74,34.18,19.63,52.48,3.01,Hyderabad
2020-03-02,0.71,27.26,34.13,20.75,44.95,1.99,Hyderabad
2020-03-03,0.0,27.8,34.9,21.38,42.34,2.95,Hyderabad
2020-03-04,0.01,27.99,35.03,21.56,34.47,2.12,Hyderabad
2020-03-05,0.95,27.32,34.05,20.96,47.62,2.63,Hyderabad
2020-03-06,1.68,26.85,33.97,21.22,54.74,4.8,Hyderabad
2020-03-07,1.03,27.05,33.58,20.45,57.54,3.07,Hyderabad
2020-03-08,0.58,27.41,33.95,21.2,52.07,2.31,Hyderabad
2020-03-09,0.12,27.28,33.57,22.05,54.72,2.49,Hyderabad
2020-03-10,0.0,28.47,35.99,21.06,48.42,3.76,Hyderabad
2020-03-11,0.66,28.43,35.19,22.33,50.08,3.76,Hyderabad
2020-03-12,0.42,27.97,35.4,21.34,49.43,3.73,Hyderabad
2020-03-13,0.06,28.38,36.61,20.89,47.98,4.99,Hyderabad
2020-03-14,0.0,28.64,36.74,20.65,44.36,2.78,Hyderabad
2020-03-15,0.0,28.16,35.93,20.26,48.77,3.65,Hyderabad
2020-03-16,0.0,28.13,36.07,20.18,47.8,2.83,Hyderabad
2020-03-17,0.0,28.73,36.91,20.28,44.15,3.62,Hyderabad
2020-03-18,0.06,29.73,37.76,20.64,35.86,1.97,Hyderabad
2020-03-19,5.26,28.32,35.54,22.2,44.03,2.61,Hyderabad
2020-03-20,0.79,28.6,35.9,21.79,47.16,2.67,Hyderabad
2020-03-21,0.0,28.2,36.84,21.04,39.82,3.26,Hyderabad
2020-03-22,0.0,27.71,36.54,20.35,31.9,2.11,Hyderabad
2020-03-23,0.07,28.65,36.4,19.62,38.63,2.62,Hyderabad
2020-03-24,0.0,29.41,37.16,21.55,44.06,3.37,Hyderabad
2020-03-25,0.0,29.58,37.41,21.34,41.97,3.54,Hyderabad
2020-03-26,0.0,29.43,37.22,21.92,42.13,3.04,Hyderabad
2020-03-27,0.0,30.01,38.24,21.84,35.74,3.34,Hyderabad
2020-03-28,0.65,30.51,38.84,21.73,32.69,2.47,Hyderabad
2020-03-29,1.15,31.15,38.7,22.88,34.76,1.67,Hyderabad
2020-03-30,0.05,30.91,38.38,23.33,36.64,2.7,Hyderabad
2020-03-31,0.0,31.54,38.93,23.04,33.89,1.61,Hyderabad
2020-04-01,0.0,31.95,38.48,26.07,31.32,2.29,Hyderabad
2020-04-02,0.11,32.47,39.78,24.24,29.79,2.35,Hyderabad
2020-04-03,0.33,31.72,38.06,26.18,36.5,3.46,Hyderabad
2020-04-04,0.77,29.12,34.44,24.26,42.23,1.93,Hyderabad
2020-04-05,0.0,31.1,39.24,22.2,34.65,3.62,Hyderabad
2020-04-06,2.43,31.34,37.97,25.7,42.15,2.37,Hyderabad
2020-04-07,0.11,31.9,38.12,25.69,39.14,2.58,Hyderabad
2020-04-08,0.01,32.34,39.26,25.8,34.36,2.91,Hyderabad
2020-04-09,4.57,30.81,37.78,23.75,42.28,3.24,Hyderabad
2020-04-10,0.62,30.12,37.18,23.86,44.14,2.97,Hyderabad
2020-04-11,0.0,30.63,37.61,23.28,38.58,2.95,Hyderabad
2020-04-12,0.0,31.7,38.91,25.2,33.31,2.81,Hyderabad
2020-04-13,0.0,32.07,39.85,23.9,32.41,3.2,Hyderabad
2020-04-14,0.0,32.04,39.87,23.92,28.71,3.74,Hyderabad
2020-04-15,0.0,31.57,39.75,23.2,30.19,3.22,Hyderabad
2020-04-16,0.0,32.18,40.26,24.02,28.53,3.41,Hyderabad
2020-04-17,0.11,32.41,40.52,24.04,34.02,3.43,Hyderabad
2020-04-18,0.2,32.7,40.76,24.9,37.07,3.8,Hyderabad
2020-04-19,0.56,32.2,39.55,24.55,37.94,3.34,Hyderabad
2020-04-20,0.97,32.62,39.97,25.33,37.03,3.37,Hyderabad
2020-04-21,0.52,32.59,39.58,26.74,34.35,3.41,Hyderabad
2020-04-22,0.06,32.93,40.68,25.08,35.75,4.48,Hyderabad
2020-04-23,0.0,33.55,40.73,25.26,41.24,3.96,Hyderabad
2020-04-24,0.65,33.64,40.79,26.57,42.65,4.6,Hyderabad
2020-04-25,0.17,33.98,41.06,26.85,39.51,3.62,Hyderabad
2020-04-26,3.28,32.39,38.88,26.33,50.3,4.6,Hyderabad
2020-04-27,2.75,31.02,37.43,25.18,55.19,4.86,Hyderabad
2020-04-28,2.34,30.05,36.65,23.98,54.12,4.11,Hyderabad
2020-04-29,1.02,30.93,38.29,23.82,47.78,3.07,Hyderabad
2020-04-30,0.0,32.38,39.38,25.52,39.26,2.78,Hyderabad
2020-05-01,2.97,32.99,40.55,25.84,40.39,2.62,Hyderabad
2020-05-02,5.94,31.73,38.61,25.03,47.3,2.61,Hyderabad
2020-05-03,0.0,32.77,40.94,25.31,39.84,2.99,Hyderabad
2020-05-04,0.22,33.87,41.08,25.99,38.86,2.49,Hyderabad
2020-05-05,0.0,34.33,41.44,26.52,35.77,3.43,Hyderabad
2020-05-06,0.2,33.89,41.12,27.27,39.63,3.58,Hyderabad
2020-05-07,2.27,32.61,38.69,26.22,45.49,3.99,Hyderabad
2020-05-08,3.64,32.04,37.13,27.16,46.92,3.0,Hyderabad
2020-05-09,0.13,33.41,39.78,26.19,41.13,3.0,Hyderabad
2020-05-10,0.07,32.87,39.16,27.1,39.68,3.08,Hyderabad
2020-05-11,0.0,32.81,39.03,27.04,37.24,3.16,Hyderabad
2020-05-12,4.31,32.45,39.82,25.64,42.94,3.62,Hyderabad
2020-05-13,0.83,31.96,38.54,25.27,46.62,3.34,Hyderabad
2020-05-14,0.0,32.93,40.21,25.2,40.43,3.74,Hyderabad
2020-05-15,0.0,33.44,40.5,25.81,38.22,2.98,Hyderabad
2020-05-16,5.24,33.24,39.29,27.21,43.75,2.42,Hyderabad
2020-05-17,4.36,32.2,37.96,26.63,52.34,2.64,Hyderabad
2020-05-18,0.56,32.86,39.97,26.82,42.75,3.08,Hyderabad
2020-05-19,2.56,33.33,40.62,26.99,34.35,4.91,Hyderabad
2020-05-20,0.0,33.75,41.44,26.43,28.32,3.74,Hyderabad
2020-05-21,0.0,33.04,42.48,24.63,17.84,5.2,Hyderabad
2020-05-22,0.0,33.98,42.51,25.88,18.43,3.64,Hyderabad
2020-05-23,0.0,34.75,42.28,27.48,24.63,2.94,Hyderabad
2020-05-24,0.0,34.19,40.59,27.19,39.13,2.73,Hyderabad
2020-05-25,0.0,34.8,42.25,27.54,38.02,3.59,Hyderabad
2020-05-26,0.0,35.17,42.31,27.63,40.91,3.37,Hyderabad
2020-05-27,0.0,35.93,41.59,30.21,34.75,3.51,Hyderabad
2020-05-28,0.0,37.04,44.14,29.87,26.36,4.0,Hyderabad
2020-05-29,0.96,36.36,42.94,29.3,30.29,4.38,Hyderabad
2020-05-30,2.25,33.47,37.53,29.96,39.98,4.03,Hyderabad
2020-05-31,7.7,31.61,35.62,27.8,51.06,3.03,Hyderabad
2020-06-01,8.15,28.46,31.81,25.76,70.01,1.64,Hyderabad
2020-06-02,12.94,26.02,28.45,24.59,75.77,2.76,Hyderabad
2020-06-03,3.82,27.05,30.0,24.31,75.31,4.09,Hyderabad
2020-06-04,1.42,28.92,35.37,23.28,63.84,6.5,Hyderabad
2020-06-05,0.43,29.92,36.49,24.31,57.46,4.76,Hyderabad
2020-06-06,0.0,30.06,36.88,23.7,51.0,6.04,Hyderabad
2020-06-07,0.0,30.14,35.73,24.66,53.75,5.39,Hyderabad
2020-06-08,0.0,30.42,36.6,25.76,50.88,5.35,Hyderabad
2020-06-09,5.62,30.18,36.4,24.04,50.68,4.58,Hyderabad
2020-06-10,24.41,28.15,32.91,24.31,72.59,4.33,Hyderabad
2020-06-11,28.85,25.58,28.35,22.68,82.61,6.29,Hyderabad
2020-06-12,5.56,24.48,27.62,22.13,80.39,5.05,Hyderabad
2020-06-13,0.1,27.37,32.95,22.67,71.55,6.03,Hyderabad
2020-06-14,0.75,27.88,33.42,23.39,69.76,4.58,Hyderabad
2020-06-15,2.74,28.11,32.41,23.54,70.47,5.89,Hyderabad
2020-06-16,8.34,27.6,32.04,23.79,75.42,5.26,Hyderabad
2020-06-17,11.84,26.76,30.6,24.34,78.38,6.17,Hyderabad
2020-06-18,9.3,27.35,32.57,23.18,72.86,6.37,Hyderabad
2020-06-19,0.99,27.5,32.87,23.16,73.26,6.07,Hyderabad
2020-06-20,3.37,26.86,30.76,23.95,74.46,6.2,Hyderabad
2020-06-21,0.55,26.55,30.49,23.54,75.31,6.03,Hyderabad
2020-06-22,1.03,27.53,32.39,23.51,70.05,5.79,Hyderabad
2020-06-23,1.31,27.3,31.0,23.08,71.25,4.17,Hyderabad
2020-06-24,0.53,28.71,34.29,23.14,65.54,2.66,Hyderabad
2020-06-25,0.59,28.87,34.34,24.22,64.04,3.28,Hyderabad
2020-06-26,0.07,28.65,34.3,23.5,67.8,3.02,Hyderabad
2020-06-27,15.65,27.87,32.21,24.5,75.38,2.47,Hyderabad
2020-06-28,9.62,26.99,30.65,24.6,82.55,2.09,Hyderabad
2020-06-29,15.88,26.16,29.81,23.72,84.38,2.19,Hyderabad
2020-06-30,1.4,26.86,30.59,23.49,80.84,1.55,Hyderabad
2020-07-01,4.04,27.24,32.46,23.01,76.6,4.12,Hyderabad
2020-07-02,19.25,25.56,28.24,22.57,81.86,6.14,Hyderabad
2020-07-03,5.62,25.88,29.59,22.79,81.11,6.41,Hyderabad
2020-07-04,6.48,24.29,26.38,22.08,84.91,5.79,Hyderabad
2020-07-05,11.46,25.59,29.85,22.38,80.0,7.06,Hyderabad
2020-07-06,2.55,25.51,29.21,22.38,80.82,5.28,Hyderabad
2020-07-07,1.31,26.14,30.08,21.88,78.17,5.42,Hyderabad
2020-07-08,2.52,27.11,32.37,22.27,75.73,4.18,Hyderabad
2020-07-09,4.82,25.75,29.34,22.66,78.63,4.16,Hyderabad
2020-07-10,17.71,25.35,28.29,23.31,83.47,4.76,Hyderabad
2020-07-11,1.16,26.28,30.66,23.13,79.78,4.15,Hyderabad
2020-07-12,5.36,26.18,30.61,22.58,78.87,4.39,Hyderabad
2020-07-13,11.08,24.92,28.13,22.82,87.2,3.71,Hyderabad
2020-07-14,11.66,24.85,27.61,22.27,87.13,2.26,Hyderabad
2020-07-15,32.2,24.88,28.05,22.58,88.33,4.84,Hyderabad
2020-07-16,6.41,25.1,29.55,21.83,82.96,7.23,Hyderabad
2020-07-17,1.32,25.68,31.0,20.87,79.13,4.78,Hyderabad
2020-07-18,0.59,26.3,31.02,22.6,80.84,3.09,Hyderabad
2020-07-19,13.17,26.16,30.2,23.23,85.07,2.9,Hyderabad
2020-07-20,5.13,26.22,30.61,22.85,83.06,3.62,Hyderabad
2020-07-21,2.27,26.07,29.61,22.97,84.41,2.37,Hyderabad
2020-07-22,14.85,26.05,29.58,23.41,85.43,3.04,Hyderabad
2020-07-23,19.3,24.75,27.43,22.84,88.12,2.26,Hyderabad
2020-07-24,16.41,24.42,26.93,22.37,89.86,2.87,Hyderabad
2020-07-25,2.17,24.78,28.3,21.84,85.85,2.77,Hyderabad
2020-07-26,0.02,25.62,30.32,21.61,79.99,3.31,Hyderabad
2020-07-27,0.0,26.07,29.77,22.53,81.76,3.93,Hyderabad
2020-07-28,11.63,25.73,28.74,23.38,87.42,2.57,Hyderabad
2020-07-29,9.57,26.07,29.89,23.26,84.93,2.25,Hyderabad
2020-07-30,2.62,26.8,31.25,23.01,81.06,2.23,Hyderabad
2020-07-31,7.07,26.39,29.84,23.52,85.36,2.86,Hyderabad
2020-08-01,11.3,25.96,29.4,23.17,86.1,2.87,Hyderabad
2020-08-02,6.18,25.97,30.23,22.97,86.15,4.27,Hyderabad
2020-08-03,6.4,24.93,28.16,22.79,88.64,5.47,Hyderabad
2020-08-04,3.22,24.97,28.22,22.12,86.51,7.6,Hyderabad
2020-08-05,4.03,25.04,27.96,23.03,88.27,6.0,Hyderabad
2020-08-06,1.17,26.41,31.0,22.81,82.3,5.84,Hyderabad
2020-08-07,1.89,26.03,29.55,23.05,84.99,5.03,Hyderabad
2020-08-08,0.22,25.81,29.69,23.11,84.65,4.98,Hyderabad
2020-08-09,8.61,25.33,28.65,23.08,86.07,5.56,Hyderabad
2020-08-10,17.09,25.29,28.79,22.79,84.75,5.28,Hyderabad
2020-08-11,6.35,25.43,29.37,22.67,85.34,5.55,Hyderabad
2020-08-12,19.9,24.54,27.22,22.84,88.65,6.31,Hyderabad
2020-08-13,28.81,24.57,28.15,22.2,88.66,7.0,Hyderabad
2020-08-14,16.82,24.32,27.71,22.02,87.73,7.55,Hyderabad
2020-08-15,48.39,23.92,26.14,22.08,91.99,6.76,Hyderabad
2020-08-16,27.44,24.17,27.37,22.25,89.18,6.34,Hyderabad
2020-08-17,6.02,24.73,28.59,21.74,85.76,6.39,Hyderabad
2020-08-18,3.71,25.28,29.35,22.39,86.92,5.42,Hyderabad
2020-08-19,24.88,25.06,28.53,22.42,88.98,4.52,Hyderabad
2020-08-20,17.38,24.74,27.41,22.71,90.22,6.49,Hyderabad
2020-08-21,6.81,25.04,28.53,22.45,87.83,6.58,Hyderabad
2020-08-22,0.56,25.21,28.91,22.36,87.39,5.16,Hyderabad
2020-08-23,2.32,25.79,29.94,22.35,85.44,3.8,Hyderabad
2020-08-24,1.03,25.71,29.73,22.49,85.91,4.08,Hyderabad
2020-08-25,2.42,25.71,29.07,22.96,85.53,3.32,Hyderabad
2020-08-26,6.06,24.92,27.18,23.22,89.34,2.99,Hyderabad
2020-08-27,7.22,24.23,26.68,22.29,90.86,3.25,Hyderabad
2020-08-28,1.07,24.9,28.61,21.84,86.84,3.34,Hyderabad
2020-08-29,3.89,25.75,30.05,22.63,85.18,3.97,Hyderabad
2020-08-30,0.46,25.47,29.14,22.56,85.73,3.71,Hyderabad
2020-08-31,0.0,25.46,29.04,22.05,84.37,3.02,Hyderabad
2020-09-01,0.01,25.45,28.7,22.99,89.69,3.35,Hyderabad
2020-09-02,8.39,24.44,27.17,22.34,90.96,2.74,Hyderabad
2020-09-03,0.33,24.38,27.23,21.77,88.68,1.79,Hyderabad
2020-09-04,0.21,25.29,29.31,22.07,88.03,2.76,Hyderabad
2020-09-05,0.36,25.94,29.94,22.47,84.5,2.09,Hyderabad
2020-09-06,0.72,25.82,29.98,22.37,83.88,2.21,Hyderabad
2020-09-07,0.51,26.35,31.19,22.46,80.4,1.87,Hyderabad
2020-09-08,2.72,26.13,29.98,22.66,82.93,1.42,Hyderabad
2020-09-09,0.94,25.86,29.33,22.39,85.19,1.76,Hyderabad
2020-09-10,3.64,25.88,28.92,22.5,82.84,1.24,Hyderabad
2020-09-11,3.59,25.8,29.7,22.48,84.5,1.95,Hyderabad
2020-09-12,14.16,24.61,27.93,22.08,88.85,2.76,Hyderabad
2020-09-13,33.01,24.52,27.77,22.0,91.54,3.33,Hyderabad
2020-09-14,19.34,24.99,28.14,22.89,90.18,3.51,Hyderabad
2020-09-15,15.1,25.3,28.71,22.88,91.64,2.91,Hyderabad
2020-09-16,16.19,25.79,29.55,22.56,88.03,2.26,Hyderabad
2020-09-17,15.35,25.6,29.25,22.61,90.02,1.69,Hyderabad
2020-09-18,4.74,26.13,28.94,23.18,86.8,1.28,Hyderabad
2020-09-19,9.82,25.54,28.1,23.34,90.06,2.1,Hyderabad
2020-09-20,11.84,24.69,26.74,22.81,92.97,3.52,Hyderabad
2020-09-21,3.32,24.41,27.27,22.51,90.89,5.3,Hyderabad
2020-09-22,3.31,23.97,27.1,21.62,91.53,5.59,Hyderabad
2020-09-23,0.1,24.5,29.05,20.78,86.41,5.67,Hyderabad
2020-09-24,0.12,24.71,29.04,20.92,88.75,4.47,Hyderabad
2020-09-25,25.1,25.08,28.53,22.53,90.78,3.24,Hyderabad
2020-09-26,17.49,24.36,26.78,22.55,93.6,4.27,Hyderabad
2020-09-27,0.5,23.32,26.88,20.87,85.93,3.81,Hyderabad
2020-09-28,0.05,24.39,28.6,20.58,87.33,3.04,Hyderabad
2020-09-29,1.99,24.26,27.14,22.05,91.29,3.23,Hyderabad
2020-09-30,1.97,24.01,26.83,22.06,91.15,3.16,Hyderabad
2020-10-01,2.3,24.16,27.86,21.39,87.8,4.15,Hyderabad
2020-10-02,0.16,24.23,27.99,21.16,88.61,3.95,Hyderabad
2020-10-03,0.0,24.85,28.85,22.38,87.26,3.58,Hyderabad
2020-10-04,0.0,24.01,27.85,20.78,86.85,4.24,Hyderabad
2020-10-05,0.0,24.35,28.0,21.7,88.16,4.28,Hyderabad
2020-10-06,0.04,23.78,27.99,21.04,82.12,3.97,Hyderabad
2020-10-07,1.98,22.05,26.12,18.89,84.17,3.98,Hyderabad
2020-10-08,0.55,23.76,28.11,19.39,86.45,2.4,Hyderabad
2020-10-09,7.06,25.12,28.84,21.79,87.47,1.97,Hyderabad
2020-10-10,3.23,25.25,29.06,22.26,87.23,1.25,Hyderabad
2020-10-11,10.09,24.21,26.68,22.65,92.84,2.55,Hyderabad
2020-10-12,1.61,24.05,26.59,22.26,90.53,2.04,Hyderabad
2020-10-13,65.73,24.03,26.74,22.21,92.66,5.84,Hyderabad
2020-10-14,32.61,24.75,27.97,22.69,92.86,4.31,Hyderabad
2020-10-15,3.93,24.82,28.28,22.64,90.92,3.09,Hyderabad
2020-10-16,1.77,25.13,28.86,21.74,86.06,2.13,Hyderabad
2020-10-17,12.54,25.31,29.44,21.42,86.23,1.33,Hyderabad
2020-10-18,17.32,25.18,28.64,22.89,88.22,2.56,Hyderabad
2020-10-19,9.11,24.61,27.76,22.24,90.58,2.55,Hyderabad
2020-10-20,9.01,24.53,27.6,22.33,91.32,1.97,Hyderabad
2020-10-21,2.26,24.67,28.22,21.73,89.51,2.04,Hyderabad
2020-10-22,0.16,24.28,28.62,21.42,86.04,2.78,Hyderabad
2020-10-23,0.0,24.62,28.72,20.34,82.76,2.09,Hyderabad
2020-10-24,0.0,24.84,29.18,21.05,78.95,1.79,Hyderabad
2020-10-25,0.02,24.17,28.53,20.97,83.28,2.27,Hyderabad
2020-10-26,0.0,22.47,27.42,18.95,84.34,2.87,Hyderabad
2020-10-27,0.0,22.0,27.28,17.66,83.57,3.12,Hyderabad
2020-10-28,0.0,21.99,27.45,17.39,81.08,2.71,Hyderabad
2020-10-29,0.0,22.08,27.11,17.84,81.98,2.64,Hyderabad
2020-10-30,0.0,22.36,27.67,18.65,83.92,2.98,Hyderabad
2020-10-31,0.0,21.7,27.27,17.72,83.34,3.08,Hyderabad
2020-11-01,0.0,21.02,27.13,15.8,82.45,3.18,Hyderabad
2020-11-02,0.0,22.49,27.92,17.73,86.95,3.34,Hyderabad
2020-11-03,0.03,22.41,28.04,18.28,86.91,3.73,Hyderabad
2020-11-04,0.0,20.04,26.5,15.63,76.81,3.79,Hyderabad
2020-11-05,0.0,19.66,26.55,13.93,70.55,3.24,Hyderabad
2020-11-06,0.1,20.67,26.35,14.48,82.8,3.07,Hyderabad
2020-11-07,0.06,22.53,27.32,18.8,88.92,3.19,Hyderabad
2020-11-08,0.0,20.86,27.09,15.98,81.79,3.05,Hyderabad
2020-11-09,0.0,18.11,25.09,12.79,79.21,3.25,Hyderabad
2020-11-10,0.0,17.75,25.04,12.04,81.19,3.31,Hyderabad
2020-11-11,0.76,19.99,26.74,13.03,85.99,3.64,Hyderabad
2020-11-12,1.31,22.43,26.68,19.02,91.5,3.63,Hyderabad
2020-11-13,0.01,22.93,27.59,19.28,87.57,3.13,Hyderabad
2020-11-14,0.0,21.99,27.79,17.82,85.19,2.36,Hyderabad
2020-11-15,0.0,22.12,27.24,17.73,87.14,3.23,Hyderabad
2020-11-16,0.01,22.52,27.01,19.95,87.15,3.6,Hyderabad
2020-11-17,0.01,21.98,27.08,18.21,86.55,3.21,Hyderabad
2020-11-18,0.0,21.73,26.75,18.2,88.88,2.84,Hyderabad
2020-11-19,0.0,22.46,27.28,18.6,87.47,2.75,Hyderabad
2020-11-20,0.0,23.28,28.35,18.9,85.02,2.23,Hyderabad
2020-11-21,0.0,23.24,27.63,20.24,86.04,1.99,Hyderabad
2020-11-22,0.0,21.83,26.12,18.02,85.09,3.5,Hyderabad
2020-11-23,0.0,20.08,26.05,15.72,81.4,3.03,Hyderabad
2020-11-24,0.0,19.55,26.14,13.78,79.27,2.84,Hyderabad
2020-11-25,0.29,20.05,26.0,14.31,83.14,3.75,Hyderabad
2020-11-26,4.23,19.5,21.6,17.61,92.69,4.48,Hyderabad
2020-11-27,5.66,19.7,22.84,17.61,90.39,5.86,Hyderabad
2020-11-28,0.74,21.1,25.74,17.53,89.58,4.67,Hyderabad
2020-11-29,0.02,22.03,26.57,18.6,87.15,3.18,Hyderabad
2020-11-30,0.0,21.51,27.07,17.48,84.29,2.0,Hyderabad
2020-12-01,0.0,20.99,26.21,17.6,82.88,1.99,Hyderabad
2020-12-02,0.0,20.48,26.15,16.59,81.67,2.24,Hyderabad
2020-12-03,0.0,19.91,26.58,14.54,81.26,2.46,Hyderabad
2020-12-04,0.0,20.33,27.02,15.0,82.8,2.33,Hyderabad
2020-12-05,0.0,20.05,26.46,15.72,81.39,2.7,Hyderabad
2020-12-06,0.0,19.27,26.23,13.84,74.47,2.74,Hyderabad
2020-12-07,0.0,19.43,26.51,13.87,73.81,2.84,Hyderabad
2020-12-08,0.0,19.63,26.27,14.42,76.83,2.38,Hyderabad
2020-12-09,0.0,20.05,26.36,16.03,75.35,1.72,Hyderabad
2020-12-10,0.0,19.63,25.82,15.58,78.08,2.06,Hyderabad
2020-12-11,0.0,19.04,26.09,13.7,80.44,2.52,Hyderabad
2020-12-12,0.0,19.15,25.8,13.31,83.56,2.7,Hyderabad
2020-12-13,0.0,19.59,25.58,14.72,83.11,2.36,Hyderabad
2020-12-14,0.0,19.87,25.72,15.37,83.02,2.61,Hyderabad
2020-12-15,0.0,19.76,25.51,15.48,84.22,3.05,Hyderabad
2020-12-16,0.0,20.25,25.79,16.43,85.66,2.75,Hyderabad
2020-12-17,0.0,20.61,26.47,16.51,83.01,2.08,Hyderabad
2020-12-18,0.0,19.47,25.76,14.62,81.84,2.79,Hyderabad
2020-12-19,0.0,18.04,24.51,12.31,78.81,3.07,Hyderabad
2020-12-20,0.0,16.95,23.83,12.06,72.48,3.0,Hyderabad
2020-12-21,0.0,16.21,23.59,9.94,61.43,2.33,Hyderabad
2020-12-22,0.0,16.81,23.59,11.36,64.48,1.85,Hyderabad
2020-12-23,0.0,16.76,23.96,11.55,79.48,2.32,Hyderabad
2020-12-24,0.0,16.96,24.15,11.02,80.77,2.54,Hyderabad
2020-12-25,0.0,18.14,24.79,13.56,79.93,2.48,Hyderabad
2020-12-26,0.0,18.42,25.19,14.02,79.78,2.07,Hyderabad
2020-12-27,0.0,18.57,25.62,14.27,72.49,1.53,Hyderabad
2020-12-28,0.0,18.18,25.63,12.2,80.22,2.38,Hyderabad
2020-12-29,0.0,18.7,25.68,14.12,78.48,2.3,Hyderabad
2020-12-30,0.0,18.58,25.44,13.23,82.33,2.72,Hyderabad
2020-12-31,0.0,19.22,25.34,14.59,84.83,2.68,Hyderabad
2021-01-01,0.01,19.23,24.76,15.47,86.43,2.87,Hyderabad
2021-01-02,0.0,18.29,23.48,14.29,87.87,2.83,Hyderabad
2021-01-03,0.0,17.98,24.42,13.32,83.71,2.96,Hyderabad
2021-01-04,0.0,18.42,25.08,13.98,82.88,3.19,Hyderabad
2021-01-05,0.0,20.39,26.52,15.51,85.31,2.91,Hyderabad
2021-01-06,0.71,21.86,26.48,18.6,87.96,2.73,Hyderabad
2021-01-07,0.39,22.06,26.63,18.87,86.52,2.79,Hyderabad
2021-01-08,0.02,21.7,27.06,18.35,80.89,3.48,Hyderabad
2021-01-09,0.0,20.58,26.61,16.67,77.24,3.56,Hyderabad
2021-01-10,0.0,21.03,27.26,15.96,73.59,2.58,Hyderabad
2021-01-11,0.0,21.86,28.19,16.88,70.32,2.32,Hyderabad
2021-01-12,0.0,22.73,28.67,18.16,74.11,2.28,Hyderabad
2021-01-13,0.0,21.9,28.11,16.82,76.56,2.32,Hyderabad
2021-01-14,0.0,21.37,27.93,17.08,72.56,2.29,Hyderabad
2021-01-15,0.0,21.0,28.08,15.8,76.0,2.21,Hyderabad
2021-01-16,0.0,21.2,27.87,15.94,77.04,2.43,Hyderabad
2021-01-17,0.0,21.28,27.82,17.32,73.32,2.52,Hyderabad
2021-01-18,0.0,20.9,27.59,15.93,80.98,2.75,Hyderabad
2021-01-19,0.0,21.59,28.68,16.83,77.71,2.36,Hyderabad
2021-01-20,0.0,21.97,29.72,15.68,70.6,1.95,Hyderabad
2021-01-21,0.0,22.24,30.28,15.67,66.83,1.97,Hyderabad
2021-01-22,0.0,21.66,28.8,16.12,68.54,2.39,Hyderabad
2021-01-23,0.0,21.3,28.96,15.78,64.7,1.98,Hyderabad
2021-01-24,0.0,21.98,30.56,14.94,69.78,2.25,Hyderabad
2021-01-25,0.0,22.02,30.5,15.18,68.92,2.1,Hyderabad
2021-01-26,0.0,22.18,30.5,15.55,67.85,2.34,Hyderabad
2021-01-27,0.0,21.93,29.5,15.56,70.07,2.74,Hyderabad
2021-01-28,0.0,21.93,28.88,16.7,73.48,3.34,Hyderabad
2021-01-29,0.0,22.67,29.02,17.52,73.4,2.8,Hyderabad
2021-01-30,0.0,22.48,28.78,16.9,71.91,1.94,Hyderabad
2021-01-31,0.0,21.34,28.8,15.0,61.0,2.5,Hyderabad
2021-02-01,0.0,20.2,27.56,14.39,65.22,2.6,Hyderabad
2021-02-02,0.0,19.71,28.6,11.97,45.16,2.54,Hyderabad
2021-02-03,0.0,20.85,28.57,15.27,52.69,2.09,Hyderabad
2021-02-04,0.0,20.51,28.85,14.15,58.63,2.78,Hyderabad
2021-02-05,0.0,20.76,29.62,13.26,61.55,2.5,Hyderabad
2021-02-06,0.0,20.97,29.97,13.59,58.19,2.44,Hyderabad
2021-02-07,0.0,19.82,28.64,13.2,49.88,3.94,Hyderabad
2021-02-08,0.0,19.72,28.35,11.1,47.68,3.26,Hyderabad
2021-02-09,0.0,21.66,30.08,16.12,46.2,1.79,Hyderabad
2021-02-10,0.0,21.65,30.84,14.84,50.47,1.98,Hyderabad
2021-02-11,0.0,21.42,30.93,13.63,58.63,2.95,Hyderabad
2021-02-12,0.0,21.86,30.86,14.78,62.35,2.92,Hyderabad
2021-02-13,0.0,21.84,30.74,14.26,60.95,3.19,Hyderabad
2021-02-14,0.0,22.11,30.79,14.46,57.45,2.97,Hyderabad
2021-02-15,0.0,22.8,31.27,15.54,53.93,2.58,Hyderabad
2021-02-16,0.0,23.2,31.97,15.86,50.74,3.38,Hyderabad
2021-02-17,0.0,22.93,31.65,15.73,54.74,3.97,Hyderabad
2021-02-18,0.08,22.45,29.88,16.4,65.61,3.6,Hyderabad
2021-02-19,1.69,21.81,27.44,17.49,69.61,2.67,Hyderabad
2021-02-20,0.11,21.95,28.81,16.38,63.58,3.72,Hyderabad
2021-02-21,0.0,22.32,29.51,16.63,67.98,3.32,Hyderabad
2021-02-22,0.01,23.67,30.78,17.36,62.84,1.83,Hyderabad
2021-02-23,0.0,24.47,32.64,17.75,45.37,2.61,Hyderabad
2021-02-24,0.0,24.73,33.56,17.51,36.64,2.41,Hyderabad
2021-02-25,0.0,25.89,34.63,18.93,34.31,1.78,Hyderabad
2021-02-26,0.0,26.72,35.17,20.71,30.95,1.62,Hyderabad
2021-02-27,0.0,26.46,35.29,19.36,34.82,2.16,Hyderabad
2021-02-28,0.0,26.66,35.24,20.42,31.0,1.84,Hyderabad
2021-03-01,0.0,27.1,35.99,20.17,33.2,2.42,Hyderabad
2021-03-02,0.0,26.59,35.22,18.45,35.96,3.23,Hyderabad
2021-03-03,0.0,25.82,35.35,16.83,28.39,3.51,Hyderabad
2021-03-04,0.0,25.5,35.64,16.93,29.38,2.87,Hyderabad
2021-03-05,0.0,25.61,35.71,16.65,36.01,2.73,Hyderabad
2021-03-06,0.0,26.44,36.96,17.05,29.78,2.38,Hyderabad
2021-03-07,0.0,26.56,36.43,17.57,32.64,3.15,Hyderabad
2021-03-08,0.0,26.65,35.9,18.01,35.07,3.76,Hyderabad
2021-03-09,0.0,26.56,35.44,17.82,44.27,3.66,Hyderabad
2021-03-10,0.0,27.11,36.29,18.84,38.74,3.53,Hyderabad
2021-03-11,0.0,26.66,36.01,18.43,35.43,4.06,Hyderabad
2021-03-12,0.0,26.3,35.63,18.34,32.55,3.99,Hyderabad
2021-03-13,0.0,26.15,35.6,17.95,31.89,3.21,Hyderabad
2021-03-14,0.0,26.73,36.51,17.67,30.17,3.23,Hyderabad
2021-03-15,0.0,27.43,36.54,18.87,32.99,2.91,Hyderabad
2021-03-16,0.0,28.01,36.48,19.94,34.9,2.73,Hyderabad
2021-03-17,0.0,28.8,37.03,20.88,34.15,2.66,Hyderabad
2021-03-18,0.0,29.01,37.21,20.74,37.62,3.21,Hyderabad
2021-03-19,0.0,27.76,34.35,22.56,36.91,2.26,Hyderabad
2021-03-20,0.0,28.65,36.43,20.92,35.97,2.57,Hyderabad
2021-03-21,0.0,29.05,37.21,20.93,32.58,2.59,Hyderabad
2021-03-22,0.0,29.59,37.02,21.59,32.38,3.31,Hyderabad
2021-03-23,0.0,29.49,37.61,22.07,34.75,3.24,Hyderabad
2021-03-24,0.0,29.7,37.57,21.5,30.79,2.59,Hyderabad
2021-03-25,0.0,30.07,36.74,23.21,26.59,3.34,Hyderabad
2021-03-26,0.0,29.88,38.05,23.01,24.91,3.27,Hyderabad
2021-03-27,0.0,30.31,39.23,21.92,24.33,2.31,Hyderabad
2021-03-28,0.0,30.66,39.63,23.59,22.48,1.96,Hyderabad
2021-03-29,0.0,30.37,39.85,21.5,27.59,2.59,Hyderabad
2021-03-30,0.0,31.0,40.68,21.62,22.4,3.16,Hyderabad
2021-03-31,0.0,30.98,41.17,22.22,13.75,4.59,Hyderabad
2021-04-01,0.0,31.29,40.76,22.47,18.24,3.9,Hyderabad
2021-04-02,0.0,31.38,40.6,22.78,17.14,3.53,Hyderabad
2021-04-03,0.0,31.92,40.64,22.29,15.31,1.64,Hyderabad
2021-04-04,0.01,31.1,39.61,22.85,26.84,2.41,Hyderabad
2021-04-05,0.0,30.57,39.42,22.01,26.82,3.34,Hyderabad
2021-04-06,0.05,30.81,39.44,22.34,42.01,3.66,Hyderabad
2021-04-07,0.0,31.35,39.88,22.35,33.15,3.25,Hyderabad
2021-04-08,0.0,32.14,39.76,24.79,28.92,2.6,Hyderabad
2021-04-09,0.01,31.11,37.58,24.91,33.9,2.29,Hyderabad
2021-04-10,0.13,30.09,37.03,23.63,42.51,3.8,Hyderabad
2021-04-11,0.05,30.44,37.92,22.48,40.95,3.44,Hyderabad
2021-04-12,4.0,30.74,37.94,22.91,40.08,2.59,Hyderabad
2021-04-13,4.44,30.51,37.37,23.78,45.2,2.55,Hyderabad
2021-04-14,3.4,28.88,34.14,24.5,53.71,2.1,Hyderabad
2021-04-15,0.06,29.65,36.39,22.51,48.18,1.84,Hyderabad
2021-04-16,0.0,30.32,37.94,22.76,43.38,3.41,Hyderabad
2021-04-17,0.0,30.99,39.05,22.58,39.42,3.23,Hyderabad
2021-04-18,0.01,32.02,38.76,25.17,38.17,2.57,Hyderabad
2021-04-19,0.07,32.75,39.59,24.91,36.86,2.8,Hyderabad
2021-04-20,0.45,32.94,40.07,26.6,38.24,4.78,Hyderabad
2021-04-21,0.94,32.32,38.67,25.77,39.44,3.95,Hyderabad
2021-04-22,1.72,31.43,36.96,26.07,43.56,2.5,Hyderabad
2021-04-23,4.03,29.33,33.53,24.88,53.74,2.26,Hyderabad
2021-04-24,0.03,30.63,37.95,24.24,42.92,2.66,Hyderabad
2021-04-25,0.0,31.37,39.32,22.88,41.47,2.87,Hyderabad
2021-04-26,0.05,31.34,37.01,25.51,41.03,2.3,Hyderabad
2021-04-27,0.07,32.68,39.35,26.43,35.64,2.22,Hyderabad
2021-04-28,0.1,32.52,38.6,25.91,37.96,1.95,Hyderabad
2021-04-29,0.02,33.45,40.48,26.26,31.99,2.28,Hyderabad
2021-04-30,0.0,33.29,40.28,26.18,32.99,3.4,Hyderabad
2021-05-01,2.28,32.04,39.23,24.86,40.19,3.75,Hyderabad
2021-05-02,0.16,31.78,39.02,23.99,42.03,2.61,Hyderabad
2021-05-03,1.23,31.63,38.2,24.76,40.08,1.98,Hyderabad
2021-05-04,1.82,31.4,37.93,24.54,41.31,2.61,Hyderabad
2021-05-05,0.74,31.87,38.56,24.9,42.64,2.83,Hyderabad
2021-05-06,0.36,32.15,38.85,25.05,43.69,4.56,Hyderabad
2021-05-07,0.02,32.45,38.95,26.15,41.59,4.26,Hyderabad
2021-05-08,0.05,32.02,38.69,25.87,44.77,3.64,Hyderabad
2021-05-09,0.0,32.89,39.67,25.58,40.17,3.25,Hyderabad
2021-05-10,1.99,32.87,38.03,27.36,44.17,2.88,Hyderabad
2021-05-11,4.71,33.0,38.21,28.01,46.8,2.54,Hyderabad
2021-05-12,1.05,33.52,40.22,26.87,44.56,2.86,Hyderabad
2021-05-13,1.95,32.04,37.62,27.07,46.28,4.24,Hyderabad
2021-05-14,0.3,32.34,38.84,26.27,47.03,3.2,Hyderabad
2021-05-15,0.03,29.63,35.13,25.0,62.84,7.74,Hyderabad
2021-05-16,0.8,28.1,33.06,25.34,70.35,6.9,Hyderabad
2021-05-17,1.16,28.57,33.05,24.32,66.8,5.33,Hyderabad
2021-05-18,0.46,29.48,33.42,25.63,62.85,4.61,Hyderabad
2021-05-19,3.11,29.72,34.68,25.45,60.97,4.34,Hyderabad
2021-05-20,1.86,28.66,32.08,25.42,65.62,3.83,Hyderabad
2021-05-21,1.22,30.19,36.41,24.61,57.1,3.0,Hyderabad
2021-05-22,1.78,30.55,37.32,24.95,54.26,3.27,Hyderabad
2021-05-23,0.91,32.13,39.47,24.47,45.03,3.63,Hyderabad
2021-05-24,0.76,32.29,37.47,27.36,40.33,4.45,Hyderabad
2021-05-25,0.0,33.26,40.07,27.4,29.61,5.83,Hyderabad
2021-05-26,0.01,34.16,40.71,27.3,33.48,7.1,Hyderabad
2021-05-27,0.24,34.29,40.34,28.77,33.71,6.85,Hyderabad
2021-05-28,0.59,32.79,37.55,27.94,43.76,5.98,Hyderabad
2021-05-29,2.18,32.22,37.5,26.62,48.82,4.85,Hyderabad
2021-05-30,0.03,32.8,38.5,27.38,46.46,3.29,Hyderabad
2021-05-31,2.72,32.06,38.5,26.23,50.0,3.47,Hyderabad
2021-06-01,8.43,30.77,36.62,25.26,60.7,2.16,Hyderabad
2021-06-02,14.82,28.06,31.15,25.6,75.52,3.25,Hyderabad
2021-06-03,11.82,26.67,29.8,24.38,79.22,2.28,Hyderabad
2021-06-04,10.29,27.19,31.32,24.22,73.69,2.18,Hyderabad
2021-06-05,5.34,27.81,33.48,23.05,69.73,3.31,Hyderabad
2021-06-06,1.81,28.58,34.2,23.53,65.44,3.52,Hyderabad
2021-06-07,0.58,29.24,34.4,24.69,63.75,3.82,Hyderabad
2021-06-08,6.99,28.8,33.02,24.64,66.44,4.47,Hyderabad
2021-06-09,9.94,27.56,31.24,24.56,72.85,5.68,Hyderabad
2021-06-10,11.14,26.29,31.05,23.81,77.51,7.34,Hyderabad
2021-06-11,0.84,27.03,33.35,21.37,65.73,7.35,Hyderabad
2021-06-12,3.19,27.61,33.53,22.97,69.2,5.36,Hyderabad
2021-06-13,20.24,26.27,30.0,23.98,82.5,6.22,Hyderabad
2021-06-14,2.31,25.28,28.29,22.77,79.89,6.24,Hyderabad
2021-06-15,6.18,27.39,33.3,22.88,67.9,7.13,Hyderabad
2021-06-16,2.0,26.09,30.56,22.23,72.1,6.86,Hyderabad
2021-06-17,2.96,26.19,30.28,22.41,73.07,7.51,Hyderabad
2021-06-18,1.38,27.3,31.94,23.41,70.49,7.57,Hyderabad
2021-06-19,1.34,27.37,32.7,23.13,69.29,7.18,Hyderabad
2021-06-20,0.05,27.51,33.11,22.91,66.82,6.61,Hyderabad
2021-06-21,0.0,27.74,32.94,23.0,66.17,5.28,Hyderabad
2021-06-22,0.16,27.15,30.61,24.25,68.93,4.49,Hyderabad
2021-06-23,4.56,26.54,31.88,23.26,69.73,5.17,Hyderabad
2021-06-24,1.41,27.01,31.79,23.01,66.75,5.73,Hyderabad
2021-06-25,0.61,27.34,33.96,22.39,64.12,6.5,Hyderabad
2021-06-26,8.0,25.91,29.22,22.87,76.85,5.26,Hyderabad
2021-06-27,8.15,25.98,29.42,23.29,80.74,3.51,Hyderabad
2021-06-28,14.19,26.76,30.47,23.38,81.14,1.45,Hyderabad
2021-06-29,4.64,27.57,31.18,23.56,74.06,2.15,Hyderabad
2021-06-30,3.13,28.22,32.99,23.69,74.4,3.84,Hyderabad
2021-07-01,21.61,26.18,28.51,24.07,83.26,3.45,Hyderabad
2021-07-02,2.81,25.8,29.71,22.82,78.61,4.53,Hyderabad
2021-07-03,0.02,26.63,30.98,22.88,75.62,3.97,Hyderabad
2021-07-04,0.89,27.08,31.95,23.4,76.58,3.86,Hyderabad
2021-07-05,0.66,27.54,31.51,23.53,75.7,2.06,Hyderabad
2021-07-06,4.43,27.38,31.05,24.32,76.26,2.11,Hyderabad
2021-07-07,8.22,27.64,31.77,24.03,77.52,2.45,Hyderabad
2021-07-08,18.77,25.44,27.89,23.61,87.49,2.07,Hyderabad
2021-07-09,4.57,26.48,31.4,22.58,79.79,2.04,Hyderabad
2021-07-10,4.69,25.5,28.86,23.25,83.13,3.11,Hyderabad
2021-07-11,16.44,25.28,29.13,22.24,86.04,3.09,Hyderabad
2021-07-12,15.8,25.63,29.61,22.65,84.83,3.09,Hyderabad
2021-07-13,22.08,25.12,29.02,23.02,87.0,5.05,Hyderabad
2021-07-14,48.16,24.53,28.12,21.79,86.83,6.38,Hyderabad
2021-07-15,14.27,26.08,30.56,22.55,83.37,4.48,Hyderabad
2021-07-16,10.54,26.58,31.26,22.85,82.91,1.77,Hyderabad
2021-07-17,6.33,26.73,30.39,23.24,84.21,2.58,Hyderabad
2021-07-18,12.76,26.55,29.74,24.14,86.91,1.54,Hyderabad
2021-07-19,5.17,26.04,29.96,23.11,83.68,5.62,Hyderabad
2021-07-20,6.46,24.88,27.76,22.77,84.54,7.62,Hyderabad
2021-07-21,20.86,24.12,26.91,22.38,86.23,9.45,Hyderabad
2021-07-22,45.15,24.23,26.46,22.63,90.31,9.12,Hyderabad
2021-07-23,8.46,24.71,28.32,22.13,85.93,6.81,Hyderabad
2021-07-24,1.68,26.07,31.33,21.76,79.51,6.23,Hyderabad
2021-07-25,0.87,26.42,31.35,22.57,81.61,6.05,Hyderabad
2021-07-26,0.42,26.37,30.7,22.9,81.53,6.8,Hyderabad
2021-07-27,0.03,25.47,29.1,22.35,82.27,6.45,Hyderabad
2021-07-28,0.02,25.63,29.8,21.88,79.8,6.84,Hyderabad
2021-07-29,0.0,25.08,29.38,22.0,81.04,7.65,Hyderabad
2021-07-30,0.64,24.28,27.36,21.85,85.88,6.44,Hyderabad
2021-07-31,0.01,24.54,28.34,21.86,83.84,6.61,Hyderabad
2021-08-01,0.01,25.62,29.4,22.33,79.77,6.86,Hyderabad
2021-08-02,0.06,25.76,30.44,21.65,79.22,6.6,Hyderabad
2021-08-03,0.01,25.7,30.07,21.66,80.52,5.75,Hyderabad
2021-08-04,0.01,26.2,30.28,22.8,80.37,5.87,Hyderabad
2021-08-05,0.3,25.07,28.24,22.61,84.94,5.63,Hyderabad
2021-08-06,0.25,26.33,30.56,22.59,79.87,5.6,Hyderabad
2021-08-07,0.79,26.37,30.17,23.05,81.11,3.96,Hyderabad
2021-08-08,0.78,26.02,29.5,23.03,83.91,2.51,Hyderabad
2021-08-09,0.14,26.2,29.38,23.44,84.61,2.38,Hyderabad
2021-08-10,1.95,26.01,29.16,23.38,86.35,3.11,Hyderabad
2021-08-11,0.71,26.0,29.46,23.11,85.53,3.09,Hyderabad
2021-08-12,4.15,25.34,28.32,22.95,87.68,2.8,Hyderabad
2021-08-13,10.51,24.61,27.89,22.29,87.62,3.46,Hyderabad
2021-08-14,0.12,25.27,29.45,22.19,84.82,3.66,Hyderabad
2021-08-15,0.53,24.89,27.95,22.55,85.46,4.01,Hyderabad
2021-08-16,5.49,24.16,27.01,22.35,89.11,4.27,Hyderabad
2021-08-17,13.77,24.39,28.79,21.39,87.26,4.76,Hyderabad
2021-08-18,8.17,25.05,29.6,21.51,83.54,4.54,Hyderabad
2021-08-19,0.83,24.5,27.63,21.91,87.56,5.43,Hyderabad
2021-08-20,0.68,24.7,28.46,21.84,86.34,3.06,Hyderabad
2021-08-21,6.97,24.36,28.46,21.4,85.62,3.06,Hyderabad
2021-08-22,5.58,25.01,29.08,21.33,83.24,2.74,Hyderabad
2021-08-23,12.52,25.85,29.66,21.5,81.56,1.51,Hyderabad
2021-08-24,5.45,27.0,31.17,22.3,79.09,1.51,Hyderabad
2021-08-25,7.85,26.23,29.76,23.53,86.73,1.96,Hyderabad
2021-08-26,7.23,24.93,28.05,22.65,89.25,3.23,Hyderabad
2021-08-27,5.23,25.41,29.34,22.01,84.79,1.5,Hyderabad
2021-08-28,6.45,25.42,29.47,21.96,83.46,1.97,Hyderabad
2021-08-29,30.61,25.51,29.71,22.35,86.88,2.01,Hyderabad
2021-08-30,18.33,24.01,27.34,21.75,89.0,5.42,Hyderabad
2021-08-31,18.39,23.59,27.14,20.57,88.86,4.59,Hyderabad
2021-09-01,1.11,24.64,28.63,21.21,86.37,2.56,Hyderabad
2021-09-02,5.09,25.92,29.82,21.76,82.47,1.57,Hyderabad
2021-09-03,23.85,25.03,28.49,22.69,89.12,2.53,Hyderabad
2021-09-04,17.56,24.79,28.4,21.83,89.74,3.3,Hyderabad
2021-09-05,23.13,24.37,27.47,22.19,91.63,3.79,Hyderabad
2021-09-06,29.38,23.69,25.6,22.25,94.17,3.78,Hyderabad
2021-09-07,15.38,24.34,28.25,21.92,89.35,5.4,Hyderabad
2021-09-08,0.27,24.87,29.61,20.84,86.6,5.92,Hyderabad
2021-09-09,0.0,25.3,29.68,21.31,84.99,5.77,Hyderabad
2021-09-10,0.12,25.66,29.54,22.16,85.13,5.04,Hyderabad
2021-09-11,0.16,25.69,29.25,22.58,85.9,5.05,Hyderabad
2021-09-12,0.16,25.24,28.71,22.52,87.45,5.26,Hyderabad
2021-09-13,4.04,24.88,28.05,22.63,90.84,5.1,Hyderabad
2021-09-14,0.44,25.5,29.57,22.62,85.99,5.68,Hyderabad
2021-09-15,0.01,25.37,29.4,22.08,85.03,4.63,Hyderabad
2021-09-16,0.0,25.52,29.67,21.89,83.28,4.24,Hyderabad
2021-09-17,0.0,25.42,29.65,22.12,83.54,3.64,Hyderabad
2021-09-18,0.0,25.34,28.91,21.94,82.68,2.35,Hyderabad
2021-09-19,4.77,25.55,29.71,21.73,81.46,1.68,Hyderabad
2021-09-20,7.88,25.71,29.46,22.53,86.76,1.7,Hyderabad
2021-09-21,17.21,24.92,27.95,22.67,90.27,2.9,Hyderabad
2021-09-22,3.72,24.71,28.3,22.03,89.41,3.47,Hyderabad
2021-09-23,7.75,24.3,26.81,22.49,92.55,3.04,Hyderabad
2021-09-24,1.04,25.06,29.03,21.78,87.32,2.34,Hyderabad
2021-09-25,21.34,25.08,28.72,22.05,87.39,2.63,Hyderabad
2021-09-26,9.07,24.9,28.76,21.87,89.96,3.67,Hyderabad
2021-09-27,34.27,24.21,26.45,22.46,91.99,4.75,Hyderabad
2021-09-28,9.75,24.1,28.12,21.22,86.43,6.0,Hyderabad
2021-09-29,0.0,23.97,28.71,18.7,78.82,2.88,Hyderabad
2021-09-30,0.0,25.61,29.81,21.63,83.75,1.62,Hyderabad
2021-10-01,2.74,25.52,29.23,22.79,87.29,2.24,Hyderabad
2021-10-02,0.82,25.15,29.34,21.87,87.01,2.17,Hyderabad
2021-10-03,0.18,25.6,29.82,21.94,85.16,1.79,Hyderabad
2021-10-04,1.05,25.73,29.72,21.94,85.93,1.91,Hyderabad
2021-10-05,2.66,25.46,28.49,22.89,89.91,2.18,Hyderabad
2021-10-06,0.92,24.68,27.52,22.35,90.53,2.91,Hyderabad
2021-10-07,1.55,25.26,28.87,22.5,89.52,2.31,Hyderabad
2021-10-08,5.37,26.07,29.35,22.82,84.94,1.02,Hyderabad
2021-10-09,29.47,25.81,29.3,22.97,87.43,1.73,Hyderabad
2021-10-10,3.65,24.39,27.59,22.26,90.47,2.39,Hyderabad
2021-10-11,0.43,23.95,28.24,20.5,82.96,2.59,Hyderabad
2021-10-12,0.0,24.11,29.17,19.39,82.45,2.55,Hyderabad
2021-10-13,0.17,24.22,28.65,20.32,84.5,2.71,Hyderabad
2021-10-14,0.02,24.39,29.11,20.53,83.24,3.0,Hyderabad
2021-10-15,0.39,24.5,29.23,19.75,86.37,3.0,Hyderabad
2021-10-16,37.88,25.0,28.07,22.79,88.67,1.55,Hyderabad
2021-10-17,2.85,24.77,28.51,21.98,89.53,2.6,Hyderabad
2021-10-18,0.0,25.27,29.29,22.29,86.95,3.76,Hyderabad
2021-10-19,0.0,24.43,28.96,20.8,81.56,3.19,Hyderabad
2021-10-20,0.0,23.23,28.06,19.94,77.81,2.64,Hyderabad
2021-10-21,0.0,22.86,27.94,19.27,81.72,2.74,Hyderabad
2021-10-22,0.0,21.89,27.72,17.44,76.33,2.69,Hyderabad
2021-10-23,0.0,22.66,28.44,18.21,73.15,2.02,Hyderabad
2021-10-24,0.0,22.96,28.02,19.49,76.02,1.82,Hyderabad
2021-10-25,0.0,21.97,27.05,17.7,81.13,2.53,Hyderabad
2021-10-26,0.0,21.56,26.79,17.41,85.99,3.2,Hyderabad
2021-10-27,0.0,20.93,26.68,16.49,82.14,3.57,Hyderabad
2021-10-28,0.0,22.27,27.12,18.05,86.39,4.21,Hyderabad
2021-10-29,0.76,22.93,26.69,19.91,89.95,4.1,Hyderabad
2021-10-30,1.08,23.33,27.48,20.25,89.44,3.56,Hyderabad
2021-10-31,0.92,22.41,27.51,19.06,85.6,3.46,Hyderabad
2021-11-01,0.99,21.04,25.05,16.77,87.71,2.35,Hyderabad
2021-11-02,1.36,22.9,26.63,20.13,90.4,2.41,Hyderabad
2021-11-03,0.18,22.93,26.41,20.52,88.93,2.56,Hyderabad
2021-11-04,0.18,23.16,27.15,20.28,90.06,2.56,Hyderabad
2021-11-05,0.02,23.29,27.6,20.2,87.7,2.65,Hyderabad
2021-11-06,0.0,22.72,27.34,19.61,87.18,2.51,Hyderabad
2021-11-07,0.0,21.33,26.64,17.33,84.5,2.94,Hyderabad
2021-11-08,0.0,20.08,25.89,15.58,82.01,2.99,Hyderabad
2021-11-09,0.0,19.41,25.8,14.73,79.94,3.36,Hyderabad
2021-11-10,0.0,19.16,24.61,14.88,79.1,3.31,Hyderabad
2021-11-11,0.06,19.75,24.87,16.05,83.94,3.99,Hyderabad
2021-11-12,2.02,21.96,26.26,18.03,91.22,3.83,Hyderabad
2021-11-13,1.87,23.67,28.17,20.66,90.79,2.81,Hyderabad
2021-11-14,7.43,24.01,27.85,21.12,90.31,2.68,Hyderabad
2021-11-15,2.42,24.48,28.52,21.83,89.2,2.89,Hyderabad
2021-11-16,0.75,24.44,28.4,21.51,88.99,3.43,Hyderabad
2021-11-17,0.1,23.96,27.47,21.69,88.39,3.54,Hyderabad
2021-11-18,0.29,23.52,27.06,21.15,91.11,2.3,Hyderabad
2021-11-19,1.15,23.12,26.13,21.01,91.8,4.01,Hyderabad
2021-11-20,2.44,24.21,27.86,21.71,89.37,4.02,Hyderabad
2021-11-21,1.28,24.24,28.01,21.69,89.48,3.89,Hyderabad
2021-11-22,0.11,24.62,29.14,21.4,85.88,1.81,Hyderabad
2021-11-23,0.12,24.68,29.12,20.95,86.05,1.81,Hyderabad
2021-11-24,0.29,23.88,28.14,21.18,88.75,2.9,Hyderabad
2021-11-25,0.13,22.75,28.16,18.65,84.0,2.32,Hyderabad
2021-11-26,0.0,21.14,27.44,16.33,80.11,2.59,Hyderabad
2021-11-27,0.0,19.79,26.0,14.94,81.23,2.8,Hyderabad
2021-11-28,0.05,19.7,25.75,13.47,83.81,2.82,Hyderabad
2021-11-29,1.5,21.06,25.74,17.86,86.91,2.83,Hyderabad
2021-11-30,0.42,20.8,25.54,17.89,79.29,2.37,Hyderabad
2021-12-01,0.0,20.77,26.71,16.17,80.71,2.23,Hyderabad
2021-12-02,0.0,20.75,26.6,16.52,84.74,2.04,Hyderabad
2021-12-03,0.04,20.45,25.33,16.75,83.18,2.03,Hyderabad
2021-12-04,0.0,21.0,27.4,15.41,79.54,2.76,Hyderabad
2021-12-05,0.0,21.6,27.98,16.38,79.47,2.62,Hyderabad
2021-12-06,0.0,21.08,27.82,15.89,77.4,2.55,Hyderabad
2021-12-07,0.0,20.37,26.58,15.08,76.66,2.97,Hyderabad
2021-12-08,0.0,20.78,25.57,17.57,87.42,2.68,Hyderabad
2021-12-09,0.0,21.53,26.55,17.38,87.5,2.49,Hyderabad
2021-12-10,0.0,21.76,25.92,19.19,88.05,2.51,Hyderabad
2021-12-11,0.0,21.66,26.62,17.77,86.36,2.18,Hyderabad
2021-12-12,0.0,21.35,26.43,17.67,85.81,2.35,Hyderabad
2021-12-13,0.0,21.07,25.69,18.08,86.38,1.94,Hyderabad
2021-12-14,0.0,20.4,24.27,17.91,89.36,2.12,Hyderabad
2021-12-15,0.0,20.21,24.94,17.06,85.45,1.98,Hyderabad
2021-12-16,0.0,18.99,25.3,14.66,77.17,2.09,Hyderabad
2021-12-17,0.0,18.89,25.41,14.07,72.13,1.8,Hyderabad
2021-12-18,0.0,17.76,24.9,12.44,69.2,2.71,Hyderabad
2021-12-19,0.0,17.02,24.26,11.45,75.96,2.84,Hyderabad
2021-12-20,0.0,15.9,23.89,9.79,65.42,2.92,Hyderabad
2021-12-21,0.0,16.46,24.97,9.39,50.91,2.31,Hyderabad
2021-12-22,0.0,18.3,26.27,13.26,47.37,1.75,Hyderabad
2021-12-23,0.0,18.83,27.22,12.46,55.79,1.96,Hyderabad
2021-12-24,0.0,19.16,27.4,11.88,65.43,2.28,Hyderabad
2021-12-25,0.0,20.19,28.06,13.66,75.07,2.44,Hyderabad
2021-12-26,0.0,20.61,27.73,14.64,78.38,1.85,Hyderabad
2021-12-27,0.0,20.66,26.91,16.05,81.98,2.76,Hyderabad
2021-12-28,0.0,20.61,26.64,16.34,81.36,3.21,Hyderabad
2021-12-29,0.01,20.68,27.08,16.15,78.1,3.29,Hyderabad
2021-12-30,0.02,20.13,25.62,15.78,80.31,3.5,Hyderabad
2021-12-31,0.0,20.41,26.23,16.0,79.83,2.75,Hyderabad
2022-01-01,0.0,20.18,26.26,14.91,80.05,2.23,Hyderabad
2022-01-02,0.0,20.38,26.41,15.39,79.59,2.19,Hyderabad
2022-01-03,0.0,19.34,26.88,13.45,68.96,2.07,Hyderabad
2022-01-04,0.0,18.86,26.64,12.35,70.35,2.39,Hyderabad
2022-01-05,0.0,19.32,26.59,14.2,76.61,2.71,Hyderabad
2022-01-06,0.0,19.6,26.82,14.09,76.0,3.38,Hyderabad
2022-01-07,0.0,20.42,27.18,15.32,75.65,3.95,Hyderabad
2022-01-08,0.0,21.12,26.99,16.34,78.29,3.72,Hyderabad
2022-01-09,0.3,22.06,27.87,17.7,77.68,3.27,Hyderabad
2022-01-10,2.58,21.95,27.49,18.51,80.96,3.26,Hyderabad
2022-01-11,5.69,22.45,27.64,18.67,79.49,3.12,Hyderabad
2022-01-12,9.24,21.99,27.41,18.24,82.08,2.96,Hyderabad
2022-01-13,6.77,20.74,26.31,17.16,85.1,2.73,Hyderabad
2022-01-14,0.49,22.05,27.28,17.79,76.89,2.8,Hyderabad
2022-01-15,2.82,20.92,26.11,17.3,81.82,2.49,Hyderabad
2022-01-16,1.62,20.39,26.24,15.9,79.84,2.94,Hyderabad
2022-01-17,0.15,20.18,25.97,15.98,79.53,2.36,Hyderabad
2022-01-18,0.0,19.71,27.36,13.94,70.6,2.33,Hyderabad
2022-01-19,0.0,19.47,27.22,14.43,66.3,2.45,Hyderabad
2022-01-20,0.0,20.49,28.78,14.86,60.19,1.68,Hyderabad
2022-01-21,0.0,20.83,30.18,13.64,61.73,3.2,Hyderabad
2022-01-22,0.0,22.61,30.69,15.34,56.35,2.08,Hyderabad
2022-01-23,0.0,21.09,28.27,14.12,65.39,3.39,Hyderabad
2022-01-24,0.0,19.53,27.27,13.11,61.43,2.77,Hyderabad
2022-01-25,0.0,18.25,26.5,11.2,62.13,2.26,Hyderabad
2022-01-26,0.0,18.29,26.78,11.32,61.46,2.56,Hyderabad
2022-01-27,0.0,17.71,26.27,11.35,55.82,3.68,Hyderabad
2022-01-28,0.0,16.52,26.05,9.24,47.91,3.62,Hyderabad
2022-01-29,0.0,16.83,26.99,8.32,47.93,2.97,Hyderabad
2022-01-30,0.0,19.65,29.48,9.99,40.89,2.13,Hyderabad
2022-01-31,0.0,21.03,30.24,13.98,39.97,1.64,Hyderabad
2022-02-01,0.0,21.17,30.48,15.06,47.46,1.91,Hyderabad
2022-02-02,0.0,22.0,31.32,14.39,50.91,1.72,Hyderabad
2022-02-03,0.0,22.14,31.43,14.6,65.9,3.86,Hyderabad
2022-02-04,0.0,20.2,29.02,13.3,51.14,3.42,Hyderabad
2022-02-05,0.0,19.61,29.3,11.03,43.82,2.31,Hyderabad
2022-02-06,0.0,19.75,29.4,11.19,46.11,2.77,Hyderabad
2022-02-07,0.0,21.9,30.8,14.62,66.3,2.28,Hyderabad
2022-02-08,0.0,22.67,30.77,15.02,65.02,2.55,Hyderabad
2022-02-09,0.0,22.88,29.78,17.66,71.32,4.3,Hyderabad
2022-02-10,0.0,22.81,29.95,16.98,67.81,2.27,Hyderabad
2022-02-11,0.0,21.87,29.45,16.34,61.34,3.61,Hyderabad
2022-02-12,0.0,20.4,29.96,12.92,44.55,3.14,Hyderabad
2022-02-13,0.0,20.26,30.37,11.1,41.83,2.71,Hyderabad
2022-02-14,0.0,21.75,30.4,14.52,63.86,2.95,Hyderabad
2022-02-15,0.0,22.86,30.64,16.48,63.97,3.1,Hyderabad
2022-02-16,0.02,23.2,29.86,16.6,64.47,2.38,Hyderabad
2022-02-17,0.01,23.7,29.97,17.75,61.5,2.78,Hyderabad
2022-02-18,0.0,23.47,30.31,17.63,62.26,3.13,Hyderabad
2022-02-19,0.0,23.89,31.32,17.08,59.2,2.76,Hyderabad
2022-02-20,0.0,25.62,33.84,17.9,50.59,3.51,Hyderabad
2022-02-21,0.0,24.33,33.92,16.78,40.5,2.69,Hyderabad
2022-02-22,0.0,23.85,33.76,16.32,33.95,2.78,Hyderabad
2022-02-23,0.0,24.0,33.0,16.23,61.35,3.72,Hyderabad
2022-02-24,0.0,24.49,33.4,17.06,58.28,3.73,Hyderabad
2022-02-25,0.0,24.45,33.57,16.43,51.78,3.37,Hyderabad
2022-02-26,0.0,23.46,32.67,15.67,54.62,4.5,Hyderabad
2022-02-27,0.0,23.52,32.8,15.27,52.83,3.92,Hyderabad
2022-02-28,0.0,23.6,33.24,14.87,46.28,3.51,Hyderabad
2022-03-01,0.0,24.52,34.26,15.72,39.2,3.3,Hyderabad
2022-03-02,0.0,24.68,33.78,16.04,40.63,3.22,Hyderabad
2022-03-03,0.0,25.2,33.94,16.27,44.26,3.31,Hyderabad
2022-03-04,0.0,25.54,34.11,17.54,49.06,3.34,Hyderabad
2022-03-05,0.0,25.79,34.36,17.57,43.34,3.02,Hyderabad
2022-03-06,0.0,26.8,34.12,19.59,42.29,2.88,Hyderabad
2022-03-07,0.0,26.73,34.38,19.2,40.45,3.2,Hyderabad
2022-03-08,0.0,27.25,35.15,19.51,39.87,2.34,Hyderabad
2022-03-09,0.0,27.18,36.09,18.83,30.09,2.79,Hyderabad
2022-03-10,0.0,27.61,35.43,18.64,32.01,2.68,Hyderabad
2022-03-11,0.07,28.59,34.69,22.78,34.46,2.07,Hyderabad
2022-03-12,0.01,27.13,33.81,20.85,35.63,2.76,Hyderabad
2022-03-13,0.0,28.22,35.8,21.63,33.55,2.87,Hyderabad
2022-03-14,0.0,28.15,36.8,20.17,24.04,3.19,Hyderabad
2022-03-15,0.0,28.87,37.91,20.88,17.67,3.49,Hyderabad
2022-03-16,0.0,30.87,39.56,24.2,18.58,2.63,Hyderabad
2022-03-17,0.0,31.06,40.24,23.18,18.54,2.88,Hyderabad
2022-03-18,0.0,30.33,39.87,21.27,28.23,2.58,Hyderabad
2022-03-19,0.03,29.79,37.98,21.18,40.26,3.2,Hyderabad
2022-03-20,0.02,30.52,38.51,23.49,37.41,3.02,Hyderabad
2022-03-21,0.0,31.06,39.24,23.53,29.37,2.98,Hyderabad
2022-03-22,0.0,30.58,38.86,22.16,30.0,2.8,Hyderabad
2022-03-23,0.0,31.66,39.44,25.27,25.76,2.41,Hyderabad
2022-03-24,0.0,31.64,39.37,23.59,37.99,2.89,Hyderabad
2022-03-25,0.0,31.6,39.32,23.67,39.4,3.05,Hyderabad
2022-03-26,0.0,32.64,40.27,24.66,35.16,2.1,Hyderabad
2022-03-27,0.0,32.44,40.59,24.32,33.18,2.53,Hyderabad
2022-03-28,0.0,32.18,40.66,23.71,33.83,2.18,Hyderabad
2022-03-29,0.0,32.1,41.31,23.29,31.24,2.31,Hyderabad
2022-03-30,0.0,31.99,41.15,23.16,27.11,1.85,Hyderabad
2022-03-31,0.0,32.08,41.43,22.63,34.95,2.23,Hyderabad
2022-04-01,0.0,32.18,41.1,23.3,41.68,3.13,Hyderabad
2022-04-02,0.0,31.9,40.21,23.48,43.31,3.33,Hyderabad
2022-04-03,0.0,32.04,40.71,23.48,34.84,2.87,Hyderabad
2022-04-04,0.0,32.41,40.58,24.02,34.27,3.57,Hyderabad
2022-04-05,0.0,31.94,40.17,23.65,35.59,3.32,Hyderabad
2022-04-06,0.0,32.64,40.9,25.09,30.03,3.46,Hyderabad
2022-04-07,0.0,32.24,40.8,24.02,32.64,3.66,Hyderabad
2022-04-08,0.0,31.56,39.21,23.54,37.26,4.32,Hyderabad
2022-04-09,0.01,31.85,39.85,23.66,40.36,3.66,Hyderabad
2022-04-10,0.0,32.1,40.16,24.49,36.73,3.37,Hyderabad
2022-04-11,0.0,32.17,39.63,25.17,34.79,3.38,Hyderabad
2022-04-12,0.0,33.04,40.97,25.3,33.38,3.5,Hyderabad
2022-04-13,0.0,32.67,40.54,24.9,33.75,4.04,Hyderabad
2022-04-14,0.0,32.57,39.98,25.09,37.33,3.55,Hyderabad
2022-04-15,0.0,32.78,38.58,27.02,39.73,2.1,Hyderabad
2022-04-16,0.0,30.57,34.31,27.11,41.79,1.27,Hyderabad
2022-04-17,0.0,32.41,38.98,25.54,38.45,2.93,Hyderabad
2022-04-18,0.0,33.06,39.03,26.44,33.38,2.77,Hyderabad
2022-04-19,0.31,34.21,41.66,26.57,29.83,2.9,Hyderabad
2022-04-20,0.04,34.86,42.16,26.97,28.46,2.87,Hyderabad
2022-04-21,0.22,33.78,41.26,26.52,35.4,4.47,Hyderabad
2022-04-22,1.08,31.45,37.42,25.95,43.72,2.63,Hyderabad
2022-04-23,0.06,29.75,32.7,26.96,44.11,2.1,Hyderabad
2022-04-24,0.0,32.54,39.36,25.64,36.39,2.6,Hyderabad
2022-04-25,0.02,34.17,41.01,26.8,31.44,1.95,Hyderabad
2022-04-26,0.0,34.1,41.11,26.62,31.37,2.49,Hyderabad
2022-04-27,0.0,34.49,41.05,28.73,30.26,2.88,Hyderabad
2022-04-28,0.27,34.62,42.18,26.78,30.97,2.58,Hyderabad
2022-04-29,0.13,35.24,42.42,27.61,27.88,2.91,Hyderabad
2022-04-30,0.0,35.38,43.02,27.26,25.65,2.52,Hyderabad
2022-05-01,1.88,35.13,42.66,27.57,25.28,2.44,Hyderabad
2022-05-02,0.02,34.61,41.98,26.59,30.73,3.7,Hyderabad
2022-05-03,7.32,33.66,40.85,27.44,43.93,3.64,Hyderabad
2022-05-04,6.69,29.33,33.77,26.03,67.09,2.37,Hyderabad
2022-05-05,0.3,30.98,37.92,24.43,55.03,2.68,Hyderabad
2022-05-06,0.58,32.11,39.77,26.01,47.89,3.33,Hyderabad
2022-05-07,0.07,32.89,40.87,25.6,44.61,3.53,Hyderabad
2022-05-08,0.01,33.45,39.31,27.72,38.79,2.71,Hyderabad
2022-05-09,0.0,32.68,40.57,24.46,39.22,3.13,Hyderabad
2022-05-10,0.28,32.82,39.57,25.69,38.27,5.18,Hyderabad
2022-05-11,1.31,28.96,32.14,26.67,61.21,4.71,Hyderabad
2022-05-12,0.16,29.56,35.14,25.3,62.56,3.51,Hyderabad
2022-05-13,0.23,31.28,38.93,24.63,57.09,3.63,Hyderabad
2022-05-14,0.04,33.13,41.05,26.13,48.64,4.27,Hyderabad
2022-05-15,2.03,31.97,37.93,27.1,53.53,3.79,Hyderabad
2022-05-16,7.22,29.57,34.72,25.72,67.16,3.42,Hyderabad
2022-05-17,1.33,28.83,32.59,25.79,69.73,2.61,Hyderabad
2022-05-18,0.45,30.68,37.3,24.69,53.58,3.34,Hyderabad
2022-05-19,1.19,28.49,32.51,25.23,70.85,3.44,Hyderabad
2022-05-20,0.31,30.22,35.83,25.1,60.78,2.04,Hyderabad
2022-05-21,0.19,31.46,38.47,24.8,46.0,5.73,Hyderabad
2022-05-22,0.0,31.48,39.25,24.38,44.55,8.34,Hyderabad
2022-05-23,0.0,32.03,39.42,24.23,42.97,7.28,Hyderabad
2022-05-24,0.0,33.47,40.41,26.21,41.34,5.88,Hyderabad
2022-05-25,0.0,33.52,39.25,27.56,37.68,4.81,Hyderabad
2022-05-26,0.67,34.1,40.41,28.48,36.79,4.05,Hyderabad
2022-05-27,0.86,32.39,38.06,26.92,42.53,5.55,Hyderabad
2022-05-28,0.0,33.25,40.42,26.2,34.28,6.11,Hyderabad
2022-05-29,0.13,33.94,40.73,27.23,35.3,5.37,Hyderabad
2022-05-30,0.49,33.96,40.35,27.64,36.41,4.67,Hyderabad
2022-05-31,1.4,33.64,40.28,27.74,40.64,5.33,Hyderabad
2022-06-01,0.55,32.07,38.31,27.33,45.32,5.92,Hyderabad
2022-06-02,0.35,33.47,41.3,26.42,39.59,5.99,Hyderabad
2022-06-03,0.04,34.46,41.4,27.82,34.69,5.87,Hyderabad
2022-06-04,0.56,32.66,38.37,28.48,37.78,5.7,Hyderabad
2022-06-05,4.34,31.88,38.57,26.58,46.82,4.36,Hyderabad
2022-06-06,0.55,30.11,35.65,25.58,56.15,5.41,Hyderabad
2022-06-07,0.0,32.43,40.07,25.99,44.38,5.62,Hyderabad
2022-06-08,0.48,32.12,37.32,28.29,43.67,6.52,Hyderabad
2022-06-09,0.43,30.42,34.87,26.44,54.01,6.63,Hyderabad
2022-06-10,0.29,30.03,33.19,26.67,54.97,3.49,Hyderabad
2022-06-11,3.23,29.93,35.25,26.03,57.14,4.28,Hyderabad
2022-06-12,2.49,29.02,32.97,25.01,62.12,3.02,Hyderabad
2022-06-13,4.44,28.63,33.21,24.54,63.67,3.88,Hyderabad
2022-06-14,6.45,28.56,32.31,24.75,67.66,2.2,Hyderabad
2022-06-15,8.26,27.12,30.04,24.33,75.49,3.49,Hyderabad
2022-06-16,2.63,28.25,33.55,23.03,68.09,2.65,Hyderabad
2022-06-17,0.67,28.22,31.8,24.57,70.08,2.14,Hyderabad
2022-06-18,1.56,28.26,32.62,24.27,67.67,3.63,Hyderabad
2022-06-19,5.13,28.4,33.69,24.43,68.69,3.11,Hyderabad
2022-06-20,14.07,26.84,30.34,23.93,76.31,4.08,Hyderabad
2022-06-21,13.07,25.82,29.82,23.43,79.87,4.35,Hyderabad
2022-06-22,0.14,26.95,31.94,23.26,74.15,5.08,Hyderabad
2022-06-23,0.07,27.15,30.62,23.87,72.77,3.37,Hyderabad
2022-06-24,0.89,26.78,30.39,23.91,74.36,2.95,Hyderabad
2022-06-25,1.26,26.85,31.76,23.49,73.54,4.04,Hyderabad
2022-06-26,6.38,26.28,30.06,23.41,76.98,4.22,Hyderabad
2022-06-27,5.38,26.62,32.12,22.35,72.41,5.63,Hyderabad
2022-06-28,5.6,27.15,32.57,23.08,71.95,5.54,Hyderabad
2022-06-29,2.87,27.51,32.88,23.26,70.52,4.42,Hyderabad
2022-06-30,2.46,27.81,33.27,23.37,70.32,4.26,Hyderabad
2022-07-01,6.51,28.56,34.41,23.51,64.58,4.54,Hyderabad
2022-07-02,11.71,27.56,32.43,23.83,73.46,4.92,Hyderabad
2022-07-03,15.57,26.22,29.87,23.67,80.98,4.68,Hyderabad
2022-07-04,10.03,26.23,30.9,22.9,76.12,5.71,Hyderabad
2022-07-05,22.26,26.6,31.26,22.99,77.96,5.21,Hyderabad
2022-07-06,10.82,25.6,29.37,22.86,82.09,5.33,Hyderabad
2022-07-07,9.92,25.55,29.38,22.95,82.06,5.92,Hyderabad
2022-07-08,38.59,24.68,27.05,22.93,88.43,6.61,Hyderabad
2022-07-09,36.4,24.43,26.59,22.77,89.84,6.84,Hyderabad
2022-07-10,29.89,24.74,28.19,21.98,85.09,9.24,Hyderabad
2022-07-11,13.39,24.35,27.37,22.34,85.3,9.52,Hyderabad
2022-07-12,22.95,23.72,26.18,22.12,86.11,10.92,Hyderabad
2022-07-13,28.39,23.2,24.85,21.93,87.51,13.38,Hyderabad
2022-07-14,5.36,23.62,27.41,21.2,84.54,11.34,Hyderabad
2022-07-15,0.04,25.32,29.78,21.91,79.21,8.86,Hyderabad
2022-07-16,3.7,25.01,28.78,21.28,84.57,5.61,Hyderabad
2022-07-17,14.97,25.04,28.05,22.48,87.18,6.25,Hyderabad
2022-07-18,7.48,25.23,29.37,22.49,83.44,6.01,Hyderabad
2022-07-19,3.11,26.05,30.88,22.18,81.43,4.88,Hyderabad
2022-07-20,1.72,26.52,30.91,22.7,80.76,4.85,Hyderabad
2022-07-21,3.42,25.31,29.08,23.33,84.75,4.88,Hyderabad
2022-07-22,57.77,23.85,25.55,22.78,91.13,4.95,Hyderabad
2022-07-23,15.99,24.14,26.76,22.25,88.59,4.97,Hyderabad
2022-07-24,1.44,25.15,29.56,22.05,84.35,4.81,Hyderabad
2022-07-25,6.66,25.04,28.55,22.3,83.29,3.41,Hyderabad
2022-07-26,7.72,24.02,26.54,22.15,89.52,3.09,Hyderabad
2022-07-27,1.77,25.43,29.68,21.51,85.06,2.1,Hyderabad
2022-07-28,0.74,26.06,30.14,22.64,84.58,2.06,Hyderabad
2022-07-29,3.61,26.65,31.06,22.67,82.03,1.56,Hyderabad
2022-07-30,6.06,26.45,29.98,23.61,84.42,1.26,Hyderabad
2022-07-31,1.13,26.48,29.43,23.77,83.34,1.11,Hyderabad
2022-08-01,18.22,26.04,29.2,23.77,86.7,1.51,Hyderabad
2022-08-02,19.77,25.43,28.1,23.3,90.34,3.25,Hyderabad
2022-08-03,3.81,25.99,29.54,22.74,85.52,2.29,Hyderabad
2022-08-04,4.02,26.51,30.64,22.79,83.8,1.55,Hyderabad
2022-08-05,5.81,25.89,29.92,22.89,84.78,3.38,Hyderabad
2022-08-06,9.0,25.19,28.8,22.41,86.21,3.79,Hyderabad
2022-08-07,7.47,24.44,27.65,22.26,88.46,5.7,Hyderabad
2022-08-08,11.86,24.32,27.69,21.71,85.43,8.58,Hyderabad
2022-08-09,4.39,24.12,27.23,22.07,86.66,9.25,Hyderabad
2022-08-10,1.58,24.5,28.45,21.31,82.42,8.83,Hyderabad
2022-08-11,0.27,24.99,29.7,20.98,83.65,6.44,Hyderabad
2022-08-12,0.01,25.48,30.27,21.48,82.27,6.32,Hyderabad
2022-08-13,2.26,25.17,29.57,21.3,83.5,6.28,Hyderabad
2022-08-14,3.91,24.03,27.5,21.47,87.63,6.63,Hyderabad
2022-08-15,2.26,24.62,29.2,21.66,84.97,6.43,Hyderabad
2022-08-16,0.28,25.32,29.91,21.42,83.22,4.61,Hyderabad
2022-08-17,0.33,25.98,30.55,21.98,81.47,4.01,Hyderabad
2022-08-18,2.99,25.08,28.94,22.27,86.11,3.6,Hyderabad
2022-08-19,8.84,25.01,28.34,22.89,87.54,4.97,Hyderabad
2022-08-20,1.72,25.65,29.43,23.0,84.97,5.63,Hyderabad
2022-08-21,0.08,25.64,29.54,22.49,83.13,5.96,Hyderabad
2022-08-22,0.0,25.93,30.51,22.22,82.43,5.54,Hyderabad
2022-08-23,0.06,26.06,30.14,22.2,81.83,3.71,Hyderabad
2022-08-24,0.36,25.67,28.93,23.08,83.27,3.03,Hyderabad
2022-08-25,1.76,25.27,28.72,22.39,84.64,2.8,Hyderabad
2022-08-26,1.15,25.94,29.9,21.82,81.65,2.15,Hyderabad
2022-08-27,4.74,25.06,27.77,23.07,86.95,2.8,Hyderabad
2022-08-28,3.57,24.07,26.85,21.72,88.41,2.82,Hyderabad
2022-08-29,1.91,25.46,29.43,21.62,83.59,1.96,Hyderabad
2022-08-30,7.14,24.75,28.35,22.3,89.19,2.17,Hyderabad
2022-08-31,1.03,25.14,29.07,22.4,87.5,2.34,Hyderabad
2022-09-01,1.73,25.27,29.38,22.24,86.73,2.4,Hyderabad
2022-09-02,0.44,25.07,28.69,22.27,87.3,2.48,Hyderabad
2022-09-03,0.34,26.24,30.48,22.6,83.9,1.31,Hyderabad
2022-09-04,0.79,25.66,29.59,22.56,86.67,2.12,Hyderabad
2022-09-05,0.07,25.76,30.37,21.91,80.86,2.13,Hyderabad
2022-09-06,3.89,26.15,30.24,21.52,81.99,1.52,Hyderabad
2022-09-07,14.53,25.43,27.83,23.69,87.6,1.14,Hyderabad
2022-09-08,16.96,25.53,29.62,22.77,86.92,1.33,Hyderabad
2022-09-09,14.63,25.67,29.7,23.17,87.97,1.95,Hyderabad
2022-09-10,30.05,25.02,27.43,23.54,92.05,3.71,Hyderabad
2022-09-11,20.77,24.34,27.37,22.54,91.05,5.04,Hyderabad
2022-09-12,5.64,24.92,29.19,21.62,87.08,6.31,Hyderabad
2022-09-13,0.5,25.04,29.03,22.29,85.48,5.68,Hyderabad
2022-09-14,0.0,25.35,29.88,21.56,84.19,4.69,Hyderabad
2022-09-15,0.0,24.78,28.22,22.02,86.9,4.87,Hyderabad
2022-09-16,0.05,25.4,29.49,22.08,84.98,5.77,Hyderabad
2022-09-17,0.55,25.52,29.79,22.26,84.44,4.16,Hyderabad
2022-09-18,0.09,25.16,29.32,21.87,83.51,4.55,Hyderabad
2022-09-19,3.57,23.88,26.86,21.93,88.74,3.83,Hyderabad
2022-09-20,1.21,24.11,28.69,20.54,86.06,4.87,Hyderabad
2022-09-21,1.22,24.12,28.23,20.88,86.9,4.32,Hyderabad
2022-09-22,5.87,24.22,28.14,21.39,87.32,4.17,Hyderabad
2022-09-23,0.43,23.79,27.62,20.45,82.56,3.73,Hyderabad
2022-09-24,0.04,24.39,28.99,20.26,81.71,3.5,Hyderabad
2022-09-25,0.01,24.95,29.9,20.16,81.38,2.15,Hyderabad
2022-09-26,13.64,25.28,29.61,21.41,83.31,1.49,Hyderabad
2022-09-27,6.57,25.27,29.12,21.99,87.13,2.37,Hyderabad
2022-09-28,5.17,25.0,28.56,22.15,88.47,2.41,Hyderabad
2022-09-29,5.85,24.55,27.8,22.01,88.54,2.1,Hyderabad
2022-09-30,7.49,24.02,27.27,22.06,89.79,3.58,Hyderabad
2022-10-01,3.64,24.72,28.87,21.63,86.22,3.65,Hyderabad
2022-10-02,0.35,24.93,29.03,21.8,85.34,4.93,Hyderabad
2022-10-03,0.0,24.96,29.03,21.73,85.24,5.01,Hyderabad
2022-10-04,0.0,24.34,27.26,22.43,88.84,3.87,Hyderabad
2022-10-05,7.89,24.26,26.77,22.26,92.29,2.49,Hyderabad
2022-10-06,6.77,24.06,26.34,22.09,91.1,3.72,Hyderabad
2022-10-07,4.56,24.18,27.04,22.45,91.06,4.83,Hyderabad
2022-10-08,8.51,24.66,28.67,21.66,88.05,1.96,Hyderabad
2022-10-09,5.13,24.57,28.35,21.84,87.6,2.46,Hyderabad
2022-10-10,4.24,24.42,27.49,22.25,91.91,3.8,Hyderabad
2022-10-11,4.32,24.69,28.15,22.52,89.22,3.97,Hyderabad
2022-10-12,15.02,24.62,28.41,21.78,87.82,2.27,Hyderabad
2022-10-13,7.53,24.5,28.79,21.14,87.91,1.92,Hyderabad
2022-10-14,12.02,24.15,27.31,22.17,90.81,2.32,Hyderabad
2022-10-15,17.22,23.48,25.66,22.02,93.9,3.3,Hyderabad
2022-10-16,4.84,24.68,28.48,21.66,89.57,3.64,Hyderabad
2022-10-17,0.53,24.66,28.42,22.07,88.33,2.6,Hyderabad
2022-10-18,0.7,24.93,28.79,21.48,85.17,1.51,Hyderabad
2022-10-19,1.76,24.78,28.5,21.81,85.36,1.44,Hyderabad
2022-10-20,0.71,24.11,28.5,20.79,86.51,2.78,Hyderabad
2022-10-21,0.03,23.43,28.66,19.52,86.21,2.61,Hyderabad
2022-10-22,0.0,20.6,26.24,16.55,79.2,3.56,Hyderabad
2022-10-23,0.0,19.72,25.92,14.84,81.39,4.07,Hyderabad
2022-10-24,0.0,19.87,26.39,14.68,80.03,3.83,Hyderabad
2022-10-25,0.0,20.32,27.06,14.15,74.84,2.79,Hyderabad
2022-10-26,0.0,20.56,26.8,15.29,71.57,2.31,Hyderabad
2022-10-27,0.0,21.0,27.56,15.45,73.21,2.12,Hyderabad
2022-10-28,0.0,20.51,27.06,14.92,77.39,2.8,Hyderabad
2022-10-29,0.0,19.37,26.36,14.2,75.67,3.32,Hyderabad
2022-10-30,0.0,18.86,25.79,12.94,78.53,3.41,Hyderabad
2022-10-31,0.0,19.24,25.92,13.33,78.51,3.05,Hyderabad
2022-11-01,0.38,20.86,26.5,16.47,82.13,2.34,Hyderabad
2022-11-02,0.14,21.96,26.63,18.15,87.92,3.01,Hyderabad
2022-11-03,0.0,22.63,27.64,18.73,85.34,2.57,Hyderabad
2022-11-04,0.02,22.6,27.67,18.42,85.2,2.29,Hyderabad
2022-11-05,0.01,22.57,27.96,18.4,83.95,2.21,Hyderabad
2022-11-06,0.0,21.76,27.41,17.29,75.82,2.11,Hyderabad
2022-11-07,0.0,21.88,27.42,18.24,75.21,1.84,Hyderabad
2022-11-08,0.0,21.75,27.46,18.03,76.82,1.8,Hyderabad
2022-11-09,0.0,20.5,27.16,15.17,77.7,2.28,Hyderabad
2022-11-10,0.0,20.05,26.58,14.43,79.68,3.04,Hyderabad
2022-11-11,0.0,19.57,26.3,14.46,80.86,3.75,Hyderabad
2022-11-12,0.0,19.87,26.18,14.65,80.13,3.47,Hyderabad
2022-11-13,0.0,20.49,26.43,15.6,81.07,3.3,Hyderabad
2022-11-14,0.0,20.96,27.24,16.06,82.55,2.22,Hyderabad
2022-11-15,0.0,20.0,26.83,14.77,77.83,2.14,Hyderabad
2022-11-16,0.0,19.15,26.27,13.92,71.09,2.14,Hyderabad
2022-11-17,0.0,18.32,25.81,12.04,72.74,3.14,Hyderabad
2022-11-18,0.0,18.04,25.26,11.89,76.72,3.13,Hyderabad
2022-11-19,0.0,17.98,25.27,11.86,77.25,3.07,Hyderabad
2022-11-20,0.0,18.04,25.09,12.33,76.31,3.0,Hyderabad
2022-11-21,0.03,20.1,26.06,14.63,78.53,3.08,Hyderabad
2022-11-22,0.15,22.09,27.21,17.66,85.24,2.75,Hyderabad
2022-11-23,0.09,22.7,27.84,18.41,85.57,2.45,Hyderabad
2022-11-24,1.12,23.15,27.97,19.54,85.64,1.7,Hyderabad
2022-11-25,0.21,22.29,28.12,17.68,83.73,2.51,Hyderabad
2022-11-26,0.0,20.78,27.64,15.45,76.37,2.33,Hyderabad
2022-11-27,0.0,20.32,28.06,14.14,69.55,1.84,Hyderabad
2022-11-28,0.0,20.63,27.72,16.2,67.42,1.63,Hyderabad
2022-11-29,0.0,19.81,27.07,15.03,63.16,2.02,Hyderabad
2022-11-30,0.0,19.7,26.83,14.08,66.45,1.75,Hyderabad
2022-12-01,0.0,21.43,28.01,16.01,72.29,1.61,Hyderabad
2022-12-02,0.0,22.49,28.31,17.67,82.02,1.73,Hyderabad
2022-12-03,0.0,22.75,28.18,19.04,84.5,2.21,Hyderabad
2022-12-04,0.0,22.55,28.48,18.62,80.41,1.96,Hyderabad
2022-12-05,0.0,21.18,27.99,16.35,71.41,2.23,Hyderabad
2022-12-06,0.0,20.11,27.61,14.13,71.1,2.59,Hyderabad
2022-12-07,0.0,19.32,26.42,13.06,75.71,3.54,Hyderabad
2022-12-08,0.0,18.83,26.29,14.29,66.8,3.94,Hyderabad
2022-12-09,0.06,17.87,25.09,12.11,71.04,3.86,Hyderabad
2022-12-10,1.4,20.11,25.51,16.03,81.44,3.96,Hyderabad
2022-12-11,1.85,22.29,27.89,18.7,86.61,4.49,Hyderabad
2022-12-12,0.68,22.81,27.92,19.43,84.63,3.67,Hyderabad
2022-12-13,0.39,23.02,27.85,19.8,85.07,3.15,Hyderabad
2022-12-14,0.11,23.84,29.21,19.84,80.24,2.22,Hyderabad
2022-12-15,0.0,24.02,30.16,19.53,75.6,1.75,Hyderabad
2022-12-16,0.0,23.88,30.6,18.84,72.83,1.74,Hyderabad
2022-12-17,0.0,23.6,29.95,18.65,73.19,2.01,Hyderabad
2022-12-18,0.0,21.81,28.46,16.47,73.05,2.67,Hyderabad
2022-12-19,0.0,20.61,28.47,14.82,64.62,1.93,Hyderabad
2022-12-20,0.0,21.41,29.07,16.21,60.04,1.86,Hyderabad
2022-12-21,0.0,21.45,29.03,16.68,62.57,1.9,Hyderabad
2022-12-22,0.0,21.42,29.1,16.24,66.23,2.24,Hyderabad
2022-12-23,0.0,21.12,29.78,15.41,67.38,2.36,Hyderabad
2022-12-24,0.0,20.12,29.07,13.96,65.79,3.14,Hyderabad
2022-12-25,0.0,21.36,29.41,14.67,73.18,3.13,Hyderabad
2022-12-26,0.0,23.22,29.73,18.05,79.59,3.12,Hyderabad
2022-12-27,0.0,23.9,30.21,19.44,76.74,2.52,Hyderabad
2022-12-28,0.0,24.29,31.43,18.77,71.71,1.89,Hyderabad
2022-12-29,0.0,23.06,30.3,16.98,65.19,2.05,Hyderabad
2022-12-30,0.0,23.11,30.32,16.78,62.25,1.42,Hyderabad
2022-12-31,0.0,23.17,30.65,17.52,60.72,1.56,Hyderabad
2023-01-01,0.0,22.65,30.11,16.93,69.13,1.5,Hyderabad
2023-01-02,0.0,22.19,28.71,16.94,74.37,2.16,Hyderabad
2023-01-03,0.0,21.85,28.23,16.99,74.11,2.46,Hyderabad
2023-01-04,0.01,21.77,27.98,17.41,75.43,3.42,Hyderabad
2023-01-05,0.0,22.06,27.87,17.88,76.2,3.27,Hyderabad
2023-01-06,0.0,21.02,26.53,17.36,77.99,2.5,Hyderabad
2023-01-07,0.0,20.23,27.48,14.24,60.78,3.52,Hyderabad
2023-01-08,0.0,18.05,27.35,10.78,38.76,3.27,Hyderabad
2023-01-09,0.0,18.42,28.6,9.18,41.49,2.56,Hyderabad
2023-01-10,0.0,20.77,29.71,14.05,39.19,1.99,Hyderabad
2023-01-11,0.0,21.52,30.15,15.45,38.06,1.59,Hyderabad
2023-01-12,0.0,21.45,30.74,12.92,47.08,2.15,Hyderabad
2023-01-13,0.0,21.32,30.6,13.37,60.28,2.05,Hyderabad
2023-01-14,0.0,21.41,30.6,13.89,64.03,2.17,Hyderabad
2023-01-15,0.0,21.4,30.64,14.29,59.43,2.52,Hyderabad
2023-01-16,0.0,21.48,31.19,13.62,58.69,2.63,Hyderabad
2023-01-17,0.0,21.49,31.29,13.8,60.78,3.15,Hyderabad
2023-01-18,0.0,21.26,30.68,13.54,62.5,2.67,Hyderabad
2023-01-19,0.0,21.25,29.84,13.82,64.09,2.99,Hyderabad
2023-01-20,0.0,21.37,29.37,14.67,67.0,3.16,Hyderabad
2023-01-21,0.0,21.72,29.32,16.44,66.22,2.69,Hyderabad
2023-01-22,0.0,21.62,29.73,14.99,64.52,3.08,Hyderabad
2023-01-23,0.0,22.34,29.71,17.45,68.67,3.78,Hyderabad
2023-01-24,0.0,22.28,30.53,16.86,63.47,4.4,Hyderabad
2023-01-25,0.0,21.67,29.99,15.86,61.86,4.46,Hyderabad
2023-01-26,0.0,21.19,30.28,14.22,59.26,3.48,Hyderabad
2023-01-27,0.0,21.87,30.59,14.61,59.94,3.09,Hyderabad
2023-01-28,0.0,23.12,31.36,17.55,48.69,2.07,Hyderabad
2023-01-29,0.0,22.35,30.44,14.91,61.73,4.21,Hyderabad
2023-01-30,0.0,23.03,30.13,18.01,64.08,3.51,Hyderabad
2023-01-31,0.0,23.22,30.63,16.99,61.65,2.83,Hyderabad
2023-02-01,0.0,22.7,30.35,16.81,50.67,4.04,Hyderabad
2023-02-02,0.0,21.88,30.24,15.37,44.89,3.86,Hyderabad
2023-02-03,0.0,21.75,31.18,12.87,35.76,2.9,Hyderabad
2023-02-04,0.0,23.04,32.54,15.39,32.91,2.49,Hyderabad
2023-02-05,0.0,23.07,32.92,15.31,31.56,2.21,Hyderabad
2023-02-06,0.0,24.0,33.24,16.34,40.93,2.12,Hyderabad
2023-02-07,0.0,24.87,33.32,16.52,53.09,2.29,Hyderabad
2023-02-08,0.0,25.14,34.43,18.07,47.3,2.65,Hyderabad
2023-02-09,0.0,24.33,34.59,15.81,27.55,2.89,Hyderabad
2023-02-10,0.0,25.14,34.69,18.65,24.4,2.62,Hyderabad
2023-02-11,0.0,26.04,35.84,17.73,22.7,2.46,Hyderabad
2023-02-12,0.0,25.89,35.36,17.87,20.9,3.23,Hyderabad
2023-02-13,0.0,23.67,33.79,15.69,21.74,4.48,Hyderabad
2023-02-14,0.0,23.24,34.26,14.02,17.25,3.93,Hyderabad
2023-02-15,0.0,23.99,34.46,15.14,17.88,3.74,Hyderabad
2023-02-16,0.0,25.06,35.25,15.88,19.99,3.77,Hyderabad
2023-02-17,0.0,25.11,35.25,15.51,21.93,3.26,Hyderabad
2023-02-18,0.0,25.67,34.19,18.89,30.43,2.26,Hyderabad
2023-02-19,0.0,25.29,34.52,16.31,49.39,2.78,Hyderabad
2023-02-20,0.0,26.65,35.37,19.67,32.67,2.12,Hyderabad
2023-02-21,0.0,27.38,36.83,20.71,22.02,2.19,Hyderabad
2023-02-22,0.0,26.77,36.49,18.31,28.38,2.6,Hyderabad
2023-02-23,0.0,26.51,36.7,17.33,32.77,2.45,Hyderabad
2023-02-24,0.0,26.62,36.64,18.84,30.35,2.9,Hyderabad
2023-02-25,0.0,26.54,36.23,18.86,20.71,2.8,Hyderabad
2023-02-26,0.0,26.41,35.85,18.31,30.54,2.91,Hyderabad
2023-02-27,0.0,25.76,34.97,17.15,37.79,3.41,Hyderabad
2023-02-28,0.0,25.92,34.74,17.91,35.92,3.6,Hyderabad
2023-03-01,0.0,25.8,34.54,17.58,36.77,3.46,Hyderabad
2023-03-02,0.0,26.15,34.75,17.31,35.41,2.76,Hyderabad
2023-03-03,0.0,27.63,35.42,21.06,28.06,2.73,Hyderabad
2023-03-04,0.0,26.94,35.65,18.8,32.39,3.15,Hyderabad
2023-03-05,0.0,27.06,36.01,19.0,30.17,2.52,Hyderabad
2023-03-06,0.0,27.47,36.15,20.2,28.79,2.53,Hyderabad
2023-03-07,0.0,26.74,35.17,19.89,27.97,2.56,Hyderabad
2023-03-08,0.0,26.84,35.33,18.47,26.29,2.97,Hyderabad
2023-03-09,0.0,25.79,32.28,19.98,41.54,2.96,Hyderabad
2023-03-10,0.0,27.49,35.43,20.12,33.99,2.69,Hyderabad
2023-03-11,0.0,26.93,34.85,18.82,44.17,3.63,Hyderabad
2023-03-12,0.0,26.86,35.46,18.65,40.41,3.23,Hyderabad
2023-03-13,0.0,27.1,35.02,19.31,30.55,2.72,Hyderabad
2023-03-14,0.0,28.41,36.37,22.06,24.27,2.39,Hyderabad
2023-03-15,0.0,27.48,35.47,18.58,37.48,3.26,Hyderabad
2023-03-16,2.78,26.93,33.14,20.99,48.74,2.8,Hyderabad
2023-03-17,12.49,24.11,28.82,20.77,70.55,3.54,Hyderabad
2023-03-18,20.44,24.5,30.53,19.17,74.01,2.87,Hyderabad
2023-03-19,5.34,24.86,30.34,20.86,72.94,1.75,Hyderabad
2023-03-20,0.01,25.39,32.98,19.16,61.24,2.2,Hyderabad
2023-03-21,0.0,25.83,33.08,17.81,48.91,2.28,Hyderabad
2023-03-22,0.01,27.01,34.43,19.35,53.84,2.0,Hyderabad
2023-03-23,0.23,28.18,35.08,21.87,47.74,1.95,Hyderabad
2023-03-24,0.62,28.01,34.98,21.47,58.27,2.31,Hyderabad
2023-03-25,0.27,28.29,34.94,21.86,58.68,3.1,Hyderabad
2023-03-26,0.21,29.06,34.97,22.18,54.67,2.02,Hyderabad
2023-03-27,0.07,29.36,36.79,22.98,48.54,2.66,Hyderabad
2023-03-28,0.0,29.6,37.0,21.52,50.35,2.01,Hyderabad
2023-03-29,0.0,29.79,37.51,22.05,50.7,3.38,Hyderabad
2023-03-30,0.0,30.16,38.0,23.02,44.37,3.04,Hyderabad
2023-03-31,0.03,29.44,36.87,21.64,43.53,3.32,Hyderabad
2023-04-01,0.16,29.62,36.66,23.06,40.81,1.99,Hyderabad
2023-04-02,0.0,29.1,36.73,22.14,46.96,2.08,Hyderabad
2023-04-03,0.0,29.92,37.27,22.11,52.04,3.26,Hyderabad
2023-04-04,0.0,31.16,38.28,24.6,44.62,2.91,Hyderabad
2023-04-05,0.42,31.41,38.88,23.97,42.41,2.19,Hyderabad
2023-04-06,5.23,30.5,37.66,23.87,50.03,2.63,Hyderabad
2023-04-07,0.31,29.46,36.07,23.9,50.98,2.63,Hyderabad
2023-04-08,0.0,29.97,36.91,23.13,45.0,2.86,Hyderabad
2023-04-09,0.0,29.57,37.3,22.72,39.3,2.88,Hyderabad
2023-04-10,0.0,29.87,38.52,21.54,33.42,2.47,Hyderabad
2023-04-11,0.0,30.95,39.47,22.57,32.05,3.06,Hyderabad
2023-04-12,0.0,32.25,40.51,24.08,27.76,2.8,Hyderabad
2023-04-13,4.17,32.74,38.76,24.81,30.8,2.0,Hyderabad
2023-04-14,2.49,31.29,36.04,25.84,43.58,2.21,Hyderabad
2023-04-15,0.03,30.66,37.89,23.58,39.41,3.36,Hyderabad
2023-04-16,0.25,32.11,38.99,24.83,31.62,2.67,Hyderabad
2023-04-17,0.11,31.97,38.47,26.62,31.93,1.71,Hyderabad
2023-04-18,0.21,32.27,40.2,24.29,28.98,3.04,Hyderabad
2023-04-19,0.0,33.14,41.71,25.04,23.85,2.93,Hyderabad
2023-04-20,0.3,32.79,40.79,25.4,23.88,2.16,Hyderabad
2023-04-21,0.39,31.91,39.14,25.23,31.23,2.66,Hyderabad
2023-04-22,0.48,32.36,38.52,25.21,37.82,2.62,Hyderabad
2023-04-23,0.43,31.86,39.3,24.23,36.89,3.2,Hyderabad
2023-04-24,1.66,30.05,37.03,24.4,55.02,5.31,Hyderabad
2023-04-25,4.88,29.62,35.49,24.74,56.2,5.02,Hyderabad
2023-04-26,18.07,27.86,34.67,22.81,56.57,2.66,Hyderabad
2023-04-27,5.68,28.19,35.19,21.8,58.49,3.28,Hyderabad
2023-04-28,16.28,28.21,34.49,22.73,63.5,2.04,Hyderabad
2023-04-29,2.3,28.41,33.97,22.86,60.7,1.88,Hyderabad
2023-04-30,28.63,26.98,32.24,22.43,69.11,3.4,Hyderabad
2023-05-01,12.23,26.08,31.26,22.61,78.2,3.23,Hyderabad
2023-05-02,3.97,26.02,31.14,22.16,73.96,4.27,Hyderabad
2023-05-03,0.4,27.1,33.39,21.21,67.06,2.3,Hyderabad
2023-05-04,1.63,27.83,33.67,22.84,67.9,2.99,Hyderabad
2023-05-05,1.3,27.99,32.5,23.42,66.64,1.9,Hyderabad
2023-05-06,6.35,29.02,34.81,23.62,62.25,2.17,Hyderabad
2023-05-07,2.09,29.89,35.71,24.22,60.87,1.76,Hyderabad
2023-05-08,1.74,30.39,36.35,24.85,60.32,2.02,Hyderabad
2023-05-09,1.04,30.79,37.1,25.19,59.07,2.57,Hyderabad
2023-05-10,0.02,31.78,38.91,25.52,53.44,2.98,Hyderabad
2023-05-11,0.0,31.69,39.16,25.4,49.44,2.84,Hyderabad
2023-05-12,0.03,31.8,40.0,25.97,35.15,2.83,Hyderabad
2023-05-13,0.0,32.2,40.5,23.18,32.94,3.56,Hyderabad
2023-05-14,0.0,31.93,40.67,23.9,36.04,5.86,Hyderabad
2023-05-15,0.0,31.73,39.18,24.76,41.09,6.13,Hyderabad
2023-05-16,0.0,31.5,39.54,24.34,41.14,5.22,Hyderabad
2023-05-17,0.0,31.9,39.47,24.36,36.59,3.67,Hyderabad
2023-05-18,0.0,33.44,40.34,27.03,36.27,1.85,Hyderabad
2023-05-19,0.24,33.07,39.04,26.71,43.71,2.49,Hyderabad
2023-05-20,0.59,32.35,39.07,26.29,48.15,2.84,Hyderabad
2023-05-21,0.75,32.75,40.14,26.13,48.86,3.06,Hyderabad
2023-05-22,7.2,31.18,36.56,25.66,55.2,1.83,Hyderabad
2023-05-23,0.07,31.96,38.67,25.19,50.76,2.49,Hyderabad
2023-05-24,0.8,32.33,39.77,25.86,46.1,3.31,Hyderabad
2023-05-25,0.71,32.25,39.21,25.98,45.07,4.44,Hyderabad
2023-05-26,0.0,32.24,39.21,25.95,42.32,4.93,Hyderabad
2023-05-27,0.0,32.42,39.35,25.53,39.41,3.78,Hyderabad
2023-05-28,0.01,33.15,40.08,25.93,38.75,4.22,Hyderabad
2023-05-29,0.45,32.79,38.59,27.14,45.59,2.28,Hyderabad
2023-05-30,1.68,30.99,35.11,26.98,54.15,2.29,Hyderabad
2023-05-31,0.28,31.96,38.16,26.08,48.75,2.85,Hyderabad
2023-06-01,0.01,33.29,40.3,26.25,41.64,2.89,Hyderabad
2023-06-02,0.15,33.89,41.05,27.17,33.42,4.4,Hyderabad
2023-06-03,0.17,34.54,41.02,27.34,32.23,3.86,Hyderabad
2023-06-04,1.91,33.27,38.94,28.5,40.0,4.65,Hyderabad
2023-06-05,0.0,32.4,38.81,26.29,41.63,4.75,Hyderabad
2023-06-06,0.01,33.3,39.99,27.3,37.57,4.43,Hyderabad
2023-06-07,0.45,34.62,40.92,28.9,34.68,4.57,Hyderabad
2023-06-08,0.03,34.62,40.88,28.55,36.88,5.74,Hyderabad
2023-06-09,0.01,34.6,40.76,28.28,36.67,6.11,Hyderabad
2023-06-10,0.75,32.43,38.62,26.52,45.91,7.95,Hyderabad
2023-06-11,0.44,32.9,39.82,26.78,42.4,6.05,Hyderabad
2023-06-12,0.18,33.89,40.16,26.72,38.84,5.86,Hyderabad
2023-06-13,0.0,34.03,40.12,26.95,38.66,6.24,Hyderabad
2023-06-14,0.0,33.5,38.74,27.18,40.24,6.55,Hyderabad
2023-06-15,0.0,33.64,39.61,27.64,37.1,6.15,Hyderabad
2023-06-16,0.0,34.73,40.9,27.69,34.92,6.14,Hyderabad
2023-06-17,0.0,33.69,40.37,28.62,41.67,6.03,Hyderabad
2023-06-18,0.01,31.71,36.71,28.17,44.29,3.99,Hyderabad
2023-06-19,0.0,32.26,36.71,27.95,42.19,3.41,Hyderabad
2023-06-20,0.0,33.05,37.4,28.2,39.25,3.65,Hyderabad
2023-06-21,6.26,28.99,31.68,25.01,62.81,3.98,Hyderabad
2023-06-22,2.6,26.0,29.13,23.95,79.25,5.01,Hyderabad
2023-06-23,3.44,27.27,31.49,23.83,71.58,3.72,Hyderabad
2023-06-24,22.7,26.37,29.49,23.74,78.73,4.26,Hyderabad
2023-06-25,2.41,26.8,31.61,23.5,69.3,6.12,Hyderabad
2023-06-26,1.22,26.78,32.4,23.11,67.56,7.65,Hyderabad
2023-06-27,2.97,26.86,32.03,22.71,63.04,7.5,Hyderabad
2023-06-28,5.46,27.22,34.08,21.9,62.84,6.14,Hyderabad
2023-06-29,0.79,28.57,35.66,22.52,59.61,6.51,Hyderabad
2023-06-30,0.03,28.35,33.87,23.08,57.96,6.86,Hyderabad
2023-07-01,0.32,29.23,35.38,23.95,56.82,6.62,Hyderabad
2023-07-02,3.47,28.6,33.56,24.23,65.06,5.39,Hyderabad
2023-07-03,1.0,27.71,31.26,24.34,71.93,5.02,Hyderabad
2023-07-04,17.33,26.65,29.64,24.47,81.36,3.84,Hyderabad
2023-07-05,5.04,26.98,32.68,22.72,75.6,5.18,Hyderabad
2023-07-06,1.48,27.22,33.44,22.97,68.94,7.42,Hyderabad
2023-07-07,1.31,27.13,32.61,22.24,65.52,7.82,Hyderabad
2023-07-08,3.0,27.53,33.52,22.79,67.99,6.16,Hyderabad
2023-07-09,3.71,27.73,33.3,22.97,68.94,4.75,Hyderabad
2023-07-10,2.86,28.49,34.53,23.3,66.91,4.91,Hyderabad
2023-07-11,7.14,26.59,30.55,23.73,72.95,5.04,Hyderabad
2023-07-12,9.11,25.44,29.49,22.44,74.78,5.7,Hyderabad
2023-07-13,8.36,26.36,31.34,22.04,73.52,4.41,Hyderabad
2023-07-14,1.16,27.9,33.89,22.61,68.9,4.13,Hyderabad
2023-07-15,3.43,27.76,33.5,23.57,70.98,5.37,Hyderabad
2023-07-16,6.6,26.18,30.41,23.07,75.25,6.31,Hyderabad
2023-07-17,12.43,26.04,30.87,23.19,73.71,7.41,Hyderabad
2023-07-18,24.55,24.69,26.83,23.19,85.06,9.19,Hyderabad
2023-07-19,36.76,24.7,27.06,22.95,86.71,9.37,Hyderabad
2023-07-20,41.92,23.57,25.24,22.04,87.87,9.83,Hyderabad
2023-07-21,14.89,24.65,28.85,21.81,82.0,9.7,Hyderabad
2023-07-22,8.45,25.47,30.22,21.14,80.7,8.05,Hyderabad
2023-07-23,3.75,26.13,31.17,22.24,80.48,6.53,Hyderabad
2023-07-24,30.98,25.83,29.61,22.86,83.82,6.97,Hyderabad
2023-07-25,17.29,25.02,27.78,22.83,87.13,7.9,Hyderabad
2023-07-26,56.21,24.7,26.85,22.89,90.0,7.79,Hyderabad
2023-07-27,38.86,24.65,26.7,23.06,89.86,10.53,Hyderabad
2023-07-28,0.47,24.94,28.12,22.78,85.65,9.1,Hyderabad
2023-07-29,0.22,26.03,30.25,22.42,82.34,6.93,Hyderabad
2023-07-30,1.72,25.28,28.83,22.77,85.9,6.39,Hyderabad
2023-07-31,19.22,25.36,28.66,22.78,88.1,5.96,Hyderabad
2023-08-01,2.3,25.65,29.17,23.0,85.1,6.97,Hyderabad
2023-08-02,0.15,25.67,29.74,22.56,83.0,7.3,Hyderabad
2023-08-03,0.03,25.89,30.49,22.15,80.92,7.1,Hyderabad
2023-08-04,0.15,26.2,30.95,22.06,80.54,5.9,Hyderabad
2023-08-05,0.83,25.9,30.13,22.3,81.53,5.64,Hyderabad
2023-08-06,0.1,26.07,30.39,22.15,80.7,5.6,Hyderabad
2023-08-07,0.0,25.78,29.94,22.36,81.03,5.63,Hyderabad
2023-08-08,0.08,25.99,30.5,22.12,79.49,5.28,Hyderabad
2023-08-09,0.12,25.85,30.28,22.27,80.97,4.35,Hyderabad
2023-08-10,0.03,26.18,29.6,22.75,79.27,3.36,Hyderabad
2023-08-11,0.23,26.13,29.71,22.79,80.56,2.86,Hyderabad
2023-08-12,4.96,25.39,28.91,22.66,83.54,3.1,Hyderabad
2023-08-13,1.89,25.58,29.69,22.46,81.67,3.58,Hyderabad
2023-08-14,3.01,25.04,27.96,22.31,83.13,3.0,Hyderabad
2023-08-15,1.78,25.64,30.18,22.48,81.71,3.52,Hyderabad
2023-08-16,0.3,25.0,28.6,21.45,79.9,3.99,Hyderabad
2023-08-17,0.06,24.57,27.46,22.63,86.74,4.08,Hyderabad
2023-08-18,5.63,24.34,27.45,22.48,86.39,5.57,Hyderabad
2023-08-19,6.42,24.02,27.26,22.2,86.4,5.96,Hyderabad
2023-08-20,1.17,25.38,29.61,21.64,82.79,4.05,Hyderabad
2023-08-21,1.54,26.27,30.77,22.19,76.09,3.37,Hyderabad
2023-08-22,0.92,26.43,30.65,22.49,78.43,2.42,Hyderabad
2023-08-23,0.42,25.53,29.03,22.53,82.06,3.35,Hyderabad
2023-08-24,0.03,26.0,30.06,22.45,78.89,3.69,Hyderabad
2023-08-25,1.14,26.26,30.89,22.56,78.79,3.93,Hyderabad
2023-08-26,2.04,25.76,29.66,22.87,82.94,4.22,Hyderabad
2023-08-27,6.59,26.5,31.07,22.66,80.43,4.39,Hyderabad
2023-08-28,0.8,26.07,30.7,22.46,80.87,4.56,Hyderabad
2023-08-29,0.13,25.76,30.6,21.92,80.4,3.41,Hyderabad
2023-08-30,0.0,25.84,30.65,21.67,78.82,3.29,Hyderabad
2023-08-31,0.0,25.74,30.46,21.63,80.55,3.24,Hyderabad
2023-09-01,0.0,26.6,31.44,22.1,80.78,2.25,Hyderabad
2023-09-02,9.94,26.22,28.44,24.17,82.77,0.89,Hyderabad
2023-09-03,15.58,25.76,29.8,23.37,87.02,2.46,Hyderabad
2023-09-04,31.95,25.01,27.53,23.41,91.56,3.79,Hyderabad
2023-09-05,35.9,24.76,27.15,23.28,91.19,5.23,Hyderabad
2023-09-06,20.72,24.3,26.65,22.54,91.03,4.99,Hyderabad
2023-09-07,2.61,24.16,28.79,21.63,83.3,6.82,Hyderabad
2023-09-08,1.67,24.42,27.94,21.0,84.67,6.54,Hyderabad
2023-09-09,4.75,25.59,29.63,21.91,87.15,5.13,Hyderabad
2023-09-10,14.56,25.64,29.29,22.91,87.72,4.83,Hyderabad
2023-09-11,3.73,25.74,29.8,22.76,84.69,4.58,Hyderabad
2023-09-12,1.48,25.38,28.64,23.03,86.87,3.92,Hyderabad
2023-09-13,0.49,24.57,27.38,22.53,85.8,3.84,Hyderabad
2023-09-14,3.48,24.6,28.58,22.23,86.54,4.35,Hyderabad
2023-09-15,1.57,25.0,29.53,21.52,83.51,4.21,Hyderabad
2023-09-16,0.83,25.39,30.02,21.2,82.23,4.5,Hyderabad
2023-09-17,0.06,25.82,30.94,21.13,81.33,3.71,Hyderabad
2023-09-18,0.04,26.17,30.94,21.75,80.2,3.73,Hyderabad
2023-09-19,0.37,26.01,30.17,21.98,81.62,3.84,Hyderabad
2023-09-20,5.53,25.24,28.63,22.95,87.95,3.55,Hyderabad
2023-09-21,20.54,25.08,28.2,22.75,90.25,2.48,Hyderabad
2023-09-22,3.51,25.02,28.77,22.38,86.32,3.09,Hyderabad
2023-09-23,0.32,25.74,29.57,21.97,83.38,2.34,Hyderabad
2023-09-24,2.1,25.4,28.69,22.62,88.52,2.02,Hyderabad
2023-09-25,7.46,25.12,28.82,22.98,89.73,3.06,Hyderabad
2023-09-26,1.28,25.38,29.07,22.57,87.4,1.77,Hyderabad
2023-09-27,4.61,25.89,29.46,23.0,85.3,1.1,Hyderabad
2023-09-28,11.73,25.92,29.96,22.31,85.83,1.62,Hyderabad
2023-09-29,10.8,25.76,28.61,22.84,84.64,1.51,Hyderabad
2023-09-30,1.61,25.27,28.88,22.63,86.48,2.85,Hyderabad
2023-10-01,0.86,25.79,30.02,21.54,83.49,2.76,Hyderabad
2023-10-02,0.34,25.42,29.28,22.63,86.46,3.29,Hyderabad
2023-10-03,1.09,25.3,29.94,22.17,82.25,4.71,Hyderabad
2023-10-04,0.49,25.13,30.45,21.48,79.8,3.5,Hyderabad
2023-10-05,0.0,23.94,29.51,19.91,76.69,3.46,Hyderabad
2023-10-06,0.0,23.9,29.22,19.4,79.15,3.65,Hyderabad
2023-10-07,0.0,24.47,29.8,20.32,80.43,3.24,Hyderabad
2023-10-08,0.0,24.83,30.21,19.49,78.55,2.52,Hyderabad
2023-10-09,0.0,25.26,30.03,20.54,77.05,2.16,Hyderabad
2023-10-10,0.0,25.38,30.38,21.1,78.96,2.42,Hyderabad
2023-10-11,0.0,24.53,29.96,20.28,79.51,3.05,Hyderabad
2023-10-12,0.0,24.5,30.25,20.04,77.02,2.42,Hyderabad
2023-10-13,0.0,24.55,29.84,20.69,75.23,2.23,Hyderabad
2023-10-14,0.0,24.76,30.03,21.05,74.99,1.97,Hyderabad
2023-10-15,0.0,24.6,29.98,20.81,74.86,1.95,Hyderabad
2023-10-16,0.0,24.42,29.31,20.84,76.7,2.03,Hyderabad
2023-10-17,0.0,24.24,29.99,20.09,79.38,2.14,Hyderabad
2023-10-18,0.0,23.75,30.05,18.68,73.65,2.4,Hyderabad
2023-10-19,0.13,24.21,30.04,19.48,77.45,2.42,Hyderabad
2023-10-20,0.0,24.04,30.09,19.09,80.14,2.7,Hyderabad
2023-10-21,0.0,23.43,29.8,18.42,81.24,2.88,Hyderabad
2023-10-22,0.0,22.01,28.66,17.05,76.64,3.82,Hyderabad
2023-10-23,0.0,21.58,28.52,15.87,73.99,3.64,Hyderabad
2023-10-24,0.0,21.24,28.59,15.54,74.49,3.41,Hyderabad
2023-10-25,0.0,20.77,28.53,14.58,70.2,3.5,Hyderabad
2023-10-26,0.0,20.61,28.0,14.95,68.56,3.56,Hyderabad
2023-10-27,0.0,20.42,27.93,14.38,65.37,3.17,Hyderabad
2023-10-28,0.06,21.17,29.19,14.19,67.25,2.71,Hyderabad
2023-10-29,0.0,22.42,30.13,15.97,68.49,2.27,Hyderabad
2023-10-30,0.0,22.69,29.41,17.19,76.22,2.15,Hyderabad
2023-10-31,0.0,22.34,28.34,16.85,77.9,2.22,Hyderabad
2023-11-01,0.0,22.75,28.45,17.91,74.88,2.25,Hyderabad
2023-11-02,0.0,23.97,30.31,18.89,74.11,1.91,Hyderabad
2023-11-03,0.0,24.74,30.58,19.48,78.22,1.86,Hyderabad
2023-11-04,0.24,24.47,29.51,20.97,78.71,2.75,Hyderabad
2023-11-05,0.07,23.47,27.79,19.81,79.93,2.15,Hyderabad
2023-11-06,0.13,24.16,28.81,21.18,81.04,3.02,Hyderabad
2023-11-07,5.55,24.0,28.48,20.76,84.29,2.71,Hyderabad
2023-11-08,4.06,24.41,29.47,20.73,82.5,2.31,Hyderabad
2023-11-09,2.37,23.69,27.79,20.75,83.91,2.07,Hyderabad
2023-11-10,0.0,23.87,29.86,19.81,76.16,2.43,Hyderabad
2023-11-11,0.0,22.88,29.81,18.29,67.56,2.22,Hyderabad
2023-11-12,0.0,22.68,29.87,17.34,65.04,2.94,Hyderabad
2023-11-13,0.0,22.81,29.51,16.83,71.42,2.54,Hyderabad
2023-11-14,0.0,22.84,29.09,18.02,71.22,2.59,Hyderabad
2023-11-15,0.0,21.95,29.26,16.33,68.67,2.77,Hyderabad
2023-11-16,0.0,21.43,29.25,15.38,68.65,3.48,Hyderabad
2023-11-17,0.0,22.15,30.23,16.01,71.06,3.1,Hyderabad
2023-11-18,0.0,23.11,31.25,16.1,67.08,2.51,Hyderabad
2023-11-19,0.0,23.21,30.73,16.83,71.31,2.77,Hyderabad
2023-11-20,0.0,22.95,30.0,17.0,71.88,2.87,Hyderabad
2023-11-21,0.0,23.61,30.14,18.22,75.17,2.7,Hyderabad
2023-11-22,0.32,24.17,30.17,19.79,78.01,2.33,Hyderabad
2023-11-23,4.45,23.87,29.56,20.59,82.73,2.88,Hyderabad
2023-11-24,1.24,23.78,28.77,20.51,80.85,3.26,Hyderabad
2023-11-25,0.13,23.79,29.57,19.71,76.84,3.01,Hyderabad
2023-11-26,0.01,23.82,29.15,19.73,76.16,2.8,Hyderabad
2023-11-27,0.0,23.93,29.66,20.09,74.28,3.83,Hyderabad
2023-11-28,4.92,24.14,30.85,20.18,74.11,3.78,Hyderabad
2023-11-29,1.71,23.7,30.19,19.75,73.11,4.1,Hyderabad
2023-11-30,0.0,23.66,29.39,19.9,69.89,3.73,Hyderabad
2023-12-01,0.01,23.35,29.8,19.44,70.51,3.3,Hyderabad
2023-12-02,0.0,23.04,31.36,16.68,62.9,3.54,Hyderabad
2023-12-03,0.0,23.92,31.43,17.96,73.65,4.41,Hyderabad
2023-12-04,0.56,23.12,27.53,19.51,74.13,4.88,Hyderabad
2023-12-05,9.22,20.53,22.8,19.19,88.9,7.9,Hyderabad
2023-12-06,2.49,21.68,27.23,18.37,82.75,5.26,Hyderabad
2023-12-07,0.04,22.54,30.39,17.28,70.36,3.38,Hyderabad
2023-12-08,0.0,21.94,28.64,16.88,74.12,2.49,Hyderabad
2023-12-09,0.0,21.16,28.9,15.5,67.92,3.04,Hyderabad
2023-12-10,0.0,20.23,28.69,13.84,65.89,2.99,Hyderabad
2023-12-11,0.0,20.23,28.91,14.0,64.94,2.27,Hyderabad
2023-12-12,0.0,20.25,28.47,13.84,69.53,2.3,Hyderabad
2023-12-13,0.0,20.22,27.96,14.61,71.23,2.65,Hyderabad
2023-12-14,0.0,19.8,27.6,13.89,71.04,2.65,Hyderabad
2023-12-15,0.0,19.61,27.53,13.13,70.59,2.45,Hyderabad
2023-12-16,0.0,20.25,27.4,14.28,70.33,2.27,Hyderabad
2023-12-17,0.0,20.26,27.93,14.29,60.85,2.86,Hyderabad
2023-12-18,0.0,19.68,26.07,14.36,60.15,3.24,Hyderabad
2023-12-19,0.0,18.67,25.29,14.41,58.27,3.74,Hyderabad
2023-12-20,0.0,18.02,25.83,12.62,56.58,3.02,Hyderabad
2023-12-21,0.0,18.36,27.52,10.72,49.18,2.74,Hyderabad
2023-12-22,0.0,19.65,28.64,13.79,53.73,2.33,Hyderabad
2023-12-23,0.0,19.72,28.0,13.97,70.58,2.75,Hyderabad
2023-12-24,0.0,19.98,28.58,14.4,70.87,2.4,Hyderabad
2023-12-25,0.0,20.56,28.43,14.96,61.83,1.71,Hyderabad
2023-12-26,0.0,21.16,29.34,15.52,66.33,2.11,Hyderabad
2023-12-27,0.0,20.7,28.75,14.93,72.28,2.45,Hyderabad
2023-12-28,0.0,20.42,28.41,14.6,70.47,2.65,Hyderabad
2023-12-29,0.0,20.42,28.48,14.71,73.48,2.94,Hyderabad
2023-12-30,0.0,20.83,29.1,15.05,70.57,2.29,Hyderabad
2023-12-31,0.0,20.66,29.27,14.32,69.04,2.54,Hyderabad
2024-01-01,0.0,20.76,28.29,15.39,73.7,2.74,Hyderabad
2024-01-02,0.0,20.86,28.61,15.59,71.95,2.94,Hyderabad
2024-01-03,0.0,21.04,28.26,16.45,73.01,3.44,Hyderabad
2024-01-04,0.0,21.58,28.91,16.9,70.15,3.65,Hyderabad
2024-01-05,0.0,20.98,28.43,16.31,67.38,3.89,Hyderabad
2024-01-06,0.0,20.81,29.0,15.18,66.03,3.57,Hyderabad
2024-01-07,0.0,21.07,28.48,15.51,66.54,3.59,Hyderabad
2024-01-08,0.0,21.27,28.01,15.5,60.04,3.72,Hyderabad
2024-01-09,0.0,22.06,28.7,17.58,61.73,3.56,Hyderabad
2024-01-10,0.0,22.39,29.47,16.79,61.5,2.5,Hyderabad
2024-01-11,0.0,23.53,31.06,18.76,49.36,2.11,Hyderabad
2024-01-12,0.0,23.27,30.92,17.21,56.3,2.17,Hyderabad
2024-01-13,0.0,23.34,31.05,17.74,58.76,2.28,Hyderabad
2024-01-14,0.0,23.25,31.57,16.75,51.76,2.26,Hyderabad
2024-01-15,0.0,23.34,31.92,16.78,53.3,1.54,Hyderabad
2024-01-16,0.0,23.17,31.2,16.74,66.7,2.88,Hyderabad
2024-01-17,0.0,23.38,31.39,17.73,64.13,3.83,Hyderabad
2024-01-18,0.0,23.25,30.52,17.04,62.22,3.0,Hyderabad
2024-01-19,0.0,23.68,31.2,16.22,57.96,2.98,Hyderabad
2024-01-20,0.0,23.68,30.75,17.32,61.46,3.62,Hyderabad
2024-01-21,0.0,24.39,31.25,18.07,61.52,2.69,Hyderabad
2024-01-22,0.0,25.0,32.56,17.91,59.56,2.53,Hyderabad
2024-01-23,0.0,24.61,31.66,19.5,64.1,4.31,Hyderabad
2024-01-24,0.0,24.61,31.53,19.14,62.71,2.63,Hyderabad
2024-01-25,0.0,22.39,29.03,17.21,52.5,2.96,Hyderabad
2024-01-26,0.0,22.19,30.09,15.02,49.62,2.46,Hyderabad
2024-01-27,0.0,22.22,31.13,15.23,40.39,2.83,Hyderabad
2024-01-28,0.0,21.64,31.01,12.78,40.91,2.86,Hyderabad
2024-01-29,0.0,22.91,31.6,15.88,57.59,2.85,Hyderabad
2024-01-30,0.0,22.82,31.18,15.4,51.72,2.65,Hyderabad
2024-01-31,0.0,23.17,32.14,15.38,51.89,2.93,Hyderabad
2024-02-01,0.0,24.36,32.44,17.72,56.43,3.61,Hyderabad
2024-02-02,0.0,24.93,32.93,18.0,47.55,1.45,Hyderabad
2024-02-03,0.0,24.97,32.86,18.03,48.72,2.61,Hyderabad
2024-02-04,0.0,24.74,33.14,17.41,42.35,2.77,Hyderabad
2024-02-05,0.0,25.58,34.56,18.05,54.22,2.56,Hyderabad
2024-02-06,0.0,26.54,35.23,18.61,50.84,2.14,Hyderabad
2024-02-07,0.0,27.73,36.1,19.73,42.93,1.61,Hyderabad
2024-02-08,0.0,26.41,34.45,19.45,36.66,3.19,Hyderabad
2024-02-09,0.0,25.29,34.12,17.16,37.39,2.99,Hyderabad
2024-02-10,0.0,26.04,33.72,20.32,57.36,4.45,Hyderabad
2024-02-11,0.0,26.17,34.3,20.55,57.25,5.21,Hyderabad
2024-02-12,0.0,25.31,34.01,18.73,52.92,4.92,Hyderabad
2024-02-13,0.0,24.82,33.88,17.33,48.77,4.78,Hyderabad
2024-02-14,0.0,25.64,34.43,17.72,48.2,4.35,Hyderabad
2024-02-15,0.0,25.38,33.76,18.5,42.97,3.72,Hyderabad
2024-02-16,0.0,24.74,34.24,16.57,35.44,3.57,Hyderabad
2024-02-17,0.0,24.82,34.17,16.7,34.61,2.62,Hyderabad
2024-02-18,0.0,25.16,34.62,16.19,32.8,3.04,Hyderabad
2024-02-19,0.0,25.88,35.02,17.02,43.67,3.46,Hyderabad
2024-02-20,0.0,27.01,35.51,18.12,41.62,2.29,Hyderabad
2024-02-21,0.0,27.65,35.52,18.76,32.59,2.2,Hyderabad
2024-02-22,0.0,27.42,35.95,18.4,28.08,2.27,Hyderabad
2024-02-23,0.0,26.04,34.26,18.17,40.76,2.28,Hyderabad
2024-02-24,0.0,27.45,34.78,20.3,52.31,3.2,Hyderabad
2024-02-25,0.0,27.22,33.53,22.05,59.11,4.17,Hyderabad
2024-02-26,0.0,26.8,34.33,20.94,54.99,5.23,Hyderabad
2024-02-27,0.0,26.24,34.74,18.65,48.4,3.6,Hyderabad
2024-02-28,0.0,26.92,35.65,19.0,47.65,3.25,Hyderabad
2024-02-29,0.0,27.48,34.86,19.13,43.42,2.92,Hyderabad
2024-03-01,0.0,28.36,35.84,20.67,40.27,3.02,Hyderabad
2024-03-02,0.0,28.93,36.87,20.93,40.03,3.73,Hyderabad
2024-03-03,0.0,28.74,36.38,20.33,40.04,3.31,Hyderabad
2024-03-04,0.0,29.15,36.08,21.98,36.87,2.6,Hyderabad
2024-03-05,0.0,29.78,36.72,23.32,33.05,2.13,Hyderabad
2024-03-06,0.0,30.22,37.63,22.76,33.98,2.75,Hyderabad
2024-03-07,0.0,30.39,37.87,23.3,29.76,3.02,Hyderabad
2024-03-08,0.0,29.66,37.9,23.19,27.61,1.86,Hyderabad
2024-03-09,0.0,28.88,37.07,21.51,29.37,2.09,Hyderabad
2024-03-10,0.0,28.96,36.43,21.62,46.13,3.92,Hyderabad
2024-03-11,0.0,29.12,35.92,22.48,45.44,2.95,Hyderabad
2024-03-12,0.0,30.92,38.06,22.87,40.29,2.12,Hyderabad
2024-03-13,0.0,31.75,39.35,23.61,31.91,3.02,Hyderabad
2024-03-14,0.0,30.83,38.06,23.07,33.05,1.85,Hyderabad
2024-03-15,0.52,30.41,37.34,22.68,39.4,3.27,Hyderabad
2024-03-16,2.07,29.85,37.3,23.74,45.11,4.27,Hyderabad
2024-03-17,1.45,29.14,36.23,22.94,50.77,4.48,Hyderabad
2024-03-18,0.42,29.31,36.38,22.72,44.39,2.76,Hyderabad
2024-03-19,0.03,28.68,33.49,24.87,41.37,3.02,Hyderabad
2024-03-20,0.03,28.33,35.54,21.5,44.24,2.74,Hyderabad
2024-03-21,0.01,27.89,35.55,21.34,47.18,3.41,Hyderabad
2024-03-22,0.0,28.99,37.63,20.65,44.25,2.45,Hyderabad
2024-03-23,0.0,30.5,38.88,21.21,38.47,2.71,Hyderabad
2024-03-24,0.0,30.44,37.32,24.88,38.34,3.5,Hyderabad
2024-03-25,0.0,31.01,38.28,23.64,36.57,3.16,Hyderabad
2024-03-26,0.0,31.28,38.91,23.58,35.44,3.75,Hyderabad
2024-03-27,0.0,31.0,39.41,22.58,32.74,3.6,Hyderabad
2024-03-28,0.0,31.47,39.77,23.06,31.39,3.5,Hyderabad
2024-03-29,0.0,32.67,41.11,23.9,32.0,3.8,Hyderabad
2024-03-30,0.0,32.53,40.62,26.03,32.45,3.77,Hyderabad
2024-03-31,0.0,31.9,40.27,23.61,29.44,3.48,Hyderabad
2024-04-01,0.0,32.76,40.78,24.07,29.65,2.59,Hyderabad
2024-04-02,0.0,33.4,40.99,25.98,26.68,3.07,Hyderabad
2024-04-03,0.0,32.87,38.86,26.49,30.85,2.74,Hyderabad
2024-04-04,0.0,33.65,41.52,25.48,32.23,2.91,Hyderabad
2024-04-05,0.0,34.56,42.14,27.53,25.02,2.34,Hyderabad
2024-04-06,0.0,34.81,41.97,27.01,25.14,2.45,Hyderabad
2024-04-07,0.0,34.56,41.74,26.64,27.68,3.54,Hyderabad
2024-04-08,0.0,32.27,39.05,26.7,37.0,5.68,Hyderabad
2024-04-09,0.07,30.41,38.05,23.38,49.96,5.28,Hyderabad
2024-04-10,0.0,31.2,38.49,24.12,40.99,4.77,Hyderabad
2024-04-11,0.03,31.27,38.88,24.01,38.7,4.28,Hyderabad
2024-04-12,0.96,30.73,37.89,23.2,44.32,3.92,Hyderabad
2024-04-13,0.43,31.25,38.47,23.51,40.59,3.31,Hyderabad
2024-04-14,0.0,31.93,39.38,24.25,37.66,3.59,Hyderabad
2024-04-15,0.0,32.82,40.63,24.5,33.26,3.06,Hyderabad
2024-04-16,0.0,34.03,42.02,25.13,29.97,2.45,Hyderabad
2024-04-17,0.0,35.07,41.53,29.14,27.49,2.16,Hyderabad
2024-04-18,0.0,35.57,41.73,29.56,28.64,2.8,Hyderabad
2024-04-19,0.01,34.95,39.15,30.7,31.52,1.44,Hyderabad
2024-04-20,0.62,33.06,37.39,29.3,39.34,2.21,Hyderabad
2024-04-21,0.07,34.17,39.71,28.35,37.15,2.31,Hyderabad
2024-04-22,0.8,34.59,41.34,28.38,30.12,2.43,Hyderabad
2024-04-23,0.22,33.6,41.35,26.68,29.78,3.69,Hyderabad
2024-04-24,0.01,33.17,41.08,25.23,29.23,2.46,Hyderabad
2024-04-25,0.0,33.92,42.14,25.53,27.93,3.62,Hyderabad
2024-04-26,0.0,34.66,42.84,25.56,28.04,3.86,Hyderabad
2024-04-27,0.0,34.61,42.15,26.14,31.39,3.43,Hyderabad
2024-04-28,0.0,35.5,43.03,27.72,26.89,3.38,Hyderabad
2024-04-29,0.0,35.12,42.61,27.68,30.14,3.41,Hyderabad
2024-04-30,0.0,36.15,43.52,27.53,24.62,2.2,Hyderabad
2024-05-01,0.0,36.11,43.81,28.62,21.49,3.65,Hyderabad
2024-05-02,0.0,35.17,43.19,27.64,16.83,3.53,Hyderabad
2024-05-03,0.0,34.59,43.88,25.72,15.14,3.07,Hyderabad
2024-05-04,0.01,34.61,42.88,26.15,35.74,2.49,Hyderabad
2024-05-05,0.18,35.49,43.7,27.4,33.07,2.36,Hyderabad
2024-05-06,3.08,35.62,43.31,28.07,39.6,2.88,Hyderabad
2024-05-07,18.59,34.28,41.65,26.18,43.58,5.2,Hyderabad
2024-05-08,7.9,29.6,37.05,22.58,58.5,3.62,Hyderabad
2024-05-09,0.25,30.78,38.01,24.56,55.28,3.48,Hyderabad
2024-05-10,1.49,30.69,37.42,24.84,57.62,2.88,Hyderabad
2024-05-11,0.34,31.18,38.27,24.54,56.39,3.74,Hyderabad
2024-05-12,9.47,30.28,36.3,24.8,60.84,3.1,Hyderabad
2024-05-13,1.04,29.82,36.11,24.13,60.08,2.78,Hyderabad
2024-05-14,3.47,30.04,35.61,25.47,59.96,2.7,Hyderabad
2024-05-15,0.44,29.99,35.66,24.96,60.29,2.79,Hyderabad
2024-05-16,27.66,27.74,32.03,24.58,75.88,3.51,Hyderabad
2024-05-17,1.23,27.63,32.63,23.75,72.06,2.99,Hyderabad
2024-05-18,0.81,28.66,35.21,22.91,67.67,2.86,Hyderabad
2024-05-19,1.38,28.98,34.0,24.79,68.46,3.16,Hyderabad
2024-05-20,2.79,30.27,36.2,24.92,63.76,2.9,Hyderabad
2024-05-21,0.44,31.44,38.31,25.15,59.35,3.84,Hyderabad
2024-05-22,0.46,31.68,38.58,25.72,58.42,3.44,Hyderabad
2024-05-23,2.31,31.37,38.27,25.19,60.22,3.11,Hyderabad
2024-05-24,1.4,32.29,38.81,26.79,54.05,2.24,Hyderabad
2024-05-25,0.41,32.04,38.94,26.28,53.56,4.53,Hyderabad
2024-05-26,1.35,33.72,41.44,26.51,46.78,5.48,Hyderabad
2024-05-27,1.44,34.13,41.8,27.77,43.28,6.74,Hyderabad
2024-05-28,0.0,31.94,38.34,26.78,45.38,6.42,Hyderabad
2024-05-29,0.0,33.33,41.01,26.78,44.42,4.61,Hyderabad
2024-05-30,0.0,34.37,41.12,27.57,43.3,4.06,Hyderabad
2024-05-31,0.0,34.6,40.46,29.78,40.8,3.94,Hyderabad
2024-06-01,0.0,32.9,37.99,28.16,46.8,3.15,Hyderabad
2024-06-02,16.4,31.47,39.06,26.19,57.61,4.32,Hyderabad
2024-06-03,4.16,28.59,33.82,24.92,68.08,2.94,Hyderabad
2024-06-04,2.3,30.37,35.76,25.03,61.72,2.63,Hyderabad
2024-06-05,5.11,29.46,33.89,25.27,67.71,2.96,Hyderabad
2024-06-06,12.33,28.89,33.08,25.07,69.67,2.15,Hyderabad
2024-06-07,3.34,28.5,33.04,24.97,71.31,2.46,Hyderabad
2024-06-08,4.24,27.87,33.06,23.91,71.54,3.09,Hyderabad
2024-06-09,0.73,27.25,32.26,23.51,73.37,2.69,Hyderabad
2024-06-10,1.13,27.99,32.63,24.33,73.85,2.44,Hyderabad
2024-06-11,1.91,29.04,34.63,24.84,68.97,4.55,Hyderabad
2024-06-12,2.27,27.71,32.06,24.37,72.85,5.09,Hyderabad
2024-06-13,4.38,27.48,32.95,23.98,73.2,5.81,Hyderabad
2024-06-14,0.41,27.97,34.38,23.19,69.48,5.48,Hyderabad
2024-06-15,0.1,27.39,32.56,23.05,68.08,6.19,Hyderabad
2024-06-16,6.95,28.29,32.82,24.48,71.96,3.95,Hyderabad
2024-06-17,4.6,28.29,32.83,24.05,72.02,2.87,Hyderabad
2024-06-18,5.88,28.13,32.31,24.73,71.79,4.61,Hyderabad
2024-06-19,1.64,25.83,28.39,23.84,77.79,5.71,Hyderabad
2024-06-20,0.49,28.39,34.26,23.33,65.85,5.85,Hyderabad
2024-06-21,1.52,28.17,33.78,24.23,67.98,5.42,Hyderabad
2024-06-22,6.54,27.1,31.58,24.15,75.06,4.7,Hyderabad
2024-06-23,4.5,27.53,32.8,23.07,73.26,2.64,Hyderabad
2024-06-24,1.59,29.01,34.96,24.17,68.08,3.91,Hyderabad
2024-06-25,2.33,28.48,34.42,24.42,68.78,4.86,Hyderabad
2024-06-26,1.93,25.99,29.4,22.96,73.92,6.91,Hyderabad
2024-06-27,4.13,25.39,29.76,22.13,71.54,8.11,Hyderabad
2024-06-28,4.87,26.66,32.78,21.64,68.49,7.81,Hyderabad
2024-06-29,5.95,27.22,32.42,22.51,71.77,5.66,Hyderabad
2024-06-30,6.45,27.82,33.56,23.49,71.65,5.78,Hyderabad
2024-07-01,2.05,27.5,32.61,23.17,71.5,7.48,Hyderabad
2024-07-02,4.31,27.77,33.78,22.88,66.71,8.14,Hyderabad
2024-07-03,1.71,27.74,33.34,23.55,72.9,5.81,Hyderabad
2024-07-04,0.77,27.67,32.74,23.9,71.88,5.75,Hyderabad
2024-07-05,5.48,26.41,29.86,23.97,75.51,6.0,Hyderabad
2024-07-06,9.15,25.95,30.13,23.1,78.57,6.0,Hyderabad
2024-07-07,2.84,25.98,30.49,22.52,78.1,5.58,Hyderabad
2024-07-08,5.3,25.64,29.26,22.9,82.87,4.52,Hyderabad
2024-07-09,1.14,26.06,30.34,23.05,77.6,3.75,Hyderabad
2024-07-10,1.15,26.59,31.93,22.01,74.19,4.27,Hyderabad
2024-07-11,1.9,28.11,34.03,22.88,66.58,5.45,Hyderabad
2024-07-12,4.53,26.12,30.43,23.0,75.11,6.82,Hyderabad
2024-07-13,3.53,25.82,29.87,23.03,78.49,7.13,Hyderabad
2024-07-14,21.03,25.76,29.8,23.29,81.83,7.3,Hyderabad
2024-07-15,11.44,25.5,28.47,23.23,84.97,4.99,Hyderabad
2024-07-16,4.22,26.53,32.28,21.61,74.91,5.73,Hyderabad
2024-07-17,1.66,26.11,30.35,22.4,75.05,6.65,Hyderabad
2024-07-18,8.91,25.38,28.1,23.59,83.38,7.26,Hyderabad
2024-07-19,19.44,24.99,28.15,23.16,82.69,9.95,Hyderabad
2024-07-20,22.63,24.27,25.93,22.67,88.11,9.79,Hyderabad
2024-07-21,5.61,26.12,30.64,23.01,81.03,9.15,Hyderabad
2024-07-22,5.07,25.71,30.48,22.92,81.07,8.74,Hyderabad
2024-07-23,1.98,25.33,28.91,22.47,81.7,8.47,Hyderabad
2024-07-24,3.79,25.54,29.55,22.64,82.03,7.77,Hyderabad
2024-07-25,7.12,25.35,29.71,22.5,83.21,8.0,Hyderabad
2024-07-26,3.33,25.08,29.05,21.62,80.76,8.15,Hyderabad
2024-07-27,3.69,25.35,28.91,22.91,82.37,9.3,Hyderabad
2024-07-28,0.92,25.59,29.48,22.82,79.63,7.62,Hyderabad
2024-07-29,2.27,26.82,32.18,22.58,78.68,5.76,Hyderabad
2024-07-30,1.97,27.18,32.12,23.28,77.54,5.0,Hyderabad
2024-07-31,1.8,26.94,30.99,23.39,80.37,5.2,Hyderabad
2024-08-01,3.26,26.29,29.91,23.85,83.06,6.27,Hyderabad
2024-08-02,4.45,25.52,29.03,22.89,83.88,6.8,Hyderabad
2024-08-03,1.46,26.45,31.12,22.63,78.52,6.8,Hyderabad
2024-08-04,0.26,25.81,29.49,23.1,80.65,5.75,Hyderabad
2024-08-05,3.99,26.33,31.31,22.36,79.47,4.9,Hyderabad
2024-08-06,14.89,25.25,28.66,23.02,86.38,4.39,Hyderabad
2024-08-07,12.64,24.89,27.87,22.89,86.99,4.56,Hyderabad
2024-08-08,2.34,26.03,30.44,23.03,80.57,4.61,Hyderabad
2024-08-09,1.65,26.35,31.1,22.57,80.11,3.58,Hyderabad
2024-08-10,2.32,26.73,31.03,23.38,79.41,3.35,Hyderabad
2024-08-11,8.8,26.84,30.94,23.21,81.22,3.05,Hyderabad
2024-08-12,1.16,26.9,30.51,23.78,81.44,2.82,Hyderabad
2024-08-13,0.96,27.22,30.36,23.96,81.15,1.12,Hyderabad
2024-08-14,0.01,27.22,30.49,24.4,82.15,1.36,Hyderabad
2024-08-15,16.86,26.44,29.46,24.2,87.89,2.03,Hyderabad
2024-08-16,23.0,26.72,30.43,23.71,85.05,2.11,Hyderabad
2024-08-17,12.85,26.32,29.37,23.73,86.83,2.04,Hyderabad
2024-08-18,12.75,26.03,28.98,23.72,87.72,2.0,Hyderabad
2024-08-19,33.06,26.54,30.72,23.11,83.03,1.84,Hyderabad
2024-08-20,8.7,26.35,29.78,23.48,84.25,1.66,Hyderabad
2024-08-21,7.2,26.77,31.48,23.66,83.67,3.46,Hyderabad
2024-08-22,5.08,26.27,30.11,23.66,85.82,2.61,Hyderabad
2024-08-23,3.54,25.24,29.09,22.89,85.71,4.83,Hyderabad
2024-08-24,5.55,25.42,28.52,23.03,87.42,6.28,Hyderabad
2024-08-25,5.1,25.74,30.47,22.47,82.72,6.39,Hyderabad
2024-08-26,0.2,25.72,30.58,21.9,80.45,6.34,Hyderabad
2024-08-27,1.34,25.87,30.37,22.14,82.12,5.05,Hyderabad
2024-08-28,0.11,25.61,30.0,22.42,82.6,4.66,Hyderabad
2024-08-29,1.95,25.47,29.08,22.4,83.66,4.02,Hyderabad
2024-08-30,8.54,24.69,27.37,22.96,88.69,5.15,Hyderabad
2024-08-31,36.29,24.56,26.85,23.07,91.11,6.81,Hyderabad
2024-09-01,41.88,25.04,27.46,23.11,92.95,5.34,Hyderabad
2024-09-02,21.18,24.65,28.51,21.65,86.89,6.52,Hyderabad
2024-09-03,10.44,23.98,27.96,20.21,85.22,6.45,Hyderabad
2024-09-04,17.16,25.1,28.26,22.43,89.57,4.81,Hyderabad
2024-09-05,9.95,25.64,28.99,23.13,87.16,5.36,Hyderabad
2024-09-06,6.57,25.83,29.54,23.22,86.79,5.01,Hyderabad
2024-09-07,11.27,24.75,27.01,23.24,90.48,5.11,Hyderabad
2024-09-08,4.41,24.28,26.49,22.89,90.99,5.5,Hyderabad
2024-09-09,1.74,24.03,26.26,22.62,90.09,5.78,Hyderabad
2024-09-10,0.59,25.19,29.45,22.32,85.59,6.02,Hyderabad
2024-09-11,0.02,25.38,30.05,21.95,82.8,5.33,Hyderabad
2024-09-12,0.1,25.17,30.17,21.12,82.54,4.77,Hyderabad
2024-09-13,0.01,24.78,29.54,21.06,82.17,4.85,Hyderabad
2024-09-14,0.0,24.78,29.39,22.05,83.44,4.73,Hyderabad
2024-09-15,0.0,24.6,29.44,20.84,82.0,5.21,Hyderabad
2024-09-16,0.02,24.23,28.58,21.32,83.77,5.34,Hyderabad
2024-09-17,0.01,24.7,29.59,21.0,83.12,4.9,Hyderabad
2024-09-18,0.0,24.59,29.69,20.18,80.16,3.56,Hyderabad
2024-09-19,0.09,25.07,29.97,19.98,78.75,2.46,Hyderabad
2024-09-20,6.69,25.39,29.8,21.86,82.27,2.68,Hyderabad
2024-09-21,32.96,24.98,28.34,22.38,90.27,3.33,Hyderabad
2024-09-22,6.24,25.53,27.8,23.3,86.21,3.08,Hyderabad
2024-09-23,10.2,25.32,28.91,22.38,89.9,2.38,Hyderabad
2024-09-24,13.53,25.94,29.66,23.05,88.79,2.3,Hyderabad
2024-09-25,19.57,25.79,29.12,23.2,88.36,2.23,Hyderabad
2024-09-26,4.68,24.87,29.11,20.89,87.75,4.56,Hyderabad
2024-09-27,0.07,24.6,27.81,22.25,87.96,4.54,Hyderabad
2024-09-28,0.0,25.64,30.27,22.48,82.95,2.95,Hyderabad
2024-09-29,0.33,25.8,30.24,21.36,82.72,1.7,Hyderabad
2024-09-30,0.2,26.18,30.28,22.69,84.5,1.68,Hyderabad
2024-10-01,4.24,26.74,31.15,22.04,81.76,1.25,Hyderabad
2024-10-02,0.95,26.65,30.84,23.04,85.29,2.24,Hyderabad
2024-10-03,0.83,25.95,29.66,23.35,86.69,3.48,Hyderabad
2024-10-04,1.12,26.04,30.18,22.6,85.4,2.89,Hyderabad
2024-10-05,0.67,26.21,30.01,22.31,82.93,1.87,Hyderabad
2024-10-06,0.72,25.25,28.71,22.25,86.87,2.46,Hyderabad
2024-10-07,0.13,24.69,28.13,22.22,86.19,2.03,Hyderabad
2024-10-08,0.16,24.89,29.32,21.92,85.67,2.13,Hyderabad
2024-10-09,1.03,25.08,28.87,22.18,88.0,3.29,Hyderabad
2024-10-10,2.12,24.82,28.09,22.48,89.11,3.51,Hyderabad
2024-10-11,2.1,24.98,28.23,22.89,89.3,3.61,Hyderabad
2024-10-12,0.69,25.02,28.35,22.57,89.4,2.98,Hyderabad
2024-10-13,0.5,25.23,29.12,22.25,87.39,2.73,Hyderabad
2024-10-14,1.72,24.61,27.87,22.46,88.63,2.28,Hyderabad
2024-10-15,2.36,24.71,28.6,21.86,87.51,2.47,Hyderabad
2024-10-16,7.03,25.06,29.56,22.16,86.55,2.57,Hyderabad
2024-10-17,3.68,25.26,28.9,22.41,89.85,3.59,Hyderabad
2024-10-18,0.41,25.26,27.77,23.45,90.39,3.56,Hyderabad
2024-10-19,2.26,24.78,27.76,22.74,91.01,2.3,Hyderabad
2024-10-20,1.22,24.56,28.15,21.99,88.55,2.34,Hyderabad
2024-10-21,6.9,24.64,28.77,21.14,87.06,2.28,Hyderabad
2024-10-22,7.5,24.79,29.07,21.78,87.38,1.75,Hyderabad
2024-10-23,0.29,23.84,28.78,20.44,85.06,3.13,Hyderabad
2024-10-24,0.0,23.12,28.88,18.33,84.01,3.59,Hyderabad
2024-10-25,0.0,23.27,28.25,19.68,81.78,4.23,Hyderabad
2024-10-26,0.0,23.8,28.42,20.05,83.64,4.7,Hyderabad
2024-10-27,0.0,23.0,28.31,17.88,81.6,2.83,Hyderabad
2024-10-28,0.0,24.22,29.01,19.56,76.62,1.35,Hyderabad
2024-10-29,0.0,25.4,29.7,20.85,74.37,0.88,Hyderabad
2024-10-30,9.95,24.19,27.13,22.24,90.26,2.15,Hyderabad
2024-10-31,3.44,24.37,28.86,21.24,87.8,2.49,Hyderabad
2024-11-01,1.34,23.92,28.8,20.48,86.59,2.03,Hyderabad
2024-11-02,5.81,23.62,28.45,20.2,87.15,2.62,Hyderabad
2024-11-03,0.83,22.64,27.45,18.87,84.94,2.94,Hyderabad
2024-11-04,0.0,22.62,27.96,18.68,82.32,2.34,Hyderabad
2024-11-05,0.0,21.93,27.78,17.01,73.7,2.53,Hyderabad
2024-11-06,0.0,22.12,28.29,16.72,77.8,2.64,Hyderabad
2024-11-07,0.0,21.63,28.09,16.03,78.89,2.33,Hyderabad
2024-11-08,0.0,22.44,28.17,17.13,77.01,1.87,Hyderabad
2024-11-09,0.0,22.56,27.89,17.64,79.31,2.23,Hyderabad
2024-11-10,0.0,21.93,27.87,16.77,82.08,2.96,Hyderabad
2024-11-11,0.0,20.89,27.16,16.44,80.32,3.38,Hyderabad
2024-11-12,0.0,21.68,27.3,16.81,83.17,3.87,Hyderabad
2024-11-13,0.03,22.75,27.76,18.48,86.34,3.7,Hyderabad
2024-11-14,0.02,23.18,28.33,18.63,85.37,3.15,Hyderabad
2024-11-15,0.0,23.11,28.41,18.82,83.35,2.42,Hyderabad
2024-11-16,0.0,21.42,27.77,16.95,77.3,3.21,Hyderabad
2024-11-17,0.0,19.58,26.37,14.71,74.86,3.41,Hyderabad
2024-11-18,0.0,19.0,26.12,13.22,75.57,2.83,Hyderabad
2024-11-19,0.0,19.11,25.75,14.11,75.46,2.32,Hyderabad
2024-11-20,0.0,18.89,26.08,12.6,79.04,2.39,Hyderabad
2024-11-21,0.0,19.25,25.93,13.29,75.24,2.21,Hyderabad
2024-11-22,0.0,19.2,25.71,13.92,77.35,2.15,Hyderabad
2024-11-23,0.0,19.66,25.95,14.74,75.28,1.57,Hyderabad
2024-11-24,0.0,19.16,25.91,13.8,76.46,2.29,Hyderabad
2024-11-25,0.0,19.11,26.24,13.39,78.84,3.06,Hyderabad
2024-11-26,0.0,19.38,26.51,13.02,77.64,2.9,Hyderabad
2024-11-27,0.0,18.96,26.09,13.73,73.25,3.46,Hyderabad
2024-11-28,0.0,18.37,26.18,13.25,71.04,4.23,Hyderabad
2024-11-29,0.0,20.8,27.99,14.67,77.49,4.49,Hyderabad
2024-11-30,0.0,22.52,27.46,19.03,84.62,4.93,Hyderabad
2024-12-01,1.52,23.01,27.02,20.24,86.69,3.76,Hyderabad
2024-12-02,1.42,23.37,28.05,20.5,87.35,4.3,Hyderabad
2024-12-03,0.48,23.99,29.23,20.71,84.88,3.76,Hyderabad
2024-12-04,0.02,24.41,29.59,20.82,84.75,3.05,Hyderabad
2024-12-05,0.0,24.65,29.77,21.14,84.23,2.05,Hyderabad
2024-12-06,0.07,23.79,27.07,21.69,86.59,2.0,Hyderabad
2024-12-07,0.94,24.29,29.45,20.24,81.07,1.57,Hyderabad
2024-12-08,1.11,23.74,28.49,20.16,84.62,2.08,Hyderabad
2024-12-09,0.4,23.57,27.63,20.65,85.48,1.65,Hyderabad
2024-12-10,0.0,21.51,27.9,16.43,64.62,3.68,Hyderabad
2024-12-11,0.0,19.47,27.04,13.99,65.57,3.3,Hyderabad
2024-12-12,0.0,20.27,28.29,12.75,63.29,1.85,Hyderabad
2024-12-13,0.0,19.98,26.87,14.67,60.99,3.1,Hyderabad
2024-12-14,0.0,18.97,26.74,13.88,64.73,3.44,Hyderabad
2024-12-15,0.0,17.37,26.57,10.84,59.46,3.23,Hyderabad
2024-12-16,0.0,17.31,26.84,8.96,54.74,2.82,Hyderabad
2024-12-17,0.0,19.35,28.17,12.61,51.2,2.33,Hyderabad
2024-12-18,0.01,20.29,28.68,14.07,55.86,3.2,Hyderabad
2024-12-19,2.33,20.84,27.89,14.41,75.36,3.05,Hyderabad
2024-12-20,1.04,23.37,28.77,19.63,81.62,2.84,Hyderabad
2024-12-21,0.05,23.03,29.73,18.62,70.89,3.1,Hyderabad
2024-12-22,0.04,21.29,28.88,15.99,69.21,3.11,Hyderabad
2024-12-23,0.0,20.78,28.74,14.32,63.29,2.44,Hyderabad
2024-12-24,0.6,20.94,27.0,15.64,74.17,3.29,Hyderabad
2024-12-25,0.72,20.93,25.66,18.14,84.16,4.25,Hyderabad
2024-12-26,1.14,22.18,28.66,17.71,81.72,4.05,Hyderabad
2024-12-27,0.08,22.69,28.89,18.89,75.91,4.58,Hyderabad
2024-12-28,0.0,22.19,29.11,17.48,75.97,3.3,Hyderabad
2024-12-29,0.0,22.42,29.55,17.48,71.01,2.78,Hyderabad
2024-12-30,0.0,22.04,29.43,15.59,62.7,2.56,Hyderabad
2024-12-31,0.0,21.66,29.13,16.15,68.1,2.31,Hyderabad
2025-01-01,0.0,20.4,28.06,14.63,65.44,3.18,Hyderabad
2025-01-02,0.0,19.12,28.06,12.99,50.34,3.91,Hyderabad
2025-01-03,0.0,18.88,28.53,10.82,50.64,3.18,Hyderabad
2025-01-04,0.0,19.4,28.74,10.85,50.32,3.02,Hyderabad
2025-01-05,0.0,20.1,28.64,13.66,65.42,2.27,Hyderabad
2025-01-06,0.0,20.19,28.47,13.15,67.99,2.69,Hyderabad
2025-01-07,0.0,20.29,28.94,14.47,62.79,2.76,Hyderabad
2025-01-08,0.0,18.56,27.25,12.37,52.94,3.3,Hyderabad
2025-01-09,0.0,18.39,27.4,10.05,57.63,3.0,Hyderabad
2025-01-10,0.0,19.49,27.09,14.13,72.2,3.6,Hyderabad
2025-01-11,0.0,20.37,28.21,14.91,69.87,3.74,Hyderabad
2025-01-12,0.0,21.23,28.82,16.69,67.45,3.44,Hyderabad
2025-01-13,0.0,21.51,29.1,16.07,68.78,2.54,Hyderabad
2025-01-14,0.0,21.33,28.6,15.45,67.93,2.67,Hyderabad
2025-01-15,0.0,21.34,27.6,16.81,73.41,3.05,Hyderabad
2025-01-16,0.0,21.03,27.54,16.05,71.21,2.84,Hyderabad
2025-01-17,0.0,20.69,28.37,15.54,62.44,2.93,Hyderabad
2025-01-18,0.0,20.25,27.75,14.51,61.65,2.89,Hyderabad
2025-01-19,0.0,20.78,29.99,13.54,50.14,2.81,Hyderabad
2025-01-20,0.0,20.32,30.28,12.36,44.24,3.1,Hyderabad
2025-01-21,0.0,21.4,31.41,12.79,39.94,2.85,Hyderabad
2025-01-22,0.0,22.2,31.44,15.65,50.8,2.77,Hyderabad
2025-01-23,0.0,22.11,31.34,14.89,64.0,3.42,Hyderabad
2025-01-24,0.0,22.31,31.56,15.2,64.7,3.13,Hyderabad
2025-01-25,0.0,22.68,31.83,15.07,54.93,2.59,Hyderabad
2025-01-26,0.0,23.54,31.37,17.5,45.31,2.61,Hyderabad
2025-01-27,0.0,23.39,32.07,17.05,44.12,2.1,Hyderabad
2025-01-28,0.0,23.15,32.39,16.64,51.81,2.59,Hyderabad
2025-01-29,0.0,22.81,31.79,15.89,61.83,3.21,Hyderabad
2025-01-30,0.0,23.0,31.8,15.46,60.39,2.8,Hyderabad
2025-01-31,0.0,24.0,33.26,16.59,46.06,2.62,Hyderabad
2025-02-01,0.0,24.02,33.27,16.38,47.53,2.89,Hyderabad
2025-02-02,0.0,24.14,33.83,15.99,48.24,3.18,Hyderabad
2025-02-03,0.0,24.83,34.35,16.87,45.59,2.95,Hyderabad
2025-02-04,0.0,25.81,34.91,18.27,38.94,2.41,Hyderabad
2025-02-05,0.0,25.77,35.0,17.89,40.73,2.55,Hyderabad
2025-02-06,0.0,25.37,33.94,17.87,45.62,2.77,Hyderabad
2025-02-07,0.0,24.98,33.16,17.6,41.75,3.68,Hyderabad
2025-02-08,0.0,24.9,33.68,17.02,36.86,3.46,Hyderabad
2025-02-09,0.0,25.03,33.8,17.2,38.68,3.19,Hyderabad
2025-02-10,0.0,25.01,34.03,16.85,49.92,2.55,Hyderabad
2025-02-11,0.0,25.47,33.97,17.81,45.14,2.37,Hyderabad
2025-02-12,0.0,26.75,35.72,19.52,35.89,2.15,Hyderabad
2025-02-13,0.0,25.88,35.78,17.95,25.59,3.06,Hyderabad
2025-02-14,0.0,24.15,33.99,15.94,22.06,3.85,Hyderabad
2025-02-15,0.0,24.85,35.18,16.2,20.55,3.78,Hyderabad
2025-02-16,0.0,25.37,35.32,16.83,25.48,2.48,Hyderabad
2025-02-17,0.0,25.99,35.83,16.98,37.09,2.54,Hyderabad
2025-02-18,0.0,26.97,36.91,17.9,37.56,2.33,Hyderabad
2025-02-19,0.0,27.22,36.67,17.98,38.75,2.26,Hyderabad
2025-02-20,0.0,27.04,35.86,18.3,44.27,1.93,Hyderabad
2025-02-21,0.0,27.17,35.05,20.17,43.68,1.77,Hyderabad
2025-02-22,0.0,27.29,35.86,20.57,30.64,2.47,Hyderabad
2025-02-23,0.0,25.95,34.94,18.1,25.61,3.91,Hyderabad
2025-02-24,0.0,25.19,34.08,16.48,27.34,3.37,Hyderabad
2025-02-25,0.0,25.3,34.0,16.88,46.89,3.07,Hyderabad
2025-02-26,0.0,25.91,34.41,17.85,39.07,3.18,Hyderabad
2025-02-27,0.0,25.91,34.6,17.53,43.94,3.08,Hyderabad
2025-02-28,0.0,26.25,34.8,18.0,47.99,3.23,Hyderabad
2025-03-01,0.0,26.95,35.27,19.15,43.36,3.05,Hyderabad
2025-03-02,0.0,28.17,37.17,19.28,35.62,2.69,Hyderabad
2025-03-03,0.0,28.97,37.58,21.12,28.97,3.08,Hyderabad
2025-03-04,0.0,29.57,38.66,22.55,22.18,3.29,Hyderabad
2025-03-05,0.0,27.28,36.21,20.89,18.4,4.91,Hyderabad
2025-03-06,0.0,24.73,34.99,16.36,8.07,4.8,Hyderabad
2025-03-07,0.0,25.32,35.87,16.05,10.92,3.65,Hyderabad
2025-03-08,0.0,27.74,38.08,19.94,11.92,2.6,Hyderabad
2025-03-09,0.0,26.96,36.35,17.39,38.42,3.69,Hyderabad
2025-03-10,0.0,26.9,35.74,19.24,49.06,3.97,Hyderabad
2025-03-11,0.0,27.16,36.04,18.72,42.94,3.16,Hyderabad
2025-03-12,0.0,28.8,38.17,19.8,33.81,2.54,Hyderabad
2025-03-13,0.0,30.2,39.32,20.85,30.4,2.17,Hyderabad
2025-03-14,0.0,30.55,38.82,23.08,27.89,2.31,Hyderabad
2025-03-15,0.0,30.54,39.62,21.71,32.57,3.55,Hyderabad
2025-03-16,0.0,30.42,39.66,21.79,30.21,4.34,Hyderabad
2025-03-17,0.0,30.58,39.75,21.36,23.71,3.3,Hyderabad
2025-03-18,0.01,30.76,39.36,22.17,31.15,3.48,Hyderabad
2025-03-19,0.07,29.77,39.06,21.24,38.82,4.88,Hyderabad
2025-03-20,0.4,28.69,38.29,20.45,47.63,4.73,Hyderabad
2025-03-21,9.22,28.89,37.3,20.56,51.73,2.64,Hyderabad
2025-03-22,2.72,27.96,34.52,22.15,60.64,3.4,Hyderabad
2025-03-23,1.31,28.04,34.54,21.91,60.61,2.7,Hyderabad
2025-03-24,0.05,28.62,36.19,21.17,53.17,2.53,Hyderabad
2025-03-25,0.0,28.91,36.91,21.03,41.97,2.24,Hyderabad
2025-03-26,0.0,29.36,38.23,20.84,33.1,2.42,Hyderabad
2025-03-27,0.0,30.26,39.39,21.82,29.43,2.74,Hyderabad
2025-03-28,0.0,31.05,39.96,22.79,24.25,2.26,Hyderabad
2025-03-29,0.0,31.52,39.98,24.09,23.6,2.4,Hyderabad
2025-03-30,0.0,31.42,40.05,23.72,27.53,2.95,Hyderabad
2025-03-31,0.0,30.7,38.81,23.17,32.42,3.48,Hyderabad
2025-04-01,0.0,29.17,37.01,21.8,46.82,4.33,Hyderabad
2025-04-02,0.0,28.22,35.07,20.74,45.57,3.5,Hyderabad
2025-04-03,16.49,28.66,34.08,22.52,54.61,2.49,Hyderabad
2025-04-04,0.84,28.5,35.16,22.03,58.09,1.97,Hyderabad
2025-04-05,0.0,30.07,36.89,23.31,48.32,2.25,Hyderabad
2025-04-06,0.02,30.6,39.03,22.67,41.27,2.63,Hyderabad
2025-04-07,0.0,30.66,39.35,22.01,39.78,3.06,Hyderabad
2025-04-08,0.34,30.49,38.58,22.93,44.54,4.07,Hyderabad
2025-04-09,0.04,30.31,38.04,22.2,46.43,3.52,Hyderabad
2025-04-10,0.75,30.72,38.74,23.5,42.64,3.22,Hyderabad
2025-04-11,0.83,31.05,39.18,24.16,32.38,3.61,Hyderabad
2025-04-12,0.0,31.52,39.96,23.92,26.68,4.28,Hyderabad
2025-04-13,0.0,31.98,39.87,23.47,26.72,2.09,Hyderabad
2025-04-14,0.04,31.74,39.82,23.27,34.59,2.46,Hyderabad
2025-04-15,0.19,32.09,39.65,24.2,35.58,3.18,Hyderabad
2025-04-16,0.89,31.0,38.99,23.38,48.07,4.36,Hyderabad
2025-04-17,0.06,31.82,39.19,24.5,47.18,3.57,Hyderabad
2025-04-18,8.96,31.15,37.91,24.61,53.67,2.97,Hyderabad
2025-04-19,5.33,30.83,38.07,24.05,57.11,2.84,Hyderabad
2025-04-20,0.0,32.04,39.55,25.26,48.9,2.68,Hyderabad
2025-04-21,0.01,32.26,39.84,24.8,47.73,3.09,Hyderabad
2025-04-22,0.01,33.17,40.75,25.8,40.69,2.81,Hyderabad
2025-04-23,0.01,33.49,41.02,27.02,35.7,2.95,Hyderabad
2025-04-24,0.05,33.72,41.25,26.21,28.85,3.44,Hyderabad
2025-04-25,0.03,33.89,41.39,26.59,37.16,3.24,Hyderabad
2025-04-26,0.0,34.18,41.54,27.02,33.86,2.68,Hyderabad
2025-04-27,0.21,32.04,39.04,25.16,39.65,3.75,Hyderabad
2025-04-28,0.0,32.3,40.08,24.49,39.26,3.05,Hyderabad
2025-04-29,0.19,33.07,40.38,24.57,38.06,3.21,Hyderabad
2025-04-30,0.02,33.94,41.44,26.65,34.33,3.68,Hyderabad
2025-05-01,0.07,33.11,40.95,25.13,41.32,4.01,Hyderabad
2025-05-02,0.45,33.17,40.77,25.29,42.54,3.79,Hyderabad
2025-05-03,0.02,33.76,41.56,26.48,37.41,3.67,Hyderabad
2025-05-04,0.05,33.69,40.95,26.56,33.05,3.37,Hyderabad
2025-05-05,2.66,32.81,39.55,25.79,39.36,3.11,Hyderabad
2025-05-06,3.04,31.41,37.94,25.93,44.5,2.78,Hyderabad
2025-05-07,0.46,31.3,37.53,24.3,37.47,2.5,Hyderabad
2025-05-08,0.01,31.17,37.85,25.44,41.28,2.46,Hyderabad
2025-05-09,0.74,31.55,37.74,24.74,45.61,2.49,Hyderabad
2025-05-10,0.45,32.03,37.89,26.11,44.69,2.16,Hyderabad
2025-05-11,0.0,33.85,40.15,27.21,37.07,2.03,Hyderabad
2025-05-12,0.01,34.44,40.69,27.59,31.48,2.17,Hyderabad
2025-05-13,0.64,34.67,40.87,27.75,32.06,1.5,Hyderabad
2025-05-14,5.77,33.54,38.79,28.48,41.61,2.3,Hyderabad
2025-05-15,6.31,30.69,35.38,26.9,58.82,2.07,Hyderabad
2025-05-16,0.72,30.68,35.29,25.92,60.36,1.51,Hyderabad
2025-05-17,0.06,31.38,36.43,26.36,53.93,2.85,Hyderabad
2025-05-18,2.07,29.09,32.03,26.1,64.11,2.64,Hyderabad
2025-05-19,2.01,29.2,34.62,24.3,61.74,3.36,Hyderabad
2025-05-20,14.98,29.14,33.52,25.16,67.13,3.32,Hyderabad
2025-05-21,32.45,27.91,33.03,24.59,76.9,3.22,Hyderabad
2025-05-22,19.85,26.8,29.66,24.03,78.48,1.42,Hyderabad
2025-05-23,2.07,28.16,33.71,23.96,73.21,4.53,Hyderabad
2025-05-24,4.05,27.74,31.4,24.34,73.98,5.12,Hyderabad
2025-05-25,2.52,27.83,33.24,23.66,72.88,4.89,Hyderabad
2025-05-26,2.94,27.25,32.49,23.68,74.53,3.02,Hyderabad
2025-05-27,8.99,26.71,30.75,23.43,80.44,3.62,Hyderabad
2025-05-28,9.15,26.21,28.81,24.32,84.22,5.1,Hyderabad
2025-05-29,0.99,26.74,30.2,24.03,80.67,5.19,Hyderabad
2025-05-30,6.97,27.44,31.65,24.65,76.59,4.82,Hyderabad
2025-05-31,0.53,28.58,34.35,24.06,65.23,7.21,Hyderabad
2025-06-01,0.02,28.88,35.37,23.3,61.05,6.82,Hyderabad
2025-06-02,0.1,28.57,34.49,23.44,64.03,6.36,Hyderabad
2025-06-03,0.1,28.56,34.24,23.53,64.08,5.71,Hyderabad
2025-06-04,0.02,29.08,35.61,23.38,58.9,5.39,Hyderabad
2025-06-05,1.04,29.24,35.14,23.19,60.4,2.83,Hyderabad
2025-06-06,0.01,30.77,36.28,24.12,55.29,1.36,Hyderabad
2025-06-07,1.1,30.68,35.71,26.01,57.22,2.84,Hyderabad
2025-06-08,3.08,29.92,37.03,24.55,60.54,5.22,Hyderabad
2025-06-09,2.94,29.61,35.36,24.79,63.15,6.34,Hyderabad
2025-06-10,2.21,29.74,35.5,24.79,64.62,6.51,Hyderabad
2025-06-11,2.95,27.37,30.65,25.25,75.77,4.45,Hyderabad
2025-06-12,9.27,26.52,29.8,24.18,82.8,2.8,Hyderabad
2025-06-13,2.84,28.07,33.96,23.29,72.93,3.34,Hyderabad
2025-06-14,0.45,28.31,33.52,24.07,72.69,2.82,Hyderabad
2025-06-15,0.26,27.62,31.9,24.31,73.09,4.66,Hyderabad
2025-06-16,0.26,26.37,30.21,23.09,74.8,6.73,Hyderabad
2025-06-17,0.02,27.86,32.67,23.62,68.05,6.75,Hyderabad
2025-06-18,0.0,28.98,34.69,23.32,62.94,7.72,Hyderabad
2025-06-19,0.26,28.6,34.21,23.61,64.57,8.44,Hyderabad
2025-06-20,0.64,28.4,33.74,23.79,65.89,7.34,Hyderabad
2025-06-21,1.24,28.8,34.62,23.74,65.13,7.29,Hyderabad
2025-06-22,0.39,28.0,32.29,23.67,65.37,7.16,Hyderabad
2025-06-23,1.86,27.66,32.83,23.53,65.7,8.35,Hyderabad
2025-06-24,3.19,26.99,32.25,22.97,70.88,8.29,Hyderabad
2025-06-25,20.71,25.9,28.92,23.41,78.15,7.0,Hyderabad
2025-06-26,3.94,25.83,29.5,23.09,78.03,6.27,Hyderabad
2025-06-27,0.07,27.32,32.32,22.42,70.17,6.44,Hyderabad
2025-06-28,0.0,28.1,33.5,23.25,65.65,6.95,Hyderabad
2025-06-29,4.86,26.19,30.72,23.28,75.07,6.95,Hyderabad
2025-06-30,10.92,25.3,29.1,22.65,79.09,7.5,Hyderabad
2025-07-01,10.44,25.21,29.27,22.6,79.92,8.07,Hyderabad
2025-07-02,9.34,25.73,30.55,22.52,78.44,7.34,Hyderabad
2025-07-03,0.14,26.06,31.12,22.4,76.17,6.79,Hyderabad
2025-07-04,0.66,26.55,31.4,22.73,74.3,7.49,Hyderabad
2025-07-05,0.66,26.73,31.62,22.52,73.0,8.35,Hyderabad
2025-07-06,1.49,26.82,31.25,23.24,72.21,8.22,Hyderabad
2025-07-07,1.83,26.16,30.47,22.93,73.67,8.46,Hyderabad
2025-07-08,1.15,26.45,31.68,22.53,72.16,7.91,Hyderabad
2025-07-09,1.62,26.98,32.38,22.59,71.06,6.59,Hyderabad
2025-07-10,0.43,27.16,33.02,22.68,70.57,5.1,Hyderabad
2025-07-11,1.53,27.39,32.57,22.99,70.87,4.38,Hyderabad
2025-07-12,0.35,28.12,34.07,23.25,67.29,5.39,Hyderabad
2025-07-13,0.16,27.71,32.32,23.69,67.78,5.77,Hyderabad
2025-07-14,0.02,28.55,34.56,23.15,64.59,5.87,Hyderabad
2025-07-15,1.9,27.96,33.26,23.5,68.2,5.49,Hyderabad
2025-07-16,0.72,27.99,33.54,23.62,70.06,4.8,Hyderabad
2025-07-17,14.12,28.03,32.81,24.47,73.39,1.09,Hyderabad
2025-07-18,12.99,26.55,29.63,24.15,83.05,1.02,Hyderabad
2025-07-19,22.94,26.26,30.35,23.05,81.25,3.18,Hyderabad
2025-07-20,6.61,26.29,30.77,22.06,76.08,3.84,Hyderabad
2025-07-21,15.17,26.41,30.9,23.09,81.88,4.36,Hyderabad
2025-07-22,12.58,26.2,30.35,23.23,83.74,5.67,Hyderabad
2025-07-23,12.64,25.48,28.82,23.45,83.9,6.3,Hyderabad
2025-07-24,9.1,24.69,27.7,22.39,85.39,6.82,Hyderabad
2025-07-25,22.46,24.77,27.5,22.58,87.15,7.21,Hyderabad
2025-07-26,10.53,24.61,27.54,22.55,85.76,8.38,Hyderabad
2025-07-27,0.55,25.87,31.13,21.65,76.68,8.02,Hyderabad
2025-07-28,0.0,26.06,31.47,21.32,74.62,8.12,Hyderabad
2025-07-29,0.12,25.79,31.1,21.29,74.31,8.61,Hyderabad
2025-07-30,1.57,25.69,30.93,21.75,78.4,6.67,Hyderabad
2025-07-31,0.06,26.54,31.98,22.18,76.5,5.7,Hyderabad
2025-08-01,0.01,26.67,31.71,22.23,75.5,5.04,Hyderabad
2025-08-02,0.12,26.89,31.14,22.87,75.76,3.86,Hyderabad
2025-08-03,6.71,26.62,30.18,23.15,79.05,2.34,Hyderabad
2025-08-04,6.93,26.57,29.72,23.67,82.81,2.01,Hyderabad
2025-08-05,12.38,26.77,30.36,23.81,84.08,1.26,Hyderabad
2025-08-06,0.41,26.18,29.48,23.31,83.3,1.85,Hyderabad
2025-08-07,31.83,25.99,28.13,24.32,84.54,1.09,Hyderabad
2025-08-08,15.32,25.32,28.31,22.72,85.72,2.15,Hyderabad
2025-08-09,11.98,25.72,29.82,22.12,81.85,1.59,Hyderabad
2025-08-10,10.87,24.76,28.13,22.16,86.57,2.27,Hyderabad
2025-08-11,19.22,25.39,29.13,22.34,84.71,4.14,Hyderabad
2025-08-12,21.45,24.71,27.8,22.58,87.53,4.79,Hyderabad
2025-08-13,29.64,24.24,27.2,22.03,90.8,5.1,Hyderabad
2025-08-14,6.21,24.97,29.06,22.14,86.93,4.39,Hyderabad
2025-08-15,16.52,23.97,26.57,21.72,90.9,4.88,Hyderabad
2025-08-16,8.21,24.26,26.57,22.54,91.24,5.44,Hyderabad
2025-08-17,18.17,25.01,29.09,21.76,86.96,5.16,Hyderabad
2025-08-18,26.05,23.76,25.8,22.13,90.76,7.33,Hyderabad
2025-08-19,10.66,24.47,27.95,21.99,88.21,7.22,Hyderabad
2025-08-20,2.56,24.85,28.63,21.76,85.14,6.72,Hyderabad
2025-08-21,0.29,25.33,29.95,21.32,84.12,5.49,Hyderabad
2025-08-22,0.0,24.91,29.06,21.78,84.84,5.32,Hyderabad
2025-08-23,0.03,24.96,29.07,21.58,83.59,6.05,Hyderabad
2025-08-24,0.0,24.77,29.22,21.01,82.77,6.31,Hyderabad
2025-08-25,0.0,24.85,29.75,20.91,82.4,5.55,Hyderabad
2025-08-26,13.76,24.34,27.42,21.88,87.48,5.27,Hyderabad
2025-08-27,70.2,23.88,26.18,22.28,92.53,5.78,Hyderabad
2025-08-28,37.44,24.09,26.94,22.33,91.28,6.63,Hyderabad
2025-08-29,4.81,25.12,29.54,22.47,86.56,4.83,Hyderabad
2025-08-30,3.85,25.42,29.44,22.28,86.58,3.68,Hyderabad
2025-08-31,2.1,24.92,28.34,22.6,88.86,4.44,Hyderabad
2025-09-01,15.27,25.08,28.69,22.92,88.08,5.1,Hyderabad
2025-09-02,4.47,24.3,27.34,21.86,89.81,5.37,Hyderabad
2025-09-03,4.95,24.02,26.76,22.12,90.46,4.2,Hyderabad
2025-09-04,2.2,24.8,29.04,21.59,85.34,4.43,Hyderabad
2025-09-05,0.03,24.85,29.36,20.98,84.48,4.32,Hyderabad
2025-09-06,3.53,24.94,28.65,21.5,85.3,3.23,Hyderabad
2025-09-07,1.0,24.99,29.29,21.77,82.07,3.8,Hyderabad
2025-09-08,3.57,24.97,29.22,21.75,85.43,3.82,Hyderabad
2025-09-09,0.49,24.69,27.78,21.84,85.98,2.38,Hyderabad
2025-09-10,4.84,25.05,28.67,22.04,87.79,2.57,Hyderabad
2025-09-11,36.76,23.96,25.74,22.71,92.9,4.72,Hyderabad
2025-09-12,9.95,23.71,26.35,22.12,92.65,4.68,Hyderabad
2025-09-13,7.98,24.48,27.11,22.62,92.18,4.58,Hyderabad
2025-09-14,5.63,25.56,28.71,22.77,89.14,1.95,Hyderabad
2025-09-15,7.09,24.76,27.17,23.04,91.44,3.25,Hyderabad
2025-09-16,10.3,25.41,28.8,22.18,88.06,1.7,Hyderabad
2025-09-17,28.26,25.38,28.74,22.58,88.7,1.72,Hyderabad
2025-09-18,9.26,25.77,29.84,22.36,87.08,1.84,Hyderabad
2025-09-19,5.69,25.93,29.15,22.49,86.04,1.85,Hyderabad
2025-09-20,15.55,25.61,29.22,22.39,88.34,2.8,Hyderabad
2025-09-21,18.83,25.15,27.65,23.25,92.52,3.05,Hyderabad
2025-09-22,21.19,24.76,27.62,22.56,91.16,3.62,Hyderabad
2025-09-23,4.5,24.59,27.75,22.32,89.25,3.44,Hyderabad
2025-09-24,0.22,24.27,27.42,21.9,90.63,5.12,Hyderabad
2025-09-25,28.38,23.5,25.74,22.2,92.1,6.42,Hyderabad
2025-09-26,18.18,24.42,27.97,21.89,91.87,5.22,Hyderabad
2025-09-27,14.39,24.21,26.86,22.57,91.28,2.8,Hyderabad
2025-09-28,0.69,23.88,28.15,20.88,90.1,4.91,Hyderabad
2025-09-29,0.48,24.09,28.35,20.69,87.3,3.93,Hyderabad
2025-09-30,1.18,23.97,27.9,20.7,87.74,4.2,Hyderabad
2025-10-01,0.03,24.49,28.88,21.08,86.24,4.52,Hyderabad
2025-10-02,0.04,23.74,26.26,22.07,89.79,4.56,Hyderabad
2025-10-03,0.03,24.44,28.26,21.37,87.49,4.4,Hyderabad
2025-10-04,5.78,24.07,27.49,21.62,89.48,3.93,Hyderabad
2025-10-05,5.87,24.54,27.81,22.15,89.67,2.8,Hyderabad
2025-10-06,5.17,24.39,27.49,21.83,89.53,2.15,Hyderabad
2025-10-07,6.38,24.22,27.31,21.82,90.09,3.19,Hyderabad
2025-10-08,13.47,24.41,27.75,21.57,89.01,2.22,Hyderabad
2025-10-09,7.46,23.86,27.4,21.41,89.54,3.0,Hyderabad
2025-10-10,0.27,23.07,27.84,19.59,84.87,3.18,Hyderabad
2025-10-11,0.02,22.51,27.9,17.94,84.85,3.91,Hyderabad
2025-10-12,2.06,23.01,28.09,18.38,88.86,3.11,Hyderabad
2025-10-13,1.65,23.25,26.7,21.05,91.66,3.36,Hyderabad
2025-10-14,0.8,24.01,28.22,20.68,90.12,2.83,Hyderabad
2025-10-15,0.92,23.89,27.73,20.96,89.3,3.42,Hyderabad
2025-10-16,0.01,23.56,28.29,19.41,87.19,2.81,Hyderabad
2025-10-17,0.0,22.94,27.06,19.87,88.34,2.84,Hyderabad
2025-10-18,0.02,22.69,27.87,18.27,85.57,2.69,Hyderabad
2025-10-19,2.65,22.69,27.58,18.12,89.0,2.88,Hyderabad
2025-10-20,1.82,23.44,27.35,20.38,88.85,2.25,Hyderabad
2025-10-21,3.93,23.75,27.72,20.65,89.66,3.25,Hyderabad
2025-10-22,1.38,23.95,27.54,21.28,90.36,3.78,Hyderabad
2025-10-23,1.42,23.7,26.99,21.47,90.36,3.65,Hyderabad
2025-10-24,3.99,23.42,26.83,21.07,90.92,2.93,Hyderabad
2025-10-25,9.58,23.74,27.7,21.27,88.55,2.51,Hyderabad
2025-10-26,0.03,23.88,28.39,20.69,87.39,2.62,Hyderabad
2025-10-27,2.14,23.88,27.65,20.82,88.61,2.35,Hyderabad
2025-10-28,20.39,23.44,25.17,21.93,93.45,5.37,Hyderabad
2025-10-29,47.08,24.07,25.99,22.85,93.37,4.93,Hyderabad
2025-10-30,2.16,24.38,28.65,21.47,88.18,5.15,Hyderabad
2025-10-31,0.0,23.38,27.7,19.02,82.48,3.45,Hyderabad
2025-11-01,0.13,24.48,29.06,19.99,84.05,2.33,Hyderabad
2025-11-02,5.01,25.07,29.9,21.56,87.11,1.94,Hyderabad
2025-11-03,3.44,24.84,28.84,22.32,88.04,3.52,Hyderabad
2025-11-04,4.3,24.22,28.49,21.46,88.18,3.19,Hyderabad
2025-11-05,0.73,23.08,27.28,20.01,87.76,3.26,Hyderabad
2025-11-06,0.0,22.02,27.02,18.66,83.18,3.33,Hyderabad
2025-11-07,0.0,20.83,26.62,16.64,79.75,3.42,Hyderabad
2025-11-08,0.0,19.27,25.53,14.4,78.37,3.14,Hyderabad
2025-11-09,0.0,18.07,24.15,12.98,80.07,3.06,Hyderabad
2025-11-10,0.0,18.27,24.9,12.15,75.58,2.47,Hyderabad
2025-11-11,0.0,18.5,25.13,13.41,75.94,3.04,Hyderabad
2025-11-12,0.0,18.12,24.92,13.37,74.97,3.51,Hyderabad
2025-11-13,0.0,16.86,24.32,11.33,74.42,3.3,Hyderabad
2025-11-14,0.0,16.67,24.13,10.24,80.69,3.1,Hyderabad
2025-11-15,0.0,16.96,24.19,11.04,78.58,2.64,Hyderabad
2025-11-16,0.0,16.67,23.82,11.82,79.53,3.48,Hyderabad
2025-11-17,0.0,15.37,22.81,10.15,80.57,3.55,Hyderabad
2025-11-18,0.0,15.84,23.92,9.13,80.23,3.02,Hyderabad
2025-11-19,0.0,16.39,24.45,10.21,77.48,2.64,Hyderabad
2025-11-20,0.0,16.93,24.56,10.06,81.36,2.92,Hyderabad
2025-11-21,0.06,19.5,26.42,14.04,84.99,2.4,Hyderabad
2025-11-22,0.03,20.68,26.94,15.14,84.92,2.39,Hyderabad
2025-11-23,0.0,20.75,26.72,16.35,81.62,2.35,Hyderabad
2025-11-24,0.0,20.34,26.34,15.65,81.93,2.62,Hyderabad
2025-11-25,0.0,20.26,26.08,16.17,87.45,2.39,Hyderabad
2025-11-26,0.0,19.85,25.57,15.88,86.85,2.55,Hyderabad
2025-11-27,0.0,19.11,25.33,14.71,86.06,2.64,Hyderabad
2025-11-28,0.0,17.29,23.57,13.05,80.99,3.34,Hyderabad
2025-11-29,0.0,18.18,24.62,11.87,81.83,2.8,Hyderabad
2025-11-30,0.01,18.84,23.06,16.29,87.9,3.43,Hyderabad
2025-12-01,0.01,19.68,25.66,15.39,86.24,2.78,Hyderabad
2025-12-02,0.0,19.56,25.2,15.13,85.91,2.77,Hyderabad
2025-12-03,0.0,19.85,25.71,14.38,84.8,2.82,Hyderabad
2025-12-04,0.0,20.42,25.51,17.0,88.13,2.8,Hyderabad
2025-12-05,0.0,18.36,23.95,14.55,81.76,3.18,Hyderabad
2025-12-06,0.0,16.83,22.54,12.01,84.03,2.9,Hyderabad
2025-12-07,0.0,17.37,23.89,11.93,75.51,2.83,Hyderabad
2025-12-08,0.0,16.58,23.81,11.19,74.41,3.1,Hyderabad
2025-12-09,0.0,15.79,24.07,10.35,71.77,3.59,Hyderabad
2025-12-10,0.0,15.57,24.09,9.4,70.3,3.86,Hyderabad
2025-12-11,0.0,15.3,23.94,8.46,66.99,3.3,Hyderabad
2025-12-12,0.0,16.46,24.25,9.65,66.27,2.61,Hyderabad
2025-12-13,0.0,17.97,25.07,12.16,63.73,1.85,Hyderabad
2025-12-14,0.0,17.91,24.72,13.17,71.02,1.69,Hyderabad
2025-12-15,0.0,17.37,24.71,12.0,73.74,2.13,Hyderabad
2025-12-16,0.0,17.88,25.04,11.63,73.82,2.15,Hyderabad
2025-12-17,0.0,17.57,25.53,11.13,76.82,2.73,Hyderabad
2025-12-18,0.0,16.33,24.95,10.21,72.74,3.54,Hyderabad
2025-12-19,0.0,15.49,23.75,9.25,68.91,3.71,Hyderabad
2025-12-20,0.0,15.78,23.69,8.85,70.5,3.12,Hyderabad
2025-12-21,0.0,17.35,24.4,11.51,74.44,2.39,Hyderabad
2025-12-22,0.0,18.03,24.7,11.93,76.01,2.08,Hyderabad
2025-12-23,0.0,17.02,24.5,10.81,73.09,2.76,Hyderabad
2025-12-24,0.0,16.24,23.87,9.72,75.74,2.87,Hyderabad
2025-12-25,0.0,17.25,23.82,12.14,67.51,1.85,Hyderabad
2025-12-26,0.0,17.46,24.23,12.35,71.14,1.98,Hyderabad
2025-12-27,0.0,17.78,24.36,13.8,71.11,1.43,Hyderabad
2025-12-28,0.0,17.21,24.25,11.77,70.27,1.96,Hyderabad
2025-12-29,0.0,17.61,24.79,11.5,65.76,2.01,Hyderabad
2025-12-30,0.0,18.8,25.49,13.23,61.25,1.13,Hyderabad
2025-12-31,0.0,19.01,26.02,13.41,68.81,1.62,Hyderabad
