date,PRECTOTCORR,T2M,T2M_MAX,T2M_MIN,RH2M,WS10M,city
2018-01-01,0.0,16.9,22.98,11.19,78.55,2.37,Kolkata
2018-01-02,0.0,16.32,22.91,12.41,77.15,2.93,Kolkata
2018-01-03,0.0,15.42,23.43,8.61,69.96,3.05,Kolkata
2018-01-04,0.0,13.68,21.01,7.88,71.46,3.06,Kolkata
2018-01-05,0.0,13.66,20.85,6.37,67.68,2.66,Kolkata
2018-01-06,0.0,14.19,22.07,6.54,64.23,2.53,Kolkata
2018-01-07,0.0,14.22,21.86,6.75,60.22,2.52,Kolkata
2018-01-08,0.0,14.07,20.83,7.19,60.71,2.11,Kolkata
2018-01-09,0.0,13.21,20.58,5.96,65.15,2.64,Kolkata
2018-01-10,0.0,13.37,21.14,5.5,64.57,2.44,Kolkata
2018-01-11,0.0,13.42,20.5,6.37,67.1,2.26,Kolkata
2018-01-12,0.0,14.46,21.85,9.1,69.86,1.53,Kolkata
2018-01-13,0.0,14.91,21.23,8.93,70.7,1.73,Kolkata
2018-01-14,0.0,14.42,21.86,8.88,70.95,2.5,Kolkata
2018-01-15,0.0,14.66,22.41,6.51,63.37,2.54,Kolkata
2018-01-16,0.0,15.4,23.25,7.52,64.84,2.61,Kolkata
2018-01-17,0.0,15.73,23.09,8.36,62.28,2.23,Kolkata
2018-01-18,0.0,15.08,23.26,7.28,60.51,2.46,Kolkata
2018-01-19,0.0,14.94,22.93,6.44,57.98,2.39,Kolkata
2018-01-20,0.0,16.53,23.92,7.89,61.19,2.04,Kolkata
2018-01-21,0.0,16.75,24.09,9.79,65.26,2.12,Kolkata
2018-01-22,0.0,16.43,23.82,8.22,61.36,2.26,Kolkata
2018-01-23,0.0,17.17,24.1,8.81,59.84,1.66,Kolkata
2018-01-24,0.0,18.42,25.54,11.77,75.86,2.38,Kolkata
2018-01-25,0.0,18.13,25.59,11.34,69.3,2.73,Kolkata
2018-01-26,0.0,17.77,24.57,10.36,64.08,2.2,Kolkata
2018-01-27,0.0,16.86,23.9,9.76,59.48,2.36,Kolkata
2018-01-28,0.0,16.81,23.97,9.13,54.87,1.88,Kolkata
2018-01-29,0.0,17.1,24.0,8.81,55.72,2.06,Kolkata
2018-01-30,0.0,17.41,25.05,8.42,56.96,2.38,Kolkata
2018-01-31,0.0,17.24,25.93,10.06,65.43,2.57,Kolkata
2018-02-01,0.0,18.15,25.33,11.77,64.22,1.87,Kolkata
2018-02-02,0.0,19.34,26.46,11.63,62.74,1.87,Kolkata
2018-02-03,0.0,19.61,27.09,12.56,66.88,2.01,Kolkata
2018-02-04,0.0,20.58,28.52,13.71,72.24,2.66,Kolkata
2018-02-05,0.0,21.6,28.51,16.05,74.18,1.47,Kolkata
2018-02-06,0.0,20.72,27.41,14.65,71.6,2.47,Kolkata
2018-02-07,0.0,21.22,29.01,15.13,68.93,2.45,Kolkata
2018-02-08,0.0,21.46,27.66,15.9,58.67,2.39,Kolkata
2018-02-09,0.0,21.69,28.83,14.88,66.6,2.25,Kolkata
2018-02-10,0.0,21.03,27.34,15.94,67.02,2.68,Kolkata
2018-02-11,0.02,19.02,23.77,14.64,57.12,2.05,Kolkata
2018-02-12,0.0,19.55,28.22,11.69,53.64,2.84,Kolkata
2018-02-13,0.0,19.43,28.28,11.57,60.9,3.07,Kolkata
2018-02-14,0.0,21.12,28.07,14.66,69.52,3.13,Kolkata
2018-02-15,0.0,19.98,27.82,12.52,60.86,2.83,Kolkata
2018-02-16,0.0,19.7,27.7,11.34,53.05,2.81,Kolkata
2018-02-17,0.0,20.74,28.55,12.32,57.55,2.38,Kolkata
2018-02-18,0.0,21.8,29.4,13.91,61.38,2.38,Kolkata
2018-02-19,0.0,21.78,29.63,14.77,70.48,2.53,Kolkata
2018-02-20,0.0,23.17,30.36,17.3,68.9,1.99,Kolkata
2018-02-21,0.0,23.31,30.77,16.65,63.62,1.86,Kolkata
2018-02-22,0.0,23.08,30.34,15.4,55.3,2.19,Kolkata
2018-02-23,0.0,23.62,32.53,16.02,64.49,3.09,Kolkata
2018-02-24,0.0,24.7,33.47,17.68,63.75,2.68,Kolkata
2018-02-25,0.0,24.81,33.87,17.06,63.05,2.64,Kolkata
2018-02-26,1.94,25.1,33.17,18.32,61.05,2.26,Kolkata
2018-02-27,0.01,24.79,32.15,17.48,53.18,2.3,Kolkata
2018-02-28,0.0,24.05,31.76,17.05,51.73,2.32,Kolkata
2018-03-01,0.0,24.61,32.7,16.78,53.9,2.66,Kolkata
2018-03-02,0.0,25.02,33.42,17.7,63.97,3.06,Kolkata
2018-03-03,0.0,26.76,35.25,19.5,60.83,3.31,Kolkata
2018-03-04,0.0,26.87,35.83,19.07,59.28,2.47,Kolkata
2018-03-05,0.01,26.25,36.08,18.98,57.11,2.83,Kolkata
2018-03-06,0.04,25.96,34.34,17.93,48.73,2.78,Kolkata
2018-03-07,0.01,25.97,34.4,18.42,43.44,2.72,Kolkata
2018-03-08,0.0,24.97,33.87,15.87,35.05,2.57,Kolkata
2018-03-09,0.0,25.16,34.07,15.97,36.89,2.84,Kolkata
2018-03-10,0.0,25.41,34.71,16.2,42.11,2.98,Kolkata
2018-03-11,0.0,25.49,35.17,16.89,54.13,3.2,Kolkata
2018-03-12,0.06,26.52,35.46,18.88,61.56,3.37,Kolkata
2018-03-13,0.41,28.17,36.56,20.87,52.78,2.54,Kolkata
2018-03-14,0.0,26.97,36.48,18.22,49.65,2.67,Kolkata
2018-03-15,0.01,27.86,37.4,19.38,57.18,2.58,Kolkata
2018-03-16,0.22,28.51,35.83,22.46,62.08,3.11,Kolkata
2018-03-17,0.22,28.41,35.89,23.02,52.52,3.89,Kolkata
2018-03-18,0.14,28.64,36.36,21.86,52.54,2.09,Kolkata
2018-03-19,0.03,27.53,36.88,19.15,45.96,2.69,Kolkata
2018-03-20,0.0,26.79,36.58,17.54,44.99,2.48,Kolkata
2018-03-21,0.0,27.51,37.08,18.91,50.19,2.24,Kolkata
2018-03-22,0.0,28.42,36.96,21.03,60.94,3.18,Kolkata
2018-03-23,0.08,29.44,37.69,23.08,62.18,3.68,Kolkata
2018-03-24,0.53,29.54,37.2,23.19,64.8,2.69,Kolkata
2018-03-25,0.31,29.7,37.34,23.06,59.54,2.32,Kolkata
2018-03-26,2.09,29.46,36.79,23.43,62.7,2.68,Kolkata
2018-03-27,0.0,29.98,37.95,23.14,54.11,2.74,Kolkata
2018-03-28,0.0,29.52,37.92,22.68,59.27,2.92,Kolkata
2018-03-29,0.0,29.44,37.01,23.38,65.68,4.2,Kolkata
2018-03-30,0.0,29.8,37.73,24.62,64.69,4.48,Kolkata
2018-03-31,1.83,28.82,36.47,24.01,68.25,3.68,Kolkata
2018-04-01,5.96,28.29,34.78,23.37,70.31,2.15,Kolkata
2018-04-02,9.05,26.06,31.07,22.4,69.71,2.05,Kolkata
2018-04-03,0.1,27.51,35.43,20.2,62.12,2.52,Kolkata
2018-04-04,0.52,28.18,35.39,21.84,65.69,3.18,Kolkata
2018-04-05,0.21,28.18,34.29,23.72,70.69,3.87,Kolkata
2018-04-06,0.31,28.74,35.21,23.69,70.03,3.7,Kolkata
2018-04-07,11.48,26.81,30.11,24.2,82.69,1.9,Kolkata
2018-04-08,4.11,26.62,31.37,23.14,78.28,2.56,Kolkata
2018-04-09,6.98,27.88,33.97,22.97,70.92,3.27,Kolkata
2018-04-10,5.95,28.29,34.66,23.4,67.94,3.4,Kolkata
2018-04-11,2.08,29.12,36.17,23.28,66.57,3.84,Kolkata
2018-04-12,7.67,29.19,36.47,23.39,67.59,3.57,Kolkata
2018-04-13,5.68,29.26,36.39,23.4,66.49,3.41,Kolkata
2018-04-14,2.64,30.48,38.27,24.51,63.52,3.54,Kolkata
2018-04-15,2.42,29.92,38.02,24.06,58.44,3.54,Kolkata
2018-04-16,0.07,30.45,39.12,22.92,62.97,3.12,Kolkata
2018-04-17,1.18,31.33,39.32,25.19,63.68,4.28,Kolkata
2018-04-18,5.3,30.44,37.94,24.43,66.39,3.98,Kolkata
2018-04-19,0.24,31.09,38.44,25.59,65.86,4.44,Kolkata
2018-04-20,0.02,31.24,38.63,25.67,67.59,5.1,Kolkata
2018-04-21,2.06,31.37,38.77,26.43,69.02,5.8,Kolkata
2018-04-22,2.19,30.9,37.5,26.22,70.61,4.48,Kolkata
2018-04-23,1.65,31.38,38.53,25.63,64.69,2.96,Kolkata
2018-04-24,0.51,31.34,39.47,24.51,59.8,2.88,Kolkata
2018-04-25,0.0,31.05,39.04,24.74,61.67,3.97,Kolkata
2018-04-26,4.72,30.42,37.71,25.03,66.91,4.39,Kolkata
2018-04-27,14.18,29.33,35.93,24.94,68.73,3.05,Kolkata
2018-04-28,0.95,29.95,37.13,24.28,63.83,4.05,Kolkata
2018-04-29,0.36,30.17,36.81,24.73,67.43,5.38,Kolkata
2018-04-30,11.62,29.88,35.79,25.63,70.34,4.58,Kolkata
2018-05-01,4.61,29.4,35.02,25.15,70.79,2.88,Kolkata
2018-05-02,2.16,29.55,35.87,24.51,71.26,3.04,Kolkata
2018-05-03,1.57,29.34,34.89,24.62,67.59,1.66,Kolkata
2018-05-04,0.41,30.19,36.59,24.71,65.3,4.17,Kolkata
2018-05-05,0.69,30.79,37.75,25.52,69.65,5.98,Kolkata
2018-05-06,0.07,31.54,38.14,26.58,68.45,6.86,Kolkata
2018-05-07,0.4,32.27,39.75,26.75,65.69,5.56,Kolkata
2018-05-08,0.42,32.83,40.85,26.93,64.82,5.68,Kolkata
2018-05-09,0.2,32.89,40.99,27.09,63.27,4.62,Kolkata
2018-05-10,0.5,32.23,39.43,26.61,62.39,4.24,Kolkata
2018-05-11,2.78,31.7,38.7,26.37,64.47,4.09,Kolkata
2018-05-12,1.54,31.27,38.12,25.75,64.24,3.69,Kolkata
2018-05-13,9.91,30.35,35.92,26.16,72.17,3.77,Kolkata
2018-05-14,8.78,29.58,35.04,26.1,72.39,2.47,Kolkata
2018-05-15,0.3,30.27,37.01,24.95,63.38,4.11,Kolkata
2018-05-16,13.98,29.2,34.49,25.67,74.08,5.05,Kolkata
2018-05-17,8.72,29.92,36.17,24.92,72.57,2.43,Kolkata
2018-05-18,4.87,31.15,37.94,25.72,69.06,3.52,Kolkata
2018-05-19,5.07,31.42,38.53,26.2,68.29,3.62,Kolkata
2018-05-20,0.45,31.25,37.51,26.47,67.77,4.7,Kolkata
2018-05-21,0.04,31.39,38.68,25.88,67.91,4.74,Kolkata
2018-05-22,10.89,30.58,36.28,26.93,72.41,5.25,Kolkata
2018-05-23,7.01,29.09,32.51,26.93,79.63,5.23,Kolkata
2018-05-24,0.22,29.61,33.52,26.75,75.92,6.08,Kolkata
2018-05-25,1.44,30.23,34.96,27.28,75.12,5.96,Kolkata
2018-05-26,0.27,30.5,35.78,27.03,73.9,5.36,Kolkata
2018-05-27,0.02,30.54,35.05,27.16,74.48,4.88,Kolkata
2018-05-28,0.0,31.01,36.78,26.71,70.61,4.65,Kolkata
2018-05-29,0.04,31.53,37.92,26.79,65.19,4.03,Kolkata
2018-05-30,0.09,31.66,38.18,26.59,64.21,3.35,Kolkata
2018-05-31,1.55,31.27,36.74,27.73,72.18,4.33,Kolkata
2018-06-01,18.09,28.95,31.88,26.78,83.27,3.39,Kolkata
2018-06-02,19.69,28.95,32.64,26.61,82.0,3.44,Kolkata
2018-06-03,0.3,29.85,33.57,26.87,78.97,3.2,Kolkata
2018-06-04,3.16,29.77,33.02,27.26,80.14,2.89,Kolkata
2018-06-05,4.62,29.09,32.1,27.05,81.26,3.07,Kolkata
2018-06-06,3.45,29.89,33.5,26.93,76.41,2.37,Kolkata
2018-06-07,7.24,30.21,34.52,26.74,76.83,2.74,Kolkata
2018-06-08,9.07,29.87,33.27,27.53,79.72,1.71,Kolkata
2018-06-09,17.11,29.62,32.74,26.96,80.01,1.7,Kolkata
2018-06-10,6.34,28.98,31.33,26.99,82.81,3.43,Kolkata
2018-06-11,9.69,30.51,34.76,27.53,79.58,4.26,Kolkata
2018-06-12,29.88,29.52,32.56,27.52,85.69,4.6,Kolkata
2018-06-13,2.86,30.67,35.97,26.8,77.29,5.26,Kolkata
2018-06-14,0.74,30.96,35.56,27.54,76.75,5.3,Kolkata
2018-06-15,0.02,32.47,39.13,27.57,68.54,4.6,Kolkata
2018-06-16,0.04,32.4,39.6,27.12,66.87,3.47,Kolkata
2018-06-17,0.76,30.7,35.09,27.88,71.57,4.5,Kolkata
2018-06-18,0.26,32.19,38.23,27.61,70.79,3.22,Kolkata
2018-06-19,0.19,31.7,36.62,27.69,71.4,2.59,Kolkata
2018-06-20,2.72,30.23,32.44,28.5,83.37,3.53,Kolkata
2018-06-21,7.46,29.32,32.09,27.19,82.26,3.89,Kolkata
2018-06-22,1.69,29.27,32.62,26.8,80.83,3.71,Kolkata
2018-06-23,5.21,28.92,31.6,27.09,84.8,4.68,Kolkata
2018-06-24,12.52,28.92,31.93,26.74,84.68,4.95,Kolkata
2018-06-25,40.07,28.68,30.8,27.13,88.31,4.46,Kolkata
2018-06-26,39.09,27.83,30.0,26.23,87.37,2.77,Kolkata
2018-06-27,16.93,28.0,31.49,25.7,88.06,3.69,Kolkata
2018-06-28,4.06,28.03,31.44,25.69,86.07,4.51,Kolkata
2018-06-29,2.83,28.85,32.58,26.13,81.61,3.73,Kolkata
2018-06-30,0.11,29.29,33.16,26.31,81.1,5.12,Kolkata
2018-07-01,2.34,29.17,32.49,26.93,83.66,5.08,Kolkata
2018-07-02,1.62,29.12,32.32,26.67,83.79,4.85,Kolkata
2018-07-03,15.69,28.52,31.64,26.55,86.24,5.37,Kolkata
2018-07-04,11.55,28.04,30.05,26.6,89.18,5.11,Kolkata
2018-07-05,2.85,29.39,33.42,25.58,81.17,3.3,Kolkata
2018-07-06,13.96,30.04,34.02,26.55,80.45,2.17,Kolkata
2018-07-07,3.57,29.9,33.85,27.06,82.79,2.83,Kolkata
2018-07-08,3.02,29.02,32.13,26.85,85.2,3.13,Kolkata
2018-07-09,8.25,29.52,33.24,26.78,83.83,4.05,Kolkata
2018-07-10,9.79,29.4,33.05,27.27,86.12,3.38,Kolkata
2018-07-11,2.17,29.31,32.42,27.03,84.79,2.85,Kolkata
2018-07-12,6.8,29.06,32.28,26.75,85.79,2.78,Kolkata
2018-07-13,5.07,29.02,31.7,27.02,87.49,2.75,Kolkata
2018-07-14,8.17,29.17,31.87,26.71,86.98,3.55,Kolkata
2018-07-15,10.1,29.08,32.61,26.58,86.69,4.72,Kolkata
2018-07-16,13.73,29.24,32.94,26.55,84.72,4.55,Kolkata
2018-07-17,11.39,29.5,33.13,27.35,84.1,6.25,Kolkata
2018-07-18,4.71,30.0,33.6,27.0,84.17,2.54,Kolkata
2018-07-19,5.22,30.44,33.98,27.67,83.04,2.6,Kolkata
2018-07-20,15.37,30.0,33.18,27.49,86.13,2.48,Kolkata
2018-07-21,14.27,29.29,33.02,26.73,86.9,5.37,Kolkata
2018-07-22,47.72,28.87,31.76,27.25,88.41,6.95,Kolkata
2018-07-23,22.01,28.92,31.93,26.92,85.02,5.28,Kolkata
2018-07-24,8.56,28.67,31.68,26.78,87.21,3.39,Kolkata
2018-07-25,14.49,28.11,30.18,26.76,89.18,4.27,Kolkata
2018-07-26,23.58,27.76,29.72,26.54,90.41,4.01,Kolkata
2018-07-27,20.11,27.58,29.62,25.72,89.09,4.55,Kolkata
2018-07-28,12.3,28.33,31.45,25.94,88.07,3.68,Kolkata
2018-07-29,11.97,28.26,30.88,26.45,88.8,4.33,Kolkata
2018-07-30,9.37,28.58,31.0,26.79,87.77,4.66,Kolkata
2018-07-31,14.93,28.42,31.25,26.34,87.26,3.42,Kolkata
2018-08-01,22.03,27.76,30.3,26.03,87.51,5.35,Kolkata
2018-08-02,2.13,27.68,30.65,25.76,86.14,4.53,Kolkata
2018-08-03,3.99,28.49,31.55,26.01,86.12,3.51,Kolkata
2018-08-04,8.22,28.93,32.76,25.45,84.27,3.09,Kolkata
2018-08-05,21.66,28.49,31.14,26.7,89.78,2.76,Kolkata
2018-08-06,31.76,28.06,30.0,26.31,92.86,2.65,Kolkata
2018-08-07,8.67,28.19,30.54,26.62,89.83,4.76,Kolkata
2018-08-08,5.39,28.23,31.4,26.01,87.61,4.85,Kolkata
2018-08-09,4.38,28.3,31.83,25.63,86.5,3.11,Kolkata
2018-08-10,1.57,28.78,32.51,25.88,86.46,2.76,Kolkata
2018-08-11,2.01,28.62,31.02,26.53,89.61,2.9,Kolkata
2018-08-12,5.06,28.76,31.79,26.38,87.44,2.51,Kolkata
2018-08-13,5.0,29.19,32.54,26.24,85.75,2.08,Kolkata
2018-08-14,9.1,28.93,31.62,26.54,88.99,2.68,Kolkata
2018-08-15,7.6,28.75,31.17,27.03,89.61,5.58,Kolkata
2018-08-16,3.02,28.59,31.84,26.62,88.04,4.63,Kolkata
2018-08-17,9.12,28.55,31.55,26.11,87.01,2.52,Kolkata
2018-08-18,0.85,28.78,31.36,26.88,87.21,1.85,Kolkata
2018-08-19,19.33,28.4,31.76,26.33,89.56,2.24,Kolkata
2018-08-20,13.76,28.23,31.75,26.14,90.36,4.0,Kolkata
2018-08-21,10.71,28.42,31.74,26.06,89.02,3.51,Kolkata
2018-08-22,33.3,28.76,31.83,26.66,88.59,2.99,Kolkata
2018-08-23,4.32,28.23,30.85,26.15,88.15,3.0,Kolkata
2018-08-24,9.64,28.26,30.14,26.92,92.63,2.34,Kolkata
2018-08-25,9.2,28.79,32.04,26.49,88.0,2.34,Kolkata
2018-08-26,9.43,28.32,31.75,25.96,89.12,3.19,Kolkata
2018-08-27,6.07,28.28,30.87,26.46,91.41,4.77,Kolkata
2018-08-28,10.59,28.45,31.46,26.54,89.37,3.69,Kolkata
2018-08-29,2.97,28.41,31.8,25.84,86.87,2.84,Kolkata
2018-08-30,2.0,28.31,31.51,26.06,87.78,3.16,Kolkata
2018-08-31,5.12,28.79,31.73,26.69,88.71,2.06,Kolkata
2018-09-01,6.48,27.78,30.02,26.23,90.8,2.96,Kolkata
2018-09-02,15.84,27.39,29.57,25.78,92.06,3.72,Kolkata
2018-09-03,2.17,27.96,30.99,26.08,88.38,3.45,Kolkata
2018-09-04,4.97,27.39,29.41,26.04,91.48,2.3,Kolkata
2018-09-05,16.36,27.89,30.52,25.42,87.87,1.72,Kolkata
2018-09-06,17.43,27.13,30.24,25.42,92.23,6.02,Kolkata
2018-09-07,9.85,27.81,31.26,25.38,88.9,4.83,Kolkata
2018-09-08,0.82,28.11,31.58,25.42,86.6,2.94,Kolkata
2018-09-09,0.91,27.96,31.42,25.14,87.68,2.96,Kolkata
2018-09-10,1.71,28.23,31.57,25.9,88.09,3.78,Kolkata
2018-09-11,7.58,27.9,30.56,25.99,89.8,2.31,Kolkata
2018-09-12,1.59,27.71,30.82,25.14,89.52,2.66,Kolkata
2018-09-13,4.95,28.38,31.91,25.65,87.52,2.77,Kolkata
2018-09-14,3.37,28.65,31.83,26.42,84.17,1.68,Kolkata
2018-09-15,6.85,28.77,31.35,26.5,83.72,1.34,Kolkata
2018-09-16,2.67,27.92,30.43,25.8,88.07,1.9,Kolkata
2018-09-17,0.05,28.94,32.55,25.23,83.09,2.14,Kolkata
2018-09-18,0.0,28.64,31.63,24.98,83.35,2.45,Kolkata
2018-09-19,1.01,28.31,31.37,25.73,85.86,2.34,Kolkata
2018-09-20,74.23,27.46,29.56,26.14,93.72,5.18,Kolkata
2018-09-21,21.59,27.08,29.03,25.34,92.33,5.14,Kolkata
2018-09-22,5.69,26.76,29.23,24.87,89.72,2.54,Kolkata
2018-09-23,0.14,27.43,31.4,23.91,84.88,2.28,Kolkata
2018-09-24,0.02,27.88,31.33,25.02,87.32,2.79,Kolkata
2018-09-25,0.45,27.86,30.53,26.01,89.69,2.1,Kolkata
2018-09-26,5.54,28.53,31.92,26.19,82.81,1.39,Kolkata
2018-09-27,2.15,28.2,31.02,25.79,85.83,1.74,Kolkata
2018-09-28,1.17,28.32,31.79,25.4,84.28,1.51,Kolkata
2018-09-29,0.37,28.74,32.24,25.54,83.49,1.89,Kolkata
2018-09-30,0.05,28.31,32.39,24.58,80.58,2.07,Kolkata
2018-10-01,0.0,27.84,32.75,23.71,76.56,1.98,Kolkata
2018-10-02,0.0,27.76,32.43,24.13,81.61,2.55,Kolkata
2018-10-03,0.0,27.92,32.61,23.44,78.6,2.15,Kolkata
2018-10-04,0.0,28.07,32.43,23.04,75.36,1.9,Kolkata
2018-10-05,0.0,27.77,31.98,22.9,75.61,1.71,Kolkata
2018-10-06,0.0,28.24,32.1,24.15,72.28,1.32,Kolkata
2018-10-07,0.0,27.93,32.03,22.55,68.29,1.24,Kolkata
2018-10-08,0.0,27.91,32.11,23.37,70.56,1.27,Kolkata
2018-10-09,0.03,27.19,31.51,23.92,74.03,2.06,Kolkata
2018-10-10,10.18,25.5,28.77,23.37,91.25,3.75,Kolkata
2018-10-11,19.89,25.74,28.17,24.33,92.35,3.59,Kolkata
2018-10-12,31.23,25.73,28.35,23.76,90.08,3.55,Kolkata
2018-10-13,7.44,25.87,28.52,22.92,92.53,5.72,Kolkata
2018-10-14,0.32,25.26,29.68,21.17,82.71,3.06,Kolkata
2018-10-15,0.02,26.0,30.59,21.16,75.45,1.95,Kolkata
2018-10-16,0.0,25.26,29.98,20.56,71.79,1.74,Kolkata
2018-10-17,0.0,24.71,29.97,19.42,69.52,1.56,Kolkata
2018-10-18,0.0,25.37,30.83,20.31,81.1,2.32,Kolkata
2018-10-19,0.0,27.07,31.62,22.25,73.85,1.33,Kolkata
2018-10-20,0.0,26.72,31.27,21.49,72.37,1.47,Kolkata
2018-10-21,0.0,26.07,31.04,20.78,70.52,1.85,Kolkata
2018-10-22,0.0,25.72,30.66,20.15,70.62,1.66,Kolkata
2018-10-23,0.0,25.73,30.76,20.0,71.81,1.69,Kolkata
2018-10-24,1.12,25.2,29.98,21.54,76.25,1.88,Kolkata
2018-10-25,0.0,23.62,29.73,16.91,64.2,2.2,Kolkata
2018-10-26,0.0,24.05,29.59,17.69,61.44,1.63,Kolkata
2018-10-27,0.0,24.42,29.26,18.57,62.15,1.27,Kolkata
2018-10-28,0.22,24.16,28.75,19.81,74.32,1.76,Kolkata
2018-10-29,3.01,23.45,26.67,21.21,89.29,2.32,Kolkata
2018-10-30,1.81,22.82,24.89,20.82,93.13,4.9,Kolkata
2018-10-31,1.9,24.58,28.16,21.94,86.33,2.81,Kolkata
2018-11-01,0.0,25.35,29.77,21.3,80.02,1.53,Kolkata
2018-11-02,0.52,25.23,29.83,21.42,79.84,1.31,Kolkata
2018-11-03,0.04,25.4,30.24,20.73,78.92,1.51,Kolkata
2018-11-04,0.0,25.16,30.12,21.09,83.3,2.54,Kolkata
2018-11-05,0.0,25.55,30.63,21.53,84.6,2.94,Kolkata
2018-11-06,0.24,26.1,30.31,21.58,78.74,1.99,Kolkata
2018-11-07,3.83,26.26,29.95,23.56,76.46,0.98,Kolkata
2018-11-08,0.01,24.02,29.13,19.75,78.44,1.87,Kolkata
2018-11-09,0.0,22.33,27.92,17.34,71.14,1.92,Kolkata
2018-11-10,0.0,21.72,27.62,15.69,68.97,2.05,Kolkata
2018-11-11,0.0,22.4,28.35,16.28,72.63,2.23,Kolkata
2018-11-12,0.0,22.33,28.12,16.09,73.93,2.17,Kolkata
2018-11-13,0.0,22.43,28.16,16.07,70.82,1.78,Kolkata
2018-11-14,0.0,23.19,28.73,16.54,68.71,1.38,Kolkata
2018-11-15,0.0,23.0,29.16,16.69,74.05,2.05,Kolkata
2018-11-16,0.0,23.06,29.3,17.55,72.17,2.5,Kolkata
2018-11-17,0.0,22.38,28.05,17.07,75.37,2.71,Kolkata
2018-11-18,0.0,22.62,28.2,17.36,73.07,1.82,Kolkata
2018-11-19,0.0,21.94,27.59,15.86,66.81,1.71,Kolkata
2018-11-20,0.0,22.71,27.99,16.5,69.11,1.34,Kolkata
2018-11-21,0.0,21.27,27.66,15.32,71.06,2.15,Kolkata
2018-11-22,0.0,20.78,27.23,15.25,68.34,2.32,Kolkata
2018-11-23,0.0,20.56,26.58,15.6,66.95,2.46,Kolkata
2018-11-24,0.0,19.61,26.57,13.56,70.14,2.51,Kolkata
2018-11-25,0.0,20.07,27.0,14.51,76.2,2.41,Kolkata
2018-11-26,0.0,20.52,27.05,14.49,72.78,1.96,Kolkata
2018-11-27,0.0,21.63,27.3,15.78,72.37,1.53,Kolkata
2018-11-28,0.0,21.97,27.25,17.51,72.65,1.11,Kolkata
2018-11-29,0.0,21.24,27.48,15.71,73.15,1.69,Kolkata
2018-11-30,0.0,20.95,26.69,15.13,73.58,1.82,Kolkata
2018-12-01,0.0,20.93,26.87,15.39,71.21,1.95,Kolkata
2018-12-02,0.0,20.46,26.91,14.79,71.34,2.48,Kolkata
2018-12-03,0.0,19.93,26.36,14.67,68.99,2.48,Kolkata
2018-12-04,0.0,19.08,26.32,13.21,69.51,2.77,Kolkata
2018-12-05,0.0,18.71,25.48,12.57,68.93,2.82,Kolkata
2018-12-06,0.0,19.17,25.91,14.26,68.69,2.48,Kolkata
2018-12-07,0.0,18.82,26.1,12.46,65.85,2.42,Kolkata
2018-12-08,0.0,17.46,25.62,11.16,66.68,2.86,Kolkata
2018-12-09,0.0,16.87,24.9,9.72,62.67,2.59,Kolkata
2018-12-10,0.0,17.95,26.2,10.43,61.95,2.63,Kolkata
2018-12-11,0.0,18.37,26.42,11.66,67.94,2.71,Kolkata
2018-12-12,0.0,19.13,26.46,12.68,67.97,2.44,Kolkata
2018-12-13,0.0,19.75,27.21,13.33,70.13,2.48,Kolkata
2018-12-14,0.0,20.03,27.19,15.17,67.99,3.1,Kolkata
2018-12-15,0.0,18.2,26.0,12.57,62.47,3.74,Kolkata
2018-12-16,0.51,18.77,24.33,13.57,66.96,2.9,Kolkata
2018-12-17,9.06,18.19,21.38,15.21,85.44,3.89,Kolkata
2018-12-18,9.72,19.13,23.79,15.95,88.84,4.74,Kolkata
2018-12-19,0.04,17.61,23.94,12.73,76.92,3.32,Kolkata
2018-12-20,0.0,16.59,23.17,10.89,75.86,2.81,Kolkata
2018-12-21,0.0,16.08,23.35,9.88,70.27,2.64,Kolkata
2018-12-22,0.0,15.4,23.41,9.14,67.92,2.88,Kolkata
2018-12-23,0.0,15.01,23.36,8.35,64.64,3.15,Kolkata
2018-12-24,0.0,15.3,24.14,8.31,62.13,2.94,Kolkata
2018-12-25,0.0,15.49,23.94,7.73,59.35,2.64,Kolkata
2018-12-26,0.0,15.26,23.35,8.23,59.24,2.82,Kolkata
2018-12-27,0.0,14.66,22.66,7.39,58.81,3.0,Kolkata
2018-12-28,0.0,14.61,23.19,7.76,59.12,3.06,Kolkata
2018-12-29,0.0,13.14,22.08,5.66,60.48,3.06,Kolkata
2018-12-30,0.0,13.36,22.66,6.18,60.63,3.62,Kolkata
2018-12-31,0.0,14.19,23.93,6.84,65.33,3.5,Kolkata
2019-01-01,0.0,15.07,24.49,7.9,63.18,3.18,Kolkata
2019-01-02,0.0,15.65,25.01,8.28,60.85,3.07,Kolkata
2019-01-03,0.0,15.98,24.62,8.76,57.9,2.61,Kolkata
2019-01-04,0.0,15.41,24.28,7.93,59.53,2.73,Kolkata
2019-01-05,0.0,15.68,24.57,8.54,60.89,2.99,Kolkata
2019-01-06,0.0,17.4,26.53,9.76,62.02,2.62,Kolkata
2019-01-07,0.0,18.01,26.93,9.99,61.15,2.87,Kolkata
2019-01-08,0.0,17.86,26.17,11.42,64.97,3.27,Kolkata
2019-01-09,0.0,18.03,25.77,11.39,65.16,2.25,Kolkata
2019-01-10,0.0,17.52,24.89,10.84,61.56,2.24,Kolkata
2019-01-11,0.0,16.34,24.31,9.37,55.27,2.69,Kolkata
2019-01-12,0.0,16.62,24.98,9.24,56.5,2.83,Kolkata
2019-01-13,0.0,17.09,26.02,9.56,57.02,2.9,Kolkata
2019-01-14,0.0,18.15,26.06,10.77,64.02,2.39,Kolkata
2019-01-15,0.0,17.56,25.37,11.77,58.47,3.07,Kolkata
2019-01-16,0.0,15.82,24.98,8.28,50.43,2.95,Kolkata
2019-01-17,0.0,16.4,25.25,8.13,50.65,2.59,Kolkata
2019-01-18,0.0,17.44,25.92,9.15,51.93,2.47,Kolkata
2019-01-19,0.0,17.18,26.21,9.24,52.14,2.65,Kolkata
2019-01-20,0.0,17.78,25.85,9.96,51.36,2.33,Kolkata
2019-01-21,0.0,18.84,27.02,10.52,52.03,2.02,Kolkata
2019-01-22,0.0,20.39,28.56,11.78,50.13,1.33,Kolkata
2019-01-23,0.0,20.81,29.7,12.75,54.7,1.32,Kolkata
2019-01-24,0.0,21.23,30.28,12.54,56.16,1.72,Kolkata
2019-01-25,0.0,21.59,29.56,13.25,52.64,1.71,Kolkata
2019-01-26,0.0,21.22,29.99,14.15,58.41,3.01,Kolkata
2019-01-27,0.0,20.62,27.65,14.78,65.43,3.39,Kolkata
2019-01-28,0.0,21.33,28.14,16.06,59.46,3.94,Kolkata
2019-01-29,0.0,19.06,26.24,13.59,50.32,4.21,Kolkata
2019-01-30,0.0,16.35,25.3,7.56,41.14,2.92,Kolkata
2019-01-31,0.0,17.41,26.69,8.77,40.92,2.71,Kolkata
2019-02-01,0.0,18.75,28.44,10.37,45.98,2.69,Kolkata
2019-02-02,0.0,19.57,28.82,10.59,46.47,2.63,Kolkata
2019-02-03,0.0,20.37,29.55,11.49,46.09,2.64,Kolkata
2019-02-04,0.0,21.01,29.11,12.46,45.09,2.44,Kolkata
2019-02-05,0.0,20.71,29.37,11.84,44.78,2.76,Kolkata
2019-02-06,0.0,21.22,29.35,12.64,47.31,2.34,Kolkata
2019-02-07,0.0,22.68,31.29,14.77,59.74,1.61,Kolkata
2019-02-08,0.0,23.15,31.3,16.04,63.4,2.34,Kolkata
2019-02-09,0.46,22.83,29.66,17.75,67.22,2.93,Kolkata
2019-02-10,0.02,19.44,27.51,12.91,49.37,3.59,Kolkata
2019-02-11,0.0,18.76,27.63,10.15,37.32,3.11,Kolkata
2019-02-12,0.0,19.87,29.02,11.3,41.4,2.92,Kolkata
2019-02-13,0.0,20.91,29.74,12.41,42.29,2.8,Kolkata
2019-02-14,0.0,22.57,32.0,13.31,45.49,2.4,Kolkata
2019-02-15,0.0,23.9,32.9,14.57,45.66,2.35,Kolkata
2019-02-16,1.0,22.33,28.88,16.5,53.2,3.53,Kolkata
2019-02-17,0.0,22.89,29.57,18.0,57.45,3.35,Kolkata
2019-02-18,0.0,22.11,30.04,14.59,48.06,2.09,Kolkata
2019-02-19,0.0,23.86,32.98,16.92,60.71,2.82,Kolkata
2019-02-20,0.0,25.07,33.89,17.55,58.88,2.83,Kolkata
2019-02-21,0.0,25.5,34.19,17.74,57.36,2.67,Kolkata
2019-02-22,0.0,26.18,35.32,17.74,58.63,3.0,Kolkata
2019-02-23,0.15,27.65,35.6,21.44,58.34,3.18,Kolkata
2019-02-24,0.15,26.95,34.73,19.82,53.47,2.34,Kolkata
2019-02-25,26.33,25.05,30.5,21.64,74.19,2.35,Kolkata
2019-02-26,39.41,24.4,30.09,20.63,79.77,3.08,Kolkata
2019-02-27,37.14,24.04,28.42,21.25,85.23,4.4,Kolkata
2019-02-28,20.96,22.25,27.39,18.03,76.01,3.46,Kolkata
2019-03-01,0.0,20.35,25.95,14.66,61.98,2.23,Kolkata
2019-03-02,0.0,20.69,27.25,13.03,56.15,1.96,Kolkata
2019-03-03,0.0,21.4,28.07,13.91,62.39,2.17,Kolkata
2019-03-04,9.46,22.64,27.94,17.37,83.23,3.36,Kolkata
2019-03-05,13.32,25.02,29.43,22.19,78.96,3.48,Kolkata
2019-03-06,0.14,24.51,29.56,20.14,70.04,1.72,Kolkata
2019-03-07,0.0,23.63,28.83,18.08,62.58,2.12,Kolkata
2019-03-08,0.0,22.41,29.1,15.7,56.07,2.45,Kolkata
2019-03-09,0.0,22.84,30.33,15.69,65.45,2.75,Kolkata
2019-03-10,0.01,24.17,31.23,17.8,77.5,3.69,Kolkata
2019-03-11,0.06,26.35,32.62,20.65,72.27,2.46,Kolkata
2019-03-12,0.0,26.79,34.2,20.61,71.9,2.8,Kolkata
2019-03-13,0.0,28.03,35.35,21.99,69.79,2.58,Kolkata
2019-03-14,0.12,27.89,34.83,21.95,70.31,1.98,Kolkata
2019-03-15,3.3,27.23,33.45,21.96,71.25,2.44,Kolkata
2019-03-16,0.32,27.23,34.47,21.21,66.31,2.91,Kolkata
2019-03-17,1.94,27.9,35.09,21.02,64.08,1.97,Kolkata
2019-03-18,11.18,24.82,30.71,21.26,71.45,3.61,Kolkata
2019-03-19,0.07,25.91,32.25,20.89,68.25,3.39,Kolkata
2019-03-20,0.0,26.21,33.51,20.77,66.98,2.98,Kolkata
2019-03-21,0.01,27.36,34.99,21.54,70.93,3.79,Kolkata
2019-03-22,3.12,28.25,35.84,23.04,70.62,4.16,Kolkata
2019-03-23,2.02,27.26,35.38,21.04,62.01,2.92,Kolkata
2019-03-24,0.0,26.7,35.46,18.98,51.41,2.25,Kolkata
2019-03-25,0.0,26.53,36.09,18.01,56.76,2.89,Kolkata
2019-03-26,0.39,28.3,35.97,20.46,59.01,2.89,Kolkata
2019-03-27,2.08,26.55,33.73,19.91,58.24,2.68,Kolkata
2019-03-28,0.0,27.53,35.15,21.33,65.02,2.94,Kolkata
2019-03-29,0.0,27.72,35.05,21.44,70.58,4.45,Kolkata
2019-03-30,0.0,28.98,36.73,23.18,66.62,3.54,Kolkata
2019-03-31,0.66,29.64,37.36,23.61,68.97,4.77,Kolkata
2019-04-01,1.9,29.41,36.32,25.12,70.72,4.64,Kolkata
2019-04-02,0.92,29.75,38.01,24.36,64.01,4.24,Kolkata
2019-04-03,0.0,28.69,37.81,20.46,62.54,3.48,Kolkata
2019-04-04,0.0,29.53,37.43,23.82,68.33,4.63,Kolkata
2019-04-05,1.53,30.07,38.17,23.89,66.45,3.62,Kolkata
2019-04-06,9.37,30.1,37.88,24.45,68.3,2.92,Kolkata
2019-04-07,7.23,28.75,35.29,24.53,69.67,4.28,Kolkata
2019-04-08,1.19,29.14,35.86,23.93,70.6,4.99,Kolkata
2019-04-09,5.74,29.9,37.76,24.25,67.42,4.18,Kolkata
2019-04-10,7.38,29.12,36.03,24.41,72.17,4.61,Kolkata
2019-04-11,0.1,29.66,36.4,24.12,70.68,3.76,Kolkata
2019-04-12,0.06,30.36,37.87,24.26,66.78,2.81,Kolkata
2019-04-13,0.02,31.21,39.38,25.02,62.97,2.81,Kolkata
2019-04-14,0.03,31.15,39.51,25.06,64.53,4.26,Kolkata
2019-04-15,0.0,32.07,40.77,25.53,62.72,4.04,Kolkata
2019-04-16,0.03,32.22,40.4,25.65,59.53,3.01,Kolkata
2019-04-17,1.49,32.43,39.89,25.61,61.26,1.28,Kolkata
2019-04-18,0.02,30.89,38.16,24.37,52.39,2.31,Kolkata
2019-04-19,0.46,31.08,38.15,24.77,57.17,3.14,Kolkata
2019-04-20,0.3,30.83,38.3,24.57,51.8,2.7,Kolkata
2019-04-21,1.22,31.07,38.94,25.7,54.92,4.27,Kolkata
2019-04-22,6.63,30.57,37.77,25.25,61.46,2.15,Kolkata
2019-04-23,0.03,30.57,37.8,24.36,59.01,3.18,Kolkata
2019-04-24,0.01,31.4,38.91,25.05,57.77,3.45,Kolkata
2019-04-25,0.01,31.68,39.84,25.02,56.94,3.92,Kolkata
2019-04-26,0.36,32.32,40.59,25.73,60.38,4.58,Kolkata
2019-04-27,0.69,32.98,41.68,26.6,60.9,5.13,Kolkata
2019-04-28,0.0,33.48,42.8,27.17,59.13,5.73,Kolkata
2019-04-29,0.0,33.04,42.11,26.81,61.38,6.6,Kolkata
2019-04-30,0.34,32.13,40.5,26.53,62.28,7.21,Kolkata
2019-05-01,0.29,31.49,37.73,27.26,65.32,7.1,Kolkata
2019-05-02,0.51,31.83,37.56,27.61,63.69,5.51,Kolkata
2019-05-03,42.44,28.77,33.21,26.58,79.32,7.5,Kolkata
2019-05-04,18.63,29.26,34.66,25.08,74.19,8.11,Kolkata
2019-05-05,0.01,30.88,37.94,25.3,68.86,3.71,Kolkata
2019-05-06,0.03,32.02,40.3,25.92,60.84,3.97,Kolkata
2019-05-07,0.61,32.03,40.74,25.71,63.67,4.97,Kolkata
2019-05-08,10.57,31.52,40.31,24.62,67.32,4.18,Kolkata
2019-05-09,0.0,32.52,41.29,25.7,64.82,4.92,Kolkata
2019-05-10,0.0,32.66,40.95,26.36,66.5,5.09,Kolkata
2019-05-11,0.0,32.03,38.9,27.1,69.92,4.97,Kolkata
2019-05-12,0.0,32.19,39.32,27.52,67.05,4.17,Kolkata
2019-05-13,1.46,32.74,40.09,27.92,63.75,4.92,Kolkata
2019-05-14,7.05,32.14,38.96,27.05,65.89,4.56,Kolkata
2019-05-15,1.82,32.23,39.34,26.9,62.43,5.22,Kolkata
2019-05-16,0.36,32.52,39.57,27.0,62.8,4.12,Kolkata
2019-05-17,0.0,32.89,40.23,27.94,63.37,5.06,Kolkata
2019-05-18,0.03,32.63,38.97,28.17,66.16,4.31,Kolkata
2019-05-19,0.08,32.61,39.03,27.96,67.41,3.77,Kolkata
2019-05-20,0.99,32.17,38.18,27.54,65.59,4.2,Kolkata
2019-05-21,0.73,32.48,39.18,27.73,65.44,4.83,Kolkata
2019-05-22,0.7,32.36,39.16,27.6,65.38,5.7,Kolkata
2019-05-23,1.72,31.71,37.57,27.29,67.18,5.76,Kolkata
2019-05-24,2.88,31.62,36.02,28.31,71.0,6.09,Kolkata
2019-05-25,9.63,30.88,35.56,27.58,74.41,5.93,Kolkata
2019-05-26,1.28,32.19,38.31,27.87,69.21,4.17,Kolkata
2019-05-27,0.24,32.31,37.83,27.71,70.22,4.48,Kolkata
2019-05-28,0.07,32.68,39.38,27.53,66.43,4.78,Kolkata
2019-05-29,0.22,33.29,40.76,27.6,62.22,4.37,Kolkata
2019-05-30,0.46,33.21,40.74,27.73,63.38,5.7,Kolkata
2019-05-31,2.47,32.77,39.44,27.86,64.02,6.1,Kolkata
2019-06-01,1.33,32.65,39.28,28.3,66.22,6.06,Kolkata
2019-06-02,12.11,32.03,38.58,27.64,68.18,5.54,Kolkata
2019-06-03,2.63,31.43,37.24,27.06,69.36,3.46,Kolkata
2019-06-04,2.37,31.76,37.89,27.32,67.31,5.88,Kolkata
2019-06-05,9.11,30.52,34.78,28.14,78.56,5.36,Kolkata
2019-06-06,7.2,29.87,33.03,27.88,82.18,3.56,Kolkata
2019-06-07,0.3,29.38,31.85,27.37,80.88,1.99,Kolkata
2019-06-08,0.85,29.84,33.59,27.23,77.45,2.29,Kolkata
2019-06-09,0.1,30.91,35.91,27.23,74.15,3.18,Kolkata
2019-06-10,0.0,31.72,37.23,27.62,73.0,4.7,Kolkata
2019-06-11,0.18,31.28,36.06,28.06,74.59,5.15,Kolkata
2019-06-12,3.1,31.63,35.99,28.12,76.88,3.3,Kolkata
2019-06-13,2.89,31.96,36.81,28.8,74.22,2.53,Kolkata
2019-06-14,1.28,33.47,39.86,28.44,65.56,3.18,Kolkata
2019-06-15,6.54,32.1,37.34,28.53,72.95,4.16,Kolkata
2019-06-16,0.06,33.92,42.23,27.69,64.62,5.05,Kolkata
2019-06-17,0.1,34.37,42.05,29.35,62.89,4.53,Kolkata
2019-06-18,5.8,32.09,36.72,28.83,70.93,4.28,Kolkata
2019-06-19,3.88,31.85,36.41,28.34,73.21,3.22,Kolkata
2019-06-20,5.4,30.63,33.37,28.46,78.28,2.3,Kolkata
2019-06-21,11.98,29.82,33.91,27.73,79.15,2.68,Kolkata
2019-06-22,6.44,30.09,34.08,27.18,76.97,5.19,Kolkata
2019-06-23,2.95,31.1,35.89,27.16,72.85,4.63,Kolkata
2019-06-24,0.26,31.57,36.08,27.45,71.77,4.02,Kolkata
2019-06-25,0.02,31.92,37.42,28.31,70.38,5.12,Kolkata
2019-06-26,0.17,31.44,35.34,28.49,73.27,6.83,Kolkata
2019-06-27,1.46,30.99,34.6,28.03,76.16,6.07,Kolkata
2019-06-28,1.2,31.49,35.79,28.88,74.96,4.66,Kolkata
2019-06-29,6.84,30.32,33.37,28.32,81.38,3.24,Kolkata
2019-06-30,2.77,30.75,34.69,27.5,75.01,1.76,Kolkata
2019-07-01,7.02,29.99,33.95,26.75,77.89,4.26,Kolkata
2019-07-02,23.04,30.12,33.33,27.74,80.96,4.61,Kolkata
2019-07-03,7.49,30.31,34.3,26.98,78.03,4.5,Kolkata
2019-07-04,0.88,31.01,35.47,27.68,74.72,4.46,Kolkata
2019-07-05,12.71,29.84,32.59,27.8,81.39,3.22,Kolkata
2019-07-06,10.84,30.2,34.63,27.35,80.6,3.82,Kolkata
2019-07-07,3.56,30.37,35.14,27.0,76.66,7.41,Kolkata
2019-07-08,2.75,30.64,34.99,27.97,76.98,7.27,Kolkata
2019-07-09,3.26,29.79,32.79,27.63,79.45,6.86,Kolkata
2019-07-10,0.92,30.13,34.01,27.39,79.04,5.87,Kolkata
2019-07-11,3.33,29.24,32.3,27.45,82.61,6.42,Kolkata
2019-07-12,1.55,29.4,32.75,27.17,82.13,6.32,Kolkata
2019-07-13,2.01,29.95,34.09,27.3,79.81,5.87,Kolkata
2019-07-14,0.75,30.81,35.8,27.59,76.41,5.58,Kolkata
2019-07-15,1.29,31.06,35.45,28.05,76.75,4.35,Kolkata
2019-07-16,6.7,30.43,33.61,27.99,79.19,3.03,Kolkata
2019-07-17,2.76,30.53,35.38,26.66,75.54,2.67,Kolkata
2019-07-18,0.71,30.82,35.86,27.09,73.33,3.12,Kolkata
2019-07-19,0.95,30.23,34.56,26.85,77.4,3.67,Kolkata
2019-07-20,2.2,30.65,35.44,27.03,74.9,3.93,Kolkata
2019-07-21,0.23,30.64,34.74,27.31,73.68,4.4,Kolkata
2019-07-22,0.41,29.77,33.04,27.26,78.63,4.39,Kolkata
2019-07-23,1.2,29.97,33.25,27.46,76.79,4.68,Kolkata
2019-07-24,4.95,30.25,34.77,26.96,75.89,3.85,Kolkata
2019-07-25,9.49,29.31,32.64,27.28,83.4,3.31,Kolkata
2019-07-26,18.41,29.13,33.28,26.39,79.85,3.27,Kolkata
2019-07-27,8.57,29.11,33.18,26.19,81.05,2.8,Kolkata
2019-07-28,11.5,29.43,33.7,26.4,81.76,4.13,Kolkata
2019-07-29,15.52,29.0,32.5,26.74,83.03,6.69,Kolkata
2019-07-30,3.43,28.6,31.47,26.43,79.79,5.6,Kolkata
2019-07-31,3.99,29.08,33.29,26.39,80.06,5.0,Kolkata
2019-08-01,0.97,29.42,33.57,26.28,78.47,3.63,Kolkata
2019-08-02,4.55,29.2,33.82,26.52,83.04,3.43,Kolkata
2019-08-03,7.55,29.88,34.29,26.54,80.81,2.39,Kolkata
2019-08-04,6.19,30.48,34.41,27.1,81.8,2.42,Kolkata
2019-08-05,7.27,30.52,34.31,27.72,83.9,2.09,Kolkata
2019-08-06,8.45,29.58,31.86,27.63,88.39,2.49,Kolkata
2019-08-07,27.31,29.05,32.18,26.73,86.24,6.96,Kolkata
2019-08-08,23.48,28.91,32.11,26.96,84.29,7.32,Kolkata
2019-08-09,1.9,29.64,33.52,26.35,82.14,3.53,Kolkata
2019-08-10,3.02,30.35,34.19,26.88,80.05,2.53,Kolkata
2019-08-11,4.99,30.14,33.47,26.7,81.73,1.79,Kolkata
2019-08-12,35.25,29.71,33.2,27.21,85.62,2.41,Kolkata
2019-08-13,16.36,28.22,30.38,26.51,89.83,4.83,Kolkata
2019-08-14,21.71,28.35,30.54,26.99,88.12,5.82,Kolkata
2019-08-15,14.39,28.52,31.17,26.95,87.05,4.59,Kolkata
2019-08-16,29.62,28.33,31.04,26.53,89.66,3.62,Kolkata
2019-08-17,36.23,27.84,29.55,26.58,92.58,2.97,Kolkata
2019-08-18,40.02,27.52,29.72,26.08,89.56,4.71,Kolkata
2019-08-19,1.17,28.2,31.13,26.2,86.09,5.53,Kolkata
2019-08-20,0.33,28.88,32.38,25.85,85.61,3.6,Kolkata
2019-08-21,0.87,28.63,31.42,26.74,89.07,2.85,Kolkata
2019-08-22,7.47,29.26,32.9,26.35,81.87,1.79,Kolkata
2019-08-23,17.77,28.44,31.99,26.01,86.92,2.71,Kolkata
2019-08-24,9.18,28.13,31.46,25.89,86.7,1.92,Kolkata
2019-08-25,19.56,27.54,30.09,25.77,90.45,3.11,Kolkata
2019-08-26,6.39,27.66,30.82,25.75,89.47,3.22,Kolkata
2019-08-27,2.83,28.41,32.27,25.69,87.07,3.23,Kolkata
2019-08-28,6.8,28.62,32.11,26.05,89.19,3.06,Kolkata
2019-08-29,11.98,28.45,31.6,26.45,89.39,3.39,Kolkata
2019-08-30,1.11,28.81,32.78,25.88,85.59,2.29,Kolkata
2019-08-31,3.39,29.0,32.49,26.52,85.59,1.98,Kolkata
2019-09-01,8.26,29.29,32.23,26.53,85.58,1.4,Kolkata
2019-09-02,18.99,28.97,32.34,26.88,87.92,2.5,Kolkata
2019-09-03,8.16,28.18,30.89,26.17,89.87,2.42,Kolkata
2019-09-04,4.99,28.21,30.75,26.29,90.56,3.13,Kolkata
2019-09-05,3.91,28.4,31.45,26.47,90.39,3.92,Kolkata
2019-09-06,6.23,28.82,32.48,26.32,88.57,4.21,Kolkata
2019-09-07,15.46,28.49,30.76,26.7,91.52,4.79,Kolkata
2019-09-08,12.79,28.63,31.87,26.55,89.64,5.26,Kolkata
2019-09-09,2.17,29.26,32.9,26.8,86.14,3.38,Kolkata
2019-09-10,2.65,28.49,30.87,26.98,91.77,3.24,Kolkata
2019-09-11,7.09,28.4,30.74,26.66,91.09,2.88,Kolkata
2019-09-12,30.3,27.46,29.22,26.29,91.02,5.06,Kolkata
2019-09-13,6.02,27.71,30.74,26.1,89.14,4.56,Kolkata
2019-09-14,0.75,27.82,30.67,25.87,90.52,3.1,Kolkata
2019-09-15,3.1,28.34,31.38,26.38,89.38,2.87,Kolkata
2019-09-16,1.71,28.0,30.91,25.91,89.68,2.74,Kolkata
2019-09-17,0.34,28.16,31.31,25.87,87.89,2.49,Kolkata
2019-09-18,1.87,28.32,32.14,24.93,86.73,2.65,Kolkata
2019-09-19,1.2,28.55,32.5,25.5,86.18,2.37,Kolkata
2019-09-20,2.6,28.41,32.38,25.3,83.36,1.8,Kolkata
2019-09-21,4.22,28.42,32.4,25.0,82.97,1.49,Kolkata
2019-09-22,10.41,28.56,32.12,26.13,84.7,1.87,Kolkata
2019-09-23,8.75,27.32,29.61,25.85,92.61,2.9,Kolkata
2019-09-24,59.16,27.1,28.81,25.9,95.06,3.96,Kolkata
2019-09-25,21.33,26.65,28.23,25.11,93.96,3.92,Kolkata
2019-09-26,24.81,25.74,27.9,24.32,88.98,1.85,Kolkata
2019-09-27,13.44,26.07,29.02,23.52,87.03,1.72,Kolkata
2019-09-28,19.18,25.61,27.68,24.09,90.85,2.07,Kolkata
2019-09-29,14.88,25.55,27.53,24.01,91.53,2.19,Kolkata
2019-09-30,4.91,25.78,28.8,23.56,89.99,2.97,Kolkata
2019-10-01,2.49,27.25,30.68,24.38,87.03,3.14,Kolkata
2019-10-02,5.76,28.03,31.34,24.54,83.94,1.74,Kolkata
2019-10-03,6.57,27.69,30.64,25.65,86.96,2.09,Kolkata
2019-10-04,9.75,26.62,28.74,25.12,91.14,2.1,Kolkata
2019-10-05,2.47,27.1,30.02,24.8,87.79,2.0,Kolkata
2019-10-06,4.81,27.36,30.75,24.65,86.65,1.72,Kolkata
2019-10-07,3.15,26.97,29.69,24.96,87.36,1.64,Kolkata
2019-10-08,11.37,26.62,29.77,24.5,87.06,2.04,Kolkata
2019-10-09,27.06,26.15,29.48,23.98,89.82,2.04,Kolkata
2019-10-10,2.58,27.18,30.83,23.98,81.02,0.94,Kolkata
2019-10-11,0.15,27.05,30.19,23.81,81.4,1.41,Kolkata
2019-10-12,0.44,26.99,30.68,22.73,80.01,1.49,Kolkata
2019-10-13,0.47,26.19,30.06,22.68,84.24,2.27,Kolkata
2019-10-14,0.01,26.4,30.65,22.34,79.38,2.02,Kolkata
2019-10-15,0.01,26.4,30.6,21.14,76.62,1.57,Kolkata
2019-10-16,0.43,26.78,30.75,22.81,79.89,1.36,Kolkata
2019-10-17,1.19,27.2,31.39,23.21,81.84,1.16,Kolkata
2019-10-18,0.97,27.57,31.46,23.66,83.89,1.79,Kolkata
2019-10-19,1.63,27.33,30.14,24.33,84.7,1.65,Kolkata
2019-10-20,0.76,27.1,31.11,23.17,83.55,1.89,Kolkata
2019-10-21,0.89,26.9,30.7,22.81,83.02,1.57,Kolkata
2019-10-22,1.99,26.91,30.18,23.54,83.57,1.34,Kolkata
2019-10-23,12.85,25.88,29.23,23.02,87.09,1.95,Kolkata
2019-10-24,66.29,22.53,24.34,21.15,93.51,3.82,Kolkata
2019-10-25,29.94,23.91,26.86,20.8,94.53,4.04,Kolkata
2019-10-26,4.94,26.06,28.86,23.72,89.73,2.51,Kolkata
2019-10-27,0.11,24.9,28.65,22.42,88.09,2.59,Kolkata
2019-10-28,0.0,23.68,27.82,20.64,87.1,2.74,Kolkata
2019-10-29,0.0,22.88,27.6,18.4,84.86,2.37,Kolkata
2019-10-30,0.0,23.57,28.45,19.02,83.69,2.35,Kolkata
2019-10-31,0.0,23.79,28.55,18.56,81.69,2.21,Kolkata
2019-11-01,0.0,24.37,28.67,21.19,83.31,2.15,Kolkata
2019-11-02,0.0,23.9,29.04,19.59,86.32,2.91,Kolkata
2019-11-03,0.0,24.41,29.13,20.26,85.67,2.48,Kolkata
2019-11-04,0.0,24.83,29.13,20.72,84.26,2.31,Kolkata
2019-11-05,0.0,24.18,28.86,20.08,84.27,2.13,Kolkata
2019-11-06,0.0,23.7,28.62,19.58,77.87,2.67,Kolkata
2019-11-07,0.0,22.93,29.01,17.44,79.09,2.79,Kolkata
2019-11-08,4.1,22.51,24.89,20.13,91.83,3.69,Kolkata
2019-11-09,101.88,22.96,24.16,22.05,94.9,9.33,Kolkata
2019-11-10,12.44,23.93,27.72,21.4,92.37,6.96,Kolkata
2019-11-11,0.34,23.96,28.16,20.27,84.53,2.87,Kolkata
2019-11-12,0.0,23.18,28.29,19.06,81.94,2.28,Kolkata
2019-11-13,0.0,21.81,27.56,16.58,79.28,2.27,Kolkata
2019-11-14,0.0,21.92,27.61,16.53,81.49,2.44,Kolkata
2019-11-15,0.0,21.86,27.7,16.21,81.55,2.36,Kolkata
2019-11-16,0.0,21.9,27.56,16.24,82.49,2.27,Kolkata
2019-11-17,0.0,21.91,27.38,16.47,81.06,2.13,Kolkata
2019-11-18,0.0,21.46,26.85,16.17,82.04,2.08,Kolkata
2019-11-19,0.0,20.97,26.55,15.81,78.88,2.45,Kolkata
2019-11-20,0.0,20.49,25.76,14.57,73.94,1.74,Kolkata
2019-11-21,0.0,21.05,26.52,15.21,76.4,2.07,Kolkata
2019-11-22,0.0,20.79,25.95,15.28,78.34,2.05,Kolkata
2019-11-23,0.0,20.89,26.38,15.01,78.95,1.87,Kolkata
2019-11-24,0.0,21.27,26.18,15.67,78.75,1.64,Kolkata
2019-11-25,0.0,21.54,26.68,16.1,81.78,1.58,Kolkata
2019-11-26,0.0,22.23,27.35,17.05,84.13,1.57,Kolkata
2019-11-27,0.0,22.17,27.14,17.1,83.81,1.75,Kolkata
2019-11-28,0.0,22.81,28.39,16.91,83.65,1.74,Kolkata
2019-11-29,0.0,22.73,28.05,17.28,83.79,1.76,Kolkata
2019-11-30,0.0,22.14,27.12,16.81,83.21,2.09,Kolkata
2019-12-01,0.0,20.84,26.24,16.11,80.1,2.5,Kolkata
2019-12-02,0.0,20.31,25.84,16.22,79.72,2.28,Kolkata
2019-12-03,0.0,19.02,24.52,14.12,79.91,2.5,Kolkata
2019-12-04,0.0,17.86,24.52,13.06,78.62,3.05,Kolkata
2019-12-05,0.0,18.05,25.05,11.51,79.22,2.84,Kolkata
2019-12-06,0.0,20.26,26.91,13.24,79.0,1.76,Kolkata
2019-12-07,0.0,21.92,27.25,16.22,75.32,1.28,Kolkata
2019-12-08,0.0,21.86,26.84,17.32,77.5,1.74,Kolkata
2019-12-09,0.0,21.19,25.78,17.5,81.42,1.76,Kolkata
2019-12-10,0.19,20.18,25.3,14.6,75.91,1.5,Kolkata
2019-12-11,0.59,21.22,25.72,17.18,72.84,1.02,Kolkata
2019-12-12,0.0,21.17,25.36,17.06,76.08,1.05,Kolkata
2019-12-13,0.24,20.63,25.64,15.38,77.0,1.31,Kolkata
2019-12-14,0.02,21.21,26.38,16.27,78.29,1.28,Kolkata
2019-12-15,0.02,21.31,25.85,16.75,83.77,2.03,Kolkata
2019-12-16,0.01,19.95,25.16,15.92,85.48,2.4,Kolkata
2019-12-17,0.0,18.72,23.96,15.11,87.16,2.64,Kolkata
2019-12-18,0.0,15.84,21.52,11.74,82.21,3.73,Kolkata
2019-12-19,0.0,13.27,19.61,8.26,82.06,3.14,Kolkata
2019-12-20,0.0,13.81,19.95,7.63,78.36,2.44,Kolkata
2019-12-21,0.0,14.58,20.55,8.93,76.51,2.14,Kolkata
2019-12-22,0.0,15.17,21.07,9.0,76.38,2.33,Kolkata
2019-12-23,0.0,16.31,22.57,11.26,78.13,2.46,Kolkata
2019-12-24,0.0,16.63,22.88,10.54,74.87,2.47,Kolkata
2019-12-25,0.18,16.24,22.6,10.58,80.33,2.17,Kolkata
2019-12-26,1.74,14.82,19.34,12.05,86.18,2.9,Kolkata
2019-12-27,8.17,13.19,16.85,9.17,85.87,3.27,Kolkata
2019-12-28,0.01,11.8,19.42,5.09,78.71,3.61,Kolkata
2019-12-29,0.0,12.64,20.95,5.83,76.89,3.42,Kolkata
2019-12-30,0.0,12.82,21.08,7.03,78.32,3.05,Kolkata
2019-12-31,0.0,13.99,21.97,6.92,74.66,2.74,Kolkata
2020-01-01,0.0,16.01,23.88,9.15,76.47,2.79,Kolkata
2020-01-02,0.25,17.38,21.94,12.01,82.38,1.71,Kolkata
2020-01-03,26.76,16.24,17.95,14.91,94.02,3.21,Kolkata
2020-01-04,0.72,18.09,22.47,13.82,83.79,1.25,Kolkata
2020-01-05,0.12,16.96,21.58,12.48,83.15,3.1,Kolkata
2020-01-06,0.0,14.67,21.12,8.95,78.6,3.05,Kolkata
2020-01-07,0.0,15.07,21.02,8.34,74.82,2.04,Kolkata
2020-01-08,0.0,16.71,22.86,11.01,71.68,1.73,Kolkata
2020-01-09,2.87,16.33,21.15,12.15,81.38,2.08,Kolkata
2020-01-10,0.8,15.84,21.56,11.36,82.02,3.75,Kolkata
2020-01-11,0.03,13.0,19.58,7.92,79.45,3.76,Kolkata
2020-01-12,0.0,12.97,20.46,6.39,74.88,3.3,Kolkata
2020-01-13,0.0,13.69,20.4,6.37,69.47,2.43,Kolkata
2020-01-14,0.0,15.6,22.46,7.69,64.97,1.64,Kolkata
2020-01-15,0.0,17.67,23.77,10.79,65.19,1.36,Kolkata
2020-01-16,0.0,19.6,26.14,12.98,62.92,0.72,Kolkata
2020-01-17,0.0,20.17,26.74,14.11,65.4,0.98,Kolkata
2020-01-18,0.0,18.9,26.29,11.66,73.05,2.21,Kolkata
2020-01-19,0.0,19.21,26.56,12.58,79.71,2.43,Kolkata
2020-01-20,0.0,17.03,21.53,13.73,78.95,3.26,Kolkata
2020-01-21,0.0,16.04,22.44,9.23,68.44,2.4,Kolkata
2020-01-22,0.0,16.79,23.16,8.9,66.27,1.78,Kolkata
2020-01-23,0.0,18.97,24.56,13.42,75.29,1.7,Kolkata
2020-01-24,0.0,16.76,22.61,10.63,66.96,2.73,Kolkata
2020-01-25,0.0,15.39,22.34,7.83,60.86,2.5,Kolkata
2020-01-26,0.0,15.63,22.52,8.05,63.88,2.37,Kolkata
2020-01-27,0.0,15.71,22.65,8.27,69.77,2.52,Kolkata
2020-01-28,0.47,18.32,24.96,12.09,71.72,1.51,Kolkata
2020-01-29,8.33,19.66,24.98,15.63,83.16,1.34,Kolkata
2020-01-30,4.66,18.69,21.72,16.8,91.16,2.2,Kolkata
2020-01-31,0.05,17.4,23.38,11.69,75.12,2.6,Kolkata
2020-02-01,0.0,17.11,23.86,10.25,66.37,2.29,Kolkata
2020-02-02,0.0,17.04,23.15,10.34,64.92,2.59,Kolkata
2020-02-03,0.0,16.08,22.55,8.98,61.92,2.44,Kolkata
2020-02-04,0.0,16.59,23.31,9.45,57.81,1.93,Kolkata
2020-02-05,0.0,18.49,23.88,13.45,61.31,1.44,Kolkata
2020-02-06,0.0,19.35,24.79,13.0,68.8,1.74,Kolkata
2020-02-07,0.04,17.84,25.01,11.34,71.8,2.08,Kolkata
2020-02-08,0.45,17.4,22.15,13.79,79.68,2.3,Kolkata
2020-02-09,0.07,17.91,24.45,12.8,74.1,3.16,Kolkata
2020-02-10,0.0,15.89,24.02,8.51,61.76,3.06,Kolkata
2020-02-11,0.0,16.06,24.26,8.48,61.86,2.99,Kolkata
2020-02-12,0.0,16.35,24.75,8.04,59.31,2.88,Kolkata
2020-02-13,0.0,17.19,24.82,8.99,62.28,2.65,Kolkata
2020-02-14,0.0,19.01,27.05,11.26,69.73,2.99,Kolkata
2020-02-15,0.0,19.42,27.42,11.96,70.84,3.2,Kolkata
2020-02-16,0.0,19.37,27.16,11.27,61.07,2.28,Kolkata
2020-02-17,0.0,19.18,27.35,11.19,62.26,2.5,Kolkata
2020-02-18,0.0,19.32,27.16,11.24,63.62,2.46,Kolkata
2020-02-19,0.0,20.43,28.19,12.71,68.12,2.05,Kolkata
2020-02-20,0.0,21.46,28.99,15.48,75.71,2.41,Kolkata
2020-02-21,0.0,22.0,29.2,14.94,68.0,1.55,Kolkata
2020-02-22,0.0,22.48,29.05,15.6,60.31,1.76,Kolkata
2020-02-23,0.05,23.25,30.15,15.93,63.59,1.8,Kolkata
2020-02-24,0.57,23.38,29.57,17.28,68.23,1.6,Kolkata
2020-02-25,2.72,22.16,28.81,18.63,75.54,2.15,Kolkata
2020-02-26,3.66,21.09,26.46,17.92,76.36,1.87,Kolkata
2020-02-27,0.12,20.69,27.38,14.15,68.16,2.36,Kolkata
2020-02-28,0.0,21.61,28.15,16.03,63.56,1.84,Kolkata
2020-02-29,0.0,21.53,29.18,14.6,63.87,2.35,Kolkata
2020-03-01,0.0,22.39,29.54,15.53,67.98,2.34,Kolkata
2020-03-02,0.39,23.36,30.31,16.59,67.67,2.38,Kolkata
2020-03-03,3.38,24.0,30.9,18.49,71.13,2.55,Kolkata
2020-03-04,6.68,24.31,30.51,19.51,76.4,2.99,Kolkata
2020-03-05,3.51,23.5,28.85,19.65,78.35,2.61,Kolkata
2020-03-06,3.98,23.16,28.61,18.33,79.91,3.19,Kolkata
2020-03-07,18.34,23.41,28.61,20.09,84.56,3.54,Kolkata
2020-03-08,3.92,24.35,30.18,20.04,76.13,2.67,Kolkata
2020-03-09,0.0,22.72,29.83,15.99,60.05,2.71,Kolkata
2020-03-10,0.0,22.95,30.25,16.58,55.49,2.21,Kolkata
2020-03-11,0.81,24.49,30.94,17.31,68.35,1.85,Kolkata
2020-03-12,0.87,25.86,32.43,19.89,75.42,2.22,Kolkata
2020-03-13,0.1,27.33,34.54,20.69,69.56,1.35,Kolkata
2020-03-14,0.0,26.58,33.85,20.65,64.55,3.05,Kolkata
2020-03-15,0.63,24.29,31.58,18.42,67.57,3.47,Kolkata
2020-03-16,0.05,25.05,31.16,19.82,68.7,2.23,Kolkata
2020-03-17,0.0,25.47,32.21,18.62,60.89,2.01,Kolkata
2020-03-18,0.0,25.47,32.92,18.5,58.36,2.45,Kolkata
2020-03-19,0.07,25.44,33.67,17.73,52.28,2.38,Kolkata
2020-03-20,2.23,25.07,32.54,18.7,59.66,3.39,Kolkata
2020-03-21,1.21,26.65,34.06,20.58,54.6,2.42,Kolkata
2020-03-22,5.11,24.79,29.92,21.04,72.5,2.59,Kolkata
2020-03-23,0.35,25.21,32.45,18.4,65.71,2.47,Kolkata
2020-03-24,1.46,25.94,33.07,19.26,63.38,2.19,Kolkata
2020-03-25,0.01,26.81,34.73,19.96,59.05,2.47,Kolkata
2020-03-26,0.09,27.74,35.58,20.79,60.8,2.52,Kolkata
2020-03-27,0.0,28.31,36.87,20.76,59.41,3.13,Kolkata
2020-03-28,0.0,29.35,37.37,22.0,59.07,3.01,Kolkata
2020-03-29,0.0,29.71,37.11,23.07,53.4,3.09,Kolkata
2020-03-30,0.0,29.07,37.49,21.14,53.89,2.98,Kolkata
2020-03-31,0.0,28.73,37.14,21.12,49.32,2.81,Kolkata
2020-04-01,0.03,29.41,38.03,22.35,45.51,3.12,Kolkata
2020-04-02,0.81,30.5,38.93,23.24,61.21,3.29,Kolkata
2020-04-03,0.44,30.71,38.95,23.99,56.31,3.16,Kolkata
2020-04-04,0.05,30.41,38.6,23.79,44.76,2.44,Kolkata
2020-04-05,0.09,29.73,38.07,22.77,50.32,2.74,Kolkata
2020-04-06,0.03,29.11,38.14,20.67,45.49,3.01,Kolkata
2020-04-07,0.0,30.09,39.18,21.4,47.41,3.67,Kolkata
2020-04-08,0.19,31.26,39.71,25.01,54.14,3.68,Kolkata
2020-04-09,0.6,30.39,38.74,23.61,52.52,3.41,Kolkata
2020-04-10,0.0,30.67,39.22,23.11,57.2,3.32,Kolkata
2020-04-11,0.0,30.94,39.35,23.71,57.93,3.47,Kolkata
2020-04-12,0.33,30.74,38.93,23.42,54.57,2.55,Kolkata
2020-04-13,0.19,31.21,39.51,23.65,56.28,2.84,Kolkata
2020-04-14,0.0,31.99,40.49,24.67,57.64,3.3,Kolkata
2020-04-15,1.03,32.19,40.59,24.96,54.92,3.17,Kolkata
2020-04-16,4.17,30.84,38.25,24.72,60.21,3.21,Kolkata
2020-04-17,1.13,32.0,41.07,25.67,59.16,4.54,Kolkata
2020-04-18,3.75,31.8,39.91,26.11,62.81,4.25,Kolkata
2020-04-19,4.53,30.95,38.17,25.41,65.93,4.7,Kolkata
2020-04-20,5.68,31.55,39.78,25.2,62.4,3.48,Kolkata
2020-04-21,16.16,30.38,37.08,25.96,65.9,3.63,Kolkata
2020-04-22,6.35,29.51,35.27,25.34,64.85,3.12,Kolkata
2020-04-23,5.12,30.09,36.9,24.87,65.23,3.53,Kolkata
2020-04-24,17.7,28.78,34.62,24.49,76.1,4.0,Kolkata
2020-04-25,1.13,29.37,35.17,24.61,70.89,2.82,Kolkata
2020-04-26,2.62,28.96,33.98,24.97,72.7,2.11,Kolkata
2020-04-27,3.95,28.54,34.15,23.85,69.5,2.1,Kolkata
2020-04-28,5.86,27.46,32.58,24.05,77.1,3.27,Kolkata
2020-04-29,2.77,28.24,34.05,23.22,69.69,2.75,Kolkata
2020-04-30,3.07,29.08,34.77,24.14,68.53,2.64,Kolkata
2020-05-01,22.94,28.58,32.94,24.78,75.68,2.34,Kolkata
2020-05-02,8.18,28.55,33.49,23.98,73.25,2.08,Kolkata
2020-05-03,3.01,29.41,34.62,24.74,68.78,1.08,Kolkata
2020-05-04,0.24,30.16,35.7,24.79,70.82,2.6,Kolkata
2020-05-05,10.03,30.89,36.81,26.02,71.23,3.86,Kolkata
2020-05-06,17.15,30.06,35.0,26.0,70.73,2.37,Kolkata
2020-05-07,2.06,29.9,36.08,24.14,69.11,2.3,Kolkata
2020-05-08,2.64,30.15,36.84,23.97,66.92,2.62,Kolkata
2020-05-09,2.74,31.31,38.02,25.07,63.71,1.74,Kolkata
2020-05-10,0.23,31.4,38.59,25.5,64.75,2.96,Kolkata
2020-05-11,6.68,30.42,36.07,25.76,68.87,1.98,Kolkata
2020-05-12,0.94,31.27,38.1,25.27,64.03,2.6,Kolkata
2020-05-13,1.89,31.28,38.38,25.76,63.71,4.23,Kolkata
2020-05-14,0.21,31.76,39.15,25.82,64.59,4.44,Kolkata
2020-05-15,0.94,31.84,38.83,26.53,65.59,4.79,Kolkata
2020-05-16,0.6,32.35,39.91,26.35,63.84,4.44,Kolkata
2020-05-17,1.14,32.61,40.19,26.84,63.32,3.44,Kolkata
2020-05-18,0.0,31.83,38.89,25.9,64.5,3.7,Kolkata
2020-05-19,6.6,28.4,31.67,24.99,72.08,4.68,Kolkata
2020-05-20,136.76,26.33,28.83,23.92,90.18,11.08,Kolkata
2020-05-21,13.32,27.25,31.27,23.51,80.55,7.08,Kolkata
2020-05-22,0.24,29.53,34.81,25.15,76.1,3.46,Kolkata
2020-05-23,0.02,30.21,35.86,25.67,80.44,4.22,Kolkata
2020-05-24,0.02,30.49,35.31,27.21,80.53,6.77,Kolkata
2020-05-25,0.09,30.09,34.63,27.24,80.38,8.08,Kolkata
2020-05-26,0.35,30.06,34.21,27.24,79.14,8.94,Kolkata
2020-05-27,19.94,29.97,34.56,27.08,81.23,7.4,Kolkata
2020-05-28,19.97,28.92,32.23,26.59,84.86,4.14,Kolkata
2020-05-29,5.44,29.16,33.32,25.62,81.23,2.51,Kolkata
2020-05-30,3.02,29.65,34.39,25.7,79.52,2.78,Kolkata
2020-05-31,10.59,29.95,33.88,26.7,79.62,2.95,Kolkata
2020-06-01,5.62,29.47,33.43,26.85,82.02,3.41,Kolkata
2020-06-02,11.46,29.81,34.03,27.14,81.08,3.96,Kolkata
2020-06-03,3.81,29.87,33.91,26.36,77.88,3.28,Kolkata
2020-06-04,8.79,29.76,33.85,26.81,79.88,3.79,Kolkata
2020-06-05,6.14,29.17,31.93,26.77,85.5,4.27,Kolkata
2020-06-06,1.24,29.79,33.11,27.42,82.06,2.8,Kolkata
2020-06-07,4.98,29.61,33.67,26.54,81.38,2.54,Kolkata
2020-06-08,9.67,29.31,32.73,26.53,82.13,1.88,Kolkata
2020-06-09,1.48,29.7,33.24,26.35,80.91,1.91,Kolkata
2020-06-10,1.84,29.19,32.02,26.85,83.85,2.07,Kolkata
2020-06-11,13.04,28.52,30.77,26.8,89.83,3.01,Kolkata
2020-06-12,14.77,28.8,31.56,26.88,87.85,4.14,Kolkata
2020-06-13,19.64,29.04,31.71,27.42,89.53,5.2,Kolkata
2020-06-14,15.26,28.97,30.63,27.85,90.81,3.68,Kolkata
2020-06-15,19.29,28.93,31.4,27.3,89.8,3.86,Kolkata
2020-06-16,9.16,28.45,30.04,27.03,90.38,2.66,Kolkata
2020-06-17,13.76,28.38,30.03,26.94,90.04,5.42,Kolkata
2020-06-18,5.7,28.97,32.63,26.21,84.78,4.35,Kolkata
2020-06-19,5.06,29.29,32.98,26.71,84.05,4.66,Kolkata
2020-06-20,8.36,29.24,32.45,26.78,86.67,3.17,Kolkata
2020-06-21,16.63,28.92,32.21,26.28,86.53,4.2,Kolkata
2020-06-22,19.48,29.0,32.21,27.01,86.61,5.1,Kolkata
2020-06-23,9.38,29.24,32.47,26.77,85.17,5.09,Kolkata
2020-06-24,1.09,29.34,33.16,26.5,84.02,4.4,Kolkata
2020-06-25,3.86,29.19,32.62,26.94,85.3,5.14,Kolkata
2020-06-26,4.56,29.05,32.33,26.92,86.23,5.05,Kolkata
2020-06-27,20.31,28.56,31.26,26.68,88.03,5.34,Kolkata
2020-06-28,12.28,28.75,31.85,26.67,85.35,5.24,Kolkata
2020-06-29,17.34,28.91,32.17,26.77,87.64,3.82,Kolkata
2020-06-30,1.28,29.15,32.86,26.28,84.08,3.44,Kolkata
2020-07-01,0.47,28.92,32.27,26.76,85.06,4.34,Kolkata
2020-07-02,0.19,29.08,32.08,26.95,86.26,4.02,Kolkata
2020-07-03,1.05,29.39,32.64,27.16,85.64,3.16,Kolkata
2020-07-04,6.36,29.48,33.34,26.74,84.66,3.03,Kolkata
2020-07-05,12.18,29.18,32.08,27.0,89.41,3.52,Kolkata
2020-07-06,9.24,29.45,32.64,27.06,86.14,5.21,Kolkata
2020-07-07,7.81,29.4,32.2,27.54,85.35,3.94,Kolkata
2020-07-08,4.5,28.93,31.6,27.16,87.46,3.8,Kolkata
2020-07-09,10.24,28.83,31.38,26.93,89.12,5.22,Kolkata
2020-07-10,4.98,28.85,30.86,27.44,89.54,5.64,Kolkata
2020-07-11,16.97,28.4,30.25,27.22,91.2,4.71,Kolkata
2020-07-12,17.43,28.35,30.43,26.78,90.4,3.97,Kolkata
2020-07-13,7.26,28.91,32.22,26.72,87.29,4.48,Kolkata
2020-07-14,7.95,27.82,29.62,26.44,90.69,4.22,Kolkata
2020-07-15,7.7,28.58,32.15,25.94,85.04,4.39,Kolkata
2020-07-16,5.67,28.89,32.2,26.02,83.71,4.43,Kolkata
2020-07-17,2.84,29.22,32.66,26.72,84.9,4.17,Kolkata
2020-07-18,2.38,28.67,31.85,26.56,86.77,4.44,Kolkata
2020-07-19,12.34,29.09,32.08,26.82,86.6,5.73,Kolkata
2020-07-20,4.75,28.43,30.3,26.98,90.13,5.48,Kolkata
2020-07-21,31.43,27.97,29.25,26.96,92.81,5.33,Kolkata
2020-07-22,32.78,27.91,30.62,26.57,90.09,5.07,Kolkata
2020-07-23,8.09,28.39,31.57,25.89,86.95,4.11,Kolkata
2020-07-24,3.7,27.72,29.91,25.84,89.92,3.28,Kolkata
2020-07-25,0.46,28.41,31.82,25.06,85.56,2.94,Kolkata
2020-07-26,0.08,29.55,33.0,26.77,84.44,3.38,Kolkata
2020-07-27,4.25,28.61,30.14,27.15,90.77,2.17,Kolkata
2020-07-28,25.57,29.22,32.6,26.47,86.53,2.87,Kolkata
2020-07-29,4.95,28.91,32.55,26.25,86.47,4.46,Kolkata
2020-07-30,0.61,29.31,33.16,26.69,84.6,3.12,Kolkata
2020-07-31,3.86,28.91,32.16,26.27,87.12,2.26,Kolkata
2020-08-01,2.42,29.41,32.98,26.22,84.02,2.06,Kolkata
2020-08-02,5.24,29.8,33.35,26.99,85.12,2.0,Kolkata
2020-08-03,7.81,29.77,32.36,27.38,85.98,1.66,Kolkata
2020-08-04,25.28,29.51,32.29,26.81,88.76,2.12,Kolkata
2020-08-05,16.89,29.19,32.77,26.84,88.67,5.51,Kolkata
2020-08-06,22.97,28.42,30.51,26.86,91.56,4.11,Kolkata
2020-08-07,5.44,28.88,31.8,26.53,88.12,3.87,Kolkata
2020-08-08,3.5,29.47,32.74,27.13,87.62,3.55,Kolkata
2020-08-09,3.78,29.2,32.19,26.99,87.63,4.15,Kolkata
2020-08-10,2.19,28.96,31.46,26.76,88.34,2.52,Kolkata
2020-08-11,1.21,29.26,31.86,26.94,89.96,2.94,Kolkata
2020-08-12,1.8,29.71,33.38,27.06,87.29,2.47,Kolkata
2020-08-13,2.86,29.41,32.84,26.92,88.19,3.61,Kolkata
2020-08-14,7.38,28.99,32.08,26.8,89.42,3.85,Kolkata
2020-08-15,15.57,29.14,32.21,26.87,88.47,4.0,Kolkata
2020-08-16,7.59,28.74,31.68,26.69,87.86,6.06,Kolkata
2020-08-17,8.24,28.51,31.65,26.78,88.06,4.66,Kolkata
2020-08-18,26.78,28.65,32.22,26.15,89.73,3.16,Kolkata
2020-08-19,37.59,27.88,29.83,26.46,92.78,5.5,Kolkata
2020-08-20,51.51,27.64,29.08,26.65,93.42,7.22,Kolkata
2020-08-21,25.53,27.74,29.3,26.34,94.02,4.73,Kolkata
2020-08-22,12.22,27.89,30.39,26.35,91.83,3.01,Kolkata
2020-08-23,7.67,27.46,29.49,25.93,92.23,2.26,Kolkata
2020-08-24,12.05,28.38,31.91,25.66,87.77,2.12,Kolkata
2020-08-25,32.76,28.3,30.58,26.31,92.94,3.82,Kolkata
2020-08-26,30.49,27.89,30.45,25.66,92.75,6.59,Kolkata
2020-08-27,16.46,27.87,30.33,26.15,91.88,5.75,Kolkata
2020-08-28,3.79,27.68,30.16,25.96,90.46,4.23,Kolkata
2020-08-29,0.29,28.48,31.98,25.58,87.97,3.56,Kolkata
2020-08-30,0.16,28.53,30.84,26.44,88.69,2.71,Kolkata
2020-08-31,1.86,28.52,31.11,26.14,90.93,2.06,Kolkata
2020-09-01,19.49,27.06,28.35,25.34,93.09,2.88,Kolkata
2020-09-02,4.42,27.74,31.45,24.91,88.1,3.13,Kolkata
2020-09-03,3.59,28.23,32.2,24.79,86.09,2.11,Kolkata
2020-09-04,0.42,28.7,32.9,24.73,84.57,1.94,Kolkata
2020-09-05,0.05,28.64,31.96,26.18,87.08,3.54,Kolkata
2020-09-06,0.28,28.17,29.84,26.89,92.16,3.79,Kolkata
2020-09-07,2.24,28.52,31.46,26.49,88.82,3.76,Kolkata
2020-09-08,7.01,27.73,29.23,26.64,94.6,3.08,Kolkata
2020-09-09,8.3,28.17,30.7,26.35,91.56,2.68,Kolkata
2020-09-10,9.51,28.15,30.52,26.7,90.08,3.17,Kolkata
2020-09-11,1.98,28.53,31.92,26.09,87.7,3.58,Kolkata
2020-09-12,1.41,28.28,31.05,25.82,89.17,2.62,Kolkata
2020-09-13,3.32,28.57,31.68,26.59,88.18,1.79,Kolkata
2020-09-14,1.13,28.18,30.88,26.18,89.87,2.13,Kolkata
2020-09-15,2.77,28.37,31.23,26.35,88.94,2.37,Kolkata
2020-09-16,0.71,28.36,31.19,26.4,90.45,2.74,Kolkata
2020-09-17,4.67,28.09,30.29,26.46,91.83,2.7,Kolkata
2020-09-18,0.06,28.88,32.73,26.06,86.48,1.69,Kolkata
2020-09-19,2.55,28.53,31.34,26.06,88.65,1.77,Kolkata
2020-09-20,7.15,28.38,31.59,25.94,89.14,1.71,Kolkata
2020-09-21,15.7,28.11,30.73,26.4,90.93,4.33,Kolkata
2020-09-22,12.39,28.36,30.94,26.15,90.34,4.3,Kolkata
2020-09-23,11.91,28.3,30.42,26.93,91.73,4.21,Kolkata
2020-09-24,6.22,27.95,29.46,27.07,93.42,4.14,Kolkata
2020-09-25,2.3,27.96,30.09,26.78,91.94,4.56,Kolkata
2020-09-26,6.17,27.46,28.99,26.13,93.58,3.44,Kolkata
2020-09-27,1.27,28.41,31.69,25.59,84.97,1.44,Kolkata
2020-09-28,1.55,28.08,30.94,24.87,84.36,1.32,Kolkata
2020-09-29,3.05,28.19,31.74,24.94,85.25,1.26,Kolkata
2020-09-30,7.25,27.86,30.22,26.04,86.31,1.16,Kolkata
2020-10-01,7.76,27.72,30.47,25.81,88.03,1.54,Kolkata
2020-10-02,13.68,27.45,29.64,25.78,92.45,2.2,Kolkata
2020-10-03,7.09,27.9,30.88,25.35,90.43,2.2,Kolkata
2020-10-04,4.89,27.78,30.32,25.92,91.41,2.3,Kolkata
2020-10-05,5.04,27.48,30.12,25.71,90.82,2.23,Kolkata
2020-10-06,12.8,26.93,29.2,25.38,93.61,2.24,Kolkata
2020-10-07,7.9,27.5,30.21,25.36,91.81,1.96,Kolkata
2020-10-08,1.2,28.12,30.59,26.09,87.58,1.35,Kolkata
2020-10-09,2.12,28.48,31.89,25.33,85.23,1.07,Kolkata
2020-10-10,6.65,28.57,31.56,26.43,86.28,1.08,Kolkata
2020-10-11,0.52,28.91,32.69,25.26,84.6,1.3,Kolkata
2020-10-12,1.23,29.22,32.83,26.37,81.6,1.35,Kolkata
2020-10-13,4.21,28.57,32.29,25.43,85.93,1.86,Kolkata
2020-10-14,2.38,28.31,31.74,26.01,88.28,2.22,Kolkata
2020-10-15,3.93,28.03,31.0,25.89,89.6,2.0,Kolkata
2020-10-16,9.0,28.89,32.06,25.75,82.03,1.27,Kolkata
2020-10-17,2.2,28.76,32.07,24.77,83.36,1.7,Kolkata
2020-10-18,1.56,28.59,31.62,26.13,83.34,1.26,Kolkata
2020-10-19,0.79,28.25,31.61,25.14,82.91,1.3,Kolkata
2020-10-20,0.28,27.94,31.67,24.83,86.84,2.15,Kolkata
2020-10-21,1.3,26.69,28.7,25.24,92.54,2.37,Kolkata
2020-10-22,6.85,25.98,27.7,24.94,94.45,3.4,Kolkata
2020-10-23,1.96,25.41,27.3,24.28,92.61,3.68,Kolkata
2020-10-24,0.66,26.71,30.71,23.49,86.74,2.84,Kolkata
2020-10-25,0.74,26.65,30.38,22.94,81.16,1.27,Kolkata
2020-10-26,0.08,25.44,29.67,20.88,74.18,1.84,Kolkata
2020-10-27,0.0,24.24,29.79,19.84,80.4,2.26,Kolkata
2020-10-28,0.0,23.26,29.0,18.03,80.78,2.56,Kolkata
2020-10-29,0.0,23.73,29.32,18.63,86.07,2.9,Kolkata
2020-10-30,0.03,25.75,30.65,21.03,88.01,3.19,Kolkata
2020-10-31,0.31,26.33,30.27,22.51,83.88,2.27,Kolkata
2020-11-01,0.88,26.13,29.47,23.68,89.95,2.2,Kolkata
2020-11-02,0.16,26.14,29.99,22.64,87.51,2.28,Kolkata
2020-11-03,0.02,25.23,29.61,21.07,82.27,2.31,Kolkata
2020-11-04,0.0,23.29,28.86,17.85,67.72,2.18,Kolkata
2020-11-05,0.0,22.81,29.52,15.99,61.29,1.74,Kolkata
2020-11-06,0.0,22.1,27.9,16.1,62.56,1.85,Kolkata
2020-11-07,0.0,20.42,26.59,14.74,79.3,2.59,Kolkata
2020-11-08,0.0,20.92,27.47,14.82,83.48,2.68,Kolkata
2020-11-09,0.0,22.59,28.53,16.69,79.69,2.23,Kolkata
2020-11-10,0.0,22.78,28.7,17.0,81.16,2.46,Kolkata
2020-11-11,0.0,23.01,29.4,18.15,82.27,2.72,Kolkata
2020-11-12,0.0,22.69,28.64,17.39,85.54,3.01,Kolkata
2020-11-13,0.0,22.94,28.86,18.58,85.43,3.18,Kolkata
2020-11-14,0.0,22.46,28.46,17.65,83.84,2.81,Kolkata
2020-11-15,0.0,22.16,28.06,16.97,83.58,2.65,Kolkata
2020-11-16,0.0,22.28,27.99,16.81,81.6,2.23,Kolkata
2020-11-17,0.0,23.3,28.66,17.72,78.71,1.96,Kolkata
2020-11-18,1.07,23.59,28.06,18.39,80.14,1.88,Kolkata
2020-11-19,0.28,24.34,28.33,19.14,76.93,1.34,Kolkata
2020-11-20,3.0,24.86,29.43,20.3,80.04,1.45,Kolkata
2020-11-21,2.97,23.34,27.56,19.88,86.69,2.77,Kolkata
2020-11-22,0.16,20.99,26.26,17.01,72.5,2.55,Kolkata
2020-11-23,0.0,18.15,25.14,12.08,71.26,2.69,Kolkata
2020-11-24,0.0,17.72,24.6,11.42,75.15,2.67,Kolkata
2020-11-25,0.0,18.7,25.63,12.68,86.03,2.89,Kolkata
2020-11-26,0.0,18.51,23.8,14.33,90.65,2.71,Kolkata
2020-11-27,0.0,19.38,25.46,14.83,89.04,3.25,Kolkata
2020-11-28,0.0,19.57,26.23,14.95,82.0,3.23,Kolkata
2020-11-29,0.0,18.78,26.09,13.18,78.1,3.14,Kolkata
2020-11-30,0.0,18.66,25.4,11.96,73.16,2.48,Kolkata
2020-12-01,0.0,19.09,25.58,12.19,70.8,2.15,Kolkata
2020-12-02,0.0,19.7,25.78,12.82,68.83,1.73,Kolkata
2020-12-03,0.0,20.54,26.03,14.56,70.72,1.34,Kolkata
2020-12-04,0.0,20.52,25.93,15.04,73.39,1.16,Kolkata
2020-12-05,0.0,20.53,26.12,15.79,79.49,1.58,Kolkata
2020-12-06,0.0,20.62,26.18,15.25,75.68,1.35,Kolkata
2020-12-07,0.0,19.83,26.7,13.2,72.54,1.85,Kolkata
2020-12-08,0.0,19.25,25.99,14.16,82.03,2.07,Kolkata
2020-12-09,0.0,19.39,25.08,14.42,83.55,1.9,Kolkata
2020-12-10,0.0,19.41,24.93,13.91,80.06,1.65,Kolkata
2020-12-11,0.0,19.09,24.89,14.15,77.92,1.6,Kolkata
2020-12-12,0.0,18.76,24.72,13.45,79.13,1.67,Kolkata
2020-12-13,0.0,19.87,25.81,13.62,76.69,1.61,Kolkata
2020-12-14,0.0,20.19,25.89,14.81,78.32,2.51,Kolkata
2020-12-15,0.0,19.94,25.71,15.83,78.33,2.73,Kolkata
2020-12-16,0.01,20.07,25.75,15.02,78.65,2.51,Kolkata
2020-12-17,0.0,19.9,25.33,15.52,78.96,2.71,Kolkata
2020-12-18,0.0,17.94,24.11,13.34,76.38,2.6,Kolkata
2020-12-19,0.0,14.75,21.76,9.7,73.06,3.12,Kolkata
2020-12-20,0.0,13.4,21.33,6.85,68.39,2.84,Kolkata
2020-12-21,0.0,13.87,20.99,7.0,68.31,2.47,Kolkata
2020-12-22,0.0,15.21,22.6,8.68,72.14,2.18,Kolkata
2020-12-23,0.01,15.69,23.22,8.84,67.4,2.24,Kolkata
2020-12-24,0.0,16.75,23.99,9.62,71.39,2.19,Kolkata
2020-12-25,0.0,16.55,24.12,10.37,72.88,2.56,Kolkata
2020-12-26,0.0,15.39,23.27,8.9,70.46,3.01,Kolkata
2020-12-27,0.0,15.66,23.23,8.13,62.46,2.35,Kolkata
2020-12-28,0.0,17.23,23.87,9.91,56.72,1.42,Kolkata
2020-12-29,0.0,17.4,24.29,11.01,64.14,1.82,Kolkata
2020-12-30,0.0,16.71,23.88,10.52,73.06,2.71,Kolkata
2020-12-31,0.0,15.74,23.66,9.42,72.34,3.03,Kolkata
2021-01-01,0.02,15.84,23.99,8.87,67.41,2.79,Kolkata
2021-01-02,0.0,16.19,23.08,9.22,65.38,2.2,Kolkata
2021-01-03,0.0,17.95,24.93,10.58,63.41,1.66,Kolkata
2021-01-04,0.0,19.02,26.24,11.7,64.79,1.69,Kolkata
2021-01-05,0.11,19.71,26.8,12.69,70.91,1.97,Kolkata
2021-01-06,0.0,20.85,28.06,13.86,72.74,1.83,Kolkata
2021-01-07,0.0,22.52,29.6,15.12,65.62,1.85,Kolkata
2021-01-08,0.05,21.89,28.63,16.07,68.48,2.54,Kolkata
2021-01-09,0.0,21.75,28.04,15.31,67.32,1.91,Kolkata
2021-01-10,0.0,22.26,28.39,16.21,71.66,2.08,Kolkata
2021-01-11,0.0,21.89,28.06,17.29,77.05,2.4,Kolkata
2021-01-12,0.0,20.13,26.78,14.85,74.84,2.73,Kolkata
2021-01-13,0.0,18.64,25.46,12.73,73.19,2.36,Kolkata
2021-01-14,0.0,17.39,24.46,11.9,72.15,2.45,Kolkata
2021-01-15,0.0,16.31,23.67,10.1,67.71,2.51,Kolkata
2021-01-16,0.0,16.58,24.37,10.14,62.39,2.12,Kolkata
2021-01-17,0.0,16.14,23.73,10.01,69.31,2.55,Kolkata
2021-01-18,0.0,16.7,23.67,9.82,67.62,2.05,Kolkata
2021-01-19,0.0,18.09,25.07,11.85,69.62,2.05,Kolkata
2021-01-20,0.0,21.05,27.39,15.75,78.5,2.58,Kolkata
2021-01-21,0.0,18.81,26.64,12.38,60.95,3.02,Kolkata
2021-01-22,0.0,17.03,25.69,10.9,59.62,2.39,Kolkata
2021-01-23,0.0,17.32,24.54,11.49,57.74,1.95,Kolkata
2021-01-24,0.0,18.63,26.56,11.21,61.67,1.86,Kolkata
2021-01-25,0.0,19.02,27.19,12.12,69.13,2.23,Kolkata
2021-01-26,0.0,18.51,25.62,12.71,68.99,2.57,Kolkata
2021-01-27,0.0,17.39,25.18,11.04,63.79,2.97,Kolkata
2021-01-28,0.0,16.34,25.44,8.58,56.06,3.23,Kolkata
2021-01-29,0.02,17.8,26.05,9.6,53.51,2.27,Kolkata
2021-01-30,0.02,17.73,25.48,12.07,59.41,2.88,Kolkata
2021-01-31,0.0,15.39,24.16,8.12,49.45,3.02,Kolkata
2021-02-01,0.0,16.28,24.71,9.17,45.99,2.4,Kolkata
2021-02-02,0.0,16.75,25.35,8.17,48.21,2.55,Kolkata
2021-02-03,0.0,18.35,27.0,11.25,46.9,2.22,Kolkata
2021-02-04,0.0,18.74,27.85,10.86,50.11,2.42,Kolkata
2021-02-05,0.0,20.12,28.76,12.03,49.51,2.09,Kolkata
2021-02-06,0.04,20.14,28.91,12.17,54.74,2.42,Kolkata
2021-02-07,0.81,18.89,27.12,13.29,63.89,3.42,Kolkata
2021-02-08,0.0,18.39,27.37,10.67,52.05,2.98,Kolkata
2021-02-09,0.0,19.6,28.96,10.9,48.31,2.21,Kolkata
2021-02-10,0.0,21.06,29.86,13.13,48.14,1.62,Kolkata
2021-02-11,0.0,21.67,29.87,15.4,62.94,1.96,Kolkata
2021-02-12,0.0,22.09,30.41,13.73,56.92,2.11,Kolkata
2021-02-13,0.0,22.7,30.57,15.3,61.1,1.52,Kolkata
2021-02-14,0.0,22.48,30.36,15.43,61.97,1.96,Kolkata
2021-02-15,0.0,22.77,30.64,15.64,60.08,2.49,Kolkata
2021-02-16,0.0,23.54,31.67,15.01,51.14,1.7,Kolkata
2021-02-17,0.08,23.7,31.35,16.93,63.03,1.86,Kolkata
2021-02-18,0.01,24.35,32.41,17.01,49.22,1.95,Kolkata
2021-02-19,0.0,24.17,30.94,17.86,49.64,2.28,Kolkata
2021-02-20,0.0,23.86,29.85,19.09,48.53,1.64,Kolkata
2021-02-21,0.0,23.97,32.45,15.64,39.55,2.66,Kolkata
2021-02-22,0.0,23.9,32.19,15.03,37.6,2.47,Kolkata
2021-02-23,0.0,24.12,32.71,15.7,41.88,2.37,Kolkata
2021-02-24,0.0,24.77,33.58,16.65,53.47,2.5,Kolkata
2021-02-25,0.0,25.29,34.57,16.61,49.23,2.95,Kolkata
2021-02-26,0.0,26.43,35.83,17.85,52.04,2.98,Kolkata
2021-02-27,0.0,26.56,35.66,18.01,45.01,2.78,Kolkata
2021-02-28,0.0,27.15,36.71,18.17,51.35,3.0,Kolkata
2021-03-01,0.0,28.0,36.82,20.8,52.49,2.97,Kolkata
2021-03-02,0.0,27.44,35.75,20.06,39.81,2.13,Kolkata
2021-03-03,0.0,26.56,34.94,19.05,43.11,2.62,Kolkata
2021-03-04,0.0,25.84,35.12,17.34,44.37,2.78,Kolkata
2021-03-05,0.0,27.23,36.67,19.6,57.78,4.16,Kolkata
2021-03-06,0.0,27.54,36.68,19.71,47.04,3.06,Kolkata
2021-03-07,0.0,28.04,37.02,21.24,46.91,1.53,Kolkata
2021-03-08,0.0,27.31,36.71,19.05,50.03,2.58,Kolkata
2021-03-09,0.0,28.16,37.14,21.12,60.99,4.0,Kolkata
2021-03-10,0.13,28.82,36.82,22.9,60.95,3.22,Kolkata
2021-03-11,1.76,28.67,36.77,22.4,63.0,2.85,Kolkata
2021-03-12,0.06,28.9,36.6,21.87,55.27,1.86,Kolkata
2021-03-13,0.31,28.05,35.43,21.58,53.01,2.46,Kolkata
2021-03-14,0.0,28.13,35.92,20.12,44.34,1.98,Kolkata
2021-03-15,0.0,28.12,35.98,20.09,50.0,2.52,Kolkata
2021-03-16,0.0,28.97,37.26,20.52,45.45,2.44,Kolkata
2021-03-17,0.0,29.07,37.4,20.44,42.83,2.28,Kolkata
2021-03-18,0.0,29.24,37.8,20.92,43.23,2.63,Kolkata
2021-03-19,0.0,29.38,38.38,20.55,42.76,2.37,Kolkata
2021-03-20,0.0,29.69,37.46,23.07,41.38,2.3,Kolkata
2021-03-21,0.0,30.91,39.01,22.84,44.44,1.37,Kolkata
2021-03-22,0.0,31.76,39.9,23.36,45.05,1.57,Kolkata
2021-03-23,0.0,31.87,40.08,23.53,41.56,2.05,Kolkata
2021-03-24,0.0,32.02,39.4,25.74,43.67,2.72,Kolkata
2021-03-25,0.0,31.69,39.29,25.18,38.57,2.8,Kolkata
2021-03-26,0.0,30.89,38.77,23.39,41.76,2.43,Kolkata
2021-03-27,0.0,31.34,39.5,23.48,47.64,1.79,Kolkata
2021-03-28,0.0,30.88,38.77,23.54,50.24,2.69,Kolkata
2021-03-29,0.0,31.54,40.35,24.74,53.75,3.81,Kolkata
2021-03-30,0.0,32.44,42.49,24.78,54.07,4.2,Kolkata
2021-03-31,0.0,32.77,43.83,23.6,40.69,3.16,Kolkata
2021-04-01,0.0,31.4,41.51,23.01,46.33,2.75,Kolkata
2021-04-02,0.0,31.33,40.0,24.14,55.57,2.44,Kolkata
2021-04-03,0.0,31.36,39.99,23.29,54.4,2.45,Kolkata
2021-04-04,0.42,31.26,39.38,23.79,52.03,2.95,Kolkata
2021-04-05,5.01,30.67,38.19,24.08,49.43,2.06,Kolkata
2021-04-06,3.1,30.02,37.92,23.83,54.86,4.02,Kolkata
2021-04-07,0.0,30.17,37.88,24.16,61.51,5.62,Kolkata
2021-04-08,0.41,30.35,37.12,26.2,61.07,6.34,Kolkata
2021-04-09,0.62,30.24,36.86,26.02,59.51,5.06,Kolkata
2021-04-10,0.0,31.44,39.47,25.41,56.26,4.07,Kolkata
2021-04-11,0.06,32.41,41.06,24.97,52.14,3.69,Kolkata
2021-04-12,0.94,32.58,40.76,26.29,49.29,3.95,Kolkata
2021-04-13,0.0,32.61,41.3,24.9,47.99,3.74,Kolkata
2021-04-14,0.01,32.93,41.59,25.85,50.56,5.05,Kolkata
2021-04-15,0.0,31.84,39.32,26.66,52.74,4.66,Kolkata
2021-04-16,0.0,31.48,38.7,26.35,53.69,5.08,Kolkata
2021-04-17,1.07,31.23,39.89,24.82,54.74,4.95,Kolkata
2021-04-18,6.88,30.44,37.9,24.55,60.94,4.46,Kolkata
2021-04-19,0.85,31.33,40.06,24.66,53.67,3.41,Kolkata
2021-04-20,0.0,31.87,40.51,24.74,58.48,4.42,Kolkata
2021-04-21,1.41,32.31,40.84,25.93,59.14,5.37,Kolkata
2021-04-22,8.35,30.96,36.87,25.73,63.21,3.53,Kolkata
2021-04-23,0.15,31.45,39.14,24.84,52.91,2.71,Kolkata
2021-04-24,0.0,31.92,39.78,24.03,45.62,3.17,Kolkata
2021-04-25,0.0,32.79,41.9,24.88,52.73,3.58,Kolkata
2021-04-26,0.0,32.71,41.42,26.06,53.6,4.48,Kolkata
2021-04-27,0.0,32.38,40.57,26.46,55.69,4.31,Kolkata
2021-04-28,0.0,32.79,40.94,26.1,55.58,4.18,Kolkata
2021-04-29,0.0,30.51,35.31,26.69,61.65,3.32,Kolkata
2021-04-30,0.21,31.82,39.78,25.34,56.7,4.17,Kolkata
2021-05-01,1.49,32.57,40.55,26.42,52.5,3.84,Kolkata
2021-05-02,2.21,31.88,39.3,25.58,58.22,4.02,Kolkata
2021-05-03,12.96,30.51,37.14,25.98,64.66,3.97,Kolkata
2021-05-04,13.43,28.42,32.43,25.51,70.81,2.38,Kolkata
2021-05-05,2.65,29.14,34.78,24.24,65.06,2.94,Kolkata
2021-05-06,6.1,30.23,36.98,24.78,65.7,3.24,Kolkata
2021-05-07,6.53,30.81,37.46,25.68,65.71,3.93,Kolkata
2021-05-08,1.44,31.3,38.08,25.79,61.23,3.63,Kolkata
2021-05-09,5.37,30.93,37.07,25.92,64.4,3.71,Kolkata
2021-05-10,9.06,30.94,37.35,26.06,66.68,3.96,Kolkata
2021-05-11,15.76,30.46,35.44,26.72,72.08,3.86,Kolkata
2021-05-12,20.08,30.56,36.12,26.14,69.42,2.76,Kolkata
2021-05-13,5.29,30.82,36.76,26.5,68.47,3.14,Kolkata
2021-05-14,2.7,31.2,37.84,25.57,65.31,3.29,Kolkata
2021-05-15,0.18,32.16,39.49,26.44,65.06,4.05,Kolkata
2021-05-16,0.59,32.36,38.9,27.04,66.12,4.01,Kolkata
2021-05-17,0.01,32.85,38.9,28.46,66.52,4.33,Kolkata
2021-05-18,0.82,33.08,39.8,28.21,67.45,5.09,Kolkata
2021-05-19,2.62,32.32,37.69,28.39,70.61,4.41,Kolkata
2021-05-20,2.29,31.21,34.26,28.97,78.29,4.48,Kolkata
2021-05-21,2.18,31.52,36.97,28.14,72.43,4.15,Kolkata
2021-05-22,1.02,32.09,37.76,27.97,67.07,3.16,Kolkata
2021-05-23,3.88,32.31,36.55,27.95,65.79,1.74,Kolkata
2021-05-24,8.18,30.78,35.18,27.33,69.26,3.28,Kolkata
2021-05-25,34.26,28.77,32.33,26.2,80.32,7.89,Kolkata
2021-05-26,38.4,28.25,30.98,26.02,82.32,12.83,Kolkata
2021-05-27,40.06,29.52,32.36,27.75,82.69,9.74,Kolkata
2021-05-28,16.56,29.87,34.18,27.18,83.19,5.5,Kolkata
2021-05-29,0.3,30.01,34.64,26.48,79.73,4.0,Kolkata
2021-05-30,9.52,29.99,34.31,26.85,81.2,4.43,Kolkata
2021-05-31,12.72,29.42,32.06,27.7,88.56,4.85,Kolkata
2021-06-01,9.97,29.54,32.3,27.64,87.67,3.7,Kolkata
2021-06-02,9.46,29.75,33.13,27.37,83.34,3.03,Kolkata
2021-06-03,0.15,29.82,33.4,27.02,82.37,3.49,Kolkata
2021-06-04,0.01,30.0,33.11,27.28,81.8,3.13,Kolkata
2021-06-05,0.59,30.31,34.74,27.69,79.7,3.66,Kolkata
2021-06-06,3.83,30.0,33.48,27.39,82.33,4.15,Kolkata
2021-06-07,6.99,30.35,33.69,28.21,83.67,5.56,Kolkata
2021-06-08,15.6,29.8,32.78,27.99,86.24,5.36,Kolkata
2021-06-09,10.67,27.59,29.36,26.1,84.65,4.06,Kolkata
2021-06-10,2.74,27.37,29.58,25.51,88.2,3.1,Kolkata
2021-06-11,8.37,28.17,30.54,25.83,87.3,1.9,Kolkata
2021-06-12,9.96,28.62,31.56,26.01,84.25,2.34,Kolkata
2021-06-13,9.18,29.21,32.56,26.41,83.43,2.71,Kolkata
2021-06-14,20.15,29.25,32.5,26.95,85.98,3.93,Kolkata
2021-06-15,23.53,28.99,32.52,27.02,85.64,3.54,Kolkata
2021-06-16,44.15,28.09,30.4,26.53,88.97,4.44,Kolkata
2021-06-17,80.75,27.34,29.33,25.59,90.9,7.73,Kolkata
2021-06-18,26.6,27.7,30.37,25.26,88.18,3.71,Kolkata
2021-06-19,17.0,27.71,29.97,25.84,88.95,4.47,Kolkata
2021-06-20,26.39,27.52,29.33,25.95,90.44,4.44,Kolkata
2021-06-21,11.51,28.1,30.52,26.24,87.4,3.65,Kolkata
2021-06-22,6.3,28.44,31.82,26.18,87.78,3.73,Kolkata
2021-06-23,7.16,27.88,30.77,25.93,88.03,5.77,Kolkata
2021-06-24,1.63,28.73,32.39,25.7,85.0,3.93,Kolkata
2021-06-25,3.22,28.71,32.18,26.06,85.85,3.7,Kolkata
2021-06-26,5.71,28.75,31.99,26.31,86.58,4.59,Kolkata
2021-06-27,7.37,28.95,32.4,26.58,86.87,4.17,Kolkata
2021-06-28,4.16,28.4,31.09,26.49,88.07,5.04,Kolkata
2021-06-29,0.43,29.23,32.75,26.52,86.73,5.73,Kolkata
2021-06-30,7.81,28.92,30.95,27.69,91.25,5.78,Kolkata
2021-07-01,11.7,28.96,31.61,27.48,90.07,6.6,Kolkata
2021-07-02,23.23,28.32,30.57,26.74,89.89,5.03,Kolkata
2021-07-03,13.0,28.1,29.53,27.15,92.9,2.93,Kolkata
2021-07-04,8.09,28.86,31.97,26.7,86.69,2.78,Kolkata
2021-07-05,6.72,29.2,32.53,26.35,85.13,2.19,Kolkata
2021-07-06,2.53,29.19,32.28,26.82,88.39,3.53,Kolkata
2021-07-07,17.8,28.84,30.96,27.2,90.86,3.85,Kolkata
2021-07-08,24.13,28.63,31.52,26.57,87.78,3.84,Kolkata
2021-07-09,5.34,28.81,32.28,26.0,83.8,3.37,Kolkata
2021-07-10,2.4,28.89,32.48,26.24,86.64,2.9,Kolkata
2021-07-11,5.48,28.81,32.09,26.35,88.02,3.28,Kolkata
2021-07-12,6.06,28.31,30.69,26.46,89.54,3.52,Kolkata
2021-07-13,5.61,28.3,31.54,25.91,87.32,3.51,Kolkata
2021-07-14,3.54,28.49,31.62,26.22,86.67,4.7,Kolkata
2021-07-15,0.72,29.17,32.81,26.28,82.63,2.62,Kolkata
2021-07-16,1.38,28.65,31.37,26.27,84.93,1.99,Kolkata
2021-07-17,9.3,28.47,30.4,26.89,88.74,3.54,Kolkata
2021-07-18,4.99,29.28,32.77,26.64,84.98,3.58,Kolkata
2021-07-19,9.7,28.71,30.96,26.89,89.74,3.37,Kolkata
2021-07-20,20.51,28.98,31.72,27.1,87.28,2.5,Kolkata
2021-07-21,6.85,29.33,33.34,26.21,83.97,1.93,Kolkata
2021-07-22,6.5,28.94,32.35,25.98,86.22,3.88,Kolkata
2021-07-23,25.18,29.12,31.88,26.96,89.76,6.05,Kolkata
2021-07-24,11.04,28.33,31.16,27.22,91.55,5.11,Kolkata
2021-07-25,1.19,29.37,32.85,26.54,85.86,2.53,Kolkata
2021-07-26,9.35,28.89,31.19,27.62,89.16,3.95,Kolkata
2021-07-27,22.25,28.28,30.64,26.59,90.99,4.39,Kolkata
2021-07-28,27.47,28.7,31.25,26.61,90.71,4.74,Kolkata
2021-07-29,159.91,27.54,28.96,26.56,93.87,8.22,Kolkata
2021-07-30,32.57,28.3,31.29,26.06,90.5,5.84,Kolkata
2021-07-31,0.44,28.48,31.51,26.02,87.98,5.19,Kolkata
2021-08-01,0.63,28.13,30.34,26.39,90.02,3.89,Kolkata
2021-08-02,5.64,27.52,29.62,26.04,90.89,3.33,Kolkata
2021-08-03,15.35,28.57,31.85,25.76,87.36,2.83,Kolkata
2021-08-04,18.87,27.84,30.21,26.02,91.16,3.11,Kolkata
2021-08-05,26.11,28.47,31.56,26.02,88.76,4.35,Kolkata
2021-08-06,9.67,28.26,30.59,25.86,89.99,3.35,Kolkata
2021-08-07,24.15,28.77,31.09,27.08,90.39,3.12,Kolkata
2021-08-08,15.42,28.26,30.39,26.86,91.77,3.81,Kolkata
2021-08-09,3.55,29.19,32.2,27.07,88.61,3.98,Kolkata
2021-08-10,0.82,28.5,29.95,27.33,92.69,4.0,Kolkata
2021-08-11,3.33,28.56,30.43,27.59,93.22,4.2,Kolkata
2021-08-12,21.06,28.63,30.51,27.26,92.91,4.88,Kolkata
2021-08-13,3.34,28.33,30.95,26.49,91.17,2.56,Kolkata
2021-08-14,7.81,29.17,32.25,26.82,89.11,3.01,Kolkata
2021-08-15,3.47,28.88,31.74,26.95,89.43,2.31,Kolkata
2021-08-16,1.8,28.67,31.97,26.45,88.25,2.78,Kolkata
2021-08-17,11.84,28.03,29.44,26.76,91.88,4.71,Kolkata
2021-08-18,14.16,27.7,29.22,26.37,92.69,3.96,Kolkata
2021-08-19,14.8,27.46,29.12,26.29,93.21,4.46,Kolkata
2021-08-20,6.54,27.47,29.44,26.03,92.38,4.0,Kolkata
2021-08-21,4.08,27.81,30.87,25.73,88.77,3.9,Kolkata
2021-08-22,1.77,28.13,31.41,25.51,88.6,3.88,Kolkata
2021-08-23,0.2,28.64,32.11,25.76,87.94,3.87,Kolkata
2021-08-24,1.36,28.41,30.6,26.49,91.15,2.99,Kolkata
2021-08-25,8.58,28.27,30.45,26.88,92.05,3.75,Kolkata
2021-08-26,31.92,27.79,29.25,26.41,93.94,2.47,Kolkata
2021-08-27,14.7,27.32,30.12,25.64,92.2,4.09,Kolkata
2021-08-28,4.1,28.15,31.29,25.89,89.91,3.95,Kolkata
2021-08-29,4.66,27.75,30.51,25.55,90.29,3.57,Kolkata
2021-08-30,12.73,27.22,29.63,25.58,92.28,3.33,Kolkata
2021-08-31,4.52,27.89,31.32,25.5,89.53,3.32,Kolkata
2021-09-01,1.09,28.2,31.74,25.21,86.39,2.24,Kolkata
2021-09-02,3.42,28.22,31.01,26.07,83.71,1.58,Kolkata
2021-09-03,1.23,27.7,30.96,24.95,86.23,1.94,Kolkata
2021-09-04,3.24,28.4,32.06,25.41,86.0,2.02,Kolkata
2021-09-05,2.04,28.62,32.13,25.92,87.33,2.54,Kolkata
2021-09-06,10.79,28.52,31.22,26.56,90.9,4.59,Kolkata
2021-09-07,25.76,27.58,29.51,26.15,92.58,4.89,Kolkata
2021-09-08,14.44,27.5,29.54,25.85,92.46,2.4,Kolkata
2021-09-09,5.41,27.98,30.91,25.89,87.32,1.99,Kolkata
2021-09-10,2.4,28.24,31.05,24.78,86.25,1.6,Kolkata
2021-09-11,19.94,27.9,31.08,25.88,90.42,4.55,Kolkata
2021-09-12,12.62,27.82,30.98,25.86,91.23,5.2,Kolkata
2021-09-13,19.07,27.53,28.96,26.28,94.0,6.02,Kolkata
2021-09-14,106.02,27.46,28.98,26.48,93.66,5.93,Kolkata
2021-09-15,43.82,27.25,28.41,26.28,95.47,3.93,Kolkata
2021-09-16,2.93,28.04,31.43,25.7,86.94,2.08,Kolkata
2021-09-17,4.27,27.79,31.12,25.3,89.28,2.34,Kolkata
2021-09-18,11.47,27.65,30.73,25.74,88.25,1.82,Kolkata
2021-09-19,42.21,27.23,29.87,25.37,90.14,1.57,Kolkata
2021-09-20,36.13,26.76,28.6,25.46,94.04,2.84,Kolkata
2021-09-21,46.55,26.83,28.33,25.83,94.97,4.54,Kolkata
2021-09-22,17.94,26.93,28.78,25.71,93.51,2.21,Kolkata
2021-09-23,7.36,27.07,29.23,25.61,93.44,2.68,Kolkata
2021-09-24,0.96,28.2,31.91,25.28,85.47,1.39,Kolkata
2021-09-25,0.29,28.2,31.8,24.84,87.65,2.04,Kolkata
2021-09-26,8.84,27.57,30.78,25.14,91.14,3.34,Kolkata
2021-09-27,5.82,27.4,30.35,25.1,91.87,2.79,Kolkata
2021-09-28,65.98,26.3,27.58,25.42,93.92,4.64,Kolkata
2021-09-29,38.08,26.73,28.95,25.33,90.51,1.61,Kolkata
2021-09-30,19.45,26.97,29.54,25.37,92.45,2.57,Kolkata
2021-10-01,1.81,27.33,30.52,25.13,89.76,2.28,Kolkata
2021-10-02,0.99,27.55,30.93,24.8,90.05,2.98,Kolkata
2021-10-03,2.71,27.56,29.65,26.25,92.94,3.46,Kolkata
2021-10-04,3.52,27.36,29.57,26.01,92.15,2.75,Kolkata
2021-10-05,5.08,27.56,29.85,25.93,91.46,2.14,Kolkata
2021-10-06,2.94,27.73,31.39,25.04,86.63,1.64,Kolkata
2021-10-07,3.16,28.16,32.15,24.98,87.33,1.9,Kolkata
2021-10-08,4.32,28.47,31.55,25.55,85.68,1.56,Kolkata
2021-10-09,1.39,28.21,31.76,24.92,86.23,1.43,Kolkata
2021-10-10,4.33,27.81,31.46,24.68,86.98,2.16,Kolkata
2021-10-11,1.48,27.83,31.33,24.86,87.63,2.11,Kolkata
2021-10-12,0.01,28.13,32.12,24.53,85.53,1.98,Kolkata
2021-10-13,2.83,27.23,29.17,25.35,91.53,1.98,Kolkata
2021-10-14,13.41,27.98,31.28,25.37,87.56,1.5,Kolkata
2021-10-15,9.72,28.74,32.75,24.94,82.5,1.51,Kolkata
2021-10-16,13.84,27.86,30.84,26.06,90.97,2.23,Kolkata
2021-10-17,48.64,26.91,28.67,25.68,94.51,3.04,Kolkata
2021-10-18,46.43,26.6,27.71,25.74,94.53,5.54,Kolkata
2021-10-19,28.83,26.66,28.15,25.66,94.57,4.77,Kolkata
2021-10-20,8.64,27.38,30.0,25.77,91.21,3.37,Kolkata
2021-10-21,0.47,26.09,28.86,23.92,85.85,2.54,Kolkata
2021-10-22,0.11,25.93,29.71,22.31,77.14,1.35,Kolkata
2021-10-23,0.0,25.67,29.51,20.77,70.93,0.94,Kolkata
2021-10-24,1.03,25.77,29.7,21.16,73.79,1.08,Kolkata
2021-10-25,2.92,26.09,29.12,23.45,76.68,0.78,Kolkata
2021-10-26,0.71,25.57,29.22,22.14,83.52,1.57,Kolkata
2021-10-27,1.9,25.13,28.61,21.79,88.03,2.64,Kolkata
2021-10-28,2.58,25.14,28.44,22.51,88.28,2.77,Kolkata
2021-10-29,1.48,24.33,29.0,20.34,86.78,3.28,Kolkata
2021-10-30,0.0,24.19,28.72,19.7,84.03,2.44,Kolkata
2021-10-31,0.0,24.01,28.68,19.44,80.76,2.13,Kolkata
2021-11-01,0.0,23.51,27.41,20.01,83.97,1.76,Kolkata
2021-11-02,0.0,23.43,27.79,19.03,82.16,2.16,Kolkata
2021-11-03,0.0,23.76,28.01,19.3,78.32,1.51,Kolkata
2021-11-04,0.0,24.27,28.63,20.12,78.52,1.26,Kolkata
2021-11-05,0.0,22.35,26.97,17.99,81.66,2.14,Kolkata
2021-11-06,0.0,21.63,27.14,16.08,80.71,2.42,Kolkata
2021-11-07,0.0,21.09,26.6,15.76,79.1,2.28,Kolkata
2021-11-08,0.0,20.67,26.17,15.33,83.07,2.55,Kolkata
2021-11-09,0.0,20.87,26.26,15.46,85.98,2.2,Kolkata
2021-11-10,0.0,21.95,26.88,16.38,82.9,1.66,Kolkata
2021-11-11,0.0,22.51,27.12,17.06,82.14,1.66,Kolkata
2021-11-12,0.24,23.96,28.7,19.42,83.3,1.81,Kolkata
2021-11-13,3.59,24.11,27.56,21.49,88.92,1.54,Kolkata
2021-11-14,3.84,24.68,28.44,21.73,88.34,1.31,Kolkata
2021-11-15,4.88,23.69,27.11,21.18,90.12,1.34,Kolkata
2021-11-16,0.86,22.55,26.11,19.91,90.51,2.67,Kolkata
2021-11-17,0.0,22.34,27.61,18.9,87.62,3.07,Kolkata
2021-11-18,0.0,21.52,27.22,16.23,83.67,2.57,Kolkata
2021-11-19,0.0,22.36,27.31,17.85,79.89,1.72,Kolkata
2021-11-20,0.0,23.32,28.22,18.21,79.08,1.14,Kolkata
2021-11-21,0.0,23.25,27.4,18.94,82.6,1.41,Kolkata
2021-11-22,0.0,24.08,28.69,19.24,77.87,1.13,Kolkata
2021-11-23,0.0,23.38,28.23,19.72,83.09,2.17,Kolkata
2021-11-24,0.0,20.88,26.45,16.81,80.47,2.85,Kolkata
2021-11-25,0.0,20.94,26.9,15.48,71.84,2.07,Kolkata
2021-11-26,0.0,20.38,26.1,15.25,79.26,2.21,Kolkata
2021-11-27,0.0,19.89,26.09,15.22,82.4,2.3,Kolkata
2021-11-28,0.0,18.95,24.97,13.3,84.43,2.53,Kolkata
2021-11-29,0.0,19.05,24.72,13.7,86.71,2.44,Kolkata
2021-11-30,0.0,19.01,25.13,13.59,87.89,2.86,Kolkata
2021-12-01,0.0,19.55,25.61,14.25,85.08,2.67,Kolkata
2021-12-02,0.0,20.42,26.7,13.72,79.65,1.85,Kolkata
2021-12-03,0.15,20.87,26.37,14.85,83.86,1.92,Kolkata
2021-12-04,21.73,20.4,22.65,18.37,94.39,2.98,Kolkata
2021-12-05,37.68,22.29,25.19,20.09,94.19,4.53,Kolkata
2021-12-06,36.84,23.02,27.05,19.97,92.75,3.8,Kolkata
2021-12-07,2.31,21.36,25.71,18.11,89.18,2.64,Kolkata
2021-12-08,0.05,20.78,25.89,16.05,88.57,2.68,Kolkata
2021-12-09,1.63,20.93,25.74,16.5,88.55,2.54,Kolkata
2021-12-10,0.84,20.17,23.93,17.15,80.58,2.35,Kolkata
2021-12-11,0.15,19.18,25.06,14.37,81.09,2.4,Kolkata
2021-12-12,0.0,17.93,24.01,13.59,82.44,3.23,Kolkata
2021-12-13,0.0,17.33,23.27,11.88,80.77,2.27,Kolkata
2021-12-14,0.0,17.13,22.63,11.55,79.67,2.04,Kolkata
2021-12-15,0.0,17.08,22.38,11.77,76.3,1.64,Kolkata
2021-12-16,0.0,16.65,22.11,12.08,84.61,2.54,Kolkata
2021-12-17,0.0,16.98,23.26,10.38,77.8,2.09,Kolkata
2021-12-18,0.0,17.35,23.8,11.12,84.9,2.68,Kolkata
2021-12-19,0.0,14.84,20.8,10.6,78.23,3.47,Kolkata
2021-12-20,0.0,12.55,19.53,6.2,76.81,2.76,Kolkata
2021-12-21,0.0,13.08,19.9,6.52,81.15,2.6,Kolkata
2021-12-22,0.0,13.69,20.56,8.26,77.11,2.81,Kolkata
2021-12-23,0.0,15.46,22.59,8.85,77.61,2.12,Kolkata
2021-12-24,0.0,17.27,23.03,10.46,70.12,1.0,Kolkata
2021-12-25,0.0,18.27,23.63,12.93,73.89,1.11,Kolkata
2021-12-26,0.0,19.5,24.09,15.88,77.36,0.92,Kolkata
2021-12-27,0.0,19.47,24.34,14.96,76.63,1.16,Kolkata
2021-12-28,0.34,18.99,24.13,14.08,83.29,1.79,Kolkata
2021-12-29,0.56,19.09,24.39,14.32,84.24,2.04,Kolkata
2021-12-30,0.86,18.01,23.59,14.57,85.78,3.0,Kolkata
2021-12-31,0.18,17.97,23.57,13.89,84.68,3.26,Kolkata
2022-01-01,0.0,16.42,22.54,12.3,82.52,3.11,Kolkata
2022-01-02,0.0,15.76,21.79,11.45,83.96,3.19,Kolkata
2022-01-03,0.0,15.86,22.36,10.15,80.88,2.83,Kolkata
2022-01-04,0.0,15.28,21.93,10.43,77.44,2.9,Kolkata
2022-01-05,0.0,15.54,22.57,8.54,76.87,2.49,Kolkata
2022-01-06,0.0,17.31,23.51,10.2,72.58,1.71,Kolkata
2022-01-07,0.0,17.76,23.79,11.19,74.46,2.31,Kolkata
2022-01-08,0.0,18.44,24.7,11.77,80.7,2.09,Kolkata
2022-01-09,0.0,19.57,25.31,12.89,78.2,1.4,Kolkata
2022-01-10,0.0,20.32,25.43,14.02,73.82,0.97,Kolkata
2022-01-11,10.73,19.97,25.02,14.77,80.95,1.88,Kolkata
2022-01-12,4.14,18.43,22.5,15.76,87.6,1.79,Kolkata
2022-01-13,0.61,18.29,22.41,13.66,85.97,2.31,Kolkata
2022-01-14,2.13,17.65,22.37,14.31,85.25,2.86,Kolkata
2022-01-15,0.1,16.62,22.53,12.09,78.83,3.03,Kolkata
2022-01-16,0.0,15.77,21.94,11.19,80.52,3.91,Kolkata
2022-01-17,0.0,14.31,21.01,8.7,80.39,3.21,Kolkata
2022-01-18,0.0,14.06,20.9,8.02,80.14,2.81,Kolkata
2022-01-19,0.0,15.36,22.57,9.13,80.19,2.72,Kolkata
2022-01-20,0.0,15.96,22.28,9.37,71.99,2.09,Kolkata
2022-01-21,0.89,18.32,23.93,12.98,67.72,0.91,Kolkata
2022-01-22,1.34,19.09,24.37,14.84,81.54,2.01,Kolkata
2022-01-23,1.7,19.83,25.66,14.88,86.14,3.06,Kolkata
2022-01-24,5.33,19.14,21.87,16.29,92.89,2.18,Kolkata
2022-01-25,0.07,19.27,24.01,14.22,77.59,1.1,Kolkata
2022-01-26,0.33,18.65,23.25,14.56,79.59,1.77,Kolkata
2022-01-27,0.05,16.39,21.59,12.69,75.49,3.3,Kolkata
2022-01-28,0.04,13.99,20.79,8.18,75.39,2.87,Kolkata
2022-01-29,0.0,13.6,20.14,7.62,72.89,3.18,Kolkata
2022-01-30,0.0,15.09,21.79,7.44,67.04,2.11,Kolkata
2022-01-31,0.0,17.23,23.83,10.55,68.88,2.22,Kolkata
2022-02-01,0.0,18.44,25.05,11.88,73.72,2.15,Kolkata
2022-02-02,0.0,19.9,26.2,13.07,60.56,0.93,Kolkata
2022-02-03,0.27,19.78,26.67,13.61,82.1,3.24,Kolkata
2022-02-04,32.56,21.0,26.14,17.11,86.5,5.63,Kolkata
2022-02-05,0.79,17.42,22.6,11.54,67.78,3.72,Kolkata
2022-02-06,0.96,15.97,22.22,9.06,69.84,2.09,Kolkata
2022-02-07,0.0,16.89,22.88,11.26,69.05,1.34,Kolkata
2022-02-08,0.0,18.51,24.31,12.29,68.08,1.14,Kolkata
2022-02-09,0.0,19.53,25.85,14.13,72.49,1.3,Kolkata
2022-02-10,0.79,20.15,25.72,14.96,80.39,2.51,Kolkata
2022-02-11,0.55,19.01,23.96,14.32,71.07,3.12,Kolkata
2022-02-12,0.0,17.77,23.81,13.18,61.84,1.99,Kolkata
2022-02-13,0.0,17.14,24.13,9.83,64.07,2.74,Kolkata
2022-02-14,0.0,17.72,24.7,9.97,62.31,2.56,Kolkata
2022-02-15,0.0,18.45,25.19,10.42,58.74,1.99,Kolkata
2022-02-16,0.0,18.7,25.15,10.33,63.72,2.01,Kolkata
2022-02-17,0.0,19.98,26.39,12.94,68.0,2.13,Kolkata
2022-02-18,0.0,19.76,26.31,12.87,57.93,2.15,Kolkata
2022-02-19,0.0,19.71,26.91,12.21,58.33,2.19,Kolkata
2022-02-20,2.17,20.55,26.85,15.43,81.48,3.25,Kolkata
2022-02-21,0.15,20.09,27.6,13.47,69.71,2.66,Kolkata
2022-02-22,0.08,21.52,27.78,15.48,77.33,1.7,Kolkata
2022-02-23,0.04,22.22,28.26,16.66,70.74,1.46,Kolkata
2022-02-24,1.54,22.22,29.49,15.94,81.54,3.32,Kolkata
2022-02-25,3.01,22.82,28.45,18.57,80.47,2.86,Kolkata
2022-02-26,0.95,23.71,29.66,18.47,76.56,1.64,Kolkata
2022-02-27,2.05,24.24,30.23,18.24,67.56,1.63,Kolkata
2022-02-28,3.43,24.04,30.51,18.54,71.68,2.79,Kolkata
2022-03-01,0.34,24.07,29.36,19.31,68.3,1.96,Kolkata
2022-03-02,0.0,23.84,29.72,17.83,65.76,2.14,Kolkata
2022-03-03,0.0,23.48,29.85,16.45,62.56,1.78,Kolkata
2022-03-04,0.0,23.24,30.16,15.49,58.63,2.08,Kolkata
2022-03-05,0.0,23.82,30.91,16.91,67.25,2.58,Kolkata
2022-03-06,0.0,23.84,30.77,18.35,61.46,2.25,Kolkata
2022-03-07,0.0,22.3,30.71,15.39,61.81,3.22,Kolkata
2022-03-08,0.0,22.87,31.4,14.89,61.9,2.95,Kolkata
2022-03-09,0.0,23.39,31.82,15.21,56.09,2.62,Kolkata
2022-03-10,0.0,23.56,31.79,15.0,54.87,2.52,Kolkata
2022-03-11,0.0,23.72,31.86,15.54,56.44,2.8,Kolkata
2022-03-12,0.0,24.42,31.91,16.98,57.47,2.59,Kolkata
2022-03-13,0.0,24.03,32.16,16.53,59.35,2.68,Kolkata
2022-03-14,0.0,24.82,33.39,16.61,56.66,2.7,Kolkata
2022-03-15,0.0,25.89,34.31,16.61,51.66,2.31,Kolkata
2022-03-16,0.0,26.16,34.95,19.25,69.53,3.71,Kolkata
2022-03-17,0.0,27.03,35.48,20.97,71.05,3.77,Kolkata
2022-03-18,0.0,26.94,35.5,20.47,66.7,3.17,Kolkata
2022-03-19,0.0,26.68,36.0,19.46,62.74,3.32,Kolkata
2022-03-20,0.0,26.92,35.71,19.56,67.06,3.13,Kolkata
2022-03-21,0.0,28.14,36.42,21.64,69.44,3.34,Kolkata
2022-03-22,0.0,28.91,36.44,22.45,67.37,2.68,Kolkata
2022-03-23,0.0,29.17,36.95,23.35,64.77,3.22,Kolkata
2022-03-24,0.0,29.08,36.85,23.87,68.4,4.56,Kolkata
2022-03-25,0.0,29.09,36.21,24.18,72.04,5.42,Kolkata
2022-03-26,0.31,29.68,36.63,24.84,71.51,4.81,Kolkata
2022-03-27,0.39,30.09,37.65,24.36,63.51,1.77,Kolkata
2022-03-28,0.0,29.51,37.12,23.31,66.23,3.33,Kolkata
2022-03-29,0.0,29.68,37.54,24.23,66.35,3.92,Kolkata
2022-03-30,0.0,29.57,36.05,24.87,72.73,4.8,Kolkata
2022-03-31,0.0,29.86,36.52,25.04,71.12,5.22,Kolkata
2022-04-01,0.0,30.16,36.77,25.94,70.27,5.97,Kolkata
2022-04-02,0.0,30.16,36.97,26.04,69.49,5.45,Kolkata
2022-04-03,0.0,30.01,36.87,25.61,68.8,5.12,Kolkata
2022-04-04,0.0,30.38,37.97,26.23,65.35,6.85,Kolkata
2022-04-05,0.0,30.1,37.93,25.19,64.43,5.86,Kolkata
2022-04-06,0.05,30.04,38.04,24.41,65.51,5.1,Kolkata
2022-04-07,0.0,30.54,39.12,24.13,62.0,4.6,Kolkata
2022-04-08,0.0,30.67,39.11,24.06,61.13,5.07,Kolkata
2022-04-09,0.0,31.07,39.58,24.57,62.94,4.86,Kolkata
2022-04-10,0.0,31.07,38.9,25.33,65.04,5.97,Kolkata
2022-04-11,0.0,31.67,39.86,25.58,64.27,5.2,Kolkata
2022-04-12,0.0,31.39,39.18,25.66,64.79,4.7,Kolkata
2022-04-13,0.0,31.06,38.94,25.42,65.69,5.79,Kolkata
2022-04-14,0.01,32.09,40.09,26.54,61.02,5.45,Kolkata
2022-04-15,0.01,33.32,42.59,26.96,55.9,4.65,Kolkata
2022-04-16,0.18,33.03,41.5,27.23,56.24,4.84,Kolkata
2022-04-17,0.12,32.73,40.89,27.1,58.4,5.04,Kolkata
2022-04-18,0.0,32.67,40.84,26.11,58.29,4.45,Kolkata
2022-04-19,0.0,31.94,40.11,25.69,62.17,5.6,Kolkata
2022-04-20,0.0,32.23,40.44,26.22,58.95,5.44,Kolkata
2022-04-21,0.14,31.51,38.61,25.78,60.92,4.43,Kolkata
2022-04-22,0.54,32.27,39.47,26.72,61.61,4.07,Kolkata
2022-04-23,0.14,33.29,41.3,26.52,55.3,4.03,Kolkata
2022-04-24,0.11,33.82,42.55,27.05,52.21,3.92,Kolkata
2022-04-25,0.25,33.79,42.65,26.47,55.38,3.55,Kolkata
2022-04-26,0.0,33.51,41.75,27.07,56.85,5.14,Kolkata
2022-04-27,0.0,33.3,41.82,27.0,58.65,5.29,Kolkata
2022-04-28,0.0,33.99,43.12,26.53,54.86,4.67,Kolkata
2022-04-29,0.53,33.92,42.77,26.69,56.23,5.08,Kolkata
2022-04-30,5.12,32.8,40.64,26.94,58.26,5.43,Kolkata
2022-05-01,16.29,31.04,37.84,26.77,64.13,3.95,Kolkata
2022-05-02,12.22,30.07,37.66,25.91,64.95,4.23,Kolkata
2022-05-03,7.59,29.69,35.43,25.56,69.36,4.09,Kolkata
2022-05-04,2.98,30.26,36.0,25.78,69.52,3.51,Kolkata
2022-05-05,13.18,30.06,34.93,25.83,69.81,1.89,Kolkata
2022-05-06,8.22,30.25,36.58,24.97,67.81,2.03,Kolkata
2022-05-07,0.04,31.38,38.08,24.99,59.9,1.85,Kolkata
2022-05-08,3.42,30.88,37.09,25.65,65.92,2.83,Kolkata
2022-05-09,6.13,29.51,34.34,25.44,73.16,4.5,Kolkata
2022-05-10,16.47,28.59,32.02,26.36,80.26,4.48,Kolkata
2022-05-11,16.43,29.48,34.05,26.28,77.49,5.26,Kolkata
2022-05-12,4.09,30.2,34.83,26.78,75.45,6.2,Kolkata
2022-05-13,6.5,30.72,36.28,27.2,74.93,7.73,Kolkata
2022-05-14,7.81,31.15,37.61,27.22,74.33,8.2,Kolkata
2022-05-15,8.98,29.99,33.83,27.54,80.78,7.38,Kolkata
2022-05-16,2.23,30.0,34.89,27.47,79.3,6.81,Kolkata
2022-05-17,1.06,29.58,33.0,27.38,80.01,6.37,Kolkata
2022-05-18,1.48,29.79,33.09,27.82,81.02,5.91,Kolkata
2022-05-19,0.71,31.01,36.39,27.29,72.91,6.18,Kolkata
2022-05-20,1.85,31.3,37.09,27.9,72.24,6.03,Kolkata
2022-05-21,20.02,30.96,37.0,27.64,77.1,5.07,Kolkata
2022-05-22,1.61,30.01,34.78,26.18,76.31,4.94,Kolkata
2022-05-23,0.24,30.81,37.06,25.66,68.68,2.79,Kolkata
2022-05-24,0.63,31.34,37.24,25.9,65.22,1.54,Kolkata
2022-05-25,2.12,31.29,37.0,26.54,67.32,2.86,Kolkata
2022-05-26,1.56,31.8,38.25,26.47,64.16,3.51,Kolkata
2022-05-27,3.65,32.09,38.48,26.78,63.43,3.81,Kolkata
2022-05-28,1.56,32.65,38.9,27.05,63.69,2.13,Kolkata
2022-05-29,3.2,32.9,39.27,27.51,63.18,2.13,Kolkata
2022-05-30,2.02,31.15,35.6,28.08,71.33,2.85,Kolkata
2022-05-31,1.69,31.13,35.77,27.36,71.29,2.77,Kolkata
2022-06-01,2.8,30.41,34.35,28.02,76.12,3.37,Kolkata
2022-06-02,3.87,31.09,36.31,27.49,70.52,4.14,Kolkata
2022-06-03,7.52,30.19,34.13,27.74,78.42,4.85,Kolkata
2022-06-04,0.09,30.97,35.82,28.39,74.24,5.77,Kolkata
2022-06-05,0.06,31.22,37.08,27.65,72.04,5.71,Kolkata
2022-06-06,0.17,31.24,37.02,27.53,69.53,5.66,Kolkata
2022-06-07,0.72,31.74,37.52,27.8,70.82,5.44,Kolkata
2022-06-08,0.92,30.49,33.71,27.88,78.67,5.3,Kolkata
2022-06-09,8.5,31.21,35.22,28.56,76.58,5.33,Kolkata
2022-06-10,6.34,30.27,34.21,27.7,76.5,5.29,Kolkata
2022-06-11,2.67,30.28,34.35,27.83,77.02,5.65,Kolkata
2022-06-12,0.02,30.62,34.47,27.77,77.5,5.19,Kolkata
2022-06-13,0.0,31.62,36.91,28.54,72.3,6.16,Kolkata
2022-06-14,9.89,30.43,34.53,28.13,79.99,6.84,Kolkata
2022-06-15,3.95,30.05,33.65,27.55,79.74,5.95,Kolkata
2022-06-16,0.5,29.52,32.31,27.79,81.05,6.52,Kolkata
2022-06-17,7.64,29.11,31.58,27.54,82.98,6.8,Kolkata
2022-06-18,16.65,28.68,31.11,27.22,84.87,6.69,Kolkata
2022-06-19,10.38,28.71,31.79,26.55,82.91,6.15,Kolkata
2022-06-20,3.39,28.3,30.7,26.25,84.54,6.07,Kolkata
2022-06-21,3.05,28.45,31.43,26.32,83.72,3.72,Kolkata
2022-06-22,4.1,28.03,31.04,25.72,83.31,3.2,Kolkata
2022-06-23,4.62,28.94,33.76,24.76,77.6,2.91,Kolkata
2022-06-24,8.13,28.85,32.63,26.17,80.83,4.0,Kolkata
2022-06-25,4.41,29.32,33.34,25.99,78.63,4.51,Kolkata
2022-06-26,3.94,29.11,32.75,26.3,79.29,4.22,Kolkata
2022-06-27,1.05,29.52,32.93,26.45,78.32,4.03,Kolkata
2022-06-28,0.81,29.41,33.64,26.37,79.2,4.02,Kolkata
2022-06-29,2.83,29.39,32.74,26.75,81.61,3.92,Kolkata
2022-06-30,5.24,29.21,32.23,26.93,82.2,2.86,Kolkata
2022-07-01,4.44,29.2,32.3,27.04,84.72,3.1,Kolkata
2022-07-02,23.11,28.76,31.71,26.78,86.3,1.94,Kolkata
2022-07-03,13.93,28.53,31.43,26.45,86.99,2.84,Kolkata
2022-07-04,1.83,29.11,32.88,26.29,82.89,2.39,Kolkata
2022-07-05,2.04,29.29,33.64,25.92,81.24,3.06,Kolkata
2022-07-06,5.13,28.48,30.95,26.66,87.88,3.78,Kolkata
2022-07-07,4.35,28.81,32.74,25.99,82.48,3.48,Kolkata
2022-07-08,2.75,28.75,31.96,26.07,83.98,4.03,Kolkata
2022-07-09,3.22,28.84,32.42,25.89,81.72,4.55,Kolkata
2022-07-10,8.6,28.96,32.62,26.11,83.14,4.49,Kolkata
2022-07-11,8.3,28.79,32.28,25.96,83.36,5.69,Kolkata
2022-07-12,8.11,29.24,33.07,26.66,82.93,6.24,Kolkata
2022-07-13,8.89,29.34,33.1,26.59,83.9,6.47,Kolkata
2022-07-14,10.6,28.55,31.62,26.44,85.56,5.78,Kolkata
2022-07-15,8.3,29.16,33.06,26.33,82.68,5.57,Kolkata
2022-07-16,8.83,29.34,33.68,26.44,83.35,5.45,Kolkata
2022-07-17,9.12,29.31,32.6,26.94,84.02,6.23,Kolkata
2022-07-18,2.74,29.3,33.58,25.93,80.02,5.25,Kolkata
2022-07-19,4.1,29.16,32.09,27.09,82.22,4.64,Kolkata
2022-07-20,2.46,29.73,33.66,26.53,79.91,4.32,Kolkata
2022-07-21,3.87,29.73,33.42,26.82,81.51,3.03,Kolkata
2022-07-22,7.07,28.69,31.96,26.55,86.86,2.61,Kolkata
2022-07-23,11.66,28.62,32.03,26.36,85.15,3.99,Kolkata
2022-07-24,24.28,28.04,30.75,26.4,87.12,4.3,Kolkata
2022-07-25,16.4,27.89,30.98,25.97,86.18,4.33,Kolkata
2022-07-26,3.21,28.19,31.82,25.59,82.53,3.12,Kolkata
2022-07-27,1.52,28.42,32.2,25.6,82.78,2.75,Kolkata
2022-07-28,2.85,28.53,31.28,26.25,83.56,1.86,Kolkata
2022-07-29,3.66,29.16,32.67,25.91,82.86,2.56,Kolkata
2022-07-30,7.63,28.89,32.18,26.93,87.25,3.5,Kolkata
2022-07-31,3.47,28.63,30.37,27.18,89.94,3.73,Kolkata
2022-08-01,5.38,28.83,31.03,27.12,88.78,3.05,Kolkata
2022-08-02,3.28,29.54,33.51,26.27,84.44,2.24,Kolkata
2022-08-03,17.91,28.56,31.36,26.56,88.17,2.28,Kolkata
2022-08-04,3.63,28.98,32.65,25.92,83.41,2.34,Kolkata
2022-08-05,2.81,29.13,32.46,26.64,86.54,2.83,Kolkata
2022-08-06,8.37,28.78,32.41,26.22,86.3,2.34,Kolkata
2022-08-07,6.26,29.17,33.0,26.05,85.96,3.62,Kolkata
2022-08-08,13.99,28.39,31.43,26.32,87.02,5.22,Kolkata
2022-08-09,14.62,28.06,31.01,26.42,89.06,6.26,Kolkata
2022-08-10,29.03,27.8,29.84,26.46,91.67,5.46,Kolkata
2022-08-11,32.36,27.65,30.32,25.56,88.94,2.66,Kolkata
2022-08-12,5.16,28.68,32.5,25.61,83.71,1.81,Kolkata
2022-08-13,6.26,28.98,33.0,26.14,85.15,3.25,Kolkata
2022-08-14,30.42,27.74,30.49,25.97,91.01,7.36,Kolkata
2022-08-15,8.43,27.82,30.0,26.28,88.9,6.47,Kolkata
2022-08-16,1.62,28.85,32.43,25.82,84.24,3.0,Kolkata
2022-08-17,0.27,28.96,32.31,26.17,86.0,2.69,Kolkata
2022-08-18,11.45,28.56,30.99,26.53,89.28,3.28,Kolkata
2022-08-19,48.32,28.25,31.13,26.4,89.31,5.77,Kolkata
2022-08-20,12.59,27.59,29.58,26.17,89.84,7.77,Kolkata
2022-08-21,2.93,28.45,31.73,26.17,86.8,3.93,Kolkata
2022-08-22,1.19,28.93,32.6,25.91,84.84,2.04,Kolkata
2022-08-23,21.75,28.24,31.22,25.99,87.61,1.69,Kolkata
2022-08-24,25.44,28.05,31.41,25.84,87.96,3.8,Kolkata
2022-08-25,4.37,28.33,32.14,25.66,86.47,3.81,Kolkata
2022-08-26,0.09,28.13,31.98,25.26,86.05,3.17,Kolkata
2022-08-27,5.85,27.96,30.57,26.44,90.28,4.41,Kolkata
2022-08-28,3.27,27.98,30.46,26.3,89.39,4.55,Kolkata
2022-08-29,2.27,28.41,31.9,25.73,86.32,3.08,Kolkata
2022-08-30,0.35,28.66,32.56,26.01,85.1,2.14,Kolkata
2022-08-31,4.69,28.54,31.89,25.69,87.65,2.99,Kolkata
2022-09-01,1.99,28.04,30.62,26.21,89.85,3.15,Kolkata
2022-09-02,4.2,28.23,31.21,26.33,88.5,3.02,Kolkata
2022-09-03,5.33,28.73,31.96,26.13,87.82,3.65,Kolkata
2022-09-04,4.24,28.62,31.29,26.47,89.79,3.02,Kolkata
2022-09-05,4.58,28.56,31.25,26.79,88.35,2.39,Kolkata
2022-09-06,13.39,28.65,31.42,26.48,87.21,1.49,Kolkata
2022-09-07,3.06,28.19,30.86,25.99,89.25,2.19,Kolkata
2022-09-08,1.72,28.74,32.14,25.6,87.21,2.69,Kolkata
2022-09-09,3.59,27.92,30.23,26.11,90.23,2.88,Kolkata
2022-09-10,8.04,27.39,29.26,25.78,93.05,3.76,Kolkata
2022-09-11,36.49,27.21,28.34,26.59,94.78,4.79,Kolkata
2022-09-12,59.6,27.61,28.8,26.86,94.52,4.91,Kolkata
2022-09-13,17.37,27.66,29.22,26.64,93.67,5.33,Kolkata
2022-09-14,8.66,27.2,28.63,26.1,94.17,4.54,Kolkata
2022-09-15,9.98,27.66,30.02,25.46,90.81,2.48,Kolkata
2022-09-16,5.68,27.81,30.78,25.61,90.7,2.79,Kolkata
2022-09-17,8.72,27.64,30.84,25.28,91.07,2.88,Kolkata
2022-09-18,1.98,27.98,30.95,25.58,88.9,1.6,Kolkata
2022-09-19,5.38,27.94,31.4,25.34,90.09,3.26,Kolkata
2022-09-20,7.13,27.69,30.56,25.71,91.49,5.12,Kolkata
2022-09-21,5.6,27.87,30.76,25.66,89.16,4.12,Kolkata
2022-09-22,2.22,28.0,31.52,25.24,88.1,3.46,Kolkata
2022-09-23,3.81,27.89,30.98,25.69,88.76,3.56,Kolkata
2022-09-24,2.28,27.8,31.09,25.46,88.0,2.92,Kolkata
2022-09-25,0.25,27.48,29.86,25.41,88.63,2.12,Kolkata
2022-09-26,0.27,27.96,31.6,25.09,84.49,1.7,Kolkata
2022-09-27,8.29,27.83,30.62,25.34,84.25,1.18,Kolkata
2022-09-28,7.24,28.21,31.73,25.33,85.33,1.35,Kolkata
2022-09-29,3.95,28.42,31.27,25.83,85.06,1.3,Kolkata
2022-09-30,0.11,28.29,31.56,25.2,83.39,1.85,Kolkata
2022-10-01,8.49,28.3,31.39,25.38,85.26,1.52,Kolkata
2022-10-02,14.27,26.67,27.98,25.64,94.12,2.11,Kolkata
2022-10-03,19.89,27.26,30.14,25.08,90.9,2.78,Kolkata
2022-10-04,14.23,27.43,29.56,25.98,92.85,3.83,Kolkata
2022-10-05,15.85,27.51,30.45,25.76,90.69,3.2,Kolkata
2022-10-06,6.68,27.1,30.32,24.82,89.38,2.91,Kolkata
2022-10-07,1.23,27.04,30.02,24.54,88.45,1.77,Kolkata
2022-10-08,0.57,27.55,31.01,25.09,84.97,1.58,Kolkata
2022-10-09,2.87,26.82,29.31,24.91,91.04,2.28,Kolkata
2022-10-10,1.52,26.55,28.96,24.79,91.15,2.25,Kolkata
2022-10-11,6.4,26.8,29.39,24.95,91.57,3.02,Kolkata
2022-10-12,14.82,27.05,29.82,25.27,90.07,2.26,Kolkata
2022-10-13,12.25,26.71,29.68,24.54,88.62,1.73,Kolkata
2022-10-14,2.3,27.53,30.97,24.34,82.61,0.91,Kolkata
2022-10-15,0.59,27.18,30.83,24.36,86.38,1.98,Kolkata
2022-10-16,0.03,26.11,30.52,22.19,84.36,2.56,Kolkata
2022-10-17,0.43,26.2,30.58,22.24,83.47,2.33,Kolkata
2022-10-18,0.15,26.65,30.09,23.44,82.68,2.2,Kolkata
2022-10-19,1.49,25.82,30.0,22.39,85.7,2.53,Kolkata
2022-10-20,0.24,25.05,29.7,21.81,85.67,3.5,Kolkata
2022-10-21,0.0,24.55,29.55,20.32,84.84,3.4,Kolkata
2022-10-22,0.0,25.41,30.75,20.85,84.11,3.62,Kolkata
2022-10-23,3.34,24.72,29.32,21.2,89.58,3.32,Kolkata
2022-10-24,9.17,23.47,25.85,22.11,93.62,6.84,Kolkata
2022-10-25,1.35,25.14,29.78,20.84,83.89,2.68,Kolkata
2022-10-26,0.21,25.95,29.8,21.67,77.41,1.71,Kolkata
2022-10-27,0.0,25.44,29.83,21.09,75.79,1.77,Kolkata
2022-10-28,0.0,23.75,28.98,19.22,79.18,2.44,Kolkata
2022-10-29,0.0,23.02,28.42,17.75,76.85,2.39,Kolkata
2022-10-30,0.01,23.54,29.39,18.15,82.22,2.34,Kolkata
2022-10-31,0.04,24.12,29.43,18.88,80.7,2.26,Kolkata
2022-11-01,0.0,24.45,29.76,19.64,83.45,2.45,Kolkata
2022-11-02,0.0,24.37,29.3,19.99,81.19,2.82,Kolkata
2022-11-03,0.0,23.15,27.64,18.79,77.01,2.48,Kolkata
2022-11-04,0.0,23.39,28.48,17.26,72.83,1.79,Kolkata
2022-11-05,0.0,24.34,29.21,19.2,73.02,1.44,Kolkata
2022-11-06,0.0,23.98,28.71,19.19,74.28,1.53,Kolkata
2022-11-07,0.02,23.39,28.26,18.07,76.41,1.8,Kolkata
2022-11-08,0.0,23.25,27.96,18.17,79.04,1.94,Kolkata
2022-11-09,0.0,23.32,28.56,19.1,79.01,2.21,Kolkata
2022-11-10,0.0,23.44,28.24,19.3,77.32,2.17,Kolkata
2022-11-11,0.0,22.41,28.11,17.42,78.55,2.32,Kolkata
2022-11-12,0.0,22.01,28.35,17.17,81.38,2.78,Kolkata
2022-11-13,0.01,20.56,26.85,15.67,74.15,2.8,Kolkata
2022-11-14,0.0,19.78,26.69,13.54,71.35,2.69,Kolkata
2022-11-15,0.0,19.72,26.86,13.5,72.5,2.55,Kolkata
2022-11-16,0.0,19.73,26.49,13.77,76.36,2.54,Kolkata
2022-11-17,0.0,20.59,27.51,14.56,77.93,2.81,Kolkata
2022-11-18,0.0,19.79,26.32,15.14,80.31,3.5,Kolkata
2022-11-19,0.0,18.69,26.09,12.92,77.44,3.49,Kolkata
2022-11-20,0.0,19.93,27.1,13.83,78.48,3.15,Kolkata
2022-11-21,0.0,19.55,26.56,13.85,75.29,3.15,Kolkata
2022-11-22,0.0,19.05,26.56,13.04,76.75,2.95,Kolkata
2022-11-23,0.0,18.81,25.86,13.26,79.78,2.99,Kolkata
2022-11-24,0.0,18.34,26.27,12.24,74.53,3.02,Kolkata
2022-11-25,0.08,17.95,25.91,11.69,77.68,3.32,Kolkata
2022-11-26,0.0,18.42,26.21,11.96,77.13,2.73,Kolkata
2022-11-27,0.0,18.99,26.07,12.57,75.39,2.2,Kolkata
2022-11-28,0.0,19.62,26.26,13.71,80.06,2.34,Kolkata
2022-11-29,0.0,20.75,27.53,14.71,78.07,2.48,Kolkata
2022-11-30,0.0,20.94,27.33,16.07,78.14,2.96,Kolkata
2022-12-01,0.0,19.75,26.95,14.76,76.74,3.3,Kolkata
2022-12-02,0.0,18.28,25.97,12.75,73.71,3.11,Kolkata
2022-12-03,0.0,17.39,25.1,11.15,72.73,2.94,Kolkata
2022-12-04,0.0,17.65,25.41,11.59,75.9,3.05,Kolkata
2022-12-05,0.0,17.53,25.23,11.44,76.78,3.05,Kolkata
2022-12-06,0.0,17.22,24.79,11.53,78.84,3.25,Kolkata
2022-12-07,0.0,16.66,24.27,10.9,77.13,2.99,Kolkata
2022-12-08,0.0,16.62,24.39,10.52,75.44,3.16,Kolkata
2022-12-09,0.0,17.56,24.68,11.07,76.36,2.51,Kolkata
2022-12-10,0.0,18.53,25.95,12.34,72.9,2.7,Kolkata
2022-12-11,0.0,18.77,26.44,12.65,73.73,2.59,Kolkata
2022-12-12,0.0,19.22,26.71,12.62,70.91,2.17,Kolkata
2022-12-13,0.0,20.02,27.24,13.49,70.55,2.17,Kolkata
2022-12-14,0.0,19.47,26.9,13.68,71.19,2.82,Kolkata
2022-12-15,0.0,18.43,26.04,12.08,66.66,2.5,Kolkata
2022-12-16,0.0,17.26,25.26,10.66,66.65,2.92,Kolkata
2022-12-17,0.0,16.21,24.53,9.61,69.01,3.02,Kolkata
2022-12-18,0.0,16.26,24.21,10.05,76.01,2.96,Kolkata
2022-12-19,0.0,17.75,25.3,12.12,81.18,2.9,Kolkata
2022-12-20,0.0,17.72,25.43,11.81,75.56,2.58,Kolkata
2022-12-21,0.0,17.32,25.22,11.01,71.79,2.71,Kolkata
2022-12-22,0.0,17.15,23.64,11.52,72.34,2.41,Kolkata
2022-12-23,0.0,18.56,26.66,11.48,62.34,2.12,Kolkata
2022-12-24,0.0,19.54,26.97,11.94,62.79,1.71,Kolkata
2022-12-25,0.0,19.64,27.8,13.33,77.64,2.51,Kolkata
2022-12-26,0.0,21.06,28.12,15.84,76.37,2.27,Kolkata
2022-12-27,0.01,21.94,28.56,16.26,74.98,2.49,Kolkata
2022-12-28,0.0,19.82,26.18,14.85,71.8,2.86,Kolkata
2022-12-29,0.0,17.01,24.64,10.44,64.3,2.4,Kolkata
2022-12-30,0.0,17.01,24.46,10.48,59.75,2.18,Kolkata
2022-12-31,0.0,19.01,25.82,12.25,57.84,1.15,Kolkata
2023-01-01,0.02,18.4,25.85,12.22,72.31,1.94,Kolkata
2023-01-02,0.0,17.99,25.15,12.47,73.74,2.39,Kolkata
2023-01-03,0.0,16.9,24.64,11.05,70.1,2.93,Kolkata
2023-01-04,0.0,15.67,23.6,9.62,67.75,3.46,Kolkata
2023-01-05,0.0,15.51,23.7,9.58,69.21,3.74,Kolkata
2023-01-06,0.0,14.83,24.09,7.49,64.64,3.97,Kolkata
2023-01-07,0.0,14.73,23.72,7.29,66.05,3.76,Kolkata
2023-01-08,0.0,15.46,24.92,8.14,63.29,3.37,Kolkata
2023-01-09,0.0,16.38,25.99,8.87,63.24,3.26,Kolkata
2023-01-10,0.0,16.6,26.48,9.2,60.65,3.27,Kolkata
2023-01-11,0.0,16.0,24.98,8.92,60.69,3.1,Kolkata
2023-01-12,0.0,17.09,25.49,8.89,56.96,2.33,Kolkata
2023-01-13,0.0,19.29,26.71,13.66,64.24,1.8,Kolkata
2023-01-14,0.0,20.47,27.84,14.01,70.42,2.17,Kolkata
2023-01-15,0.0,20.02,27.39,13.71,67.0,2.35,Kolkata
2023-01-16,0.0,18.65,25.85,12.55,68.77,2.56,Kolkata
2023-01-17,0.0,18.49,25.72,11.83,67.99,2.24,Kolkata
2023-01-18,0.1,17.91,24.12,12.52,71.71,2.26,Kolkata
2023-01-19,0.0,17.74,25.44,11.67,66.17,2.7,Kolkata
2023-01-20,0.0,17.94,25.22,10.86,55.57,2.23,Kolkata
2023-01-21,0.0,19.82,27.32,11.17,55.59,1.88,Kolkata
2023-01-22,0.0,20.54,28.02,13.37,65.72,2.12,Kolkata
2023-01-23,0.0,21.13,28.83,13.71,64.68,2.6,Kolkata
2023-01-24,0.0,22.18,30.61,15.02,62.45,1.88,Kolkata
2023-01-25,0.0,22.42,29.76,15.07,61.35,1.83,Kolkata
2023-01-26,0.0,22.42,30.27,15.48,66.03,2.31,Kolkata
2023-01-27,0.0,22.43,30.09,16.06,63.53,3.13,Kolkata
2023-01-28,0.0,21.79,29.12,15.52,63.56,3.19,Kolkata
2023-01-29,0.0,20.95,29.27,13.95,50.36,3.18,Kolkata
2023-01-30,0.0,21.18,30.02,13.98,50.33,2.6,Kolkata
2023-01-31,0.0,20.79,29.38,13.35,47.31,3.43,Kolkata
2023-02-01,0.0,21.43,29.55,15.68,56.03,4.05,Kolkata
2023-02-02,0.0,19.19,28.58,11.12,46.01,3.7,Kolkata
2023-02-03,0.0,18.37,27.43,10.46,45.73,3.77,Kolkata
2023-02-04,0.0,19.1,28.32,10.12,46.65,3.06,Kolkata
2023-02-05,0.0,20.68,29.28,11.46,46.14,2.56,Kolkata
2023-02-06,0.0,21.24,30.05,12.66,49.86,2.69,Kolkata
2023-02-07,0.0,22.22,30.86,15.05,62.63,2.95,Kolkata
2023-02-08,0.0,22.83,31.3,16.02,59.2,3.16,Kolkata
2023-02-09,0.0,22.68,30.75,14.61,47.72,1.96,Kolkata
2023-02-10,0.0,21.93,30.11,13.54,46.13,2.34,Kolkata
2023-02-11,0.0,23.73,32.99,15.81,61.68,3.36,Kolkata
2023-02-12,0.0,23.51,32.48,16.16,55.19,3.36,Kolkata
2023-02-13,0.0,20.88,29.87,11.47,31.74,3.39,Kolkata
2023-02-14,0.0,21.22,29.76,11.4,30.54,2.12,Kolkata
2023-02-15,0.0,21.01,28.96,11.96,36.48,1.91,Kolkata
2023-02-16,0.01,22.37,30.22,14.54,42.73,1.24,Kolkata
2023-02-17,0.09,22.7,30.19,16.32,53.22,1.67,Kolkata
2023-02-18,0.66,23.08,29.89,17.97,67.36,2.01,Kolkata
2023-02-19,0.03,23.83,30.65,17.91,66.73,2.23,Kolkata
2023-02-20,0.0,24.74,31.8,18.56,66.51,2.89,Kolkata
2023-02-21,0.0,25.7,33.34,19.57,69.55,3.33,Kolkata
2023-02-22,0.0,26.35,35.14,19.66,67.67,4.51,Kolkata
2023-02-23,0.0,26.33,35.6,19.56,59.96,2.48,Kolkata
2023-02-24,0.0,26.69,34.76,20.09,61.93,2.57,Kolkata
2023-02-25,0.0,26.36,34.61,18.92,37.95,1.92,Kolkata
2023-02-26,0.0,26.01,34.62,17.48,37.69,1.84,Kolkata
2023-02-27,0.02,26.08,34.18,18.78,55.23,2.31,Kolkata
2023-02-28,0.0,26.07,34.94,18.08,50.92,2.39,Kolkata
2023-03-01,0.0,26.78,35.29,18.91,52.95,1.97,Kolkata
2023-03-02,0.0,27.03,35.84,18.71,42.92,2.62,Kolkata
2023-03-03,0.0,27.12,36.32,18.56,31.64,2.86,Kolkata
2023-03-04,0.0,27.45,36.87,18.27,36.28,3.14,Kolkata
2023-03-05,0.0,27.48,36.87,18.87,35.72,3.4,Kolkata
2023-03-06,0.0,27.79,36.52,18.9,34.64,2.77,Kolkata
2023-03-07,0.0,28.21,36.82,19.44,39.06,2.21,Kolkata
2023-03-08,0.0,28.61,36.28,21.33,40.24,1.72,Kolkata
2023-03-09,0.0,27.55,33.38,21.56,35.3,2.22,Kolkata
2023-03-10,0.0,27.37,34.38,22.01,38.28,1.99,Kolkata
2023-03-11,0.67,28.06,35.75,20.55,47.02,1.92,Kolkata
2023-03-12,0.0,28.68,36.68,20.99,43.74,1.93,Kolkata
2023-03-13,0.0,29.21,37.2,21.31,39.6,1.88,Kolkata
2023-03-14,0.0,28.59,36.49,22.96,55.63,4.13,Kolkata
2023-03-15,0.01,28.85,37.47,23.26,52.36,3.38,Kolkata
2023-03-16,5.27,26.54,31.49,22.86,68.17,3.88,Kolkata
2023-03-17,2.64,25.9,32.74,20.7,68.67,2.75,Kolkata
2023-03-18,3.42,26.54,33.17,21.68,62.48,2.42,Kolkata
2023-03-19,10.99,23.69,26.73,21.83,82.78,3.59,Kolkata
2023-03-20,2.39,25.3,31.98,19.84,67.46,4.16,Kolkata
2023-03-21,2.54,26.55,33.32,20.47,64.54,2.8,Kolkata
2023-03-22,2.68,26.55,33.01,20.49,58.93,2.51,Kolkata
2023-03-23,0.41,27.44,33.85,21.7,53.57,2.11,Kolkata
2023-03-24,0.01,27.57,35.03,20.46,59.65,2.19,Kolkata
2023-03-25,0.03,28.84,36.28,22.19,63.2,3.21,Kolkata
2023-03-26,1.43,29.21,36.92,23.63,64.9,3.74,Kolkata
2023-03-27,5.19,28.79,35.54,23.31,64.14,2.91,Kolkata
2023-03-28,1.01,29.48,37.03,23.02,60.21,2.34,Kolkata
2023-03-29,0.19,29.54,36.64,23.89,62.75,4.04,Kolkata
2023-03-30,5.02,29.36,36.27,24.09,66.89,4.08,Kolkata
2023-03-31,10.33,27.8,34.05,23.74,72.6,3.13,Kolkata
2023-04-01,11.03,25.88,29.73,22.75,79.27,2.37,Kolkata
2023-04-02,0.41,27.55,34.71,21.1,63.78,2.93,Kolkata
2023-04-03,0.08,29.01,36.41,22.15,56.69,3.27,Kolkata
2023-04-04,0.02,29.86,37.67,22.83,60.08,3.38,Kolkata
2023-04-05,0.04,30.51,38.87,23.83,55.62,3.62,Kolkata
2023-04-06,0.0,30.3,38.55,21.84,38.98,2.28,Kolkata
2023-04-07,0.0,30.39,38.84,22.0,40.85,2.43,Kolkata
2023-04-08,0.0,30.35,38.88,21.91,46.04,2.5,Kolkata
2023-04-09,0.0,30.91,39.12,23.46,44.73,2.71,Kolkata
2023-04-10,0.0,31.57,39.6,23.21,43.96,2.2,Kolkata
2023-04-11,0.0,31.86,40.55,24.51,39.06,2.54,Kolkata
2023-04-12,0.0,31.06,41.18,21.16,29.79,3.08,Kolkata
2023-04-13,0.0,32.06,42.0,21.49,29.45,3.19,Kolkata
2023-04-14,0.0,33.68,43.24,24.04,39.97,2.53,Kolkata
2023-04-15,0.0,33.89,42.99,25.25,46.84,1.92,Kolkata
2023-04-16,0.0,33.69,42.63,26.14,50.02,1.96,Kolkata
2023-04-17,0.0,33.8,42.61,26.39,54.29,3.9,Kolkata
2023-04-18,0.0,34.03,42.85,26.98,55.48,3.29,Kolkata
2023-04-19,0.0,34.6,44.34,26.81,52.01,3.27,Kolkata
2023-04-20,0.0,34.94,44.64,26.59,46.14,3.26,Kolkata
2023-04-21,0.0,34.48,42.87,26.33,40.95,4.05,Kolkata
2023-04-22,0.09,33.56,41.31,25.94,33.0,2.91,Kolkata
2023-04-23,1.35,31.81,37.11,26.9,45.09,2.22,Kolkata
2023-04-24,4.36,30.89,37.21,25.89,53.22,3.29,Kolkata
2023-04-25,1.23,30.79,36.96,24.69,53.59,2.14,Kolkata
2023-04-26,0.06,32.0,39.64,24.8,51.67,2.72,Kolkata
2023-04-27,2.77,32.44,39.41,26.44,52.6,2.96,Kolkata
2023-04-28,19.49,30.21,36.33,25.36,65.53,3.12,Kolkata
2023-04-29,0.6,31.53,38.65,25.56,60.61,3.11,Kolkata
2023-04-30,12.66,31.84,39.01,26.6,59.51,1.94,Kolkata
2023-05-01,1.45,28.34,32.84,24.39,63.54,2.62,Kolkata
2023-05-02,0.18,30.49,36.94,25.33,54.99,2.8,Kolkata
2023-05-03,4.33,30.43,37.16,25.55,62.15,4.11,Kolkata
2023-05-04,5.24,30.04,35.99,26.0,62.8,4.17,Kolkata
2023-05-05,1.1,30.9,37.43,25.39,61.84,3.11,Kolkata
2023-05-06,0.16,31.99,38.23,26.36,60.61,2.88,Kolkata
2023-05-07,0.15,32.54,40.27,26.11,57.17,3.05,Kolkata
2023-05-08,0.0,33.5,41.87,26.61,55.68,3.32,Kolkata
2023-05-09,0.0,33.83,41.58,27.72,49.92,3.51,Kolkata
2023-05-10,0.02,33.99,42.02,27.15,54.75,4.27,Kolkata
2023-05-11,0.49,33.36,41.03,27.13,57.21,3.82,Kolkata
2023-05-12,0.0,32.69,39.04,26.7,55.56,2.46,Kolkata
2023-05-13,0.3,32.77,39.32,27.25,56.22,3.49,Kolkata
2023-05-14,0.02,33.3,40.95,26.79,47.16,5.19,Kolkata
2023-05-15,8.11,32.43,40.1,25.85,51.6,4.23,Kolkata
2023-05-16,7.64,32.46,39.26,27.29,66.86,4.74,Kolkata
2023-05-17,2.84,32.57,39.48,28.48,64.99,5.78,Kolkata
2023-05-18,9.63,31.45,36.8,27.54,70.8,5.28,Kolkata
2023-05-19,10.43,31.93,38.58,27.68,71.09,4.89,Kolkata
2023-05-20,2.13,32.67,39.8,27.52,62.08,4.59,Kolkata
2023-05-21,0.23,32.34,39.03,27.42,65.52,5.39,Kolkata
2023-05-22,0.03,31.88,37.55,27.8,67.23,5.71,Kolkata
2023-05-23,3.32,32.23,38.97,27.8,67.13,3.66,Kolkata
2023-05-24,3.22,32.02,38.25,26.97,65.4,2.77,Kolkata
2023-05-25,11.34,30.98,36.16,26.99,73.21,3.46,Kolkata
2023-05-26,12.29,31.52,37.65,26.96,67.97,3.33,Kolkata
2023-05-27,6.56,31.78,37.21,27.07,63.13,2.26,Kolkata
2023-05-28,2.35,31.4,37.77,25.55,59.45,1.58,Kolkata
2023-05-29,2.2,32.07,38.73,25.83,60.39,2.04,Kolkata
2023-05-30,0.07,33.08,39.78,27.24,59.38,2.87,Kolkata
2023-05-31,0.06,33.7,40.47,28.06,59.68,2.89,Kolkata
2023-06-01,0.01,33.27,39.82,28.95,60.42,2.78,Kolkata
2023-06-02,0.12,33.91,41.17,28.42,59.04,3.31,Kolkata
2023-06-03,0.24,33.31,39.81,28.1,61.74,4.13,Kolkata
2023-06-04,0.06,33.45,39.71,28.56,61.29,3.78,Kolkata
2023-06-05,0.0,33.65,40.14,28.13,60.35,3.45,Kolkata
2023-06-06,0.0,34.26,41.08,29.1,56.56,3.36,Kolkata
2023-06-07,0.01,34.34,41.21,29.61,56.34,3.27,Kolkata
2023-06-08,0.03,34.02,40.13,29.85,57.66,3.69,Kolkata
2023-06-09,0.82,33.04,38.24,29.47,62.74,5.48,Kolkata
2023-06-10,8.3,32.25,37.47,28.46,63.7,4.37,Kolkata
2023-06-11,1.52,33.85,40.77,28.48,61.49,3.72,Kolkata
2023-06-12,4.08,32.47,36.5,29.65,67.44,4.82,Kolkata
2023-06-13,6.12,33.32,40.24,28.46,66.47,3.47,Kolkata
2023-06-14,0.94,33.46,40.38,28.75,66.09,5.97,Kolkata
2023-06-15,0.36,35.3,44.33,29.76,57.56,6.38,Kolkata
2023-06-16,1.05,34.54,42.23,29.96,61.22,5.39,Kolkata
2023-06-17,2.88,33.52,39.72,30.2,65.21,6.15,Kolkata
2023-06-18,2.66,32.46,37.45,29.62,68.38,6.05,Kolkata
2023-06-19,10.31,30.15,32.87,28.66,80.59,4.86,Kolkata
2023-06-20,0.36,30.16,32.63,28.41,78.37,4.68,Kolkata
2023-06-21,4.71,29.43,30.71,28.45,84.18,4.01,Kolkata
2023-06-22,2.92,30.35,34.49,27.83,75.1,4.05,Kolkata
2023-06-23,6.69,30.7,35.38,27.08,73.61,2.8,Kolkata
2023-06-24,9.91,30.34,34.47,27.59,76.86,3.24,Kolkata
2023-06-25,10.15,29.88,34.21,27.47,77.83,5.66,Kolkata
2023-06-26,23.06,28.35,30.33,26.84,85.51,3.22,Kolkata
2023-06-27,64.23,28.65,31.64,26.75,85.04,4.99,Kolkata
2023-06-28,23.77,28.62,30.9,26.8,87.11,5.56,Kolkata
2023-06-29,27.61,28.16,29.66,27.03,90.99,4.33,Kolkata
2023-06-30,6.81,28.95,31.2,27.27,88.5,4.01,Kolkata
2023-07-01,4.66,29.74,33.15,27.25,83.65,2.88,Kolkata
2023-07-02,2.68,30.01,33.53,27.85,84.26,3.85,Kolkata
2023-07-03,9.42,29.26,32.03,27.51,87.55,2.96,Kolkata
2023-07-04,2.56,29.83,33.37,27.13,83.33,2.64,Kolkata
2023-07-05,9.04,29.77,33.35,26.89,84.41,3.32,Kolkata
2023-07-06,14.03,29.51,32.18,27.38,83.35,5.14,Kolkata
2023-07-07,15.69,28.9,30.9,27.58,88.37,4.28,Kolkata
2023-07-08,5.76,29.73,33.78,27.15,83.75,3.33,Kolkata
2023-07-09,1.39,29.62,33.13,26.58,82.48,3.77,Kolkata
2023-07-10,0.76,30.29,34.4,27.4,80.67,3.83,Kolkata
2023-07-11,0.37,29.83,34.5,26.67,78.79,4.84,Kolkata
2023-07-12,2.37,29.0,32.94,26.03,81.96,3.89,Kolkata
2023-07-13,1.32,29.14,32.43,26.72,84.01,2.71,Kolkata
2023-07-14,12.61,29.07,32.44,26.81,85.68,3.51,Kolkata
2023-07-15,14.55,29.58,33.14,26.8,82.9,1.9,Kolkata
2023-07-16,9.8,29.21,33.02,26.31,83.62,3.89,Kolkata
2023-07-17,5.74,29.39,33.01,26.85,84.32,2.93,Kolkata
2023-07-18,9.69,29.06,32.94,26.39,85.97,4.24,Kolkata
2023-07-19,4.7,29.42,32.92,26.95,84.23,4.73,Kolkata
2023-07-20,3.2,29.71,33.37,26.89,84.8,5.05,Kolkata
2023-07-21,8.06,29.25,31.59,27.37,88.19,4.37,Kolkata
2023-07-22,12.41,29.16,31.9,27.29,87.5,5.16,Kolkata
2023-07-23,7.09,29.36,32.5,27.14,85.75,4.74,Kolkata
2023-07-24,3.06,29.64,34.03,26.57,83.3,4.0,Kolkata
2023-07-25,4.94,29.73,33.88,26.43,83.61,4.37,Kolkata
2023-07-26,12.89,29.53,33.34,27.03,84.96,5.73,Kolkata
2023-07-27,6.72,29.57,33.15,26.85,84.1,5.37,Kolkata
2023-07-28,11.91,29.68,33.48,27.05,85.27,4.33,Kolkata
2023-07-29,6.63,30.27,34.47,27.2,84.99,3.13,Kolkata
2023-07-30,4.28,30.55,34.38,27.23,83.21,2.19,Kolkata
2023-07-31,18.47,30.32,33.21,27.66,83.94,1.49,Kolkata
2023-08-01,40.07,30.15,33.28,27.74,86.98,2.7,Kolkata
2023-08-02,40.71,29.23,32.08,27.12,88.67,6.14,Kolkata
2023-08-03,0.09,29.31,32.68,26.7,84.68,6.27,Kolkata
2023-08-04,0.76,28.91,31.52,26.83,83.65,5.05,Kolkata
2023-08-05,5.12,29.18,32.62,26.39,83.97,4.92,Kolkata
2023-08-06,2.4,29.14,32.56,26.12,85.42,5.91,Kolkata
2023-08-07,18.83,27.89,30.17,26.15,90.29,5.76,Kolkata
2023-08-08,11.7,28.35,31.81,25.92,85.23,5.05,Kolkata
2023-08-09,6.56,28.98,32.69,26.25,84.71,3.57,Kolkata
2023-08-10,3.72,29.51,33.22,26.33,81.35,1.72,Kolkata
2023-08-11,7.44,29.32,32.91,26.22,82.85,2.52,Kolkata
2023-08-12,17.61,27.62,29.33,26.62,89.22,3.58,Kolkata
2023-08-13,7.6,28.23,31.02,26.06,87.94,2.4,Kolkata
2023-08-14,2.04,29.11,33.05,25.7,83.23,1.7,Kolkata
2023-08-15,3.13,28.78,31.81,26.12,86.41,1.89,Kolkata
2023-08-16,8.67,29.02,33.08,26.09,86.65,2.17,Kolkata
2023-08-17,27.58,28.46,30.13,27.2,90.8,2.4,Kolkata
2023-08-18,9.09,28.63,31.92,25.75,86.79,4.15,Kolkata
2023-08-19,2.95,28.91,32.29,26.41,86.78,4.34,Kolkata
2023-08-20,1.05,28.75,32.43,26.12,85.13,3.82,Kolkata
2023-08-21,1.22,28.63,32.7,25.55,85.97,3.32,Kolkata
2023-08-22,5.34,28.57,31.2,26.97,90.93,4.1,Kolkata
2023-08-23,17.58,28.76,31.47,26.59,89.93,2.98,Kolkata
2023-08-24,18.49,28.12,29.99,26.72,92.19,2.88,Kolkata
2023-08-25,20.97,27.67,29.8,26.22,91.42,3.58,Kolkata
2023-08-26,13.51,28.35,31.6,25.86,87.97,4.28,Kolkata
2023-08-27,1.13,28.75,32.48,26.01,86.92,3.5,Kolkata
2023-08-28,0.06,29.34,33.07,26.21,81.28,3.16,Kolkata
2023-08-29,4.07,29.29,33.3,25.1,80.49,2.18,Kolkata
2023-08-30,0.14,29.73,32.95,25.7,78.69,2.03,Kolkata
2023-08-31,2.84,30.03,33.07,26.75,79.18,1.31,Kolkata
2023-09-01,4.16,29.1,32.3,26.48,86.34,2.46,Kolkata
2023-09-02,5.11,29.72,32.44,27.05,84.56,1.41,Kolkata
2023-09-03,11.17,29.05,31.55,26.66,87.63,1.88,Kolkata
2023-09-04,28.24,27.8,29.69,26.6,91.97,3.09,Kolkata
2023-09-05,14.77,28.22,31.19,26.07,90.65,3.33,Kolkata
2023-09-06,11.51,28.27,30.77,26.26,91.57,3.21,Kolkata
2023-09-07,15.75,28.37,31.32,26.18,91.92,3.26,Kolkata
2023-09-08,18.93,27.7,29.61,26.13,92.66,3.35,Kolkata
2023-09-09,6.84,28.35,31.17,26.3,88.18,2.74,Kolkata
2023-09-10,0.03,28.7,32.18,25.81,87.57,2.84,Kolkata
2023-09-11,0.96,28.47,31.44,26.56,88.24,1.86,Kolkata
2023-09-12,7.95,29.2,32.64,26.35,84.71,1.13,Kolkata
2023-09-13,5.53,28.41,31.08,26.2,89.48,4.21,Kolkata
2023-09-14,17.61,28.12,29.88,26.98,92.46,5.66,Kolkata
2023-09-15,9.27,27.99,29.83,26.87,93.0,3.69,Kolkata
2023-09-16,2.59,29.02,32.34,26.49,85.01,1.23,Kolkata
2023-09-17,1.7,29.13,32.99,25.77,85.61,1.95,Kolkata
2023-09-18,6.43,28.49,31.43,25.9,89.07,1.98,Kolkata
2023-09-19,9.96,28.15,31.29,25.57,89.6,2.51,Kolkata
2023-09-20,14.5,27.52,29.65,25.8,92.69,3.53,Kolkata
2023-09-21,20.39,27.81,29.49,26.56,92.23,5.66,Kolkata
2023-09-22,17.28,27.74,29.79,26.5,92.51,4.62,Kolkata
2023-09-23,7.48,27.9,30.37,26.07,90.99,3.97,Kolkata
2023-09-24,12.81,27.78,30.26,26.25,91.18,2.51,Kolkata
2023-09-25,3.23,27.76,30.46,25.8,90.46,2.16,Kolkata
2023-09-26,1.74,28.34,32.03,25.68,87.11,1.8,Kolkata
2023-09-27,0.05,28.64,32.45,25.41,85.85,1.44,Kolkata
2023-09-28,1.25,28.49,31.26,25.88,88.85,1.89,Kolkata
2023-09-29,5.16,28.4,30.86,26.38,90.82,2.82,Kolkata
2023-09-30,55.93,27.23,28.93,26.28,94.6,4.98,Kolkata
2023-10-01,18.29,27.62,30.09,25.9,91.91,5.04,Kolkata
2023-10-02,9.68,27.98,30.99,25.87,89.99,3.39,Kolkata
2023-10-03,45.23,27.17,29.51,25.5,92.06,3.56,Kolkata
2023-10-04,18.05,27.58,29.25,26.53,93.84,5.83,Kolkata
2023-10-05,18.61,27.27,29.33,25.79,92.8,5.28,Kolkata
2023-10-06,5.69,27.6,31.42,24.27,90.08,3.47,Kolkata
2023-10-07,2.83,28.32,31.74,25.4,87.15,1.65,Kolkata
2023-10-08,0.61,28.53,32.26,25.26,86.51,1.99,Kolkata
2023-10-09,0.06,28.33,31.64,25.47,83.66,2.37,Kolkata
2023-10-10,0.0,28.59,32.54,24.83,81.31,1.96,Kolkata
2023-10-11,0.0,28.49,32.45,24.23,78.77,1.76,Kolkata
2023-10-12,0.0,28.26,32.44,23.67,75.89,1.71,Kolkata
2023-10-13,0.0,27.79,31.85,23.32,68.83,1.59,Kolkata
2023-10-14,0.0,26.95,31.46,22.46,73.54,2.02,Kolkata
2023-10-15,0.0,25.63,30.92,19.99,76.88,2.08,Kolkata
2023-10-16,0.0,26.57,31.06,21.73,76.33,1.68,Kolkata
2023-10-17,0.0,27.12,30.81,23.07,73.63,0.99,Kolkata
2023-10-18,0.0,26.0,30.29,22.35,83.92,2.21,Kolkata
2023-10-19,0.0,25.37,29.67,21.23,83.7,2.37,Kolkata
2023-10-20,0.0,24.57,29.44,20.51,83.23,2.56,Kolkata
2023-10-21,0.0,23.84,29.14,19.19,83.34,2.9,Kolkata
2023-10-22,0.0,24.56,29.13,19.95,82.7,2.45,Kolkata
2023-10-23,11.57,25.25,29.3,22.23,87.73,2.28,Kolkata
2023-10-24,3.28,25.4,29.53,22.55,88.58,3.68,Kolkata
2023-10-25,0.62,25.33,29.45,22.58,88.59,2.7,Kolkata
2023-10-26,0.03,25.49,30.02,21.11,81.3,2.12,Kolkata
2023-10-27,0.03,24.99,29.14,20.78,81.36,1.93,Kolkata
2023-10-28,0.01,24.08,28.79,20.29,78.23,2.26,Kolkata
2023-10-29,0.0,23.06,28.5,18.09,76.02,2.42,Kolkata
2023-10-30,0.0,23.61,28.91,18.6,76.37,2.21,Kolkata
2023-10-31,0.01,24.23,29.11,18.44,76.64,1.95,Kolkata
2023-11-01,0.71,24.52,29.67,19.89,80.74,2.4,Kolkata
2023-11-02,0.0,25.11,29.91,20.26,80.85,2.11,Kolkata
2023-11-03,2.97,25.71,29.57,21.3,79.33,1.69,Kolkata
2023-11-04,1.97,26.03,29.95,21.66,79.33,1.33,Kolkata
2023-11-05,0.21,25.17,29.58,21.68,84.5,2.18,Kolkata
2023-11-06,0.0,23.38,28.3,19.62,78.45,2.63,Kolkata
2023-11-07,0.0,22.53,27.8,18.17,75.08,2.18,Kolkata
2023-11-08,0.0,21.78,27.62,16.59,74.54,2.23,Kolkata
2023-11-09,0.0,21.85,27.61,15.76,71.95,2.14,Kolkata
2023-11-10,0.0,22.11,27.56,16.58,76.65,2.14,Kolkata
2023-11-11,0.0,22.36,27.91,17.28,81.35,2.32,Kolkata
2023-11-12,0.0,22.35,28.02,17.67,84.41,2.69,Kolkata
2023-11-13,0.0,22.02,27.81,17.58,85.04,3.03,Kolkata
2023-11-14,0.0,21.79,27.68,16.46,81.5,2.77,Kolkata
2023-11-15,0.0,22.32,27.46,17.01,79.68,2.54,Kolkata
2023-11-16,0.61,22.64,27.09,19.29,84.62,3.09,Kolkata
2023-11-17,0.83,23.92,28.05,21.34,88.76,4.97,Kolkata
2023-11-18,0.1,23.99,28.55,19.19,83.39,2.12,Kolkata
2023-11-19,0.0,23.31,28.24,19.35,82.91,2.74,Kolkata
2023-11-20,0.0,22.33,27.77,17.29,83.49,2.75,Kolkata
2023-11-21,0.0,22.78,27.84,18.53,81.32,2.59,Kolkata
2023-11-22,0.0,20.75,26.79,16.31,78.96,2.74,Kolkata
2023-11-23,0.0,19.58,25.79,14.31,79.31,2.67,Kolkata
2023-11-24,0.0,19.6,26.28,13.84,78.95,2.7,Kolkata
2023-11-25,0.0,19.96,26.95,14.54,80.13,2.85,Kolkata
2023-11-26,0.0,20.64,27.18,15.17,81.08,3.04,Kolkata
2023-11-27,0.0,20.2,25.19,15.8,84.53,2.29,Kolkata
2023-11-28,0.0,20.87,27.4,15.36,80.99,2.38,Kolkata
2023-11-29,0.0,21.35,27.71,15.44,81.29,2.78,Kolkata
2023-11-30,0.0,22.38,28.4,17.3,83.96,2.84,Kolkata
2023-12-01,0.0,22.36,28.54,17.44,83.33,2.95,Kolkata
2023-12-02,0.0,22.73,28.4,18.2,82.94,2.68,Kolkata
2023-12-03,0.0,22.81,28.79,18.27,82.12,2.74,Kolkata
2023-12-04,0.0,22.46,27.93,17.63,82.14,2.68,Kolkata
2023-12-05,0.32,22.36,26.06,19.69,80.83,1.96,Kolkata
2023-12-06,16.17,20.89,23.3,19.26,89.0,3.15,Kolkata
2023-12-07,17.46,21.2,24.43,19.23,90.76,3.35,Kolkata
2023-12-08,9.42,20.9,25.49,17.92,88.41,3.13,Kolkata
2023-12-09,0.09,19.65,25.53,15.78,82.89,3.19,Kolkata
2023-12-10,0.0,18.48,24.7,13.03,74.53,2.47,Kolkata
2023-12-11,0.0,16.59,23.89,10.99,73.93,3.16,Kolkata
2023-12-12,0.0,16.6,23.81,10.08,71.95,2.69,Kolkata
2023-12-13,0.0,17.47,24.8,10.63,66.6,2.48,Kolkata
2023-12-14,0.0,16.7,23.56,10.73,69.94,2.54,Kolkata
2023-12-15,0.0,15.81,23.12,9.73,73.04,2.87,Kolkata
2023-12-16,0.0,15.68,23.2,8.95,70.57,2.72,Kolkata
2023-12-17,0.0,15.87,23.38,9.13,68.43,2.72,Kolkata
2023-12-18,0.0,15.56,23.12,9.44,73.6,3.0,Kolkata
2023-12-19,0.0,15.57,23.13,9.7,73.89,3.24,Kolkata
2023-12-20,0.0,15.73,23.23,10.01,79.73,3.39,Kolkata
2023-12-21,0.0,16.69,23.8,10.61,80.37,3.06,Kolkata
2023-12-22,0.0,17.92,24.46,12.15,82.52,2.56,Kolkata
2023-12-23,0.0,18.83,25.28,14.12,82.51,2.43,Kolkata
2023-12-24,0.0,18.43,24.8,12.94,82.92,2.63,Kolkata
2023-12-25,0.0,18.87,25.08,13.09,80.61,2.45,Kolkata
2023-12-26,0.0,19.26,25.42,14.05,79.39,2.32,Kolkata
2023-12-27,0.0,18.96,25.26,13.9,82.9,2.42,Kolkata
2023-12-28,0.0,18.64,25.06,13.38,82.14,2.49,Kolkata
2023-12-29,0.0,18.39,25.11,12.87,81.07,2.91,Kolkata
2023-12-30,0.0,17.96,24.85,12.83,80.97,3.3,Kolkata
2023-12-31,0.0,16.84,24.11,11.72,76.38,3.32,Kolkata
2024-01-01,0.0,16.18,23.69,10.31,75.29,2.9,Kolkata
2024-01-02,0.0,15.56,23.04,9.95,72.21,3.11,Kolkata
2024-01-03,0.0,15.79,23.91,8.76,72.35,3.07,Kolkata
2024-01-04,0.0,17.39,24.05,10.5,71.01,2.47,Kolkata
2024-01-05,0.0,18.15,24.66,12.29,76.22,2.61,Kolkata
2024-01-06,0.0,18.86,25.52,13.1,78.17,2.6,Kolkata
2024-01-07,0.0,18.62,25.0,13.34,82.27,2.93,Kolkata
2024-01-08,0.0,18.58,25.88,12.9,79.9,3.16,Kolkata
2024-01-09,0.0,17.33,24.41,11.51,73.15,3.22,Kolkata
2024-01-10,0.0,18.13,25.47,10.59,69.68,2.36,Kolkata
2024-01-11,0.0,17.9,24.42,13.37,79.36,3.17,Kolkata
2024-01-12,0.0,14.69,22.37,8.37,70.26,3.41,Kolkata
2024-01-13,0.0,14.23,21.88,7.7,70.27,3.05,Kolkata
2024-01-14,0.0,13.87,21.62,7.31,67.91,2.81,Kolkata
2024-01-15,0.0,14.43,21.46,7.88,68.51,2.67,Kolkata
2024-01-16,0.0,15.41,22.11,10.38,70.66,2.04,Kolkata
2024-01-17,0.03,16.32,23.71,9.61,71.85,1.77,Kolkata
2024-01-18,6.36,17.07,22.53,12.68,82.47,1.65,Kolkata
2024-01-19,1.23,17.67,23.65,13.74,81.3,2.89,Kolkata
2024-01-20,0.01,16.68,23.51,10.53,74.74,2.83,Kolkata
2024-01-21,0.1,16.2,22.89,11.15,73.69,2.69,Kolkata
2024-01-22,0.0,14.37,22.39,8.27,64.25,3.6,Kolkata
2024-01-23,0.0,15.84,22.85,8.15,58.78,2.12,Kolkata
2024-01-24,4.95,15.24,18.94,12.23,71.21,1.27,Kolkata
2024-01-25,0.19,15.48,22.74,9.58,77.61,2.13,Kolkata
2024-01-26,0.03,15.0,22.97,8.72,64.52,3.41,Kolkata
2024-01-27,0.0,14.8,23.0,8.06,62.94,2.9,Kolkata
2024-01-28,0.0,15.83,23.66,8.3,59.2,2.37,Kolkata
2024-01-29,0.0,17.6,25.08,10.55,57.25,1.82,Kolkata
2024-01-30,0.09,18.94,26.13,13.42,66.75,2.22,Kolkata
2024-01-31,2.52,20.46,26.63,15.72,73.47,1.16,Kolkata
2024-02-01,1.73,20.58,26.04,15.68,71.92,1.47,Kolkata
2024-02-02,4.39,20.65,26.93,15.48,76.06,2.6,Kolkata
2024-02-03,0.02,19.5,27.14,12.92,67.9,2.94,Kolkata
2024-02-04,0.0,19.89,27.72,11.8,59.79,2.56,Kolkata
2024-02-05,0.0,20.76,28.48,12.86,63.04,2.25,Kolkata
2024-02-06,0.0,22.35,29.46,16.41,75.04,2.18,Kolkata
2024-02-07,0.0,21.33,27.41,16.53,71.44,2.65,Kolkata
2024-02-08,0.0,18.73,26.14,11.59,53.37,3.18,Kolkata
2024-02-09,0.0,16.66,25.15,9.43,56.31,3.21,Kolkata
2024-02-10,0.0,16.93,25.88,8.91,53.59,3.17,Kolkata
2024-02-11,0.0,19.35,28.24,10.32,49.09,2.61,Kolkata
2024-02-12,0.0,21.75,29.21,13.53,47.72,1.93,Kolkata
2024-02-13,0.49,23.14,29.88,17.62,57.79,1.74,Kolkata
2024-02-14,0.02,23.78,30.08,18.59,59.53,0.98,Kolkata
2024-02-15,3.53,23.24,30.37,17.22,63.28,2.04,Kolkata
2024-02-16,0.26,22.39,29.89,16.51,68.11,3.06,Kolkata
2024-02-17,0.0,21.98,29.63,14.44,55.88,2.46,Kolkata
2024-02-18,0.0,22.29,29.52,14.64,59.18,1.9,Kolkata
2024-02-19,0.0,22.85,30.03,16.52,67.21,2.1,Kolkata
2024-02-20,3.19,24.19,32.0,17.23,71.22,2.87,Kolkata
2024-02-21,2.8,25.14,33.87,16.84,63.1,2.69,Kolkata
2024-02-22,2.17,25.81,33.05,19.78,71.13,2.51,Kolkata
2024-02-23,1.67,23.93,30.54,19.37,66.89,2.95,Kolkata
2024-02-24,0.21,23.41,30.85,16.58,58.82,2.55,Kolkata
2024-02-25,0.2,23.17,29.87,18.35,62.21,2.8,Kolkata
2024-02-26,0.0,22.88,30.78,16.09,58.35,2.57,Kolkata
2024-02-27,0.0,23.83,31.51,17.42,56.7,2.46,Kolkata
2024-02-28,0.53,24.88,31.37,18.02,57.3,2.41,Kolkata
2024-02-29,0.0,24.6,31.5,17.46,51.8,2.15,Kolkata
2024-03-01,0.0,24.23,32.0,16.47,47.43,2.38,Kolkata
2024-03-02,0.0,24.99,32.56,17.14,48.39,1.78,Kolkata
2024-03-03,0.83,25.67,33.5,18.48,59.62,2.36,Kolkata
2024-03-04,0.88,25.94,32.89,18.68,53.29,2.34,Kolkata
2024-03-05,2.03,25.81,33.12,20.13,62.8,2.89,Kolkata
2024-03-06,0.0,24.57,32.82,15.92,39.99,2.77,Kolkata
2024-03-07,0.01,24.64,33.04,16.1,39.1,2.71,Kolkata
2024-03-08,0.03,24.81,32.87,17.5,40.66,3.06,Kolkata
2024-03-09,0.0,24.17,32.66,15.77,39.66,2.96,Kolkata
2024-03-10,0.0,23.51,32.36,15.14,37.14,2.56,Kolkata
2024-03-11,0.0,24.91,33.17,16.21,34.14,2.58,Kolkata
2024-03-12,0.0,26.89,35.93,18.37,51.98,2.65,Kolkata
2024-03-13,0.14,28.31,36.46,21.29,63.53,2.85,Kolkata
2024-03-14,1.17,28.98,36.3,22.98,65.61,2.5,Kolkata
2024-03-15,0.38,29.38,37.14,23.55,62.46,1.89,Kolkata
2024-03-16,2.52,28.7,36.03,22.45,63.44,1.8,Kolkata
2024-03-17,7.07,28.36,34.93,22.57,65.06,1.79,Kolkata
2024-03-18,1.74,28.35,34.43,23.43,58.72,1.49,Kolkata
2024-03-19,4.64,28.28,34.87,23.29,61.79,2.15,Kolkata
2024-03-20,15.15,23.38,25.57,20.66,75.6,1.9,Kolkata
2024-03-21,0.4,23.95,30.6,19.03,60.75,2.19,Kolkata
2024-03-22,0.12,25.0,31.51,19.34,55.61,2.18,Kolkata
2024-03-23,0.03,26.81,34.95,19.95,59.5,2.92,Kolkata
2024-03-24,0.0,28.19,36.58,21.98,62.94,3.58,Kolkata
2024-03-25,1.63,28.79,36.71,23.26,66.38,3.31,Kolkata
2024-03-26,3.68,28.68,36.72,22.78,65.41,3.57,Kolkata
2024-03-27,0.07,29.73,37.37,23.05,59.1,2.19,Kolkata
2024-03-28,0.1,29.8,37.49,23.47,54.39,1.65,Kolkata
2024-03-29,0.07,30.33,38.23,23.49,60.75,2.51,Kolkata
2024-03-30,0.24,31.24,39.24,24.71,64.65,3.01,Kolkata
2024-03-31,1.22,31.56,40.06,24.92,61.82,3.79,Kolkata
2024-04-01,0.09,31.54,40.21,24.15,51.0,3.69,Kolkata
2024-04-02,0.0,31.6,40.31,23.87,51.05,2.47,Kolkata
2024-04-03,0.0,31.56,40.42,23.74,55.47,2.6,Kolkata
2024-04-04,0.0,32.09,40.81,25.03,60.51,3.68,Kolkata
2024-04-05,0.0,32.74,41.45,25.63,51.19,3.38,Kolkata
2024-04-06,0.04,33.24,42.55,25.27,55.0,2.63,Kolkata
2024-04-07,1.6,32.7,40.41,26.37,55.21,2.9,Kolkata
2024-04-08,1.0,31.33,39.12,24.71,44.52,4.17,Kolkata
2024-04-09,0.0,31.23,39.34,23.2,37.77,2.5,Kolkata
2024-04-10,0.0,31.19,39.27,23.5,40.52,1.93,Kolkata
2024-04-11,0.0,31.32,39.22,24.59,40.82,2.72,Kolkata
2024-04-12,0.02,31.65,38.94,24.99,34.9,1.98,Kolkata
2024-04-13,0.0,31.73,39.81,23.55,38.14,2.12,Kolkata
2024-04-14,0.0,32.53,40.67,24.82,36.56,2.33,Kolkata
2024-04-15,0.01,33.26,41.59,25.6,44.98,3.15,Kolkata
2024-04-16,0.0,34.28,42.3,27.4,49.45,3.55,Kolkata
2024-04-17,0.01,35.06,43.36,27.91,49.18,3.27,Kolkata
2024-04-18,0.04,34.79,42.69,27.66,41.13,2.7,Kolkata
2024-04-19,0.02,34.38,43.56,25.99,48.67,4.14,Kolkata
2024-04-20,0.0,35.24,45.32,26.65,46.01,4.56,Kolkata
2024-04-21,0.0,35.18,44.21,27.43,47.64,3.41,Kolkata
2024-04-22,0.0,35.67,44.05,28.14,40.25,3.22,Kolkata
2024-04-23,0.01,35.28,43.32,27.48,34.65,3.71,Kolkata
2024-04-24,0.19,35.14,43.36,26.98,42.85,4.11,Kolkata
2024-04-25,0.0,35.45,44.36,27.36,38.64,2.8,Kolkata
2024-04-26,0.0,35.25,44.15,27.61,48.87,3.01,Kolkata
2024-04-27,0.0,35.84,45.08,28.12,45.24,3.46,Kolkata
2024-04-28,0.0,36.03,45.21,28.85,46.8,3.18,Kolkata
2024-04-29,0.0,36.37,44.99,28.32,42.38,3.93,Kolkata
2024-04-30,0.0,37.25,46.92,29.03,40.23,5.39,Kolkata
2024-05-01,0.07,36.68,45.42,28.61,40.92,3.62,Kolkata
2024-05-02,0.19,35.88,44.53,29.0,43.72,4.01,Kolkata
2024-05-03,0.0,35.0,43.41,27.53,35.64,2.76,Kolkata
2024-05-04,0.0,33.31,40.87,25.78,55.2,4.7,Kolkata
2024-05-05,0.0,33.96,42.14,28.08,56.04,6.21,Kolkata
2024-05-06,20.71,32.21,40.01,28.17,68.78,6.77,Kolkata
2024-05-07,10.33,31.33,37.65,27.16,65.82,3.81,Kolkata
2024-05-08,7.13,29.8,34.38,26.25,69.25,2.65,Kolkata
2024-05-09,17.09,29.53,34.75,25.18,69.34,2.35,Kolkata
2024-05-10,14.42,29.3,34.22,25.54,74.02,3.0,Kolkata
2024-05-11,5.97,30.19,35.79,26.14,72.32,3.91,Kolkata
2024-05-12,8.3,30.17,35.28,26.27,72.99,2.19,Kolkata
2024-05-13,0.1,30.64,35.47,25.88,67.86,1.9,Kolkata
2024-05-14,0.12,31.0,36.02,26.37,65.51,2.46,Kolkata
2024-05-15,0.01,30.78,35.87,26.73,68.48,3.0,Kolkata
2024-05-16,0.0,31.21,36.27,26.65,66.72,2.88,Kolkata
2024-05-17,0.0,32.22,39.31,26.89,63.09,3.69,Kolkata
2024-05-18,0.11,33.2,40.12,28.24,60.9,3.73,Kolkata
2024-05-19,0.24,32.97,39.73,27.76,62.93,4.19,Kolkata
2024-05-20,5.91,32.56,38.98,27.83,65.45,3.4,Kolkata
2024-05-21,5.62,31.97,37.67,27.34,67.88,2.39,Kolkata
2024-05-22,5.62,31.71,37.09,27.56,66.76,2.87,Kolkata
2024-05-23,4.14,31.89,37.95,26.64,65.42,2.52,Kolkata
2024-05-24,2.92,32.92,39.09,27.72,63.94,3.18,Kolkata
2024-05-25,1.03,33.13,38.89,27.98,64.56,2.67,Kolkata
2024-05-26,20.57,30.0,32.42,27.92,80.76,8.61,Kolkata
2024-05-27,99.5,28.1,29.53,27.0,89.53,10.0,Kolkata
2024-05-28,1.31,30.83,35.99,26.75,80.28,3.82,Kolkata
2024-05-29,0.82,31.54,36.48,28.73,83.12,6.17,Kolkata
2024-05-30,9.83,31.17,35.42,28.69,81.79,6.48,Kolkata
2024-05-31,22.77,30.17,33.8,27.94,85.27,5.13,Kolkata
2024-06-01,4.55,30.19,34.4,27.33,82.88,4.83,Kolkata
2024-06-02,0.8,30.35,34.64,27.71,82.02,4.92,Kolkata
2024-06-03,4.36,29.58,32.88,27.18,84.41,3.76,Kolkata
2024-06-04,5.44,30.84,36.35,27.25,78.53,4.27,Kolkata
2024-06-05,2.67,31.12,35.82,27.78,77.98,3.12,Kolkata
2024-06-06,2.67,30.79,34.92,27.91,81.5,2.73,Kolkata
2024-06-07,0.68,31.54,37.16,27.65,76.34,3.83,Kolkata
2024-06-08,0.0,31.97,38.42,27.73,73.75,5.27,Kolkata
2024-06-09,0.02,30.88,35.09,28.23,79.15,4.54,Kolkata
2024-06-10,0.05,31.15,35.52,28.47,78.39,4.67,Kolkata
2024-06-11,2.33,30.16,33.76,27.67,82.01,5.46,Kolkata
2024-06-12,1.28,30.93,36.66,27.05,75.22,4.95,Kolkata
2024-06-13,3.38,31.04,35.74,27.9,79.12,4.89,Kolkata
2024-06-14,0.21,31.71,37.68,28.51,75.84,4.92,Kolkata
2024-06-15,3.4,31.02,35.51,28.32,79.75,5.02,Kolkata
2024-06-16,1.03,31.39,36.86,27.68,74.76,4.32,Kolkata
2024-06-17,0.03,31.11,34.79,28.82,76.17,5.54,Kolkata
2024-06-18,0.11,31.39,35.16,28.99,76.78,6.44,Kolkata
2024-06-19,0.14,29.6,30.98,28.24,85.1,5.54,Kolkata
2024-06-20,6.67,30.4,33.99,28.31,81.94,4.36,Kolkata
2024-06-21,4.98,29.78,32.79,27.48,79.63,2.31,Kolkata
2024-06-22,0.46,30.27,34.27,27.11,76.68,2.94,Kolkata
2024-06-23,2.93,30.57,35.22,26.75,76.0,3.04,Kolkata
2024-06-24,1.7,30.08,33.48,27.52,78.24,3.73,Kolkata
2024-06-25,2.45,30.87,35.11,27.71,75.78,3.88,Kolkata
2024-06-26,4.59,30.77,34.79,27.26,76.92,3.15,Kolkata
2024-06-27,9.16,29.96,33.93,27.35,82.78,3.81,Kolkata
2024-06-28,13.92,30.28,34.34,27.31,81.96,3.41,Kolkata
2024-06-29,7.61,29.94,34.07,27.31,83.37,3.83,Kolkata
2024-06-30,14.91,29.66,32.82,27.52,85.54,4.35,Kolkata
2024-07-01,9.37,29.06,32.0,27.26,84.54,5.68,Kolkata
2024-07-02,18.7,29.21,33.35,26.52,83.46,5.4,Kolkata
2024-07-03,11.1,28.88,32.63,26.19,84.29,5.07,Kolkata
2024-07-04,18.58,28.92,31.27,27.14,87.59,5.63,Kolkata
2024-07-05,8.06,29.65,32.81,27.26,84.52,5.15,Kolkata
2024-07-06,6.59,29.49,32.65,27.22,85.0,3.35,Kolkata
2024-07-07,2.92,29.38,32.71,26.92,83.12,3.27,Kolkata
2024-07-08,0.78,29.18,32.62,26.37,83.34,3.41,Kolkata
2024-07-09,1.29,29.73,33.86,26.77,82.88,3.58,Kolkata
2024-07-10,0.1,29.94,33.93,26.9,81.07,4.7,Kolkata
2024-07-11,17.57,29.7,32.83,27.48,84.73,5.27,Kolkata
2024-07-12,16.21,29.39,32.78,27.07,84.26,4.45,Kolkata
2024-07-13,5.69,29.52,33.15,26.64,83.71,3.18,Kolkata
2024-07-14,5.2,30.08,34.08,27.07,82.17,3.38,Kolkata
2024-07-15,2.41,29.44,33.22,26.74,84.8,4.9,Kolkata
2024-07-16,6.52,29.3,32.4,27.46,87.33,3.0,Kolkata
2024-07-17,6.82,29.64,33.11,27.07,85.42,3.05,Kolkata
2024-07-18,4.51,30.0,34.29,27.06,84.1,3.99,Kolkata
2024-07-19,8.32,29.89,34.25,26.96,85.07,5.84,Kolkata
2024-07-20,7.62,29.64,33.77,26.97,83.39,6.56,Kolkata
2024-07-21,19.38,29.45,32.5,27.27,85.87,5.86,Kolkata
2024-07-22,9.45,29.48,33.13,27.49,85.67,5.41,Kolkata
2024-07-23,8.59,29.62,33.16,27.34,83.53,4.31,Kolkata
2024-07-24,6.44,29.73,32.92,27.07,85.61,4.38,Kolkata
2024-07-25,5.75,29.86,32.88,27.58,85.47,3.62,Kolkata
2024-07-26,30.92,30.4,34.25,27.35,86.24,3.58,Kolkata
2024-07-27,9.95,29.57,33.14,27.24,87.43,5.72,Kolkata
2024-07-28,13.49,29.74,33.54,26.98,85.32,3.33,Kolkata
2024-07-29,19.69,30.04,34.07,27.02,85.19,2.71,Kolkata
2024-07-30,10.33,29.1,31.54,27.57,88.96,3.96,Kolkata
2024-07-31,12.14,28.58,30.2,27.35,92.12,2.94,Kolkata
2024-08-01,66.48,28.58,31.17,26.64,90.78,4.3,Kolkata
2024-08-02,52.31,28.26,30.04,27.25,91.46,7.19,Kolkata
2024-08-03,13.44,27.75,29.05,26.78,91.88,6.5,Kolkata
2024-08-04,2.37,28.73,31.92,26.67,87.24,4.51,Kolkata
2024-08-05,12.59,29.13,32.46,26.54,86.29,2.97,Kolkata
2024-08-06,22.28,28.28,30.21,26.82,91.08,2.28,Kolkata
2024-08-07,9.17,27.98,30.24,26.37,89.97,2.71,Kolkata
2024-08-08,8.28,28.2,30.89,26.16,88.98,4.31,Kolkata
2024-08-09,6.29,28.6,31.86,26.24,88.63,4.02,Kolkata
2024-08-10,8.52,28.24,30.14,26.79,90.75,2.97,Kolkata
2024-08-11,7.66,28.85,31.73,26.75,88.31,3.19,Kolkata
2024-08-12,1.85,29.02,31.92,26.79,88.89,3.03,Kolkata
2024-08-13,10.56,28.97,31.34,27.47,91.69,2.56,Kolkata
2024-08-14,14.38,28.56,30.66,26.68,91.12,2.14,Kolkata
2024-08-15,6.68,29.19,32.05,26.92,89.02,1.58,Kolkata
2024-08-16,6.5,28.45,30.3,26.72,91.18,1.26,Kolkata
2024-08-17,4.71,28.19,31.05,26.07,89.62,2.71,Kolkata
2024-08-18,30.87,28.11,30.92,25.99,90.98,4.62,Kolkata
2024-08-19,11.26,27.72,29.59,26.46,92.79,4.11,Kolkata
2024-08-20,8.22,28.84,31.8,26.1,88.78,2.71,Kolkata
2024-08-21,9.91,28.61,30.24,27.5,92.88,4.05,Kolkata
2024-08-22,14.11,28.28,30.27,26.91,93.1,3.28,Kolkata
2024-08-23,39.1,28.54,31.14,26.29,87.19,1.42,Kolkata
2024-08-24,15.47,27.17,29.09,25.98,92.01,2.92,Kolkata
2024-08-25,22.43,27.06,28.5,25.88,93.2,3.53,Kolkata
2024-08-26,37.27,27.58,30.52,25.56,91.02,4.33,Kolkata
2024-08-27,24.25,27.56,30.26,25.8,92.07,3.01,Kolkata
2024-08-28,0.53,28.27,31.39,25.68,88.13,1.75,Kolkata
2024-08-29,3.53,28.06,31.13,25.78,88.97,2.48,Kolkata
2024-08-30,1.98,28.25,31.1,25.25,88.14,2.63,Kolkata
2024-08-31,1.95,28.56,31.88,26.14,89.57,3.77,Kolkata
2024-09-01,1.74,28.13,30.44,26.49,91.02,3.41,Kolkata
2024-09-02,2.01,28.48,31.66,26.07,88.53,2.56,Kolkata
2024-09-03,3.67,28.69,31.79,26.65,86.5,1.83,Kolkata
2024-09-04,1.32,28.28,31.43,25.93,88.18,2.42,Kolkata
2024-09-05,1.51,28.73,32.39,25.91,86.82,2.2,Kolkata
2024-09-06,3.73,28.2,29.81,26.56,87.54,2.08,Kolkata
2024-09-07,4.78,28.2,30.92,25.37,89.67,2.87,Kolkata
2024-09-08,7.9,28.81,31.79,26.53,90.13,3.68,Kolkata
2024-09-09,7.45,28.39,30.55,26.76,92.41,4.71,Kolkata
2024-09-10,6.73,28.69,31.49,26.84,90.33,4.37,Kolkata
2024-09-11,11.21,29.02,31.15,27.25,90.02,1.96,Kolkata
2024-09-12,2.91,28.54,30.55,26.69,90.87,3.01,Kolkata
2024-09-13,34.39,27.89,29.21,26.7,93.78,3.83,Kolkata
2024-09-14,78.44,27.2,28.61,26.25,94.45,7.56,Kolkata
2024-09-15,61.3,27.06,28.26,26.0,95.65,7.07,Kolkata
2024-09-16,13.29,27.15,29.06,25.76,93.28,6.87,Kolkata
2024-09-17,1.66,27.95,31.18,25.53,89.0,3.99,Kolkata
2024-09-18,0.01,28.49,32.19,24.88,83.07,1.16,Kolkata
2024-09-19,0.0,28.73,32.03,25.29,85.79,2.15,Kolkata
2024-09-20,2.43,29.36,32.28,26.24,86.13,1.98,Kolkata
2024-09-21,2.78,29.55,32.47,26.67,85.29,1.78,Kolkata
2024-09-22,2.06,28.98,31.44,26.8,90.11,2.24,Kolkata
2024-09-23,5.75,28.77,31.02,27.22,92.25,2.01,Kolkata
2024-09-24,37.92,27.8,29.58,26.48,93.56,2.76,Kolkata
2024-09-25,47.02,27.34,29.19,26.3,93.37,3.78,Kolkata
2024-09-26,49.54,27.52,29.31,26.48,94.74,4.1,Kolkata
2024-09-27,9.98,27.6,29.28,26.34,93.51,3.76,Kolkata
2024-09-28,0.9,28.04,30.98,25.83,91.26,3.21,Kolkata
2024-09-29,0.15,28.86,32.36,26.08,88.5,2.7,Kolkata
2024-09-30,0.23,28.78,31.6,26.59,90.28,2.61,Kolkata
2024-10-01,8.31,29.22,32.43,26.53,88.65,1.95,Kolkata
2024-10-02,3.59,27.29,28.38,25.55,93.19,2.86,Kolkata
2024-10-03,2.15,27.88,30.88,25.05,88.5,1.92,Kolkata
2024-10-04,12.18,27.29,28.74,26.36,94.91,2.62,Kolkata
2024-10-05,11.83,27.0,28.44,25.85,93.16,1.89,Kolkata
2024-10-06,4.03,27.18,29.71,25.19,89.1,2.07,Kolkata
2024-10-07,0.94,27.21,30.05,24.92,88.94,1.55,Kolkata
2024-10-08,2.13,27.47,30.16,25.51,87.63,1.19,Kolkata
2024-10-09,2.63,27.36,30.85,24.62,88.42,2.38,Kolkata
2024-10-10,11.72,27.33,30.81,24.8,89.32,2.89,Kolkata
2024-10-11,1.9,27.86,31.45,25.07,87.94,2.77,Kolkata
2024-10-12,0.06,28.34,31.38,25.37,85.13,2.15,Kolkata
2024-10-13,0.44,27.91,31.69,24.7,85.26,1.87,Kolkata
2024-10-14,0.05,27.46,31.09,23.8,83.96,1.79,Kolkata
2024-10-15,1.55,28.25,31.59,24.72,79.92,0.97,Kolkata
2024-10-16,7.63,28.08,31.13,25.83,82.49,1.24,Kolkata
2024-10-17,4.45,28.01,31.86,25.32,84.63,2.01,Kolkata
2024-10-18,6.0,27.89,31.38,25.14,86.28,1.98,Kolkata
2024-10-19,10.65,27.75,31.13,24.93,87.45,1.98,Kolkata
2024-10-20,1.05,26.15,29.64,23.74,86.31,2.42,Kolkata
2024-10-21,0.0,25.53,29.41,22.29,87.45,2.55,Kolkata
2024-10-22,0.0,25.85,30.01,21.92,85.15,2.45,Kolkata
2024-10-23,8.16,25.43,28.21,23.25,92.04,3.08,Kolkata
2024-10-24,31.07,25.58,27.19,23.67,94.49,7.23,Kolkata
2024-10-25,84.32,26.45,27.97,25.58,92.89,7.35,Kolkata
2024-10-26,16.45,26.62,29.7,24.33,89.44,3.88,Kolkata
2024-10-27,1.59,26.55,30.39,23.44,89.26,2.41,Kolkata
2024-10-28,1.01,27.04,30.7,24.1,86.42,1.47,Kolkata
2024-10-29,0.04,26.99,31.19,23.78,87.01,1.71,Kolkata
2024-10-30,0.13,27.08,31.16,23.88,88.35,2.3,Kolkata
2024-10-31,0.06,27.19,30.86,24.28,88.73,2.47,Kolkata
2024-11-01,0.01,26.92,30.9,23.96,82.34,1.83,Kolkata
2024-11-02,0.0,26.34,30.37,21.87,72.31,1.15,Kolkata
2024-11-03,0.0,25.89,29.8,21.13,71.09,1.13,Kolkata
2024-11-04,0.0,25.73,30.01,21.39,71.24,0.95,Kolkata
2024-11-05,5.36,24.89,29.19,20.57,83.88,2.12,Kolkata
2024-11-06,0.72,25.05,29.34,21.25,84.66,1.89,Kolkata
2024-11-07,0.0,25.03,29.14,21.29,84.67,2.17,Kolkata
2024-11-08,0.0,24.91,29.2,20.71,83.57,1.98,Kolkata
2024-11-09,0.0,24.45,29.23,20.02,82.51,2.19,Kolkata
2024-11-10,0.0,23.5,28.63,18.82,81.93,2.51,Kolkata
2024-11-11,0.0,23.35,28.09,18.5,80.31,2.44,Kolkata
2024-11-12,0.0,24.04,28.65,19.98,79.46,2.31,Kolkata
2024-11-13,0.0,23.56,28.04,19.43,77.17,2.2,Kolkata
2024-11-14,0.0,22.59,27.45,17.95,77.62,2.44,Kolkata
2024-11-15,0.0,21.92,27.72,16.72,79.63,2.41,Kolkata
2024-11-16,0.0,21.11,27.08,15.54,79.12,2.52,Kolkata
2024-11-17,0.0,21.38,26.51,15.49,74.53,1.61,Kolkata
2024-11-18,0.0,21.17,26.59,15.08,75.72,1.62,Kolkata
2024-11-19,0.0,20.51,25.9,15.84,79.18,1.95,Kolkata
2024-11-20,0.0,20.33,25.57,14.99,79.74,2.11,Kolkata
2024-11-21,0.0,21.8,26.58,17.09,77.44,1.62,Kolkata
2024-11-22,0.0,21.03,26.11,16.15,79.29,1.98,Kolkata
2024-11-23,0.0,20.84,26.33,15.91,78.9,2.12,Kolkata
2024-11-24,0.0,20.37,25.52,15.67,75.28,1.83,Kolkata
2024-11-25,0.0,20.3,25.34,15.43,74.03,1.83,Kolkata
2024-11-26,0.0,19.64,25.08,14.17,78.77,1.96,Kolkata
2024-11-27,0.0,19.49,25.12,14.34,83.3,2.41,Kolkata
2024-11-28,0.0,20.2,26.03,15.24,85.79,2.94,Kolkata
2024-11-29,0.01,20.93,25.56,16.81,85.3,2.76,Kolkata
2024-11-30,0.09,21.18,26.31,16.64,84.69,2.59,Kolkata
2024-12-01,1.39,20.81,24.83,17.82,83.37,2.82,Kolkata
2024-12-02,0.08,20.48,25.15,17.2,82.48,2.47,Kolkata
2024-12-03,0.0,20.86,25.99,16.96,79.18,2.5,Kolkata
2024-12-04,0.0,20.45,25.86,14.82,72.34,1.92,Kolkata
2024-12-05,0.0,20.97,27.03,14.4,68.34,1.61,Kolkata
2024-12-06,0.0,19.99,26.17,14.22,71.45,1.76,Kolkata
2024-12-07,0.0,18.86,25.52,13.16,72.43,1.97,Kolkata
2024-12-08,0.0,18.67,25.27,13.24,74.26,2.03,Kolkata
2024-12-09,0.42,18.02,22.2,14.46,81.3,1.68,Kolkata
2024-12-10,0.17,19.18,24.97,15.38,82.87,2.43,Kolkata
2024-12-11,0.0,16.5,22.59,12.09,78.13,3.12,Kolkata
2024-12-12,0.0,15.38,22.42,9.62,79.71,3.13,Kolkata
2024-12-13,0.0,15.02,22.41,9.08,76.75,2.91,Kolkata
2024-12-14,0.0,14.1,22.29,8.09,72.12,3.2,Kolkata
2024-12-15,0.0,14.34,22.17,8.11,79.0,3.26,Kolkata
2024-12-16,0.0,15.98,22.88,9.05,80.17,2.3,Kolkata
2024-12-17,0.0,16.97,23.85,10.74,82.79,2.67,Kolkata
2024-12-18,0.0,17.31,24.13,11.31,76.22,2.54,Kolkata
2024-12-19,0.0,17.76,24.46,11.09,78.47,2.52,Kolkata
2024-12-20,0.18,18.13,24.42,12.15,78.97,2.36,Kolkata
2024-12-21,4.94,17.48,20.9,14.52,85.77,2.02,Kolkata
2024-12-22,0.03,18.1,25.14,12.75,82.87,2.48,Kolkata
2024-12-23,0.03,17.59,24.69,11.82,81.64,2.95,Kolkata
2024-12-24,0.02,18.76,24.14,13.32,80.08,1.98,Kolkata
2024-12-25,0.21,18.68,23.4,15.35,77.29,2.14,Kolkata
2024-12-26,0.05,19.11,25.3,13.92,78.08,2.73,Kolkata
2024-12-27,0.0,18.84,25.5,13.46,81.49,2.99,Kolkata
2024-12-28,0.0,19.54,25.76,15.1,79.03,1.94,Kolkata
2024-12-29,0.0,20.9,26.31,15.48,78.59,1.63,Kolkata
2024-12-30,0.0,20.26,25.7,15.58,82.51,2.44,Kolkata
2024-12-31,0.0,16.83,22.69,12.43,79.33,3.65,Kolkata
2025-01-01,0.0,15.05,22.09,9.56,81.13,3.54,Kolkata
2025-01-02,0.0,14.46,21.68,8.89,77.02,3.5,Kolkata
2025-01-03,0.0,14.42,21.53,8.34,80.74,2.9,Kolkata
2025-01-04,0.0,15.71,22.59,9.95,84.53,2.78,Kolkata
2025-01-05,0.0,16.84,23.68,10.93,84.06,2.24,Kolkata
2025-01-06,0.0,18.55,24.94,12.65,78.88,1.64,Kolkata
2025-01-07,0.0,18.27,24.93,12.69,82.48,2.7,Kolkata
2025-01-08,0.0,15.76,22.84,10.35,78.0,3.25,Kolkata
2025-01-09,0.0,15.2,22.39,9.19,76.69,2.8,Kolkata
2025-01-10,0.0,14.83,21.75,9.09,74.63,2.82,Kolkata
2025-01-11,0.0,15.73,23.48,9.21,72.15,2.46,Kolkata
2025-01-12,0.0,17.84,25.8,10.12,67.88,1.74,Kolkata
2025-01-13,0.0,18.47,24.98,11.16,69.07,1.57,Kolkata
2025-01-14,0.0,18.61,25.0,13.22,75.35,2.93,Kolkata
2025-01-15,0.0,16.97,23.67,11.84,72.5,3.51,Kolkata
2025-01-16,0.0,16.77,23.95,10.4,74.4,2.98,Kolkata
2025-01-17,0.0,17.76,25.22,11.83,76.12,3.2,Kolkata
2025-01-18,0.0,17.98,25.14,11.66,74.9,2.94,Kolkata
2025-01-19,0.0,17.62,24.91,11.3,73.8,3.31,Kolkata
2025-01-20,0.0,17.11,24.99,9.42,67.27,2.6,Kolkata
2025-01-21,0.0,18.44,25.81,10.43,69.11,2.08,Kolkata
2025-01-22,0.0,19.39,26.42,12.03,68.49,1.92,Kolkata
2025-01-23,0.0,20.28,27.27,13.55,69.38,1.56,Kolkata
2025-01-24,0.0,20.52,27.06,14.81,78.43,1.81,Kolkata
2025-01-25,0.0,19.95,25.61,15.24,78.03,1.96,Kolkata
2025-01-26,0.0,17.71,24.42,12.35,66.01,2.84,Kolkata
2025-01-27,0.0,17.6,24.79,9.66,58.98,2.21,Kolkata
2025-01-28,0.0,18.86,25.82,11.56,56.82,1.14,Kolkata
2025-01-29,0.0,19.92,26.5,14.11,76.99,2.14,Kolkata
2025-01-30,0.0,21.95,28.13,17.42,83.52,3.94,Kolkata
2025-01-31,0.0,21.98,28.91,16.84,79.17,2.73,Kolkata
2025-02-01,0.0,23.51,29.92,18.48,78.5,1.98,Kolkata
2025-02-02,0.0,23.11,29.32,18.92,76.31,1.97,Kolkata
2025-02-03,0.0,22.45,28.75,16.34,64.11,2.17,Kolkata
2025-02-04,0.0,21.14,28.23,13.38,61.8,2.01,Kolkata
2025-02-05,0.0,22.73,29.97,15.94,69.89,2.02,Kolkata
2025-02-06,0.0,22.89,29.9,18.15,73.78,3.17,Kolkata
2025-02-07,0.0,19.73,28.16,11.43,52.83,2.92,Kolkata
2025-02-08,0.0,18.69,26.93,10.45,50.39,2.6,Kolkata
2025-02-09,0.0,19.28,27.18,10.43,50.91,2.19,Kolkata
2025-02-10,0.0,21.21,29.33,14.81,63.39,2.29,Kolkata
2025-02-11,0.0,22.23,30.61,15.46,69.66,2.97,Kolkata
2025-02-12,0.0,24.04,31.67,18.31,70.97,2.15,Kolkata
2025-02-13,0.0,23.9,30.73,19.23,68.66,2.62,Kolkata
2025-02-14,0.0,20.56,28.89,11.81,47.43,2.68,Kolkata
2025-02-15,0.0,21.55,29.61,12.86,47.51,2.02,Kolkata
2025-02-16,0.0,22.35,30.98,14.68,60.5,2.84,Kolkata
2025-02-17,0.0,23.71,31.25,18.2,71.59,2.91,Kolkata
2025-02-18,0.0,25.14,32.38,19.98,68.22,1.59,Kolkata
2025-02-19,0.49,24.78,31.43,19.9,72.05,1.64,Kolkata
2025-02-20,15.22,24.43,30.16,20.54,77.22,1.65,Kolkata
2025-02-21,2.31,24.53,30.78,19.87,73.85,1.79,Kolkata
2025-02-22,0.45,25.03,31.75,19.23,73.01,2.86,Kolkata
2025-02-23,4.39,24.67,30.13,20.94,72.89,2.32,Kolkata
2025-02-24,0.01,23.73,30.74,17.65,64.69,2.25,Kolkata
2025-02-25,0.0,23.92,31.27,17.48,58.55,2.04,Kolkata
2025-02-26,0.0,23.42,30.69,17.16,59.79,2.23,Kolkata
2025-02-27,0.0,24.28,30.85,18.22,61.1,1.79,Kolkata
2025-02-28,0.0,25.37,32.17,19.35,67.39,1.74,Kolkata
2025-03-01,0.0,26.05,34.37,19.23,70.14,3.9,Kolkata
2025-03-02,0.0,25.99,34.41,18.9,65.67,3.2,Kolkata
2025-03-03,0.0,27.37,34.62,21.41,64.3,2.23,Kolkata
2025-03-04,0.0,26.19,33.45,19.44,48.68,2.58,Kolkata
2025-03-05,0.0,25.53,33.09,18.23,49.25,2.91,Kolkata
2025-03-06,0.0,23.06,31.51,15.66,42.4,2.85,Kolkata
2025-03-07,0.0,22.78,31.85,14.09,39.5,2.7,Kolkata
2025-03-08,0.0,24.46,33.24,17.07,57.64,3.3,Kolkata
2025-03-09,0.0,26.06,33.63,19.89,66.89,2.57,Kolkata
2025-03-10,0.0,26.93,34.89,20.62,61.82,2.06,Kolkata
2025-03-11,0.0,26.76,34.95,19.85,59.67,3.81,Kolkata
2025-03-12,0.0,27.98,36.58,20.34,59.3,3.41,Kolkata
2025-03-13,0.0,28.98,37.98,21.66,57.75,4.07,Kolkata
2025-03-14,0.0,29.57,38.59,22.41,60.17,3.16,Kolkata
2025-03-15,0.0,30.23,39.46,23.44,58.5,3.27,Kolkata
2025-03-16,1.13,30.67,40.24,23.47,60.39,3.26,Kolkata
2025-03-17,6.02,29.16,36.93,24.02,67.08,3.44,Kolkata
2025-03-18,0.32,28.92,36.28,23.15,58.84,3.0,Kolkata
2025-03-19,0.05,28.88,37.3,21.48,60.83,2.47,Kolkata
2025-03-20,1.37,29.08,36.83,23.36,65.97,3.03,Kolkata
2025-03-21,4.8,28.01,35.81,22.43,64.55,2.21,Kolkata
2025-03-22,3.73,25.92,32.7,21.01,63.99,3.01,Kolkata
2025-03-23,1.3,27.14,33.48,21.29,57.77,1.24,Kolkata
2025-03-24,0.0,26.97,33.66,19.97,50.91,1.99,Kolkata
2025-03-25,0.02,27.55,34.9,20.37,49.71,2.33,Kolkata
2025-03-26,0.0,28.37,36.76,21.46,62.53,3.99,Kolkata
2025-03-27,0.09,29.37,38.5,22.31,56.7,3.32,Kolkata
2025-03-28,0.0,29.99,40.63,21.31,54.07,3.64,Kolkata
2025-03-29,0.0,30.83,40.31,23.01,58.04,3.14,Kolkata
2025-03-30,0.0,30.48,38.85,23.87,63.45,2.76,Kolkata
2025-03-31,0.0,30.31,38.17,23.68,64.97,3.7,Kolkata
2025-04-01,0.0,29.96,37.37,24.42,62.14,4.49,Kolkata
2025-04-02,0.13,30.26,38.57,23.73,60.93,3.53,Kolkata
2025-04-03,1.99,30.7,38.58,23.42,56.62,2.7,Kolkata
2025-04-04,0.0,31.86,39.59,25.45,50.03,3.48,Kolkata
2025-04-05,0.01,31.54,39.99,24.86,50.1,2.98,Kolkata
2025-04-06,0.1,31.43,39.94,24.99,58.52,4.87,Kolkata
2025-04-07,0.32,30.85,38.87,24.51,59.64,3.78,Kolkata
2025-04-08,0.06,29.37,34.72,24.66,67.35,3.25,Kolkata
2025-04-09,0.0,30.42,37.76,24.48,57.04,3.59,Kolkata
2025-04-10,0.02,29.95,36.57,23.65,56.57,3.81,Kolkata
2025-04-11,8.83,29.6,35.26,24.84,63.41,2.6,Kolkata
2025-04-12,0.38,29.7,35.33,25.35,64.85,3.15,Kolkata
2025-04-13,0.79,29.2,34.34,25.38,67.14,1.69,Kolkata
2025-04-14,2.95,29.63,35.2,25.47,62.96,1.87,Kolkata
2025-04-15,1.43,30.09,35.86,25.48,58.83,1.69,Kolkata
2025-04-16,0.24,30.17,37.08,24.34,59.94,3.58,Kolkata
2025-04-17,8.81,30.36,37.22,25.4,65.34,3.89,Kolkata
2025-04-18,10.26,29.29,34.79,25.26,72.63,3.07,Kolkata
2025-04-19,3.03,30.31,36.28,25.7,70.7,2.7,Kolkata
2025-04-20,0.56,31.57,38.72,26.12,69.0,3.92,Kolkata
2025-04-21,0.71,32.0,39.2,27.38,70.5,5.31,Kolkata
2025-04-22,0.02,32.56,40.34,27.31,67.82,5.19,Kolkata
2025-04-23,0.0,33.12,42.19,27.06,63.22,4.77,Kolkata
2025-04-24,0.0,32.81,40.81,27.01,66.01,5.32,Kolkata
2025-04-25,0.0,32.93,41.51,27.1,62.5,5.13,Kolkata
2025-04-26,0.49,32.57,40.81,26.62,63.26,6.15,Kolkata
2025-04-27,1.71,32.27,40.39,26.07,57.99,3.95,Kolkata
2025-04-28,9.46,30.87,37.46,25.53,61.16,1.58,Kolkata
2025-04-29,8.81,29.3,35.25,24.27,65.75,1.81,Kolkata
2025-04-30,1.68,29.53,35.03,25.0,64.91,1.54,Kolkata
2025-05-01,6.3,29.29,34.32,24.56,65.48,0.96,Kolkata
2025-05-02,4.87,29.41,35.13,23.92,61.51,1.64,Kolkata
2025-05-03,1.74,29.92,36.29,23.79,62.9,3.05,Kolkata
2025-05-04,4.14,30.19,36.21,25.27,63.9,2.86,Kolkata
2025-05-05,0.12,30.63,37.28,25.42,61.96,2.96,Kolkata
2025-05-06,0.75,31.37,38.05,26.06,60.97,2.95,Kolkata
2025-05-07,4.12,31.54,38.31,25.64,62.25,2.8,Kolkata
2025-05-08,2.36,32.39,39.6,26.2,61.05,3.67,Kolkata
2025-05-09,0.0,33.1,40.44,26.92,56.71,2.49,Kolkata
2025-05-10,0.0,33.95,41.72,27.2,53.21,3.12,Kolkata
2025-05-11,0.16,34.18,41.98,27.13,53.62,3.58,Kolkata
2025-05-12,3.44,34.44,42.5,28.95,55.79,4.4,Kolkata
2025-05-13,7.56,32.77,39.68,27.55,63.35,4.54,Kolkata
2025-05-14,0.08,33.42,41.01,28.25,61.14,5.19,Kolkata
2025-05-15,1.52,32.54,39.34,28.3,65.36,5.15,Kolkata
2025-05-16,3.12,32.01,38.41,27.43,69.08,4.99,Kolkata
2025-05-17,5.1,31.32,36.39,27.55,68.86,4.73,Kolkata
2025-05-18,5.58,30.82,36.79,26.1,71.17,4.23,Kolkata
2025-05-19,7.07,31.18,37.11,26.68,70.85,4.01,Kolkata
2025-05-20,6.4,31.12,36.6,26.86,73.35,4.57,Kolkata
2025-05-21,29.57,30.94,36.93,27.55,76.19,4.78,Kolkata
2025-05-22,8.84,29.64,33.85,25.94,73.18,1.86,Kolkata
2025-05-23,1.64,29.97,34.09,26.33,71.61,1.48,Kolkata
2025-05-24,6.96,29.81,34.02,26.49,72.85,1.34,Kolkata
2025-05-25,18.05,28.2,30.24,26.83,85.89,2.76,Kolkata
2025-05-26,12.21,29.36,33.48,26.22,81.12,3.02,Kolkata
2025-05-27,11.28,28.72,32.39,26.23,86.29,4.36,Kolkata
2025-05-28,10.48,29.02,33.58,26.4,84.39,3.21,Kolkata
2025-05-29,10.13,29.05,32.1,26.59,86.14,4.7,Kolkata
2025-05-30,2.05,30.71,35.65,27.24,78.14,5.76,Kolkata
2025-05-31,1.97,29.91,32.91,27.82,83.0,4.73,Kolkata
2025-06-01,1.58,31.56,36.78,27.84,75.59,4.5,Kolkata
2025-06-02,1.33,31.71,37.53,27.54,67.82,3.6,Kolkata
2025-06-03,10.55,31.73,37.53,27.01,70.77,4.18,Kolkata
2025-06-04,8.96,30.9,35.9,27.22,71.78,2.0,Kolkata
2025-06-05,4.63,30.63,35.86,26.39,70.52,2.25,Kolkata
2025-06-06,7.0,30.81,36.03,26.35,72.16,2.03,Kolkata
2025-06-07,5.75,30.86,36.11,26.43,71.46,2.26,Kolkata
2025-06-08,0.01,31.15,36.18,26.98,71.12,2.49,Kolkata
2025-06-09,0.76,31.18,35.81,26.93,70.47,2.28,Kolkata
2025-06-10,2.75,30.33,33.91,27.29,77.24,2.91,Kolkata
2025-06-11,3.52,29.71,32.97,27.31,78.8,2.68,Kolkata
2025-06-12,2.14,30.63,35.33,26.59,74.5,2.89,Kolkata
2025-06-13,0.87,30.84,35.33,27.28,73.7,3.29,Kolkata
2025-06-14,2.59,31.02,36.45,26.85,73.33,3.54,Kolkata
2025-06-15,4.7,29.65,32.38,27.44,80.91,2.09,Kolkata
2025-06-16,28.73,28.46,31.34,26.34,85.03,3.36,Kolkata
2025-06-17,30.98,28.3,30.33,26.61,89.12,5.61,Kolkata
2025-06-18,21.63,28.4,31.19,26.66,89.41,6.24,Kolkata
2025-06-19,20.86,28.12,31.29,25.62,85.69,8.44,Kolkata
2025-06-20,3.11,29.12,32.51,26.86,85.37,5.4,Kolkata
2025-06-21,0.85,30.13,34.2,27.08,79.9,4.09,Kolkata
2025-06-22,4.84,29.31,32.92,26.71,83.29,3.17,Kolkata
2025-06-23,8.71,28.78,30.95,27.16,89.07,2.92,Kolkata
2025-06-24,8.1,29.29,32.78,26.43,86.59,3.17,Kolkata
2025-06-25,6.02,29.18,32.14,27.38,86.43,4.83,Kolkata
2025-06-26,17.04,28.89,31.31,27.33,88.19,4.81,Kolkata
2025-06-27,14.29,29.23,32.27,26.81,85.0,4.5,Kolkata
2025-06-28,11.99,28.57,31.57,26.55,86.42,4.28,Kolkata
2025-06-29,15.64,29.26,32.72,26.56,84.54,1.4,Kolkata
2025-06-30,7.04,28.3,30.67,26.81,90.02,3.09,Kolkata
2025-07-01,5.02,29.01,32.68,26.45,85.68,3.7,Kolkata
2025-07-02,6.43,29.14,32.23,26.3,84.76,2.59,Kolkata
2025-07-03,7.83,29.04,32.31,26.52,85.88,3.66,Kolkata
2025-07-04,13.1,28.58,30.97,27.16,88.23,3.48,Kolkata
2025-07-05,6.9,28.7,31.97,26.39,85.26,4.77,Kolkata
2025-07-06,9.1,27.86,30.19,26.29,88.7,6.28,Kolkata
2025-07-07,41.59,28.02,30.51,26.57,88.69,4.72,Kolkata
2025-07-08,18.11,27.63,29.22,26.48,91.14,2.98,Kolkata
2025-07-09,26.09,27.45,29.14,26.14,91.46,4.58,Kolkata
2025-07-10,9.59,28.33,31.2,26.52,89.1,4.69,Kolkata
2025-07-11,6.95,28.59,31.41,26.32,88.85,2.7,Kolkata
2025-07-12,2.92,28.87,31.7,26.72,89.2,2.27,Kolkata
2025-07-13,24.32,28.98,31.48,26.89,87.91,2.09,Kolkata
2025-07-14,32.99,28.1,30.72,26.34,90.44,3.23,Kolkata
2025-07-15,18.05,28.48,30.86,26.44,89.38,6.19,Kolkata
2025-07-16,8.74,28.35,30.26,26.98,91.61,3.88,Kolkata
2025-07-17,2.13,28.33,30.9,26.48,89.19,2.92,Kolkata
2025-07-18,3.97,28.77,32.04,26.06,87.64,3.18,Kolkata
2025-07-19,14.2,28.96,32.12,26.37,87.45,3.06,Kolkata
2025-07-20,14.86,29.14,32.06,27.11,88.08,3.04,Kolkata
2025-07-21,1.46,29.09,32.29,26.4,84.15,1.68,Kolkata
2025-07-22,0.29,29.81,33.73,26.66,82.72,1.93,Kolkata
2025-07-23,1.45,30.34,34.34,26.5,82.87,1.85,Kolkata
2025-07-24,6.91,29.62,31.89,28.06,89.26,1.65,Kolkata
2025-07-25,54.48,28.46,30.8,27.11,91.49,6.42,Kolkata
2025-07-26,18.89,28.92,31.65,27.14,87.79,6.27,Kolkata
2025-07-27,4.29,29.01,31.99,26.85,87.25,4.64,Kolkata
2025-07-28,25.1,29.06,32.03,26.9,88.31,3.9,Kolkata
2025-07-29,29.66,28.09,30.13,26.72,90.42,3.73,Kolkata
2025-07-30,26.45,28.35,31.09,26.34,88.55,3.74,Kolkata
2025-07-31,23.03,28.17,30.93,26.29,90.12,3.89,Kolkata
2025-08-01,11.49,29.08,32.5,26.32,87.13,3.86,Kolkata
2025-08-02,5.0,28.67,31.08,26.77,90.23,3.86,Kolkata
2025-08-03,9.25,28.6,30.79,27.16,91.74,3.95,Kolkata
2025-08-04,15.55,28.39,30.06,27.17,92.72,3.27,Kolkata
2025-08-05,20.78,28.47,30.62,26.72,90.99,2.53,Kolkata
2025-08-06,12.21,28.07,30.41,26.5,90.87,3.26,Kolkata
2025-08-07,9.03,28.2,31.18,26.31,89.41,3.36,Kolkata
2025-08-08,19.95,27.34,29.66,25.65,89.98,4.96,Kolkata
2025-08-09,2.58,28.11,31.6,25.4,87.41,4.07,Kolkata
2025-08-10,2.45,28.36,31.64,26.05,88.99,3.64,Kolkata
2025-08-11,0.2,29.0,32.48,26.34,87.72,3.4,Kolkata
2025-08-12,1.88,29.24,32.29,27.05,89.01,2.73,Kolkata
2025-08-13,4.29,28.54,31.29,26.88,89.17,3.36,Kolkata
2025-08-14,11.99,27.7,30.07,25.9,91.52,3.5,Kolkata
2025-08-15,6.58,27.95,31.27,25.7,90.26,3.52,Kolkata
2025-08-16,2.57,28.12,31.15,25.76,88.26,2.8,Kolkata
2025-08-17,4.53,27.91,30.86,25.6,89.19,3.44,Kolkata
2025-08-18,7.25,27.63,30.32,26.02,92.29,5.08,Kolkata
2025-08-19,15.93,27.83,29.97,26.17,91.51,5.2,Kolkata
2025-08-20,17.2,27.78,29.65,26.31,92.85,3.6,Kolkata
2025-08-21,23.15,27.58,29.69,25.96,91.08,2.35,Kolkata
2025-08-22,33.02,27.73,29.99,25.94,92.14,3.76,Kolkata
2025-08-23,18.75,27.18,28.31,26.08,93.27,6.56,Kolkata
2025-08-24,6.59,27.82,30.8,26.02,90.02,4.43,Kolkata
2025-08-25,2.06,28.34,31.59,25.57,86.68,2.15,Kolkata
2025-08-26,2.26,27.8,31.01,24.94,87.9,2.78,Kolkata
2025-08-27,3.67,28.0,31.59,24.84,88.54,3.91,Kolkata
2025-08-28,4.77,28.25,31.6,25.79,88.78,4.6,Kolkata
2025-08-29,12.51,27.8,29.92,26.23,91.11,3.72,Kolkata
2025-08-30,4.35,27.92,30.64,25.97,89.42,2.49,Kolkata
2025-08-31,0.9,28.73,32.26,25.49,84.99,1.6,Kolkata
2025-09-01,10.76,28.72,31.29,26.19,85.26,1.55,Kolkata
2025-09-02,42.93,28.07,30.75,26.51,90.54,3.42,Kolkata
2025-09-03,13.25,27.87,30.92,26.06,90.57,5.6,Kolkata
2025-09-04,4.12,27.54,29.68,25.78,91.07,3.23,Kolkata
2025-09-05,1.69,27.22,29.81,25.22,90.2,2.2,Kolkata
2025-09-06,0.31,27.84,31.4,24.78,88.24,2.24,Kolkata
2025-09-07,0.01,28.34,31.71,25.55,86.49,2.04,Kolkata
2025-09-08,0.0,28.16,31.7,25.45,87.0,2.36,Kolkata
2025-09-09,0.01,28.34,31.89,25.07,86.88,2.4,Kolkata
2025-09-10,0.96,28.7,32.34,25.8,87.2,2.53,Kolkata
2025-09-11,7.21,28.37,31.19,26.29,89.04,2.11,Kolkata
2025-09-12,3.73,27.87,30.45,26.01,89.08,2.16,Kolkata
2025-09-13,5.2,27.74,30.19,25.76,91.18,2.48,Kolkata
2025-09-14,7.28,27.85,30.55,26.18,90.44,2.35,Kolkata
2025-09-15,10.05,27.26,29.37,25.98,90.9,2.57,Kolkata
2025-09-16,17.71,27.37,29.79,25.81,91.24,3.26,Kolkata
2025-09-17,2.36,27.71,30.82,25.63,88.84,2.79,Kolkata
2025-09-18,4.3,28.56,32.09,25.79,87.88,2.79,Kolkata
2025-09-19,3.45,28.03,30.06,26.44,92.38,2.01,Kolkata
2025-09-20,12.93,28.02,30.21,26.16,90.91,1.4,Kolkata
2025-09-21,3.86,28.18,30.42,25.85,88.35,1.25,Kolkata
2025-09-22,33.64,27.67,30.16,26.0,92.25,1.8,Kolkata
2025-09-23,36.39,26.53,27.75,25.38,94.35,4.17,Kolkata
2025-09-24,1.59,27.78,31.27,25.17,89.09,3.31,Kolkata
2025-09-25,3.45,28.12,31.07,25.58,87.5,2.09,Kolkata
2025-09-26,9.44,27.85,30.83,25.58,91.22,4.01,Kolkata
2025-09-27,4.29,28.07,30.94,26.36,90.42,4.2,Kolkata
2025-09-28,4.66,27.42,29.99,25.74,90.72,2.77,Kolkata
2025-09-29,0.4,28.47,31.76,25.35,84.54,1.31,Kolkata
2025-09-30,1.46,29.09,32.27,25.14,83.42,1.47,Kolkata
2025-10-01,18.93,28.57,31.21,26.93,88.96,2.19,Kolkata
2025-10-02,33.46,27.58,29.73,26.42,93.53,4.76,Kolkata
2025-10-03,14.95,27.63,29.82,26.16,91.88,4.8,Kolkata
2025-10-04,14.0,27.78,29.56,26.53,93.7,4.51,Kolkata
2025-10-05,17.31,27.41,29.08,26.05,92.35,2.47,Kolkata
2025-10-06,9.81,27.17,29.43,25.17,85.76,1.01,Kolkata
2025-10-07,1.28,27.12,30.67,24.0,87.29,1.57,Kolkata
2025-10-08,4.56,26.81,29.79,24.47,90.15,1.61,Kolkata
2025-10-09,8.07,27.13,29.69,24.29,87.27,1.65,Kolkata
2025-10-10,15.12,26.49,28.85,24.49,90.58,2.31,Kolkata
2025-10-11,3.77,26.24,29.74,23.67,88.03,2.58,Kolkata
2025-10-12,0.12,25.96,30.07,21.76,86.28,2.21,Kolkata
2025-10-13,0.0,25.8,29.81,22.4,87.04,2.66,Kolkata
2025-10-14,0.0,25.77,30.29,21.83,87.22,2.62,Kolkata
2025-10-15,0.0,24.85,29.06,21.68,85.65,2.75,Kolkata
2025-10-16,0.0,24.26,29.15,19.45,82.46,2.32,Kolkata
2025-10-17,0.0,24.92,29.56,19.93,80.25,1.6,Kolkata
2025-10-18,0.01,25.51,30.33,20.3,82.47,1.85,Kolkata
2025-10-19,0.01,26.43,31.08,21.85,83.83,2.29,Kolkata
2025-10-20,0.0,26.33,30.62,22.19,86.61,2.44,Kolkata
2025-10-21,0.0,25.78,30.5,21.31,84.21,2.6,Kolkata
2025-10-22,0.0,25.97,30.69,21.09,83.82,2.26,Kolkata
2025-10-23,0.0,26.41,30.9,21.68,80.73,1.67,Kolkata
2025-10-24,0.02,26.94,30.81,22.52,75.77,1.07,Kolkata
2025-10-25,0.06,26.93,30.59,22.24,76.4,1.28,Kolkata
2025-10-26,0.11,27.08,31.02,22.88,77.87,1.35,Kolkata
2025-10-27,3.38,27.0,31.54,22.71,82.23,2.15,Kolkata
2025-10-28,11.54,27.33,31.9,23.77,85.56,2.64,Kolkata
2025-10-29,18.14,26.99,29.94,24.77,90.31,2.92,Kolkata
2025-10-30,16.93,27.17,30.47,25.16,89.09,2.71,Kolkata
2025-10-31,0.94,27.24,31.06,24.63,88.02,3.32,Kolkata
2025-11-01,2.2,27.0,30.49,24.59,89.51,2.68,Kolkata
2025-11-02,0.29,25.36,28.98,22.67,89.27,3.33,Kolkata
2025-11-03,0.14,24.22,28.66,21.1,82.48,2.6,Kolkata
2025-11-04,0.0,23.11,28.36,19.06,84.09,2.97,Kolkata
2025-11-05,0.0,22.53,28.22,17.58,81.77,2.73,Kolkata
2025-11-06,0.0,23.88,29.27,18.32,80.0,2.16,Kolkata
2025-11-07,0.0,23.71,29.09,19.91,83.45,2.99,Kolkata
2025-11-08,0.0,21.04,27.39,16.58,80.5,3.81,Kolkata
2025-11-09,0.0,19.98,26.46,13.81,78.51,2.91,Kolkata
2025-11-10,0.0,20.14,27.1,14.67,81.11,2.77,Kolkata
2025-11-11,0.0,18.97,25.23,13.27,77.28,2.61,Kolkata
2025-11-12,0.0,18.67,25.1,12.57,75.64,2.51,Kolkata
2025-11-13,0.0,19.09,25.55,12.59,78.32,2.44,Kolkata
2025-11-14,0.0,19.18,25.47,13.24,80.36,2.57,Kolkata
2025-11-15,0.0,19.11,25.76,13.21,82.29,2.66,Kolkata
2025-11-16,0.0,19.04,25.5,13.52,82.96,2.85,Kolkata
2025-11-17,0.0,19.39,25.63,14.24,85.52,2.93,Kolkata
2025-11-18,0.0,19.84,26.12,14.16,82.49,2.54,Kolkata
2025-11-19,0.0,20.41,26.97,14.2,77.59,2.48,Kolkata
2025-11-20,0.0,20.43,26.83,14.88,79.28,2.57,Kolkata
2025-11-21,0.0,20.77,26.31,15.16,78.96,2.18,Kolkata
2025-11-22,0.0,20.89,26.45,14.89,78.94,1.69,Kolkata
2025-11-23,0.0,20.73,26.17,15.34,78.14,1.73,Kolkata
2025-11-24,0.0,19.07,25.26,14.44,82.35,3.0,Kolkata
2025-11-25,0.0,17.93,24.46,12.76,82.53,3.03,Kolkata
2025-11-26,0.0,17.69,24.71,12.18,81.97,3.01,Kolkata
2025-11-27,0.0,18.29,25.17,12.34,82.67,2.63,Kolkata
2025-11-28,0.0,19.01,25.53,13.11,83.84,2.43,Kolkata
2025-11-29,0.0,19.0,25.37,13.0,80.43,2.41,Kolkata
2025-11-30,0.0,19.35,25.65,13.7,78.79,2.13,Kolkata
2025-12-01,0.0,18.36,23.76,13.42,83.15,2.09,Kolkata
2025-12-02,0.01,19.48,24.8,14.95,79.55,2.29,Kolkata
2025-12-03,0.0,18.36,24.27,13.73,79.73,2.58,Kolkata
2025-12-04,0.0,17.0,23.86,11.38,81.54,2.97,Kolkata
2025-12-05,0.0,16.35,23.67,11.26,79.69,3.43,Kolkata
2025-12-06,0.0,15.49,22.86,9.19,75.74,2.96,Kolkata
2025-12-07,0.0,15.74,22.78,10.5,78.66,2.99,Kolkata
2025-12-08,0.0,16.02,22.42,11.13,78.51,2.46,Kolkata
2025-12-09,0.0,17.08,23.81,12.19,81.63,2.84,Kolkata
2025-12-10,0.0,17.16,24.2,11.66,82.31,3.02,Kolkata
2025-12-11,0.0,16.03,23.0,10.3,79.26,2.87,Kolkata
2025-12-12,0.0,16.24,23.28,9.99,77.76,2.6,Kolkata
2025-12-13,0.0,16.75,23.86,10.39,82.39,2.65,Kolkata
2025-12-14,0.0,17.0,24.91,10.79,81.65,2.92,Kolkata
2025-12-15,0.0,16.84,24.22,10.9,82.7,2.85,Kolkata
2025-12-16,0.0,17.09,23.9,11.14,81.97,2.77,Kolkata
2025-12-17,0.0,16.62,23.32,11.23,83.73,3.01,Kolkata
2025-12-18,0.0,16.79,23.92,10.73,84.68,2.85,Kolkata
2025-12-19,0.0,16.83,23.63,11.27,85.1,2.88,Kolkata
2025-12-20,0.0,16.32,22.61,11.8,83.98,3.3,Kolkata
2025-12-21,0.0,15.91,22.32,10.64,85.16,2.75,Kolkata
2025-12-22,0.0,16.24,22.97,11.12,84.81,2.99,Kolkata
2025-12-23,0.0,15.9,22.22,11.07,83.67,2.68,Kolkata
2025-12-24,0.0,15.47,22.73,9.79,83.58,2.65,Kolkata
2025-12-25,0.0,14.32,20.89,8.91,81.3,3.03,Kolkata
2025-12-26,0.0,14.04,21.41,7.85,81.17,3.06,Kolkata
2025-12-27,0.0,14.13,21.58,8.31,83.93,3.18,Kolkata
2025-12-28,0.0,14.21,21.59,8.58,81.23,3.1,Kolkata
2025-12-29,0.0,13.26,20.51,7.33,81.55,2.96,Kolkata
2025-12-30,0.0,13.27,20.38,7.69,81.44,2.92,Kolkata
2025-12-31,0.0,13.8,20.89,8.33,77.52,2.23,Kolkata
