date,PRECTOTCORR,T2M,T2M_MAX,T2M_MIN,RH2M,WS10M,city
2018-01-01,0.0,12.07,21.21,6.25,34.58,2.41,Delhi
2018-01-02,0.0,10.98,19.78,3.91,38.48,2.58,Delhi
2018-01-03,0.0,11.02,21.66,4.32,39.62,3.02,Delhi
2018-01-04,0.0,12.51,22.78,4.14,33.59,2.09,Delhi
2018-01-05,0.0,13.02,22.5,6.66,30.96,1.95,Delhi
2018-01-06,0.0,11.71,22.02,4.54,40.49,3.15,Delhi
2018-01-07,0.0,11.65,21.89,4.35,41.2,3.81,Delhi
2018-01-08,0.0,11.97,21.9,3.98,38.28,3.07,Delhi
2018-01-09,0.0,11.94,22.85,4.04,38.1,3.42,Delhi
2018-01-10,0.0,12.56,24.14,4.85,32.67,4.23,Delhi
2018-01-11,0.0,13.25,25.05,5.02,29.87,4.14,Delhi
2018-01-12,0.0,15.13,25.39,6.48,28.98,3.35,Delhi
2018-01-13,0.0,14.88,24.42,8.21,32.37,2.88,Delhi
2018-01-14,0.0,14.12,24.74,6.49,31.34,2.86,Delhi
2018-01-15,0.0,13.23,24.11,5.57,31.28,4.02,Delhi
2018-01-16,0.0,14.54,26.17,4.64,24.56,3.18,Delhi
2018-01-17,0.0,15.02,25.33,4.58,27.04,2.11,Delhi
2018-01-18,0.0,16.6,27.65,9.54,26.77,2.53,Delhi
2018-01-19,0.0,15.33,26.04,7.78,33.84,3.34,Delhi
2018-01-20,0.0,13.98,25.46,6.06,26.3,3.8,Delhi
2018-01-21,0.0,14.24,24.47,4.71,24.45,2.39,Delhi
2018-01-22,0.0,15.6,25.29,7.99,21.64,1.7,Delhi
2018-01-23,3.1,12.97,20.29,8.27,41.81,3.03,Delhi
2018-01-24,0.01,12.18,20.15,7.17,70.48,2.63,Delhi
2018-01-25,0.04,12.37,21.93,5.85,60.18,3.76,Delhi
2018-01-26,0.0,12.95,23.69,6.26,42.25,2.98,Delhi
2018-01-27,0.0,12.25,22.88,4.34,37.45,2.9,Delhi
2018-01-28,0.0,13.32,24.72,4.64,31.78,3.03,Delhi
2018-01-29,0.0,14.39,25.84,5.8,30.36,3.85,Delhi
2018-01-30,0.0,17.75,29.11,8.89,26.93,5.02,Delhi
2018-01-31,0.0,17.86,26.74,10.78,29.82,5.55,Delhi
2018-02-01,0.0,18.92,29.02,11.43,32.69,3.6,Delhi
2018-02-02,0.0,18.51,28.6,10.39,37.02,3.22,Delhi
2018-02-03,0.0,17.51,27.12,10.56,28.47,2.85,Delhi
2018-02-04,0.0,15.27,26.56,6.87,23.35,3.64,Delhi
2018-02-05,0.0,15.94,26.25,7.8,15.58,2.81,Delhi
2018-02-06,0.0,16.92,26.13,11.16,14.95,3.3,Delhi
2018-02-07,0.0,15.37,27.5,6.45,15.84,4.15,Delhi
2018-02-08,0.0,15.69,25.71,7.87,14.3,2.99,Delhi
2018-02-09,0.0,15.44,26.42,6.55,17.23,3.28,Delhi
2018-02-10,0.0,17.38,27.52,8.57,17.2,2.23,Delhi
2018-02-11,0.41,19.17,28.25,11.54,19.29,3.58,Delhi
2018-02-12,2.89,16.99,24.03,12.51,61.11,4.26,Delhi
2018-02-13,0.03,16.7,25.22,10.62,61.56,2.48,Delhi
2018-02-14,0.0,15.98,25.48,8.36,41.62,4.57,Delhi
2018-02-15,0.0,17.39,26.13,9.64,44.8,4.62,Delhi
2018-02-16,0.0,18.72,27.68,11.2,43.27,3.68,Delhi
2018-02-17,0.0,19.84,30.29,12.66,34.18,4.11,Delhi
2018-02-18,0.0,18.94,29.63,10.77,23.4,3.5,Delhi
2018-02-19,0.0,19.66,29.7,12.39,19.23,2.68,Delhi
2018-02-20,0.0,21.17,31.01,11.77,27.18,2.54,Delhi
2018-02-21,0.0,23.15,32.69,16.05,27.47,2.61,Delhi
2018-02-22,0.0,23.03,33.09,15.13,30.98,2.89,Delhi
2018-02-23,0.0,24.59,33.42,17.58,23.58,1.7,Delhi
2018-02-24,0.0,24.96,32.23,17.37,23.92,2.4,Delhi
2018-02-25,0.02,23.86,32.07,17.44,29.62,3.24,Delhi
2018-02-26,0.0,21.07,30.2,12.69,34.58,4.73,Delhi
2018-02-27,0.0,23.31,32.67,15.0,37.43,3.7,Delhi
2018-02-28,0.0,23.09,32.68,15.96,32.45,2.77,Delhi
2018-03-01,0.0,23.92,33.68,16.46,27.39,3.18,Delhi
2018-03-02,0.0,24.99,34.56,15.73,30.03,3.11,Delhi
2018-03-03,0.0,25.05,34.49,16.77,30.14,2.92,Delhi
2018-03-04,1.52,24.22,32.88,17.32,39.67,3.67,Delhi
2018-03-05,0.0,21.66,30.84,13.89,34.39,3.4,Delhi
2018-03-06,0.0,21.34,30.51,13.63,28.9,4.28,Delhi
2018-03-07,0.0,22.04,33.06,12.38,26.07,3.88,Delhi
2018-03-08,0.0,23.93,33.72,15.35,22.7,2.21,Delhi
2018-03-09,0.0,24.56,34.33,16.81,23.63,3.06,Delhi
2018-03-10,0.0,24.36,34.84,15.33,25.3,4.11,Delhi
2018-03-11,0.0,24.4,34.57,15.28,28.41,3.84,Delhi
2018-03-12,0.0,25.38,35.78,16.34,26.39,3.77,Delhi
2018-03-13,0.0,27.11,37.41,16.38,19.11,2.7,Delhi
2018-03-14,0.0,27.27,37.46,17.74,16.57,2.92,Delhi
2018-03-15,0.0,25.5,34.83,16.63,20.77,3.77,Delhi
2018-03-16,0.0,25.09,34.02,17.61,23.87,3.11,Delhi
2018-03-17,0.0,23.13,32.42,15.13,20.86,4.36,Delhi
2018-03-18,0.0,24.24,35.41,13.85,15.55,4.18,Delhi
2018-03-19,0.0,25.99,36.54,16.39,17.47,3.1,Delhi
2018-03-20,0.0,27.99,37.64,16.85,20.98,2.5,Delhi
2018-03-21,0.03,27.86,35.79,21.78,26.6,3.21,Delhi
2018-03-22,0.01,25.76,33.88,17.31,35.58,2.93,Delhi
2018-03-23,0.0,24.56,32.85,16.9,30.57,3.36,Delhi
2018-03-24,0.0,25.28,34.71,16.27,25.77,3.68,Delhi
2018-03-25,0.0,26.24,36.13,17.58,22.24,4.23,Delhi
2018-03-26,0.0,26.3,36.55,17.28,15.95,4.37,Delhi
2018-03-27,0.0,27.67,39.21,16.72,12.78,3.42,Delhi
2018-03-28,0.0,29.76,40.51,22.67,9.59,2.89,Delhi
2018-03-29,0.0,28.06,38.2,18.22,14.36,4.42,Delhi
2018-03-30,0.0,28.17,39.11,17.55,12.72,4.06,Delhi
2018-03-31,0.0,28.24,39.0,17.42,11.26,2.91,Delhi
2018-04-01,0.0,27.83,36.91,18.29,21.41,3.05,Delhi
2018-04-02,0.0,29.12,37.82,19.47,26.81,2.31,Delhi
2018-04-03,0.0,30.07,39.17,21.76,26.52,2.37,Delhi
2018-04-04,0.0,31.96,41.09,24.06,23.78,2.32,Delhi
2018-04-05,0.0,32.08,40.16,24.21,23.3,1.8,Delhi
2018-04-06,0.81,31.79,39.28,25.34,26.93,2.32,Delhi
2018-04-07,2.16,30.1,37.68,21.89,33.95,1.98,Delhi
2018-04-08,1.26,29.74,37.55,21.88,38.13,3.16,Delhi
2018-04-09,8.99,29.02,35.18,22.26,44.64,2.01,Delhi
2018-04-10,3.29,29.1,36.34,19.95,43.68,1.5,Delhi
2018-04-11,2.55,29.74,37.22,23.18,38.74,1.73,Delhi
2018-04-12,0.06,28.01,35.37,21.73,42.36,2.2,Delhi
2018-04-13,0.0,27.41,36.45,19.01,27.31,3.59,Delhi
2018-04-14,0.0,28.78,38.31,19.5,25.29,3.72,Delhi
2018-04-15,0.0,31.13,39.85,21.32,26.41,2.6,Delhi
2018-04-16,0.0,32.55,41.24,25.23,25.03,2.35,Delhi
2018-04-17,0.14,32.78,40.63,25.19,24.26,2.52,Delhi
2018-04-18,0.0,32.32,40.21,25.53,24.04,5.69,Delhi
2018-04-19,0.0,32.49,40.94,24.21,21.16,3.85,Delhi
2018-04-20,0.27,32.8,41.74,25.04,17.83,5.64,Delhi
2018-04-21,0.0,28.49,36.88,19.07,15.34,4.07,Delhi
2018-04-22,0.0,28.34,37.16,19.67,18.21,5.28,Delhi
2018-04-23,0.0,29.03,38.8,19.64,16.13,4.82,Delhi
2018-04-24,0.0,31.23,41.99,20.6,12.46,4.16,Delhi
2018-04-25,0.0,33.39,43.42,22.39,11.03,3.34,Delhi
2018-04-26,0.0,34.94,43.56,25.15,10.14,2.04,Delhi
2018-04-27,0.0,33.36,41.4,23.66,16.51,2.83,Delhi
2018-04-28,0.0,34.82,43.47,26.19,20.6,2.64,Delhi
2018-04-29,0.06,34.98,43.87,25.5,20.63,2.99,Delhi
2018-04-30,1.28,35.34,43.13,26.63,19.13,2.46,Delhi
2018-05-01,0.0,34.5,43.01,25.34,23.39,3.16,Delhi
2018-05-02,5.29,32.92,39.77,25.37,30.27,2.86,Delhi
2018-05-03,0.43,32.51,39.26,25.57,38.08,3.74,Delhi
2018-05-04,0.25,32.62,39.65,25.31,38.9,3.17,Delhi
2018-05-05,0.0,34.05,41.03,27.13,28.73,1.59,Delhi
2018-05-06,0.0,34.8,41.92,28.01,22.1,1.9,Delhi
2018-05-07,0.0,34.03,42.14,26.02,21.37,3.48,Delhi
2018-05-08,1.53,31.16,39.4,25.68,28.65,3.6,Delhi
2018-05-09,0.46,31.74,39.7,24.16,30.04,2.86,Delhi
2018-05-10,0.11,32.91,40.81,24.14,26.2,2.72,Delhi
2018-05-11,0.0,35.48,43.76,25.95,19.93,2.8,Delhi
2018-05-12,0.0,37.2,44.94,29.26,18.09,1.31,Delhi
2018-05-13,1.19,36.08,43.98,29.5,21.22,1.81,Delhi
2018-05-14,0.18,33.58,41.22,25.16,26.32,1.97,Delhi
2018-05-15,0.0,34.8,41.97,26.87,21.54,1.83,Delhi
2018-05-16,0.15,35.63,42.92,28.74,22.56,3.45,Delhi
2018-05-17,0.0,35.95,44.06,27.2,18.47,3.71,Delhi
2018-05-18,0.06,36.0,43.17,28.91,18.46,3.09,Delhi
2018-05-19,0.1,36.14,43.48,28.18,21.52,1.59,Delhi
2018-05-20,0.0,36.41,44.23,28.73,18.41,4.06,Delhi
2018-05-21,0.0,36.6,44.67,28.13,13.52,4.58,Delhi
2018-05-22,0.0,37.47,46.11,27.93,13.5,3.31,Delhi
2018-05-23,0.0,37.97,46.02,29.12,14.37,2.04,Delhi
2018-05-24,0.0,37.66,45.47,30.68,10.03,3.85,Delhi
2018-05-25,0.0,36.67,45.94,27.39,8.74,3.03,Delhi
2018-05-26,0.0,37.01,46.54,26.73,8.72,3.11,Delhi
2018-05-27,0.0,37.71,46.47,30.7,7.26,2.71,Delhi
2018-05-28,0.0,37.03,45.36,27.07,10.22,2.45,Delhi
2018-05-29,0.0,38.17,45.7,30.34,11.06,2.11,Delhi
2018-05-30,0.0,35.83,42.99,28.45,21.08,3.48,Delhi
2018-05-31,0.0,37.57,44.21,29.9,24.3,2.37,Delhi
2018-06-01,0.13,38.2,45.33,31.14,20.45,3.25,Delhi
2018-06-02,7.29,34.29,41.12,28.18,42.16,3.23,Delhi
2018-06-03,0.0,35.1,42.17,27.61,34.38,2.84,Delhi
2018-06-04,0.0,36.65,43.08,29.73,32.14,3.79,Delhi
2018-06-05,1.64,37.67,43.53,31.86,33.7,4.16,Delhi
2018-06-06,6.98,36.0,41.09,31.78,43.12,2.76,Delhi
2018-06-07,0.06,36.18,42.35,30.24,43.66,2.17,Delhi
2018-06-08,0.05,37.75,43.95,30.95,33.4,3.25,Delhi
2018-06-09,6.12,36.33,40.57,31.68,45.19,2.8,Delhi
2018-06-10,0.42,34.67,39.9,30.14,51.0,2.24,Delhi
2018-06-11,0.0,36.28,42.25,30.49,38.88,4.42,Delhi
2018-06-12,0.0,38.06,45.56,30.19,29.76,4.57,Delhi
2018-06-13,0.0,38.44,44.6,31.42,27.13,7.32,Delhi
2018-06-14,0.13,37.39,43.05,32.84,29.15,6.54,Delhi
2018-06-15,0.0,36.77,42.03,32.29,31.15,5.04,Delhi
2018-06-16,0.02,37.21,42.6,32.95,31.85,5.28,Delhi
2018-06-17,0.01,35.73,40.76,30.69,38.29,3.68,Delhi
2018-06-18,0.0,35.7,42.26,29.58,36.37,3.99,Delhi
2018-06-19,0.0,35.72,42.59,28.85,34.97,3.75,Delhi
2018-06-20,0.0,37.48,43.78,30.85,32.43,2.47,Delhi
2018-06-21,0.0,38.42,44.76,32.22,30.44,2.58,Delhi
2018-06-22,0.01,39.3,45.74,33.17,24.76,2.05,Delhi
2018-06-23,0.0,39.85,46.46,34.2,21.58,3.21,Delhi
2018-06-24,0.0,38.92,45.28,33.5,21.85,4.06,Delhi
2018-06-25,0.01,38.84,46.26,30.8,26.32,3.82,Delhi
2018-06-26,3.65,33.08,35.36,30.9,49.33,3.71,Delhi
2018-06-27,8.55,33.59,38.23,29.08,54.61,2.56,Delhi
2018-06-28,8.92,31.18,34.83,27.88,69.14,4.94,Delhi
2018-06-29,1.73,33.15,38.95,27.52,53.1,5.46,Delhi
2018-06-30,1.03,33.07,37.24,29.01,55.85,1.45,Delhi
2018-07-01,0.82,34.34,39.61,29.38,52.51,4.29,Delhi
2018-07-02,22.47,33.32,37.27,28.93,60.93,4.63,Delhi
2018-07-03,1.95,32.95,37.09,28.62,58.13,2.27,Delhi
2018-07-04,0.55,33.33,37.67,29.07,57.09,3.62,Delhi
2018-07-05,4.62,34.01,39.11,28.95,51.54,2.28,Delhi
2018-07-06,0.0,34.28,40.87,27.76,45.3,3.3,Delhi
2018-07-07,0.0,34.8,41.45,27.93,42.84,2.93,Delhi
2018-07-08,0.0,35.74,42.59,29.12,40.44,2.44,Delhi
2018-07-09,0.02,36.15,41.85,30.64,44.55,2.53,Delhi
2018-07-10,0.76,35.57,40.85,30.47,50.38,2.59,Delhi
2018-07-11,5.77,34.25,39.34,30.25,54.46,3.14,Delhi
2018-07-12,5.25,32.79,37.74,28.68,63.21,2.74,Delhi
2018-07-13,6.51,31.31,34.37,28.41,67.65,1.56,Delhi
2018-07-14,35.86,29.53,31.82,27.58,79.91,1.4,Delhi
2018-07-15,1.31,30.72,34.08,27.3,72.25,2.61,Delhi
2018-07-16,11.99,31.4,35.58,27.58,71.79,2.6,Delhi
2018-07-17,0.24,32.81,37.78,27.59,62.42,2.58,Delhi
2018-07-18,0.17,33.44,38.78,28.06,56.77,2.58,Delhi
2018-07-19,4.26,32.74,36.66,28.2,63.88,1.71,Delhi
2018-07-20,13.01,31.07,33.85,28.25,72.44,1.52,Delhi
2018-07-21,24.76,30.25,33.55,27.42,78.28,1.76,Delhi
2018-07-22,22.5,28.86,31.58,26.9,85.72,2.67,Delhi
2018-07-23,5.2,30.26,34.29,26.25,76.17,2.34,Delhi
2018-07-24,17.27,30.91,34.74,27.08,74.34,1.96,Delhi
2018-07-25,25.6,30.22,33.5,27.27,81.61,1.7,Delhi
2018-07-26,63.41,27.81,29.31,25.93,91.77,2.16,Delhi
2018-07-27,45.74,28.14,31.77,25.64,88.84,2.43,Delhi
2018-07-28,36.11,28.37,31.73,25.47,86.04,3.13,Delhi
2018-07-29,9.5,28.94,33.21,25.29,81.7,3.37,Delhi
2018-07-30,7.48,28.8,32.71,24.98,83.22,3.56,Delhi
2018-07-31,2.42,29.01,33.35,25.74,79.13,3.13,Delhi
2018-08-01,3.99,28.89,33.96,24.25,79.63,3.48,Delhi
2018-08-02,2.3,28.78,33.45,24.12,78.87,4.1,Delhi
2018-08-03,7.24,28.56,33.6,23.7,77.04,3.88,Delhi
2018-08-04,2.88,27.65,31.57,24.54,80.67,3.04,Delhi
2018-08-05,5.4,27.05,30.73,24.43,86.37,2.83,Delhi
2018-08-06,1.21,27.41,31.0,24.25,81.1,1.36,Delhi
2018-08-07,3.46,27.82,31.08,24.06,82.05,1.95,Delhi
2018-08-08,4.07,27.95,30.21,25.14,85.04,2.54,Delhi
2018-08-09,0.37,29.61,33.05,25.33,79.12,2.03,Delhi
2018-08-10,0.47,30.45,33.93,26.27,76.0,1.16,Delhi
2018-08-11,18.82,29.32,34.3,26.26,82.82,2.72,Delhi
2018-08-12,4.47,29.18,33.65,25.18,77.69,2.97,Delhi
2018-08-13,10.95,28.68,31.77,24.85,79.7,1.81,Delhi
2018-08-14,3.28,29.49,32.76,26.29,78.22,1.3,Delhi
2018-08-15,6.11,29.96,33.89,26.6,79.11,1.2,Delhi
2018-08-16,1.83,29.45,32.23,26.31,79.3,1.1,Delhi
2018-08-17,0.06,29.01,32.59,25.89,84.46,2.57,Delhi
2018-08-18,0.23,29.83,32.95,25.88,80.79,1.42,Delhi
2018-08-19,7.35,29.76,32.45,26.86,81.11,1.48,Delhi
2018-08-20,7.21,29.34,32.1,26.09,81.08,1.17,Delhi
2018-08-21,2.16,28.92,32.08,26.31,86.0,2.37,Delhi
2018-08-22,1.14,28.75,31.52,26.15,85.54,1.7,Delhi
2018-08-23,11.57,28.65,32.0,25.44,84.02,2.33,Delhi
2018-08-24,28.03,28.62,33.13,25.12,83.39,2.96,Delhi
2018-08-25,14.13,28.76,33.41,24.43,81.22,3.4,Delhi
2018-08-26,5.73,28.48,32.47,24.11,79.95,2.34,Delhi
2018-08-27,14.79,28.48,31.12,25.96,84.28,1.49,Delhi
2018-08-28,19.5,28.42,31.12,26.15,88.73,1.39,Delhi
2018-08-29,8.35,28.5,32.27,25.71,86.57,2.33,Delhi
2018-08-30,7.44,28.87,32.44,25.29,82.88,1.93,Delhi
2018-08-31,4.32,27.99,32.25,24.92,82.69,2.75,Delhi
2018-09-01,12.64,26.07,27.47,24.77,90.88,2.74,Delhi
2018-09-02,3.82,26.76,28.99,24.55,87.91,2.34,Delhi
2018-09-03,33.68,27.17,29.68,25.06,88.04,1.21,Delhi
2018-09-04,5.64,27.48,30.75,24.57,84.44,1.83,Delhi
2018-09-05,9.11,27.59,30.92,24.86,83.14,2.18,Delhi
2018-09-06,6.77,28.45,32.39,24.06,76.57,1.7,Delhi
2018-09-07,8.92,27.69,31.66,24.8,87.12,2.14,Delhi
2018-09-08,9.17,27.03,30.31,24.58,88.32,3.95,Delhi
2018-09-09,0.43,26.85,30.54,24.18,88.51,4.02,Delhi
2018-09-10,0.0,27.44,31.41,23.85,87.68,2.37,Delhi
2018-09-11,2.76,27.58,31.81,23.83,83.87,2.61,Delhi
2018-09-12,6.14,27.4,32.43,23.15,83.25,4.05,Delhi
2018-09-13,1.75,26.7,31.69,22.28,82.34,3.48,Delhi
2018-09-14,0.01,26.45,31.64,20.92,78.48,2.81,Delhi
2018-09-15,0.0,26.69,31.46,21.45,73.9,2.63,Delhi
2018-09-16,0.0,26.35,31.23,20.78,74.46,3.14,Delhi
2018-09-17,0.0,27.26,32.13,22.16,73.52,2.55,Delhi
2018-09-18,0.0,26.8,31.55,21.46,71.24,2.75,Delhi
2018-09-19,0.0,26.79,31.95,22.36,69.42,2.36,Delhi
2018-09-20,0.02,26.69,32.28,21.57,73.02,1.74,Delhi
2018-09-21,2.32,26.75,31.69,22.23,86.06,3.25,Delhi
2018-09-22,15.93,25.09,27.32,22.85,92.38,5.03,Delhi
2018-09-23,12.08,25.89,28.94,24.24,89.22,7.1,Delhi
2018-09-24,36.59,25.58,27.46,23.96,93.07,5.03,Delhi
2018-09-25,2.65,25.3,28.86,22.39,87.08,4.25,Delhi
2018-09-26,0.0,25.17,30.78,20.72,82.49,3.08,Delhi
2018-09-27,0.0,25.73,30.85,19.24,71.87,1.85,Delhi
2018-09-28,0.0,26.53,32.24,21.14,64.59,1.67,Delhi
2018-09-29,0.0,26.41,32.98,21.34,62.89,1.98,Delhi
2018-09-30,0.0,24.99,31.49,19.35,72.25,3.09,Delhi
2018-10-01,0.0,25.47,32.39,19.57,71.79,2.58,Delhi
2018-10-02,0.0,25.98,32.01,19.53,66.32,1.94,Delhi
2018-10-03,0.08,26.91,33.09,21.63,62.26,1.18,Delhi
2018-10-04,0.02,25.59,32.51,20.17,72.14,2.08,Delhi
2018-10-05,0.52,25.27,32.13,20.48,65.06,1.77,Delhi
2018-10-06,0.14,24.96,31.24,20.47,65.98,1.98,Delhi
2018-10-07,0.2,25.06,31.27,19.88,63.46,1.7,Delhi
2018-10-08,0.0,25.15,33.11,18.89,63.8,1.41,Delhi
2018-10-09,0.0,25.22,31.08,18.76,71.53,2.21,Delhi
2018-10-10,0.0,24.68,30.02,20.67,82.15,3.37,Delhi
2018-10-11,1.67,24.55,30.23,20.19,83.14,2.99,Delhi
2018-10-12,0.17,24.05,30.57,19.32,76.15,1.68,Delhi
2018-10-13,0.0,21.83,28.7,16.49,69.32,2.58,Delhi
2018-10-14,0.0,22.01,29.13,16.08,62.57,3.0,Delhi
2018-10-15,0.0,22.86,30.93,16.37,60.42,1.93,Delhi
2018-10-16,0.0,23.57,30.89,17.25,66.55,1.97,Delhi
2018-10-17,0.0,25.26,32.21,19.14,62.21,1.94,Delhi
2018-10-18,0.0,24.37,31.56,18.68,72.01,2.68,Delhi
2018-10-19,0.0,23.06,30.79,17.13,64.3,1.92,Delhi
2018-10-20,0.0,22.7,30.6,17.91,61.79,2.42,Delhi
2018-10-21,0.12,22.22,29.47,17.64,61.48,2.37,Delhi
2018-10-22,0.0,21.63,29.65,14.2,54.81,2.8,Delhi
2018-10-23,0.0,21.81,29.73,15.97,52.95,2.46,Delhi
2018-10-24,0.0,22.1,30.85,16.3,54.06,1.82,Delhi
2018-10-25,0.0,22.11,29.84,17.02,54.37,1.81,Delhi
2018-10-26,0.0,22.26,30.25,16.3,55.71,1.93,Delhi
2018-10-27,0.0,22.27,29.5,17.62,56.28,1.9,Delhi
2018-10-28,0.0,22.1,29.45,16.21,56.61,2.2,Delhi
2018-10-29,0.0,22.79,30.02,17.46,56.09,1.64,Delhi
2018-10-30,0.0,22.67,30.15,18.04,58.43,1.42,Delhi
2018-10-31,0.0,22.59,29.8,16.98,56.2,1.84,Delhi
2018-11-01,0.0,23.04,29.88,17.45,51.24,1.14,Delhi
2018-11-02,0.0,22.14,30.67,15.6,60.04,2.25,Delhi
2018-11-03,0.04,21.93,29.0,17.23,69.97,3.37,Delhi
2018-11-04,0.16,21.49,28.66,16.51,74.3,2.6,Delhi
2018-11-05,0.0,17.93,25.43,12.47,54.47,3.22,Delhi
2018-11-06,0.0,17.41,26.6,11.07,53.79,4.12,Delhi
2018-11-07,0.0,17.77,26.88,8.77,40.93,2.54,Delhi
2018-11-08,0.0,20.07,27.11,14.28,41.04,1.12,Delhi
2018-11-09,0.0,20.14,27.39,15.36,48.79,1.2,Delhi
2018-11-10,0.0,19.92,26.22,15.17,46.03,1.17,Delhi
2018-11-11,0.0,20.09,28.41,15.02,47.79,1.69,Delhi
2018-11-12,0.0,21.76,29.55,16.7,41.26,1.16,Delhi
2018-11-13,0.0,21.11,29.02,16.34,48.26,1.59,Delhi
2018-11-14,2.18,21.06,27.83,15.87,57.15,1.59,Delhi
2018-11-15,0.14,20.15,27.2,15.15,61.17,2.48,Delhi
2018-11-16,0.0,17.97,26.61,11.78,56.62,4.67,Delhi
2018-11-17,0.0,18.37,27.05,11.03,47.22,3.47,Delhi
2018-11-18,0.0,20.17,27.77,14.99,40.54,1.56,Delhi
2018-11-19,0.0,19.37,27.4,13.99,59.43,2.62,Delhi
2018-11-20,0.0,19.8,28.57,15.05,56.58,2.22,Delhi
2018-11-21,0.0,18.78,27.57,12.23,48.62,3.42,Delhi
2018-11-22,0.0,18.7,26.98,12.35,42.4,2.0,Delhi
2018-11-23,0.0,18.01,27.5,11.18,48.79,4.18,Delhi
2018-11-24,0.0,17.51,26.66,10.4,46.74,4.48,Delhi
2018-11-25,0.0,18.12,27.38,10.15,45.3,3.0,Delhi
2018-11-26,0.0,18.79,27.04,11.03,44.18,2.32,Delhi
2018-11-27,0.0,19.9,26.5,14.14,47.28,1.29,Delhi
2018-11-28,0.0,19.08,26.09,15.6,60.52,1.45,Delhi
2018-11-29,0.0,17.91,25.91,12.35,58.66,3.0,Delhi
2018-11-30,0.0,17.34,26.63,10.93,53.42,3.36,Delhi
2018-12-01,0.0,17.64,26.19,9.66,44.77,2.95,Delhi
2018-12-02,0.0,18.33,25.88,13.56,39.66,1.26,Delhi
2018-12-03,0.0,17.2,25.05,11.92,44.82,2.12,Delhi
2018-12-04,0.0,16.93,25.19,11.83,46.94,2.22,Delhi
2018-12-05,0.0,16.49,24.64,10.48,47.68,2.36,Delhi
2018-12-06,0.0,16.28,24.32,12.24,48.47,2.07,Delhi
2018-12-07,0.0,15.0,24.12,8.54,54.81,3.16,Delhi
2018-12-08,0.0,15.3,23.42,9.52,50.43,2.22,Delhi
2018-12-09,0.0,15.9,23.84,9.85,47.19,2.0,Delhi
2018-12-10,0.0,16.21,23.75,10.14,47.56,1.67,Delhi
2018-12-11,0.0,16.92,24.29,11.96,46.23,1.25,Delhi
2018-12-12,0.34,14.62,20.27,11.04,61.42,2.84,Delhi
2018-12-13,0.03,13.77,20.18,9.97,73.37,2.27,Delhi
2018-12-14,0.0,13.16,21.71,6.9,64.66,3.17,Delhi
2018-12-15,0.0,13.19,22.81,6.35,60.84,3.43,Delhi
2018-12-16,0.0,12.63,22.82,5.31,51.88,2.93,Delhi
2018-12-17,0.0,12.72,23.38,5.17,47.56,3.04,Delhi
2018-12-18,0.0,12.5,23.01,5.47,42.54,3.78,Delhi
2018-12-19,0.0,12.23,22.54,4.39,41.17,3.17,Delhi
2018-12-20,0.0,12.43,22.51,6.78,40.86,2.56,Delhi
2018-12-21,0.0,10.83,21.04,3.61,42.64,3.13,Delhi
2018-12-22,0.0,11.73,21.1,4.57,37.69,1.82,Delhi
2018-12-23,0.0,12.9,21.25,6.07,40.78,1.44,Delhi
2018-12-24,0.0,11.56,21.13,6.19,45.35,3.02,Delhi
2018-12-25,0.0,10.45,20.36,3.84,44.3,4.06,Delhi
2018-12-26,0.0,10.59,20.06,2.96,42.47,3.23,Delhi
2018-12-27,0.0,11.28,20.38,6.01,39.72,2.6,Delhi
2018-12-28,0.0,8.75,18.57,2.57,44.67,4.04,Delhi
2018-12-29,0.0,9.96,19.97,1.69,41.05,3.2,Delhi
2018-12-30,0.0,12.04,21.22,6.21,38.34,2.04,Delhi
2018-12-31,0.0,11.25,21.92,3.88,44.03,3.54,Delhi
2019-01-01,0.0,11.56,20.72,4.57,43.05,2.55,Delhi
2019-01-02,0.0,13.93,22.08,8.5,41.76,1.76,Delhi
2019-01-03,0.0,11.75,21.24,4.88,52.09,3.59,Delhi
2019-01-04,0.0,11.43,18.41,5.26,55.33,2.35,Delhi
2019-01-05,0.0,12.79,22.62,5.27,52.08,2.93,Delhi
2019-01-06,0.9,12.34,18.95,8.4,63.8,2.83,Delhi
2019-01-07,0.06,12.43,21.34,6.76,67.93,3.44,Delhi
2019-01-08,0.0,12.23,21.62,6.02,60.67,3.57,Delhi
2019-01-09,0.0,12.44,22.5,5.62,49.31,4.33,Delhi
2019-01-10,0.0,13.08,21.69,4.76,44.41,2.82,Delhi
2019-01-11,0.0,14.44,21.62,7.21,36.52,1.05,Delhi
2019-01-12,0.0,15.27,21.15,9.8,36.57,1.08,Delhi
2019-01-13,0.0,13.77,22.0,7.78,57.53,3.01,Delhi
2019-01-14,0.0,11.85,20.89,5.03,42.14,5.39,Delhi
2019-01-15,0.0,11.0,22.22,2.7,34.47,4.19,Delhi
2019-01-16,0.0,13.61,21.33,6.74,31.15,1.33,Delhi
2019-01-17,0.0,12.18,22.26,4.73,36.62,2.88,Delhi
2019-01-18,0.0,12.39,22.13,4.25,45.86,3.05,Delhi
2019-01-19,0.0,14.79,24.93,6.64,41.06,2.65,Delhi
2019-01-20,0.0,18.05,26.51,11.86,35.15,1.74,Delhi
2019-01-21,14.89,16.12,22.96,11.89,51.0,4.63,Delhi
2019-01-22,18.7,13.94,19.7,9.67,77.31,3.72,Delhi
2019-01-23,0.01,14.31,21.3,9.74,68.17,2.91,Delhi
2019-01-24,1.0,14.36,21.41,9.33,63.81,3.1,Delhi
2019-01-25,1.19,11.3,18.68,6.3,64.11,3.66,Delhi
2019-01-26,0.0,10.02,19.33,2.88,56.6,3.27,Delhi
2019-01-27,0.0,9.42,17.05,2.9,52.8,3.94,Delhi
2019-01-28,0.0,9.55,19.71,1.86,47.06,4.32,Delhi
2019-01-29,0.0,10.37,21.26,2.32,42.77,4.08,Delhi
2019-01-30,0.0,11.29,20.03,3.66,42.05,2.72,Delhi
2019-01-31,0.03,13.3,22.15,6.31,42.03,3.57,Delhi
2019-02-01,0.0,13.51,22.6,7.54,51.54,2.49,Delhi
2019-02-02,0.0,12.07,20.22,5.55,56.52,3.21,Delhi
2019-02-03,0.0,12.78,22.19,5.23,56.4,2.86,Delhi
2019-02-04,0.0,13.98,23.36,5.62,48.33,2.56,Delhi
2019-02-05,0.02,16.96,25.94,9.15,49.18,2.3,Delhi
2019-02-06,3.84,17.5,24.65,13.4,71.34,3.58,Delhi
2019-02-07,10.76,16.32,22.93,10.67,75.74,5.01,Delhi
2019-02-08,0.23,12.79,21.03,6.03,56.55,3.3,Delhi
2019-02-09,0.0,11.93,21.01,4.96,49.2,4.2,Delhi
2019-02-10,0.0,12.85,20.87,5.08,44.8,2.51,Delhi
2019-02-11,0.0,14.17,21.63,8.2,46.28,1.92,Delhi
2019-02-12,0.0,15.61,23.51,9.06,42.6,1.63,Delhi
2019-02-13,0.0,16.68,23.17,11.52,41.56,1.58,Delhi
2019-02-14,2.5,17.04,24.17,13.34,56.1,4.21,Delhi
2019-02-15,4.9,15.98,23.8,10.91,77.94,2.12,Delhi
2019-02-16,0.08,15.24,22.81,10.68,72.56,2.36,Delhi
2019-02-17,0.0,14.73,23.6,7.94,55.01,3.65,Delhi
2019-02-18,0.09,17.07,25.35,9.65,44.98,2.69,Delhi
2019-02-19,0.67,18.26,26.08,10.58,51.55,2.28,Delhi
2019-02-20,1.37,18.0,24.95,13.86,59.04,3.17,Delhi
2019-02-21,0.15,20.54,28.19,13.81,50.58,3.47,Delhi
2019-02-22,0.0,18.46,26.15,12.69,58.68,4.2,Delhi
2019-02-23,0.0,14.79,23.34,8.68,48.33,4.71,Delhi
2019-02-24,0.0,16.13,26.07,8.67,40.92,3.22,Delhi
2019-02-25,0.0,16.82,25.94,8.8,42.04,2.28,Delhi
2019-02-26,2.54,16.36,24.84,9.92,51.12,2.66,Delhi
2019-02-27,0.75,13.76,20.57,8.35,62.49,3.04,Delhi
2019-02-28,0.0,14.0,22.76,7.37,49.59,3.43,Delhi
2019-03-01,0.0,15.54,24.95,6.25,39.93,2.88,Delhi
2019-03-02,6.42,16.57,25.62,10.89,52.56,2.69,Delhi
2019-03-03,0.22,17.16,25.46,9.89,65.43,2.87,Delhi
2019-03-04,0.27,17.75,24.83,11.06,62.05,2.72,Delhi
2019-03-05,0.0,17.12,25.7,10.1,51.86,3.66,Delhi
2019-03-06,0.0,16.6,25.85,8.73,44.5,3.69,Delhi
2019-03-07,0.0,18.11,27.32,10.32,38.22,2.79,Delhi
2019-03-08,0.0,19.64,29.01,12.6,41.94,2.46,Delhi
2019-03-09,0.0,19.57,28.52,12.89,44.42,3.75,Delhi
2019-03-10,0.0,19.31,27.75,10.4,42.91,2.72,Delhi
2019-03-11,0.15,21.09,30.39,12.0,41.6,4.34,Delhi
2019-03-12,0.02,20.25,27.68,13.54,49.53,3.75,Delhi
2019-03-13,0.0,18.75,24.16,13.96,42.05,3.02,Delhi
2019-03-14,1.22,19.6,27.38,12.59,44.28,3.4,Delhi
2019-03-15,0.0,19.24,28.36,11.36,46.77,3.43,Delhi
2019-03-16,0.0,19.56,28.43,12.0,42.35,3.2,Delhi
2019-03-17,0.0,20.47,30.13,12.87,36.75,2.89,Delhi
2019-03-18,0.0,20.84,30.35,11.53,37.72,2.79,Delhi
2019-03-19,0.0,22.27,31.58,13.14,39.14,3.56,Delhi
2019-03-20,0.27,24.06,34.13,14.94,37.13,3.69,Delhi
2019-03-21,0.02,23.62,32.76,15.83,42.59,2.21,Delhi
2019-03-22,0.0,22.79,32.12,15.12,31.29,4.85,Delhi
2019-03-23,0.0,22.53,33.07,13.37,34.86,5.22,Delhi
2019-03-24,0.0,24.56,34.51,15.62,41.03,4.37,Delhi
2019-03-25,0.01,23.89,31.73,18.0,42.13,3.4,Delhi
2019-03-26,0.0,23.4,33.27,14.96,35.68,4.21,Delhi
2019-03-27,0.0,24.01,34.54,14.37,32.52,3.59,Delhi
2019-03-28,0.0,27.03,36.52,17.78,30.98,2.78,Delhi
2019-03-29,0.0,28.79,38.29,21.44,34.06,2.39,Delhi
2019-03-30,0.22,29.59,38.91,22.42,34.57,1.8,Delhi
2019-03-31,0.01,27.13,37.41,19.61,26.72,4.53,Delhi
2019-04-01,0.0,25.45,36.48,15.57,24.6,4.44,Delhi
2019-04-02,0.0,27.42,37.37,20.1,21.75,2.49,Delhi
2019-04-03,0.0,28.54,38.54,18.45,22.53,2.64,Delhi
2019-04-04,0.0,29.88,39.82,20.5,25.93,2.35,Delhi
2019-04-05,0.0,31.11,41.08,22.21,26.92,2.23,Delhi
2019-04-06,0.0,32.15,41.32,24.52,28.1,2.52,Delhi
2019-04-07,0.0,30.87,39.03,22.61,26.69,2.63,Delhi
2019-04-08,1.23,29.78,37.59,22.27,27.78,2.31,Delhi
2019-04-09,0.16,29.81,39.89,21.28,26.97,2.41,Delhi
2019-04-10,0.0,31.7,41.07,24.05,23.45,2.36,Delhi
2019-04-11,0.0,32.1,41.38,23.06,26.95,3.27,Delhi
2019-04-12,0.01,32.13,40.7,24.11,24.25,3.55,Delhi
2019-04-13,0.09,32.12,40.98,23.63,29.12,3.96,Delhi
2019-04-14,0.0,32.44,41.36,23.53,27.56,4.48,Delhi
2019-04-15,0.0,33.51,41.87,25.78,27.35,5.09,Delhi
2019-04-16,0.53,28.37,33.26,24.23,43.59,3.98,Delhi
2019-04-17,15.18,23.42,27.48,19.56,67.98,3.82,Delhi
2019-04-18,1.78,24.64,31.8,18.07,57.4,2.1,Delhi
2019-04-19,0.0,26.47,33.85,19.2,41.33,2.82,Delhi
2019-04-20,0.0,27.59,35.62,19.28,37.53,2.6,Delhi
2019-04-21,0.0,29.92,38.95,20.59,33.14,3.21,Delhi
2019-04-22,0.0,31.49,39.79,24.06,30.88,2.81,Delhi
2019-04-23,0.0,32.75,42.05,23.27,31.42,2.89,Delhi
2019-04-24,0.0,33.42,41.77,23.46,29.27,1.98,Delhi
2019-04-25,0.0,34.19,43.18,25.87,24.03,2.91,Delhi
2019-04-26,0.24,33.65,42.58,25.09,24.76,4.16,Delhi
2019-04-27,0.0,34.06,42.8,25.42,19.99,6.24,Delhi
2019-04-28,0.0,33.99,43.19,25.74,17.23,5.77,Delhi
2019-04-29,0.0,34.29,43.73,24.91,16.07,3.76,Delhi
2019-04-30,0.0,34.17,43.83,24.79,15.18,3.75,Delhi
2019-05-01,0.0,34.45,43.6,24.09,14.16,2.5,Delhi
2019-05-02,0.01,34.25,42.95,24.97,17.22,3.35,Delhi
2019-05-03,0.69,33.09,41.61,24.77,21.77,2.61,Delhi
2019-05-04,0.77,32.0,41.19,23.58,17.48,4.08,Delhi
2019-05-05,0.0,32.1,41.71,22.26,14.15,4.72,Delhi
2019-05-06,0.0,33.04,43.24,22.58,12.43,4.68,Delhi
2019-05-07,0.0,34.07,43.8,24.27,11.85,4.44,Delhi
2019-05-08,0.0,35.14,44.43,25.4,14.89,4.95,Delhi
2019-05-09,0.0,35.84,44.18,27.98,19.03,5.89,Delhi
2019-05-10,0.0,35.79,43.54,28.09,20.52,4.93,Delhi
2019-05-11,0.0,34.99,42.34,29.1,24.91,3.6,Delhi
2019-05-12,0.0,34.17,41.87,26.73,25.47,4.09,Delhi
2019-05-13,0.09,34.63,40.95,27.02,22.78,2.19,Delhi
2019-05-14,1.69,32.9,39.64,27.5,31.73,3.38,Delhi
2019-05-15,0.17,34.09,40.57,26.28,26.85,1.61,Delhi
2019-05-16,2.96,33.74,40.5,27.1,29.3,2.71,Delhi
2019-05-17,2.93,32.41,39.13,26.21,36.95,3.87,Delhi
2019-05-18,1.96,29.45,35.03,23.95,48.9,3.31,Delhi
2019-05-19,0.0,31.63,39.17,24.36,34.46,4.37,Delhi
2019-05-20,0.0,33.54,42.05,25.13,26.76,3.95,Delhi
2019-05-21,0.0,34.03,42.3,27.26,25.5,4.68,Delhi
2019-05-22,0.0,35.04,43.04,27.55,24.45,3.29,Delhi
2019-05-23,2.92,34.97,41.93,29.21,28.24,2.5,Delhi
2019-05-24,0.03,33.88,39.4,29.03,35.38,3.51,Delhi
2019-05-25,0.0,33.24,39.57,26.97,30.61,5.97,Delhi
2019-05-26,0.0,33.8,41.84,25.44,24.94,4.62,Delhi
2019-05-27,0.0,35.11,43.96,26.22,19.9,4.92,Delhi
2019-05-28,0.0,35.58,44.96,25.4,15.52,4.91,Delhi
2019-05-29,0.0,37.31,46.15,28.1,16.29,4.4,Delhi
2019-05-30,0.0,38.43,47.45,28.82,13.91,3.77,Delhi
2019-05-31,0.0,38.75,47.6,29.73,13.57,3.99,Delhi
2019-06-01,0.0,39.91,47.87,31.03,16.3,2.61,Delhi
2019-06-02,0.0,39.71,46.18,32.2,14.69,2.96,Delhi
2019-06-03,0.0,38.47,46.0,30.09,15.99,2.77,Delhi
2019-06-04,0.0,38.0,45.78,29.21,21.46,2.58,Delhi
2019-06-05,0.0,39.36,46.06,31.5,17.07,2.14,Delhi
2019-06-06,2.01,38.97,44.62,33.33,19.26,2.84,Delhi
2019-06-07,0.24,36.58,44.0,27.84,20.59,3.0,Delhi
2019-06-08,0.0,38.2,45.73,31.05,14.85,2.58,Delhi
2019-06-09,0.0,38.91,47.3,29.67,14.93,4.25,Delhi
2019-06-10,0.0,39.61,48.14,31.3,12.97,3.41,Delhi
2019-06-11,0.0,40.02,47.64,30.92,14.56,3.53,Delhi
2019-06-12,1.01,40.26,46.45,34.35,18.0,3.55,Delhi
2019-06-13,0.0,38.1,44.4,30.88,27.02,2.84,Delhi
2019-06-14,0.0,38.13,45.84,31.05,18.63,4.84,Delhi
2019-06-15,0.0,38.25,45.93,29.61,23.14,6.52,Delhi
2019-06-16,0.07,37.03,42.8,31.85,34.06,6.84,Delhi
2019-06-17,0.86,35.17,42.07,29.93,41.94,5.28,Delhi
2019-06-18,1.7,34.1,39.87,28.33,45.49,2.92,Delhi
2019-06-19,0.0,34.08,41.2,27.95,38.25,2.31,Delhi
2019-06-20,0.0,34.34,41.09,26.91,38.35,2.06,Delhi
2019-06-21,0.0,36.39,43.1,28.96,25.91,2.07,Delhi
2019-06-22,0.0,37.3,44.23,29.75,24.37,2.26,Delhi
2019-06-23,0.53,36.64,43.5,30.35,36.75,3.85,Delhi
2019-06-24,3.06,34.34,40.13,28.67,52.85,4.0,Delhi
2019-06-25,0.25,36.23,41.6,30.81,44.27,2.01,Delhi
2019-06-26,0.04,38.05,44.26,32.71,33.18,3.67,Delhi
2019-06-27,0.0,37.89,44.29,31.19,29.21,4.49,Delhi
2019-06-28,0.0,38.04,45.31,30.38,32.23,4.37,Delhi
2019-06-29,0.0,38.83,46.0,31.7,28.29,4.27,Delhi
2019-06-30,0.44,39.38,46.28,32.55,26.85,2.8,Delhi
2019-07-01,0.19,39.06,45.23,32.45,26.11,2.13,Delhi
2019-07-02,0.01,39.01,45.24,32.63,25.65,2.69,Delhi
2019-07-03,1.98,37.36,42.52,32.84,38.51,3.51,Delhi
2019-07-04,0.44,37.28,42.69,31.89,37.41,1.97,Delhi
2019-07-05,15.56,35.48,40.05,30.69,47.34,1.93,Delhi
2019-07-06,1.22,35.07,41.09,29.86,50.95,2.77,Delhi
2019-07-07,6.79,34.15,38.78,29.39,53.41,1.7,Delhi
2019-07-08,1.9,36.36,41.18,31.52,47.71,1.97,Delhi
2019-07-09,14.95,33.61,37.76,29.61,58.86,3.43,Delhi
2019-07-10,7.46,34.48,40.44,29.03,53.56,4.3,Delhi
2019-07-11,5.12,34.81,41.08,29.55,50.41,5.39,Delhi
2019-07-12,0.24,35.32,40.97,30.67,44.7,5.76,Delhi
2019-07-13,1.01,35.46,41.1,31.22,42.1,5.8,Delhi
2019-07-14,1.13,35.24,41.0,29.35,42.39,3.54,Delhi
2019-07-15,27.03,33.1,36.84,29.65,61.06,2.34,Delhi
2019-07-16,17.2,31.62,35.48,27.62,66.18,1.94,Delhi
2019-07-17,10.63,31.13,35.41,27.77,66.13,1.49,Delhi
2019-07-18,3.29,30.42,34.29,27.18,69.9,0.76,Delhi
2019-07-19,0.78,33.31,37.68,28.53,56.68,1.18,Delhi
2019-07-20,2.09,33.41,38.52,28.11,56.69,1.84,Delhi
2019-07-21,7.09,32.84,36.98,28.55,62.51,2.47,Delhi
2019-07-22,1.84,33.64,38.82,28.13,60.18,2.02,Delhi
2019-07-23,4.5,34.03,38.36,29.74,59.55,1.58,Delhi
2019-07-24,8.67,34.55,41.4,29.14,60.0,3.45,Delhi
2019-07-25,10.94,29.94,32.43,27.96,78.5,2.39,Delhi
2019-07-26,12.25,29.71,33.49,26.7,76.08,2.01,Delhi
2019-07-27,14.46,28.89,32.91,25.92,80.19,4.48,Delhi
2019-07-28,3.6,29.72,33.4,26.12,77.63,4.97,Delhi
2019-07-29,0.64,31.02,35.99,27.03,72.45,4.79,Delhi
2019-07-30,0.54,31.44,36.72,26.71,67.72,4.12,Delhi
2019-07-31,0.12,30.84,34.99,26.63,68.89,2.43,Delhi
2019-08-01,0.38,31.25,35.97,26.82,67.46,3.47,Delhi
2019-08-02,14.44,29.95,34.38,27.49,78.99,2.98,Delhi
2019-08-03,3.47,28.93,31.47,27.27,83.91,2.95,Delhi
2019-08-04,7.69,29.02,30.85,26.66,84.78,1.16,Delhi
2019-08-05,6.35,31.69,35.87,27.05,72.67,1.41,Delhi
2019-08-06,37.68,31.45,34.08,28.13,75.18,1.24,Delhi
2019-08-07,11.39,29.93,33.55,26.91,79.99,1.59,Delhi
2019-08-08,0.16,30.2,34.35,26.6,77.19,2.41,Delhi
2019-08-09,1.1,29.8,33.53,26.82,77.29,6.07,Delhi
2019-08-10,1.32,28.97,32.94,25.71,79.33,5.07,Delhi
2019-08-11,0.76,30.36,34.76,25.97,75.5,2.34,Delhi
2019-08-12,0.18,30.65,34.02,26.3,74.37,1.98,Delhi
2019-08-13,4.44,31.79,35.87,27.78,72.15,1.82,Delhi
2019-08-14,7.16,30.87,34.33,27.56,76.14,2.07,Delhi
2019-08-15,12.37,29.31,33.47,26.93,82.43,4.03,Delhi
2019-08-16,5.96,28.23,31.64,25.66,82.44,5.49,Delhi
2019-08-17,7.53,28.22,31.97,25.74,86.93,5.32,Delhi
2019-08-18,18.9,28.3,31.61,25.52,86.8,2.44,Delhi
2019-08-19,3.45,29.07,33.47,25.2,79.24,2.67,Delhi
2019-08-20,0.46,28.76,33.39,24.96,78.17,3.25,Delhi
2019-08-21,0.06,29.35,35.56,23.82,72.03,3.26,Delhi
2019-08-22,0.21,29.36,34.54,24.44,69.42,2.32,Delhi
2019-08-23,1.71,30.45,35.37,25.52,66.36,1.8,Delhi
2019-08-24,0.79,31.47,37.39,26.78,63.56,1.79,Delhi
2019-08-25,8.49,28.64,31.64,26.21,81.88,2.09,Delhi
2019-08-26,0.13,29.58,34.16,25.9,75.02,2.42,Delhi
2019-08-27,0.0,30.9,35.52,26.3,70.27,1.86,Delhi
2019-08-28,0.0,31.27,36.2,26.63,70.53,2.65,Delhi
2019-08-29,0.62,31.23,35.64,27.09,68.93,2.18,Delhi
2019-08-30,0.65,30.69,34.22,26.87,72.79,1.5,Delhi
2019-08-31,16.64,31.93,36.16,28.07,67.5,1.11,Delhi
2019-09-01,12.23,29.96,34.0,27.2,80.35,2.45,Delhi
2019-09-02,0.32,30.74,34.8,26.7,75.19,1.2,Delhi
2019-09-03,0.55,32.24,36.42,27.58,65.95,1.01,Delhi
2019-09-04,1.69,30.69,34.65,27.59,75.42,2.41,Delhi
2019-09-05,0.41,30.75,35.41,26.46,72.63,1.99,Delhi
2019-09-06,0.96,30.97,34.06,27.26,72.01,1.17,Delhi
2019-09-07,5.85,29.85,32.25,27.63,79.41,1.55,Delhi
2019-09-08,6.12,30.02,33.4,26.86,77.98,1.44,Delhi
2019-09-09,0.88,31.25,36.63,27.28,67.66,1.45,Delhi
2019-09-10,0.04,30.75,36.68,26.14,63.04,2.18,Delhi
2019-09-11,0.0,31.65,37.67,24.96,56.41,1.54,Delhi
2019-09-12,0.1,31.97,38.35,26.57,56.26,1.81,Delhi
2019-09-13,0.45,30.92,36.51,26.33,69.42,3.17,Delhi
2019-09-14,0.11,30.74,35.87,26.86,69.45,2.93,Delhi
2019-09-15,0.8,30.67,36.06,25.83,68.85,0.86,Delhi
2019-09-16,0.62,30.9,37.01,25.71,64.08,2.21,Delhi
2019-09-17,1.84,30.93,36.31,25.72,62.71,2.04,Delhi
2019-09-18,0.0,30.89,37.32,25.92,62.45,2.16,Delhi
2019-09-19,0.02,28.77,33.85,24.65,69.72,3.24,Delhi
2019-09-20,0.0,29.39,34.49,24.29,67.41,2.44,Delhi
2019-09-21,6.45,29.76,34.68,25.04,67.61,1.58,Delhi
2019-09-22,23.14,28.04,32.57,24.45,78.53,2.89,Delhi
2019-09-23,1.93,27.68,33.22,22.49,71.21,2.25,Delhi
2019-09-24,1.81,27.79,32.87,23.0,73.6,2.57,Delhi
2019-09-25,2.43,27.42,31.39,23.65,77.18,2.87,Delhi
2019-09-26,1.55,26.89,30.37,24.22,79.1,3.84,Delhi
2019-09-27,0.58,26.89,30.88,23.68,79.57,3.81,Delhi
2019-09-28,4.52,26.62,30.98,24.09,80.73,4.74,Delhi
2019-09-29,1.26,26.73,31.56,23.12,75.99,3.66,Delhi
2019-09-30,0.68,26.19,30.55,22.98,77.54,3.18,Delhi
2019-10-01,0.35,27.15,32.65,22.16,71.75,1.84,Delhi
2019-10-02,0.84,27.73,32.78,22.34,66.8,1.43,Delhi
2019-10-03,6.74,27.1,31.33,23.51,66.03,1.87,Delhi
2019-10-04,5.18,26.16,32.53,20.93,66.92,2.66,Delhi
2019-10-05,0.0,25.91,32.86,20.29,62.72,3.37,Delhi
2019-10-06,0.0,25.77,32.73,19.67,61.28,2.94,Delhi
2019-10-07,0.0,26.24,33.72,20.58,58.36,3.42,Delhi
2019-10-08,0.0,25.98,33.7,18.8,53.89,2.75,Delhi
2019-10-09,0.0,26.33,33.81,19.56,52.59,1.83,Delhi
2019-10-10,0.0,26.1,34.17,19.38,53.16,2.15,Delhi
2019-10-11,0.0,25.83,33.73,19.44,52.93,1.9,Delhi
2019-10-12,0.0,26.02,33.54,20.16,57.01,2.27,Delhi
2019-10-13,0.0,26.36,33.78,21.07,53.58,2.6,Delhi
2019-10-14,0.0,26.71,34.18,21.03,53.91,2.31,Delhi
2019-10-15,0.0,26.41,34.48,20.95,52.14,2.34,Delhi
2019-10-16,0.06,26.11,34.14,19.98,51.65,2.1,Delhi
2019-10-17,0.0,26.78,34.47,20.75,52.82,1.55,Delhi
2019-10-18,0.15,27.14,33.85,20.84,57.76,2.03,Delhi
2019-10-19,0.04,26.42,31.99,22.18,55.11,1.21,Delhi
2019-10-20,0.0,24.84,33.43,17.99,47.41,3.09,Delhi
2019-10-21,0.0,23.85,32.73,17.04,48.9,3.81,Delhi
2019-10-22,0.0,23.5,32.71,16.27,45.31,4.02,Delhi
2019-10-23,0.0,24.15,33.59,16.81,41.77,2.81,Delhi
2019-10-24,0.0,23.58,32.32,16.08,48.19,2.46,Delhi
2019-10-25,0.0,23.43,31.19,16.18,56.65,2.2,Delhi
2019-10-26,0.0,23.73,30.61,17.15,57.77,1.79,Delhi
2019-10-27,0.0,23.99,31.64,17.13,48.49,2.32,Delhi
2019-10-28,0.0,24.08,32.05,17.29,49.86,2.24,Delhi
2019-10-29,0.0,24.24,30.35,19.93,49.24,1.75,Delhi
2019-10-30,0.0,25.07,30.98,20.71,42.23,1.82,Delhi
2019-10-31,0.0,25.01,33.06,20.12,40.97,2.22,Delhi
2019-11-01,0.0,24.36,33.38,18.0,46.12,2.04,Delhi
2019-11-02,0.01,24.39,32.19,18.93,47.88,2.38,Delhi
2019-11-03,0.14,23.63,31.0,17.86,52.37,2.99,Delhi
2019-11-04,0.14,23.43,30.91,18.1,54.12,3.84,Delhi
2019-11-05,0.0,22.74,31.18,15.88,50.83,3.85,Delhi
2019-11-06,0.0,23.65,31.1,17.62,43.22,2.04,Delhi
2019-11-07,0.39,22.39,27.86,17.82,59.85,2.51,Delhi
2019-11-08,0.05,23.4,31.16,17.7,59.19,2.55,Delhi
2019-11-09,0.0,22.78,30.86,16.61,49.6,3.56,Delhi
2019-11-10,0.0,21.62,29.77,15.19,44.3,3.73,Delhi
2019-11-11,0.0,20.63,28.01,16.1,41.16,2.94,Delhi
2019-11-12,0.0,20.19,29.17,13.1,41.5,3.24,Delhi
2019-11-13,0.0,21.01,28.02,16.06,43.81,2.36,Delhi
2019-11-14,0.0,21.87,29.52,17.57,48.01,1.56,Delhi
2019-11-15,0.0,20.57,28.71,15.25,52.96,1.92,Delhi
2019-11-16,0.0,20.98,30.14,13.79,55.83,4.35,Delhi
2019-11-17,0.0,21.16,30.02,15.14,50.4,6.13,Delhi
2019-11-18,0.0,19.46,26.9,13.28,52.27,3.85,Delhi
2019-11-19,0.0,19.71,27.08,12.86,47.71,2.41,Delhi
2019-11-20,0.0,20.23,27.93,15.06,41.92,1.35,Delhi
2019-11-21,0.0,19.58,27.58,13.56,45.38,2.07,Delhi
2019-11-22,0.0,19.96,27.73,14.17,47.93,2.27,Delhi
2019-11-23,0.0,20.78,27.91,15.98,52.55,3.72,Delhi
2019-11-24,0.0,21.44,27.68,15.72,58.38,3.49,Delhi
2019-11-25,0.0,22.17,28.68,15.96,50.31,1.83,Delhi
2019-11-26,0.0,21.61,28.78,16.51,54.3,2.19,Delhi
2019-11-27,0.2,20.46,27.29,14.42,58.52,2.94,Delhi
2019-11-28,8.52,19.89,24.33,17.41,79.52,4.45,Delhi
2019-11-29,4.15,18.32,22.21,15.06,80.21,2.13,Delhi
2019-11-30,0.0,16.88,24.37,11.44,64.27,2.92,Delhi
2019-12-01,0.0,15.73,24.11,9.87,52.23,3.14,Delhi
2019-12-02,0.0,15.02,23.92,8.27,46.21,3.48,Delhi
2019-12-03,0.0,15.21,24.85,7.94,44.3,3.34,Delhi
2019-12-04,0.0,15.45,24.61,8.09,38.96,2.37,Delhi
2019-12-05,0.0,16.07,22.77,10.22,38.18,1.11,Delhi
2019-12-06,0.0,16.89,23.5,12.21,40.5,1.05,Delhi
2019-12-07,0.0,17.61,24.6,10.77,45.3,1.33,Delhi
2019-12-08,0.0,17.15,24.75,12.16,49.85,1.55,Delhi
2019-12-09,0.0,15.48,23.84,9.65,51.06,1.89,Delhi
2019-12-10,0.0,15.88,23.73,10.26,44.54,1.96,Delhi
2019-12-11,0.0,16.45,23.18,11.0,43.17,1.37,Delhi
2019-12-12,12.65,15.52,19.7,13.38,62.93,3.29,Delhi
2019-12-13,26.34,15.18,20.5,10.41,87.83,3.04,Delhi
2019-12-14,0.1,13.77,20.03,8.08,70.02,1.89,Delhi
2019-12-15,0.0,13.01,20.16,7.88,58.09,2.76,Delhi
2019-12-16,0.0,11.31,18.04,6.11,69.08,3.26,Delhi
2019-12-17,0.0,10.7,17.78,5.24,68.59,3.3,Delhi
2019-12-18,0.0,10.32,17.85,3.85,61.57,2.89,Delhi
2019-12-19,0.0,11.15,17.35,5.66,53.53,1.89,Delhi
2019-12-20,0.0,12.84,19.45,7.29,53.73,2.12,Delhi
2019-12-21,0.0,14.46,21.8,9.66,61.31,2.83,Delhi
2019-12-22,0.0,12.17,20.51,6.14,61.69,3.61,Delhi
2019-12-23,0.0,11.95,20.28,4.86,52.72,2.82,Delhi
2019-12-24,0.0,10.65,18.9,5.57,50.31,2.2,Delhi
2019-12-25,0.0,9.79,19.73,2.52,53.33,3.34,Delhi
2019-12-26,0.0,9.14,18.28,2.92,52.22,3.77,Delhi
2019-12-27,0.0,7.52,16.16,0.7,60.38,2.53,Delhi
2019-12-28,0.0,7.48,15.41,0.47,56.31,2.24,Delhi
2019-12-29,0.0,8.9,17.87,1.35,49.97,1.63,Delhi
2019-12-30,0.0,8.55,18.36,3.11,54.65,2.55,Delhi
2019-12-31,0.0,8.04,14.33,1.29,56.81,1.74,Delhi
2020-01-01,0.0,10.65,19.62,4.57,48.65,2.49,Delhi
2020-01-02,0.06,12.48,19.65,5.07,72.65,2.41,Delhi
2020-01-03,0.06,14.64,21.05,8.32,74.02,2.01,Delhi
2020-01-04,0.09,13.88,21.29,9.19,66.9,2.32,Delhi
2020-01-05,0.0,12.81,21.42,7.37,54.56,2.84,Delhi
2020-01-06,0.02,13.7,21.92,8.25,55.23,2.48,Delhi
2020-01-07,0.89,14.59,22.06,8.71,75.14,2.98,Delhi
2020-01-08,9.69,13.18,17.39,9.1,86.74,2.66,Delhi
2020-01-09,0.15,9.67,17.48,4.36,67.72,3.98,Delhi
2020-01-10,0.0,8.99,19.03,2.26,55.02,3.44,Delhi
2020-01-11,0.0,10.4,19.54,2.03,43.57,2.51,Delhi
2020-01-12,0.0,13.13,22.14,5.85,38.27,1.95,Delhi
2020-01-13,0.27,14.82,25.07,6.02,57.85,3.5,Delhi
2020-01-14,0.02,14.25,20.95,9.14,70.79,2.29,Delhi
2020-01-15,0.0,13.32,21.9,6.34,67.25,2.22,Delhi
2020-01-16,3.03,12.64,16.77,9.76,81.97,2.84,Delhi
2020-01-17,7.54,12.85,19.36,8.01,76.27,2.69,Delhi
2020-01-18,0.0,12.95,20.54,8.52,67.51,2.25,Delhi
2020-01-19,0.0,11.06,19.8,4.85,66.46,3.22,Delhi
2020-01-20,0.0,11.01,18.84,3.94,67.55,2.48,Delhi
2020-01-21,0.0,13.13,20.48,6.72,50.6,2.04,Delhi
2020-01-22,0.0,12.91,21.47,6.75,51.7,3.23,Delhi
2020-01-23,0.0,11.36,20.5,4.83,58.68,5.32,Delhi
2020-01-24,0.0,11.46,22.35,3.76,48.89,4.73,Delhi
2020-01-25,0.0,11.77,21.34,4.09,47.91,2.58,Delhi
2020-01-26,0.0,14.12,22.97,7.28,54.88,2.79,Delhi
2020-01-27,0.44,15.98,23.74,9.82,58.08,2.54,Delhi
2020-01-28,5.96,14.23,18.88,10.68,74.55,2.86,Delhi
2020-01-29,1.26,13.94,21.26,8.96,68.64,2.23,Delhi
2020-01-30,0.0,12.01,20.62,5.61,61.52,3.91,Delhi
2020-01-31,0.0,11.83,20.38,4.54,57.77,2.92,Delhi
2020-02-01,0.0,12.39,20.73,6.66,53.14,2.29,Delhi
2020-02-02,0.0,11.46,20.96,4.35,59.41,3.53,Delhi
2020-02-03,0.0,12.08,21.06,4.31,55.59,2.46,Delhi
2020-02-04,0.0,12.61,21.29,4.83,49.46,2.18,Delhi
2020-02-05,0.0,12.66,21.7,5.49,51.35,3.36,Delhi
2020-02-06,0.0,12.14,20.32,4.82,53.86,2.44,Delhi
2020-02-07,0.0,12.41,20.96,6.36,51.66,2.82,Delhi
2020-02-08,0.0,11.94,21.72,4.34,56.28,3.35,Delhi
2020-02-09,0.0,12.83,22.97,4.68,53.56,2.74,Delhi
2020-02-10,0.0,13.52,22.59,5.57,48.55,2.6,Delhi
2020-02-11,0.0,14.23,23.09,7.62,48.24,2.28,Delhi
2020-02-12,0.0,15.65,26.37,7.02,49.44,3.78,Delhi
2020-02-13,0.0,18.71,29.71,10.95,51.77,5.43,Delhi
2020-02-14,0.0,17.74,26.74,11.16,47.16,6.13,Delhi
2020-02-15,0.0,15.62,26.86,7.71,40.25,4.63,Delhi
2020-02-16,0.0,16.12,27.62,6.95,38.31,3.54,Delhi
2020-02-17,0.0,16.46,27.83,7.79,35.09,3.7,Delhi
2020-02-18,0.0,16.31,27.47,6.87,35.2,3.7,Delhi
2020-02-19,0.0,18.39,28.25,8.93,32.59,3.58,Delhi
2020-02-20,1.75,19.08,28.66,11.69,41.89,5.64,Delhi
2020-02-21,9.08,17.18,24.43,12.84,66.77,4.97,Delhi
2020-02-22,0.08,17.31,23.79,10.14,69.15,2.49,Delhi
2020-02-23,0.29,19.26,27.0,13.78,58.34,1.58,Delhi
2020-02-24,0.0,18.91,27.38,12.41,57.48,3.06,Delhi
2020-02-25,0.57,18.45,26.65,11.16,54.38,2.84,Delhi
2020-02-26,0.0,18.91,27.95,10.98,58.02,2.58,Delhi
2020-02-27,0.0,18.11,27.49,11.09,62.36,2.65,Delhi
2020-02-28,0.0,19.58,28.64,11.92,61.01,4.33,Delhi
2020-02-29,5.39,19.94,27.19,13.51,66.2,3.93,Delhi
2020-03-01,1.02,20.47,28.22,14.87,65.14,2.46,Delhi
2020-03-02,0.0,20.93,29.0,14.12,53.4,2.0,Delhi
2020-03-03,0.0,21.0,29.61,14.18,48.75,2.64,Delhi
2020-03-04,4.16,21.23,29.85,14.0,52.15,2.55,Delhi
2020-03-05,6.15,20.19,26.79,14.28,71.64,3.69,Delhi
2020-03-06,37.97,17.96,23.56,14.72,81.39,4.62,Delhi
2020-03-07,0.16,18.0,24.27,12.04,66.53,2.16,Delhi
2020-03-08,0.0,18.14,26.23,12.38,55.99,2.62,Delhi
2020-03-09,0.0,17.52,26.49,10.15,55.0,4.62,Delhi
2020-03-10,0.0,18.18,27.01,9.46,48.01,2.31,Delhi
2020-03-11,0.53,19.97,26.78,13.15,63.72,3.54,Delhi
2020-03-12,1.86,21.01,28.24,14.62,62.18,3.33,Delhi
2020-03-13,1.99,20.02,28.05,12.69,43.93,2.23,Delhi
2020-03-14,4.09,16.97,25.84,9.04,59.4,2.54,Delhi
2020-03-15,2.8,17.73,24.93,11.02,54.72,1.7,Delhi
2020-03-16,0.0,19.27,27.75,11.51,55.0,2.51,Delhi
2020-03-17,0.0,20.39,29.54,12.61,51.54,3.52,Delhi
2020-03-18,0.0,21.42,30.83,12.78,50.0,3.61,Delhi
2020-03-19,0.0,22.65,31.45,15.54,53.47,2.63,Delhi
2020-03-20,0.01,23.72,31.38,16.7,50.62,1.58,Delhi
2020-03-21,0.0,24.72,32.75,17.43,44.77,1.37,Delhi
2020-03-22,0.0,24.18,32.39,18.55,45.67,2.76,Delhi
2020-03-23,0.0,23.77,32.45,15.76,48.31,2.36,Delhi
2020-03-24,0.48,24.48,33.33,18.83,48.4,2.25,Delhi
2020-03-25,0.0,25.36,33.69,17.66,48.98,3.35,Delhi
2020-03-26,0.24,24.0,29.99,19.27,54.76,3.9,Delhi
2020-03-27,3.74,22.54,27.95,17.92,63.23,3.34,Delhi
2020-03-28,0.04,22.74,31.09,15.6,55.7,3.58,Delhi
2020-03-29,0.0,23.1,31.74,15.31,45.17,4.85,Delhi
2020-03-30,0.0,22.86,32.16,14.65,46.48,4.4,Delhi
2020-03-31,0.01,23.69,33.85,14.64,47.46,4.02,Delhi
2020-04-01,0.67,25.71,34.86,18.03,49.42,2.78,Delhi
2020-04-02,0.0,24.36,32.91,16.45,46.16,4.58,Delhi
2020-04-03,0.0,23.15,32.29,15.24,40.75,4.52,Delhi
2020-04-04,0.0,23.96,33.84,14.41,39.21,4.06,Delhi
2020-04-05,0.0,25.81,35.11,16.72,39.12,2.61,Delhi
2020-04-06,0.0,26.62,35.84,18.34,34.49,3.82,Delhi
2020-04-07,0.0,26.81,36.1,18.18,37.94,4.06,Delhi
2020-04-08,0.0,25.96,34.58,18.8,40.49,3.88,Delhi
2020-04-09,0.0,25.51,34.27,16.86,38.14,3.73,Delhi
2020-04-10,0.0,27.89,35.45,19.65,35.3,3.28,Delhi
2020-04-11,0.0,29.14,38.25,20.95,35.87,3.01,Delhi
2020-04-12,0.0,28.96,38.27,20.66,36.52,4.24,Delhi
2020-04-13,0.0,30.33,39.64,21.11,39.78,3.73,Delhi
2020-04-14,0.0,32.34,40.26,26.14,36.41,1.48,Delhi
2020-04-15,0.0,31.98,40.41,24.27,27.76,2.56,Delhi
2020-04-16,0.0,30.81,39.84,21.85,31.38,3.91,Delhi
2020-04-17,0.05,29.68,38.18,23.29,30.04,2.37,Delhi
2020-04-18,2.06,29.8,38.79,21.89,32.88,3.09,Delhi
2020-04-19,1.36,28.88,36.78,22.0,40.73,3.41,Delhi
2020-04-20,0.07,24.65,29.72,21.61,48.49,3.62,Delhi
2020-04-21,0.01,27.72,34.8,20.46,44.75,2.77,Delhi
2020-04-22,0.0,28.48,36.85,20.01,35.47,2.73,Delhi
2020-04-23,0.19,28.45,34.82,24.12,36.28,3.29,Delhi
2020-04-24,0.01,30.77,38.27,22.06,32.51,2.06,Delhi
2020-04-25,0.1,31.94,38.01,24.9,29.52,1.45,Delhi
2020-04-26,11.86,30.15,38.48,23.5,41.13,3.68,Delhi
2020-04-27,1.69,28.01,35.75,20.59,51.82,4.51,Delhi
2020-04-28,0.42,28.88,35.03,21.73,48.66,2.22,Delhi
2020-04-29,0.0,30.99,37.34,24.0,40.89,1.43,Delhi
2020-04-30,0.05,31.94,39.38,24.89,40.54,1.89,Delhi
2020-05-01,0.35,32.37,40.42,24.82,39.08,3.01,Delhi
2020-05-02,0.0,32.65,40.58,24.66,38.61,3.54,Delhi
2020-05-03,8.73,31.26,38.62,24.46,43.39,3.81,Delhi
2020-05-04,0.31,30.68,37.8,23.8,48.83,2.11,Delhi
2020-05-05,0.07,31.56,38.11,24.99,41.75,2.07,Delhi
2020-05-06,0.17,31.67,38.53,25.53,35.47,2.3,Delhi
2020-05-07,3.85,30.16,37.77,23.13,45.41,3.09,Delhi
2020-05-08,0.0,32.75,40.48,23.68,33.04,2.27,Delhi
2020-05-09,0.0,33.4,41.47,24.33,30.61,2.19,Delhi
2020-05-10,7.12,30.98,41.54,24.8,44.02,2.97,Delhi
2020-05-11,0.0,30.14,36.18,22.93,46.03,2.8,Delhi
2020-05-12,0.22,31.41,38.39,23.85,37.9,1.86,Delhi
2020-05-13,0.18,32.66,38.94,27.39,34.93,1.97,Delhi
2020-05-14,0.02,33.67,40.49,26.87,35.71,1.81,Delhi
2020-05-15,0.09,33.41,41.13,26.48,33.82,4.52,Delhi
2020-05-16,0.0,33.13,41.09,24.99,28.31,5.39,Delhi
2020-05-17,0.0,34.34,42.74,24.43,25.48,3.11,Delhi
2020-05-18,0.0,34.03,42.68,25.73,22.57,3.65,Delhi
2020-05-19,0.0,33.72,42.77,24.55,17.27,3.77,Delhi
2020-05-20,0.0,33.12,41.85,24.4,18.47,4.24,Delhi
2020-05-21,0.0,34.13,43.76,23.42,17.42,5.48,Delhi
2020-05-22,0.0,36.52,45.63,25.43,15.93,2.75,Delhi
2020-05-23,0.0,38.66,46.66,30.26,15.66,2.88,Delhi
2020-05-24,0.0,38.32,46.47,29.51,15.52,4.47,Delhi
2020-05-25,0.0,37.83,46.09,29.31,18.47,4.35,Delhi
2020-05-26,0.0,38.37,47.42,29.81,15.49,4.81,Delhi
2020-05-27,0.0,38.92,47.23,30.39,14.54,2.94,Delhi
2020-05-28,0.02,36.75,43.54,29.91,26.53,6.44,Delhi
2020-05-29,3.28,34.91,41.19,28.45,32.66,5.82,Delhi
2020-05-30,8.01,31.65,36.89,26.72,43.82,3.85,Delhi
2020-05-31,19.66,29.66,34.85,24.8,55.57,1.81,Delhi
2020-06-01,1.36,31.02,36.84,25.32,50.07,2.49,Delhi
2020-06-02,2.3,31.92,37.7,26.28,45.23,2.06,Delhi
2020-06-03,0.12,33.32,39.58,26.41,40.7,1.88,Delhi
2020-06-04,3.03,31.8,38.37,26.75,47.52,3.15,Delhi
2020-06-05,0.57,31.1,37.15,25.58,48.71,2.58,Delhi
2020-06-06,0.62,31.45,36.06,26.01,46.92,2.31,Delhi
2020-06-07,7.69,32.46,36.78,28.03,47.06,2.06,Delhi
2020-06-08,0.08,33.31,39.38,27.32,42.82,2.22,Delhi
2020-06-09,0.02,35.16,41.95,28.36,38.61,2.44,Delhi
2020-06-10,0.02,36.36,43.35,29.28,36.95,2.2,Delhi
2020-06-11,0.09,36.53,41.98,30.05,37.36,1.87,Delhi
2020-06-12,0.0,37.27,42.98,31.33,35.85,1.81,Delhi
2020-06-13,0.1,36.62,42.49,30.98,35.26,2.4,Delhi
2020-06-14,0.51,36.06,41.75,30.03,37.18,2.08,Delhi
2020-06-15,0.06,36.41,43.11,29.68,33.6,1.95,Delhi
2020-06-16,0.08,36.84,43.56,30.64,24.35,1.94,Delhi
2020-06-17,0.03,36.2,42.73,28.89,28.93,2.58,Delhi
2020-06-18,0.36,36.92,44.29,29.78,31.28,3.09,Delhi
2020-06-19,0.0,37.8,44.02,30.27,31.93,2.88,Delhi
2020-06-20,2.87,37.92,43.07,31.79,34.46,3.0,Delhi
2020-06-21,0.05,35.59,41.68,28.96,42.69,2.26,Delhi
2020-06-22,8.06,34.3,38.62,30.01,47.89,2.0,Delhi
2020-06-23,1.16,34.31,40.12,30.01,49.71,4.67,Delhi
2020-06-24,1.86,33.17,37.45,29.33,58.96,3.28,Delhi
2020-06-25,3.93,34.7,40.15,30.08,54.81,2.0,Delhi
2020-06-26,0.22,34.31,40.54,30.28,54.76,2.66,Delhi
2020-06-27,0.56,37.26,43.27,31.72,39.75,4.96,Delhi
2020-06-28,0.2,37.44,42.75,31.53,38.99,5.18,Delhi
2020-06-29,0.43,37.66,43.16,32.03,36.9,3.91,Delhi
2020-06-30,2.14,35.02,39.56,30.64,49.62,3.37,Delhi
2020-07-01,0.26,36.08,41.42,30.46,44.8,2.11,Delhi
2020-07-02,3.82,36.19,40.67,31.62,45.85,3.05,Delhi
2020-07-03,3.85,36.94,42.16,31.83,45.15,2.97,Delhi
2020-07-04,2.27,37.1,43.36,31.99,44.15,3.66,Delhi
2020-07-05,21.62,31.4,33.25,29.09,69.04,2.53,Delhi
2020-07-06,0.18,33.47,38.37,28.55,53.64,2.13,Delhi
2020-07-07,10.88,29.93,32.84,26.43,69.84,5.84,Delhi
2020-07-08,3.29,31.14,35.9,26.42,67.13,3.52,Delhi
2020-07-09,1.58,33.49,38.25,28.41,59.02,2.68,Delhi
2020-07-10,1.88,35.76,42.35,29.82,48.42,5.21,Delhi
2020-07-11,3.9,34.82,39.64,29.41,52.15,3.66,Delhi
2020-07-12,3.88,33.47,36.82,30.5,57.19,1.88,Delhi
2020-07-13,0.0,34.0,39.57,28.41,54.58,3.17,Delhi
2020-07-14,0.0,35.47,41.36,29.41,45.06,2.14,Delhi
2020-07-15,0.12,34.56,40.02,29.89,49.81,3.66,Delhi
2020-07-16,0.75,33.74,39.43,28.5,54.73,4.35,Delhi
2020-07-17,14.68,32.7,36.07,29.41,64.36,3.52,Delhi
2020-07-18,16.49,33.22,37.3,28.9,64.27,1.81,Delhi
2020-07-19,15.68,32.57,35.56,29.2,70.35,3.12,Delhi
2020-07-20,12.68,33.67,38.55,29.27,61.08,3.6,Delhi
2020-07-21,13.9,31.48,34.83,28.03,72.15,2.27,Delhi
2020-07-22,28.18,28.55,31.1,25.97,82.11,1.89,Delhi
2020-07-23,0.34,30.15,35.05,24.86,69.45,2.67,Delhi
2020-07-24,0.86,30.61,35.34,25.81,66.57,3.2,Delhi
2020-07-25,3.09,30.51,35.27,25.89,69.98,3.17,Delhi
2020-07-26,6.41,30.7,35.74,26.2,70.96,1.87,Delhi
2020-07-27,0.64,32.87,38.14,28.1,59.49,2.85,Delhi
2020-07-28,9.68,33.66,38.59,28.95,61.7,2.87,Delhi
2020-07-29,11.15,32.25,38.35,27.16,67.28,3.36,Delhi
2020-07-30,14.06,29.33,32.0,26.03,80.17,1.85,Delhi
2020-07-31,6.4,30.84,34.66,26.74,74.8,1.93,Delhi
2020-08-01,3.73,31.59,34.84,27.5,70.23,2.09,Delhi
2020-08-02,0.75,31.96,36.13,27.27,66.49,2.75,Delhi
2020-08-03,0.94,32.62,36.91,27.88,68.15,3.29,Delhi
2020-08-04,0.9,32.75,37.66,28.23,67.88,2.55,Delhi
2020-08-05,1.44,31.51,35.04,28.36,70.77,2.77,Delhi
2020-08-06,2.2,31.28,36.86,27.13,70.14,6.32,Delhi
2020-08-07,1.03,31.24,35.87,26.65,71.99,4.54,Delhi
2020-08-08,5.28,32.28,36.58,28.01,68.19,1.23,Delhi
2020-08-09,4.54,32.29,35.81,29.28,68.06,1.0,Delhi
2020-08-10,5.2,30.59,34.59,27.41,78.02,2.72,Delhi
2020-08-11,17.59,29.26,31.88,27.23,85.53,2.77,Delhi
2020-08-12,11.17,30.92,34.88,27.48,79.06,2.86,Delhi
2020-08-13,15.95,29.18,32.62,27.19,87.46,2.06,Delhi
2020-08-14,11.54,28.63,31.47,26.55,87.63,2.87,Delhi
2020-08-15,0.53,29.72,33.98,26.33,80.26,3.36,Delhi
2020-08-16,0.18,30.54,35.28,26.53,78.65,2.64,Delhi
2020-08-17,1.97,31.06,35.57,27.16,77.07,2.52,Delhi
2020-08-18,5.55,30.52,34.6,27.1,80.73,1.98,Delhi
2020-08-19,16.01,29.98,32.51,27.57,84.86,1.57,Delhi
2020-08-20,25.43,27.99,30.35,26.01,90.13,2.9,Delhi
2020-08-21,0.16,28.19,32.56,25.09,81.39,4.02,Delhi
2020-08-22,0.17,28.34,32.8,24.54,81.03,4.25,Delhi
2020-08-23,1.39,28.36,32.99,24.83,82.92,4.76,Delhi
2020-08-24,0.21,28.8,33.14,25.48,80.1,4.49,Delhi
2020-08-25,0.04,29.16,33.93,25.32,79.91,3.5,Delhi
2020-08-26,0.1,29.85,34.52,26.33,76.93,2.82,Delhi
2020-08-27,7.29,29.39,32.97,26.13,81.61,2.1,Delhi
2020-08-28,18.28,29.63,33.27,26.46,79.08,1.53,Delhi
2020-08-29,5.97,29.0,33.15,25.45,80.06,2.38,Delhi
2020-08-30,0.37,28.07,31.46,25.54,81.54,7.14,Delhi
2020-08-31,0.06,28.69,33.41,24.62,76.99,4.09,Delhi
2020-09-01,0.0,29.55,34.86,24.66,75.65,2.27,Delhi
2020-09-02,0.0,28.85,33.12,25.51,78.06,1.49,Delhi
2020-09-03,0.01,29.11,33.58,25.87,78.3,3.41,Delhi
2020-09-04,0.29,29.77,34.41,25.95,76.28,2.51,Delhi
2020-09-05,2.46,29.96,34.11,25.94,74.73,1.84,Delhi
2020-09-06,0.76,29.44,33.3,25.74,74.8,1.58,Delhi
2020-09-07,7.42,29.98,34.72,25.55,72.21,1.7,Delhi
2020-09-08,0.75,29.8,35.33,25.26,70.64,2.51,Delhi
2020-09-09,0.0,30.15,35.75,25.03,66.45,2.56,Delhi
2020-09-10,0.0,30.66,36.33,25.36,65.53,2.96,Delhi
2020-09-11,0.0,31.0,37.76,25.2,62.95,2.35,Delhi
2020-09-12,0.0,30.31,36.45,24.37,62.61,2.33,Delhi
2020-09-13,0.02,30.83,37.28,25.56,58.41,1.97,Delhi
2020-09-14,0.11,30.43,36.09,26.3,55.98,2.14,Delhi
2020-09-15,0.0,30.64,36.68,25.18,54.07,2.05,Delhi
2020-09-16,0.0,31.47,38.11,25.34,57.27,2.3,Delhi
2020-09-17,0.0,31.74,38.06,25.59,57.11,3.7,Delhi
2020-09-18,0.0,31.88,38.32,25.63,53.55,3.58,Delhi
2020-09-19,0.0,31.84,38.26,27.26,51.78,2.22,Delhi
2020-09-20,0.0,30.74,38.02,25.13,55.09,2.85,Delhi
2020-09-21,0.0,31.06,38.42,24.69,51.79,2.76,Delhi
2020-09-22,1.87,31.44,37.56,25.59,60.02,2.21,Delhi
2020-09-23,0.62,30.75,35.75,26.01,64.69,2.54,Delhi
2020-09-24,0.02,31.27,37.25,26.17,57.44,2.44,Delhi
2020-09-25,0.06,30.79,37.91,23.74,45.9,3.17,Delhi
2020-09-26,0.0,29.91,36.94,24.35,46.85,2.4,Delhi
2020-09-27,0.0,29.53,37.27,23.0,46.65,2.05,Delhi
2020-09-28,0.0,29.76,37.51,23.1,43.04,2.76,Delhi
2020-09-29,0.0,28.48,37.34,21.02,45.66,3.73,Delhi
2020-09-30,0.0,28.03,36.97,20.49,46.09,3.87,Delhi
2020-10-01,0.0,28.45,37.49,20.37,41.74,3.47,Delhi
2020-10-02,0.0,28.83,37.73,20.74,38.92,2.55,Delhi
2020-10-03,0.0,28.11,37.26,20.14,36.83,2.87,Delhi
2020-10-04,0.0,27.33,36.57,19.84,36.03,2.77,Delhi
2020-10-05,0.0,27.6,37.61,19.01,36.51,3.36,Delhi
2020-10-06,0.0,27.62,37.38,18.43,34.67,3.22,Delhi
2020-10-07,0.0,27.71,37.48,19.62,34.79,2.57,Delhi
2020-10-08,0.0,27.6,36.78,20.06,34.8,2.7,Delhi
2020-10-09,0.0,27.6,36.64,20.35,36.76,2.08,Delhi
2020-10-10,0.0,27.68,36.25,20.75,39.89,2.95,Delhi
2020-10-11,0.0,27.51,36.79,19.45,39.49,2.83,Delhi
2020-10-12,0.0,27.78,36.09,20.59,36.59,2.02,Delhi
2020-10-13,0.0,28.36,35.67,21.88,38.25,1.79,Delhi
2020-10-14,0.0,28.21,35.95,22.13,41.65,2.03,Delhi
2020-10-15,0.0,28.03,36.35,21.72,36.95,2.59,Delhi
2020-10-16,0.0,26.93,35.66,20.49,33.16,2.86,Delhi
2020-10-17,0.0,27.0,35.65,20.57,31.91,2.63,Delhi
2020-10-18,0.0,25.98,35.16,19.28,31.77,3.7,Delhi
2020-10-19,0.0,24.85,35.12,18.19,31.35,3.7,Delhi
2020-10-20,0.0,24.93,35.18,16.28,27.29,3.43,Delhi
2020-10-21,0.0,26.22,35.53,18.78,23.42,2.38,Delhi
2020-10-22,0.0,26.75,34.94,21.3,31.78,1.85,Delhi
2020-10-23,0.0,25.81,35.05,18.62,32.75,2.91,Delhi
2020-10-24,0.0,24.87,34.09,19.53,27.27,2.84,Delhi
2020-10-25,0.0,24.74,34.23,17.94,24.73,2.31,Delhi
2020-10-26,0.0,24.34,33.52,17.51,26.47,2.79,Delhi
2020-10-27,0.0,23.01,32.33,16.19,30.0,3.27,Delhi
2020-10-28,0.0,22.76,32.07,15.45,24.15,2.04,Delhi
2020-10-29,0.0,22.45,31.8,15.7,25.93,2.08,Delhi
2020-10-30,0.0,22.44,32.5,14.8,28.33,3.17,Delhi
2020-10-31,0.0,22.07,31.4,14.79,29.39,4.16,Delhi
2020-11-01,0.0,21.21,30.21,14.56,23.45,3.7,Delhi
2020-11-02,0.0,21.0,31.13,13.24,25.39,3.67,Delhi
2020-11-03,0.0,21.61,31.23,14.43,23.74,2.63,Delhi
2020-11-04,0.0,21.75,30.57,14.69,25.87,2.95,Delhi
2020-11-05,0.0,21.59,31.59,13.7,24.58,2.88,Delhi
2020-11-06,0.0,21.81,31.95,14.08,24.8,2.91,Delhi
2020-11-07,0.0,21.54,30.95,13.72,28.4,2.98,Delhi
2020-11-08,0.0,21.23,30.36,15.19,29.6,2.3,Delhi
2020-11-09,0.0,20.07,29.33,12.94,33.23,2.56,Delhi
2020-11-10,0.0,22.31,30.65,15.14,28.72,1.75,Delhi
2020-11-11,0.0,22.28,29.77,14.18,32.78,1.91,Delhi
2020-11-12,0.0,21.43,29.95,15.12,38.93,1.99,Delhi
2020-11-13,0.0,21.1,29.78,14.74,36.59,2.44,Delhi
2020-11-14,0.0,21.77,29.75,15.5,31.49,1.76,Delhi
2020-11-15,1.91,22.47,30.54,16.04,41.19,3.02,Delhi
2020-11-16,3.15,20.41,26.83,15.61,65.18,2.71,Delhi
2020-11-17,0.0,19.19,27.06,13.53,56.22,3.11,Delhi
2020-11-18,0.0,18.37,26.05,12.39,45.1,2.55,Delhi
2020-11-19,0.0,17.67,25.64,12.25,36.83,2.95,Delhi
2020-11-20,0.0,17.24,26.41,9.87,35.19,4.39,Delhi
2020-11-21,0.0,16.38,25.61,9.45,37.13,5.02,Delhi
2020-11-22,0.0,16.2,25.38,8.74,28.39,3.5,Delhi
2020-11-23,0.0,17.85,26.64,9.89,22.88,1.88,Delhi
2020-11-24,0.0,18.08,26.42,11.8,23.67,1.7,Delhi
2020-11-25,0.0,18.4,25.27,13.34,27.09,1.7,Delhi
2020-11-26,0.21,17.42,25.62,11.64,50.54,3.75,Delhi
2020-11-27,0.0,17.63,27.78,10.09,44.13,4.19,Delhi
2020-11-28,0.0,16.58,26.56,9.21,41.63,3.89,Delhi
2020-11-29,0.0,16.21,26.51,8.71,34.17,2.85,Delhi
2020-11-30,0.0,17.0,26.95,10.56,33.06,2.69,Delhi
2020-12-01,0.0,17.02,26.65,9.69,39.08,2.82,Delhi
2020-12-02,0.0,17.78,27.78,10.22,43.13,3.79,Delhi
2020-12-03,0.0,18.09,27.64,10.23,45.52,2.32,Delhi
2020-12-04,0.0,19.71,28.53,14.18,34.27,1.57,Delhi
2020-12-05,0.0,19.62,29.84,11.49,30.46,2.5,Delhi
2020-12-06,0.0,19.44,29.09,13.73,35.32,2.36,Delhi
2020-12-07,0.0,18.91,28.99,11.65,38.12,3.59,Delhi
2020-12-08,0.0,19.19,28.09,13.06,38.14,2.2,Delhi
2020-12-09,0.0,20.08,29.53,12.35,37.86,2.75,Delhi
2020-12-10,0.0,20.18,29.43,13.06,44.8,2.64,Delhi
2020-12-11,0.0,20.66,29.26,13.36,45.22,2.05,Delhi
2020-12-12,1.84,19.26,24.98,14.7,59.32,2.37,Delhi
2020-12-13,0.05,15.34,22.88,10.21,51.71,4.28,Delhi
2020-12-14,0.0,13.06,21.99,6.55,46.52,3.56,Delhi
2020-12-15,0.0,12.32,20.1,5.95,45.29,3.37,Delhi
2020-12-16,0.0,12.74,21.61,6.98,39.86,4.52,Delhi
2020-12-17,0.0,10.2,18.11,3.62,36.6,4.51,Delhi
2020-12-18,0.0,11.3,21.24,3.94,33.4,4.79,Delhi
2020-12-19,0.0,12.7,23.78,4.68,29.62,4.43,Delhi
2020-12-20,0.0,13.5,23.42,5.91,28.49,3.98,Delhi
2020-12-21,0.0,13.65,21.22,6.89,38.52,3.56,Delhi
2020-12-22,0.0,15.28,24.61,8.61,34.77,2.76,Delhi
2020-12-23,0.0,14.76,24.94,7.57,36.77,2.89,Delhi
2020-12-24,0.0,14.06,23.91,7.11,40.37,3.16,Delhi
2020-12-25,0.0,13.2,22.98,6.16,40.0,3.73,Delhi
2020-12-26,0.0,13.95,23.8,6.18,38.05,3.35,Delhi
2020-12-27,0.0,15.72,23.89,10.31,34.17,2.55,Delhi
2020-12-28,0.0,11.85,20.18,5.16,34.04,4.03,Delhi
2020-12-29,0.0,11.2,20.78,4.58,40.33,4.21,Delhi
2020-12-30,0.0,10.19,19.11,4.56,48.21,3.66,Delhi
2020-12-31,0.0,10.78,21.72,3.05,39.56,3.13,Delhi
2021-01-01,0.0,13.36,21.55,4.65,31.89,1.53,Delhi
2021-01-02,7.36,13.5,17.63,11.47,53.98,2.43,Delhi
2021-01-03,18.79,15.79,21.12,12.21,87.44,3.94,Delhi
2021-01-04,0.12,17.43,26.26,11.53,76.5,2.86,Delhi
2021-01-05,2.98,17.53,24.13,13.84,73.36,3.35,Delhi
2021-01-06,8.24,16.49,21.19,12.45,74.58,1.45,Delhi
2021-01-07,0.32,14.49,21.84,9.95,76.34,2.72,Delhi
2021-01-08,0.44,15.48,24.07,8.61,71.88,1.89,Delhi
2021-01-09,0.91,15.88,23.2,10.63,64.41,2.88,Delhi
2021-01-10,0.0,12.98,19.45,8.57,58.13,4.16,Delhi
2021-01-11,0.0,11.0,19.8,4.5,53.02,4.38,Delhi
2021-01-12,0.0,11.24,20.74,4.3,48.85,4.14,Delhi
2021-01-13,0.0,10.09,19.4,3.68,46.81,3.67,Delhi
2021-01-14,0.0,12.06,20.21,4.95,39.14,1.75,Delhi
2021-01-15,0.0,12.65,19.92,6.68,37.15,1.66,Delhi
2021-01-16,0.0,10.91,22.04,3.38,45.45,3.16,Delhi
2021-01-17,0.0,10.94,18.29,5.08,48.03,2.58,Delhi
2021-01-18,0.0,13.73,18.63,9.99,40.97,2.54,Delhi
2021-01-19,0.0,14.92,24.35,7.9,49.95,3.24,Delhi
2021-01-20,0.0,13.54,23.91,7.34,50.16,4.94,Delhi
2021-01-21,0.0,13.09,23.76,6.04,51.09,4.65,Delhi
2021-01-22,0.0,13.32,23.33,6.65,41.61,2.29,Delhi
2021-01-23,0.0,14.04,22.53,6.61,40.74,3.34,Delhi
2021-01-24,0.0,12.08,20.72,6.31,55.76,3.01,Delhi
2021-01-25,0.0,10.83,20.31,3.15,50.87,2.53,Delhi
2021-01-26,0.0,11.92,21.23,4.71,49.09,2.91,Delhi
2021-01-27,0.0,12.1,21.82,4.88,44.89,3.17,Delhi
2021-01-28,0.0,11.34,21.24,4.25,40.75,2.67,Delhi
2021-01-29,0.0,11.3,21.71,3.56,41.0,3.99,Delhi
2021-01-30,0.0,12.1,23.06,3.99,40.98,3.98,Delhi
2021-01-31,0.0,14.11,23.85,5.31,34.11,2.3,Delhi
2021-02-01,0.0,15.93,26.03,9.96,32.33,2.52,Delhi
2021-02-02,0.0,16.45,26.72,7.81,34.59,2.06,Delhi
2021-02-03,0.05,16.25,26.4,7.82,39.76,3.23,Delhi
2021-02-04,3.03,16.17,24.54,10.51,55.01,3.48,Delhi
2021-02-05,0.09,14.6,23.31,8.31,64.45,2.62,Delhi
2021-02-06,0.0,14.29,23.75,6.91,50.01,3.66,Delhi
2021-02-07,0.0,14.51,23.95,7.21,48.46,3.87,Delhi
2021-02-08,0.0,15.13,25.32,7.07,47.19,3.17,Delhi
2021-02-09,0.0,17.63,26.85,8.45,42.11,2.82,Delhi
2021-02-10,0.0,19.2,28.31,12.99,37.49,1.94,Delhi
2021-02-11,0.0,17.5,26.72,10.16,42.78,2.44,Delhi
2021-02-12,0.0,17.82,25.28,11.71,44.74,2.31,Delhi
2021-02-13,0.0,18.3,27.09,11.12,36.03,2.11,Delhi
2021-02-14,0.0,19.38,27.93,13.32,32.4,1.85,Delhi
2021-02-15,0.0,20.37,29.14,14.12,31.05,1.24,Delhi
2021-02-16,0.0,19.49,29.47,12.3,37.21,2.11,Delhi
2021-02-17,0.0,18.61,28.51,11.22,40.96,2.31,Delhi
2021-02-18,0.0,19.21,28.85,11.78,33.83,2.01,Delhi
2021-02-19,0.0,18.24,28.39,10.52,37.18,2.76,Delhi
2021-02-20,0.0,17.76,28.07,9.88,37.4,2.99,Delhi
2021-02-21,0.0,18.11,29.04,9.42,37.8,3.51,Delhi
2021-02-22,0.0,20.06,30.42,12.0,33.36,3.47,Delhi
2021-02-23,0.0,21.89,32.31,14.08,29.39,2.41,Delhi
2021-02-24,0.0,23.44,33.36,15.99,26.88,2.25,Delhi
2021-02-25,0.0,23.01,33.44,14.26,29.05,3.18,Delhi
2021-02-26,0.0,24.48,34.33,14.34,31.53,3.78,Delhi
2021-02-27,0.38,23.97,33.08,16.68,36.86,3.43,Delhi
2021-02-28,0.0,22.85,32.55,15.11,30.13,3.21,Delhi
2021-03-01,0.0,21.17,30.58,13.08,22.95,4.63,Delhi
2021-03-02,0.0,20.75,30.66,12.37,23.79,5.23,Delhi
2021-03-03,0.0,22.65,33.18,12.81,20.64,3.82,Delhi
2021-03-04,0.0,24.49,34.66,17.75,19.09,2.28,Delhi
2021-03-05,0.0,23.61,33.21,14.8,20.91,4.78,Delhi
2021-03-06,0.0,24.74,34.99,15.4,18.83,4.48,Delhi
2021-03-07,0.0,25.6,36.17,16.04,18.83,2.69,Delhi
2021-03-08,0.03,25.16,34.42,16.76,24.21,3.11,Delhi
2021-03-09,0.0,26.6,35.25,19.39,24.96,2.13,Delhi
2021-03-10,0.2,26.22,34.52,19.39,30.75,2.48,Delhi
2021-03-11,0.0,26.39,35.5,18.28,23.64,1.77,Delhi
2021-03-12,1.73,23.03,29.78,18.57,42.65,3.58,Delhi
2021-03-13,0.03,24.08,33.44,15.55,52.5,2.47,Delhi
2021-03-14,0.0,25.45,33.8,18.01,29.45,3.48,Delhi
2021-03-15,0.0,24.98,33.81,17.23,27.41,3.19,Delhi
2021-03-16,0.0,25.4,34.69,17.64,28.67,3.87,Delhi
2021-03-17,0.0,26.69,35.95,18.61,28.75,3.08,Delhi
2021-03-18,0.0,27.63,36.85,19.72,26.82,2.31,Delhi
2021-03-19,0.0,27.88,35.98,22.02,28.85,3.11,Delhi
2021-03-20,0.0,26.75,35.76,18.68,25.74,3.86,Delhi
2021-03-21,0.0,27.72,37.21,19.52,24.73,2.16,Delhi
2021-03-22,0.0,26.91,34.99,20.65,25.02,3.29,Delhi
2021-03-23,0.04,28.01,36.33,21.91,26.88,2.5,Delhi
2021-03-24,0.05,26.39,34.58,19.2,26.77,2.95,Delhi
2021-03-25,0.0,24.86,33.12,16.79,27.82,5.18,Delhi
2021-03-26,0.0,24.78,34.27,16.03,29.2,3.99,Delhi
2021-03-27,0.0,27.17,37.29,17.4,25.45,2.93,Delhi
2021-03-28,0.0,29.12,39.0,20.09,21.9,1.95,Delhi
2021-03-29,0.0,30.32,41.3,19.98,18.78,3.21,Delhi
2021-03-30,0.0,30.65,40.03,23.29,16.8,5.6,Delhi
2021-03-31,0.0,28.56,38.0,19.48,11.49,6.69,Delhi
2021-04-01,0.0,26.44,36.95,16.34,7.3,6.26,Delhi
2021-04-02,0.0,25.93,36.73,15.87,9.19,3.75,Delhi
2021-04-03,0.0,25.93,36.71,15.44,6.84,3.24,Delhi
2021-04-04,0.0,27.35,38.87,16.47,8.62,3.67,Delhi
2021-04-05,0.0,29.26,38.82,19.31,12.56,2.47,Delhi
2021-04-06,0.0,30.92,40.26,21.06,12.74,2.2,Delhi
2021-04-07,0.0,29.93,38.73,21.99,23.43,4.3,Delhi
2021-04-08,0.0,27.87,37.06,18.9,14.89,3.55,Delhi
2021-04-09,0.0,27.93,38.2,17.94,13.37,3.72,Delhi
2021-04-10,0.0,28.89,38.55,19.39,14.92,3.57,Delhi
2021-04-11,0.0,29.72,40.06,19.23,15.57,3.71,Delhi
2021-04-12,0.0,31.11,39.83,22.76,16.37,3.28,Delhi
2021-04-13,0.0,32.01,40.97,23.25,18.03,4.07,Delhi
2021-04-14,0.0,32.49,41.64,23.44,19.51,3.91,Delhi
2021-04-15,0.0,32.77,41.26,25.94,17.12,3.06,Delhi
2021-04-16,0.85,32.81,41.64,24.51,19.77,2.83,Delhi
2021-04-17,0.98,29.53,37.41,22.25,31.78,4.21,Delhi
2021-04-18,0.0,29.58,38.1,21.17,27.62,3.2,Delhi
2021-04-19,0.02,31.24,39.74,22.41,20.84,3.24,Delhi
2021-04-20,0.08,28.68,35.44,22.58,23.21,3.43,Delhi
2021-04-21,1.02,27.44,34.92,21.02,32.17,3.47,Delhi
2021-04-22,0.04,27.33,34.86,19.34,32.2,1.96,Delhi
2021-04-23,0.23,29.35,38.2,21.48,24.16,4.23,Delhi
2021-04-24,0.01,27.47,36.83,18.38,28.25,4.75,Delhi
2021-04-25,0.0,28.9,39.35,19.12,17.59,4.39,Delhi
2021-04-26,0.0,31.06,41.29,19.84,13.63,3.57,Delhi
2021-04-27,0.0,33.37,43.07,24.77,13.85,3.04,Delhi
2021-04-28,0.0,33.97,43.9,24.75,13.15,3.29,Delhi
2021-04-29,0.0,34.67,43.61,26.36,17.88,3.06,Delhi
2021-04-30,0.36,34.66,42.45,26.21,17.1,1.59,Delhi
2021-05-01,0.98,33.73,41.73,26.23,19.57,2.12,Delhi
2021-05-02,0.04,33.6,40.8,27.06,21.42,2.29,Delhi
2021-05-03,0.0,33.92,40.6,28.28,23.81,2.51,Delhi
2021-05-04,0.0,34.77,42.09,26.45,20.39,1.51,Delhi
2021-05-05,0.0,33.54,41.01,25.35,20.14,2.06,Delhi
2021-05-06,5.43,33.0,41.23,24.36,29.94,2.79,Delhi
2021-05-07,0.66,31.59,38.01,25.65,35.56,1.86,Delhi
2021-05-08,0.0,32.11,38.98,25.65,29.22,1.89,Delhi
2021-05-09,0.13,33.1,40.48,24.29,26.83,2.36,Delhi
2021-05-10,1.28,34.56,40.68,28.77,24.96,1.82,Delhi
2021-05-11,0.01,33.78,41.26,25.67,25.38,2.76,Delhi
2021-05-12,0.46,34.07,40.17,28.64,24.67,2.22,Delhi
2021-05-13,1.97,30.93,35.64,25.91,36.53,1.83,Delhi
2021-05-14,0.0,31.86,38.57,25.12,32.87,1.52,Delhi
2021-05-15,0.0,33.51,40.29,26.81,26.98,1.36,Delhi
2021-05-16,0.02,34.12,41.98,26.2,21.22,2.35,Delhi
2021-05-17,0.0,33.43,38.38,27.44,22.31,3.72,Delhi
2021-05-18,2.15,30.03,33.92,26.36,38.56,5.05,Delhi
2021-05-19,50.91,25.52,31.49,22.04,67.6,5.49,Delhi
2021-05-20,36.98,24.92,30.46,21.28,74.53,6.76,Delhi
2021-05-21,6.72,28.26,34.97,21.07,57.33,1.79,Delhi
2021-05-22,1.81,29.68,36.73,23.62,52.14,2.82,Delhi
2021-05-23,0.0,28.72,36.37,21.56,45.34,2.91,Delhi
2021-05-24,0.0,29.25,37.26,21.86,38.26,5.6,Delhi
2021-05-25,0.0,31.03,40.37,22.42,36.13,5.64,Delhi
2021-05-26,0.0,32.27,40.63,23.47,34.92,3.64,Delhi
2021-05-27,0.0,33.18,41.35,24.22,29.87,2.38,Delhi
2021-05-28,0.0,31.76,39.86,23.32,36.89,3.06,Delhi
2021-05-29,0.66,31.87,39.0,24.75,52.33,4.93,Delhi
2021-05-30,0.47,32.06,38.74,25.32,53.2,3.19,Delhi
2021-05-31,0.0,34.94,41.08,27.91,39.83,1.72,Delhi
2021-06-01,18.58,31.43,36.19,27.02,45.88,2.0,Delhi
2021-06-02,0.02,31.86,38.42,24.91,40.34,1.56,Delhi
2021-06-03,0.0,32.34,38.37,26.8,41.23,1.76,Delhi
2021-06-04,0.9,33.99,40.19,27.09,41.36,1.88,Delhi
2021-06-05,0.93,34.33,40.46,28.1,42.31,2.29,Delhi
2021-06-06,0.01,33.74,39.54,27.59,44.34,2.45,Delhi
2021-06-07,0.0,34.94,41.66,27.46,41.06,3.5,Delhi
2021-06-08,0.0,35.98,42.79,29.03,37.89,5.6,Delhi
2021-06-09,0.0,36.69,43.11,29.42,38.4,4.15,Delhi
2021-06-10,4.57,33.62,38.95,29.06,51.79,3.92,Delhi
2021-06-11,3.71,32.49,38.96,27.4,56.1,3.1,Delhi
2021-06-12,12.24,32.62,38.28,27.8,58.37,3.47,Delhi
2021-06-13,0.83,31.91,37.04,25.53,60.6,2.94,Delhi
2021-06-14,0.06,33.48,39.16,27.81,43.91,1.78,Delhi
2021-06-15,0.49,32.99,40.27,25.46,49.43,2.91,Delhi
2021-06-16,4.39,31.76,36.28,28.06,52.88,1.27,Delhi
2021-06-17,23.96,31.67,35.0,27.38,56.66,1.58,Delhi
2021-06-18,5.99,31.22,36.7,26.45,57.42,2.09,Delhi
2021-06-19,6.88,29.99,33.66,26.35,61.65,2.23,Delhi
2021-06-20,2.07,30.68,35.58,25.24,62.29,2.06,Delhi
2021-06-21,0.21,33.08,39.19,26.54,47.51,2.36,Delhi
2021-06-22,0.0,33.93,40.58,26.57,42.91,2.86,Delhi
2021-06-23,0.0,34.29,40.72,28.12,41.47,1.58,Delhi
2021-06-24,0.0,33.64,39.71,27.12,45.37,2.26,Delhi
2021-06-25,3.27,33.49,40.36,26.1,44.71,2.52,Delhi
2021-06-26,1.01,32.38,39.18,25.06,43.08,1.78,Delhi
2021-06-27,0.04,33.59,40.11,26.32,44.51,2.06,Delhi
2021-06-28,0.0,34.49,40.43,27.36,44.13,1.59,Delhi
2021-06-29,0.0,35.78,43.39,28.87,34.83,3.68,Delhi
2021-06-30,0.0,36.64,44.31,29.03,33.63,5.61,Delhi
2021-07-01,0.01,37.37,43.39,29.93,35.46,3.63,Delhi
2021-07-02,2.53,36.9,42.7,30.63,38.87,2.55,Delhi
2021-07-03,3.75,34.4,41.03,27.76,50.2,3.22,Delhi
2021-07-04,0.03,34.5,40.3,28.6,43.51,2.04,Delhi
2021-07-05,0.0,35.16,41.44,29.07,39.67,2.18,Delhi
2021-07-06,0.0,36.01,42.15,29.93,40.39,3.42,Delhi
2021-07-07,0.0,36.92,43.47,30.31,38.41,3.7,Delhi
2021-07-08,0.25,37.66,43.35,31.02,36.94,2.57,Delhi
2021-07-09,5.82,35.05,39.76,30.04,49.78,2.17,Delhi
2021-07-10,0.07,34.78,39.94,29.81,46.81,3.42,Delhi
2021-07-11,0.3,33.34,38.05,29.82,56.85,5.06,Delhi
2021-07-12,3.36,31.78,35.24,27.94,62.1,5.18,Delhi
2021-07-13,8.73,29.95,33.23,27.17,72.68,4.03,Delhi
2021-07-14,22.7,29.65,33.34,26.96,75.3,3.6,Delhi
2021-07-15,5.89,32.16,38.22,26.22,61.98,4.25,Delhi
2021-07-16,1.83,33.89,39.06,28.96,55.93,3.04,Delhi
2021-07-17,1.04,34.26,38.96,29.0,56.4,2.04,Delhi
2021-07-18,22.08,31.52,36.47,27.75,72.71,2.82,Delhi
2021-07-19,61.74,28.47,31.04,26.56,90.13,3.57,Delhi
2021-07-20,37.5,28.28,30.38,25.8,87.79,1.32,Delhi
2021-07-21,12.76,28.52,31.34,26.46,86.74,1.61,Delhi
2021-07-22,11.56,29.67,34.37,25.68,81.28,2.54,Delhi
2021-07-23,5.06,29.43,32.47,26.75,85.05,2.4,Delhi
2021-07-24,0.13,30.56,34.14,26.81,78.82,1.41,Delhi
2021-07-25,0.01,31.31,35.08,27.73,77.0,1.74,Delhi
2021-07-26,10.59,29.14,31.43,26.81,82.74,1.63,Delhi
2021-07-27,28.82,29.39,32.73,26.64,84.81,2.39,Delhi
2021-07-28,38.87,28.03,29.93,26.24,88.46,1.51,Delhi
2021-07-29,9.96,28.19,30.98,25.53,87.39,1.29,Delhi
2021-07-30,28.45,28.48,31.72,26.09,87.25,2.44,Delhi
2021-07-31,10.88,28.85,31.65,26.1,84.79,3.27,Delhi
2021-08-01,11.06,30.24,33.24,26.5,76.21,0.87,Delhi
2021-08-02,2.12,29.21,31.84,26.74,84.09,2.22,Delhi
2021-08-03,1.36,28.9,32.3,26.14,84.96,3.45,Delhi
2021-08-04,0.03,28.51,32.0,25.59,85.0,3.4,Delhi
2021-08-05,0.08,28.87,32.07,25.28,84.04,2.18,Delhi
2021-08-06,0.05,29.1,31.97,26.08,76.63,1.2,Delhi
2021-08-07,12.61,27.05,28.33,25.06,87.48,1.77,Delhi
2021-08-08,2.89,29.42,32.74,25.5,80.03,0.95,Delhi
2021-08-09,10.72,28.86,30.84,26.26,83.08,1.43,Delhi
2021-08-10,0.75,29.63,34.01,25.72,81.29,2.49,Delhi
2021-08-11,0.01,29.0,33.71,24.57,76.98,3.75,Delhi
2021-08-12,0.07,29.01,33.51,24.11,78.56,2.78,Delhi
2021-08-13,1.67,29.54,33.88,25.68,79.19,2.82,Delhi
2021-08-14,0.22,29.78,34.73,25.64,80.39,3.42,Delhi
2021-08-15,0.03,29.76,34.44,24.93,76.03,2.98,Delhi
2021-08-16,0.15,29.91,34.11,25.31,73.45,2.15,Delhi
2021-08-17,0.0,30.26,34.92,25.73,70.01,2.06,Delhi
2021-08-18,0.0,29.63,34.61,25.36,72.37,1.97,Delhi
2021-08-19,1.62,29.68,34.27,25.37,78.25,2.32,Delhi
2021-08-20,44.83,26.92,29.32,25.22,90.53,3.93,Delhi
2021-08-21,20.03,27.49,31.12,25.29,90.34,3.63,Delhi
2021-08-22,0.63,28.43,32.27,25.58,85.24,3.06,Delhi
2021-08-23,0.51,29.08,32.28,25.59,82.74,1.29,Delhi
2021-08-24,1.61,28.67,31.0,26.11,82.74,1.6,Delhi
2021-08-25,2.74,28.49,32.64,25.08,80.95,3.6,Delhi
2021-08-26,0.05,28.58,33.32,23.51,80.38,3.47,Delhi
2021-08-27,6.35,29.69,34.37,24.91,74.34,1.93,Delhi
2021-08-28,8.61,29.18,33.6,25.21,78.76,1.45,Delhi
2021-08-29,1.28,28.81,33.25,24.87,82.71,1.79,Delhi
2021-08-30,1.01,27.74,31.63,24.8,85.41,2.64,Delhi
2021-08-31,8.76,26.81,31.51,23.75,87.03,2.82,Delhi
2021-09-01,36.07,26.64,29.83,24.16,88.3,3.08,Delhi
2021-09-02,17.27,26.57,29.29,23.92,89.38,2.4,Delhi
2021-09-03,16.8,27.1,29.91,24.37,89.41,2.97,Delhi
2021-09-04,11.04,27.71,30.3,25.52,87.15,2.17,Delhi
2021-09-05,3.8,28.59,32.44,25.13,83.91,1.19,Delhi
2021-09-06,4.12,28.94,33.01,24.76,84.59,1.96,Delhi
2021-09-07,2.55,28.53,32.26,25.92,87.35,3.35,Delhi
2021-09-08,0.16,27.75,31.04,25.45,86.82,4.97,Delhi
2021-09-09,3.58,27.6,31.06,24.7,87.05,3.25,Delhi
2021-09-10,17.09,27.11,29.91,24.58,88.74,4.05,Delhi
2021-09-11,15.42,26.53,28.68,24.99,92.99,4.27,Delhi
2021-09-12,9.76,26.6,28.83,24.8,88.72,2.77,Delhi
2021-09-13,6.13,27.52,31.7,23.67,82.46,2.37,Delhi
2021-09-14,0.8,27.67,32.58,23.36,79.73,2.76,Delhi
2021-09-15,0.89,27.14,32.65,23.11,83.6,3.37,Delhi
2021-09-16,10.07,26.47,30.4,23.8,86.03,3.33,Delhi
2021-09-17,1.2,25.95,29.75,22.93,86.37,3.89,Delhi
2021-09-18,0.01,26.86,31.09,23.17,87.1,3.66,Delhi
2021-09-19,0.02,27.72,31.36,24.26,86.11,2.92,Delhi
2021-09-20,0.0,28.15,32.66,23.84,85.83,2.64,Delhi
2021-09-21,12.91,28.05,32.0,24.84,85.98,2.73,Delhi
2021-09-22,7.11,26.61,29.19,24.66,91.73,2.57,Delhi
2021-09-23,9.8,25.67,28.89,23.24,88.73,2.64,Delhi
2021-09-24,4.9,26.58,31.14,21.76,83.82,2.37,Delhi
2021-09-25,2.47,27.39,31.43,23.65,84.86,2.06,Delhi
2021-09-26,0.38,26.99,30.9,23.64,86.6,2.53,Delhi
2021-09-27,0.0,27.3,31.99,22.87,81.98,2.08,Delhi
2021-09-28,0.36,27.09,31.73,23.55,84.15,3.29,Delhi
2021-09-29,0.03,26.67,30.42,23.27,85.82,3.58,Delhi
2021-09-30,2.54,27.37,31.35,23.81,84.59,2.74,Delhi
2021-10-01,3.53,28.28,32.41,24.45,81.8,1.52,Delhi
2021-10-02,0.11,28.53,32.74,24.67,80.0,1.58,Delhi
2021-10-03,0.03,28.18,33.12,23.94,80.49,2.68,Delhi
2021-10-04,0.24,28.81,33.26,24.75,73.35,1.55,Delhi
2021-10-05,4.77,27.6,32.95,23.09,79.91,2.23,Delhi
2021-10-06,0.06,27.07,32.2,23.02,81.48,1.98,Delhi
2021-10-07,0.0,25.84,31.75,20.77,78.61,2.4,Delhi
2021-10-08,0.0,25.93,32.61,20.3,70.4,2.33,Delhi
2021-10-09,0.0,25.68,33.02,20.12,65.04,2.6,Delhi
2021-10-10,0.0,26.63,33.77,20.99,61.95,1.87,Delhi
2021-10-11,0.0,26.62,34.32,19.28,63.19,1.83,Delhi
2021-10-12,0.0,25.73,33.61,20.39,66.23,2.14,Delhi
2021-10-13,0.0,23.86,32.26,18.53,67.35,3.67,Delhi
2021-10-14,0.0,23.17,31.6,16.07,64.66,3.3,Delhi
2021-10-15,0.0,25.64,33.06,18.04,65.03,2.06,Delhi
2021-10-16,0.05,26.46,32.56,19.85,60.81,1.94,Delhi
2021-10-17,15.71,25.63,31.17,22.21,74.57,2.25,Delhi
2021-10-18,71.1,22.13,25.33,20.46,93.11,4.9,Delhi
2021-10-19,0.01,22.85,27.73,19.44,83.32,4.58,Delhi
2021-10-20,0.08,22.35,29.35,16.77,74.72,3.14,Delhi
2021-10-21,0.0,21.38,29.3,14.55,67.54,3.38,Delhi
2021-10-22,0.0,22.45,29.97,15.46,69.17,2.83,Delhi
2021-10-23,0.0,22.59,29.52,17.21,80.1,2.97,Delhi
2021-10-24,19.29,22.61,27.96,17.87,78.96,2.62,Delhi
2021-10-25,3.65,21.66,27.43,17.53,80.04,2.35,Delhi
2021-10-26,0.0,20.37,26.54,15.04,72.63,2.75,Delhi
2021-10-27,0.0,19.39,26.55,14.58,68.46,2.66,Delhi
2021-10-28,0.0,19.81,26.71,13.49,69.23,2.15,Delhi
2021-10-29,0.0,21.45,27.69,16.19,58.89,1.24,Delhi
2021-10-30,0.0,19.19,27.22,13.13,71.35,3.51,Delhi
2021-10-31,0.0,20.03,27.6,12.85,64.25,2.69,Delhi
2021-11-01,0.0,19.49,28.29,12.48,67.24,2.71,Delhi
2021-11-02,0.0,18.56,27.13,12.49,73.43,3.15,Delhi
2021-11-03,0.0,19.36,27.19,13.52,74.27,2.34,Delhi
2021-11-04,0.0,19.59,25.93,14.29,70.07,1.79,Delhi
2021-11-05,0.0,19.76,25.95,14.4,63.49,1.62,Delhi
2021-11-06,0.0,18.05,25.75,12.43,68.92,3.38,Delhi
2021-11-07,0.0,19.08,26.22,12.88,68.12,2.78,Delhi
2021-11-08,0.0,18.69,26.13,12.55,68.52,2.69,Delhi
2021-11-09,0.0,19.06,26.32,12.32,66.82,2.73,Delhi
2021-11-10,0.0,19.68,27.27,13.88,60.41,2.29,Delhi
2021-11-11,0.0,19.85,27.18,14.48,55.51,1.62,Delhi
2021-11-12,0.0,18.92,25.84,13.96,59.08,1.9,Delhi
2021-11-13,0.0,17.19,25.9,10.67,63.55,2.83,Delhi
2021-11-14,0.0,17.43,25.49,10.5,56.44,2.11,Delhi
2021-11-15,0.0,16.82,24.73,11.45,55.82,2.09,Delhi
2021-11-16,0.0,15.67,24.4,9.05,59.55,2.37,Delhi
2021-11-17,0.0,16.69,23.9,11.1,54.17,1.44,Delhi
2021-11-18,0.0,17.34,23.83,10.59,56.22,1.04,Delhi
2021-11-19,0.0,17.47,24.49,10.48,56.13,1.84,Delhi
2021-11-20,0.0,15.08,18.02,12.56,74.49,2.53,Delhi
2021-11-21,0.0,16.12,25.33,9.78,67.6,3.48,Delhi
2021-11-22,0.0,15.58,25.07,9.23,59.92,4.69,Delhi
2021-11-23,0.0,16.14,24.59,8.31,52.59,2.64,Delhi
2021-11-24,0.0,16.08,25.36,9.28,54.77,2.17,Delhi
2021-11-25,0.0,16.44,25.26,8.1,61.67,1.63,Delhi
2021-11-26,0.0,17.1,24.75,12.59,56.03,1.49,Delhi
2021-11-27,0.0,15.52,23.18,9.78,69.96,2.5,Delhi
2021-11-28,0.0,17.1,24.53,11.12,66.21,1.69,Delhi
2021-11-29,0.0,16.42,25.14,11.32,61.4,2.72,Delhi
2021-11-30,0.0,16.12,24.24,8.71,60.09,2.95,Delhi
2021-12-01,0.0,14.81,18.6,12.06,66.52,1.43,Delhi
2021-12-02,0.01,14.34,18.92,10.75,69.75,1.99,Delhi
2021-12-03,0.62,15.72,21.32,9.97,59.67,1.63,Delhi
2021-12-04,0.0,18.05,25.03,11.63,52.07,1.3,Delhi
2021-12-05,0.02,17.94,25.38,11.29,61.05,1.88,Delhi
2021-12-06,0.31,17.28,24.43,12.57,71.02,2.78,Delhi
2021-12-07,0.0,14.76,23.53,8.73,66.55,3.55,Delhi
2021-12-08,0.0,14.8,23.23,7.6,57.26,2.53,Delhi
2021-12-09,0.0,15.66,22.81,10.39,52.27,1.13,Delhi
2021-12-10,0.0,14.46,22.73,9.42,63.08,2.44,Delhi
2021-12-11,0.0,14.47,22.65,6.73,54.96,2.28,Delhi
2021-12-12,0.0,14.87,21.53,10.59,52.54,1.48,Delhi
2021-12-13,0.0,11.77,17.07,8.09,68.96,2.35,Delhi
2021-12-14,0.0,13.49,20.71,6.75,67.35,1.8,Delhi
2021-12-15,0.0,13.2,21.64,7.22,63.63,2.68,Delhi
2021-12-16,0.0,12.44,20.43,6.81,57.88,2.79,Delhi
2021-12-17,0.0,10.01,18.69,4.26,57.21,4.62,Delhi
2021-12-18,0.0,8.6,17.45,2.65,50.5,4.74,Delhi
2021-12-19,0.0,8.07,17.77,1.34,50.02,4.19,Delhi
2021-12-20,0.0,9.78,18.92,1.3,44.72,2.89,Delhi
2021-12-21,0.0,12.48,20.96,6.44,39.03,1.85,Delhi
2021-12-22,0.0,13.2,21.65,7.56,43.99,1.73,Delhi
2021-12-23,0.0,13.14,21.52,7.33,50.91,2.33,Delhi
2021-12-24,0.0,13.41,22.16,6.68,58.81,2.33,Delhi
2021-12-25,0.0,14.23,21.44,8.64,57.25,1.56,Delhi
2021-12-26,0.08,13.61,19.2,9.23,65.98,2.3,Delhi
2021-12-27,1.4,14.99,21.9,10.75,69.4,2.29,Delhi
2021-12-28,0.69,13.85,19.79,10.74,75.1,1.8,Delhi
2021-12-29,0.52,12.96,20.92,7.76,68.88,2.86,Delhi
2021-12-30,0.0,10.98,19.09,5.1,48.55,2.04,Delhi
2021-12-31,0.0,10.78,19.2,4.31,52.23,2.69,Delhi
2022-01-01,0.0,12.15,20.06,4.74,51.69,1.61,Delhi
2022-01-02,0.0,12.78,21.01,6.8,53.86,2.05,Delhi
2022-01-03,0.0,13.44,21.62,7.12,50.34,1.74,Delhi
2022-01-04,0.0,15.64,23.64,9.08,48.2,1.51,Delhi
2022-01-05,8.67,13.32,16.92,10.83,68.57,2.95,Delhi
2022-01-06,0.67,13.44,17.47,10.53,86.68,4.05,Delhi
2022-01-07,2.06,14.48,19.06,10.84,88.36,4.19,Delhi
2022-01-08,27.46,15.06,18.3,12.87,91.91,5.31,Delhi
2022-01-09,12.54,14.3,18.94,10.31,91.16,1.94,Delhi
2022-01-10,1.22,11.13,17.6,6.34,81.0,2.79,Delhi
2022-01-11,0.09,10.31,18.17,4.52,75.84,2.73,Delhi
2022-01-12,0.01,10.62,18.01,4.8,77.28,2.04,Delhi
2022-01-13,0.0,11.99,17.82,6.18,75.83,1.18,Delhi
2022-01-14,0.0,11.41,17.8,6.69,78.08,1.52,Delhi
2022-01-15,0.0,10.56,17.92,4.95,78.34,2.17,Delhi
2022-01-16,0.0,11.15,17.98,4.26,69.72,2.02,Delhi
2022-01-17,0.0,10.84,17.37,5.57,70.24,1.39,Delhi
2022-01-18,0.0,10.33,18.53,3.97,76.04,2.9,Delhi
2022-01-19,0.0,10.18,16.65,4.84,77.95,1.95,Delhi
2022-01-20,0.79,12.47,18.12,7.67,78.1,1.32,Delhi
2022-01-21,0.05,13.34,20.18,8.64,77.23,1.56,Delhi
2022-01-22,10.05,10.86,13.83,8.17,89.11,6.49,Delhi
2022-01-23,11.51,11.55,15.79,9.27,87.92,2.44,Delhi
2022-01-24,0.13,10.79,15.81,4.78,80.61,2.11,Delhi
2022-01-25,0.01,10.33,16.16,5.09,82.9,2.48,Delhi
2022-01-26,0.01,9.84,16.38,5.17,82.38,3.0,Delhi
2022-01-27,0.0,10.14,18.62,4.17,73.47,3.82,Delhi
2022-01-28,0.0,10.26,19.47,3.37,63.86,4.14,Delhi
2022-01-29,0.0,11.43,20.99,4.1,61.96,3.22,Delhi
2022-01-30,0.0,12.49,22.13,5.78,67.69,4.17,Delhi
2022-01-31,0.0,14.75,23.47,7.43,60.51,1.75,Delhi
2022-02-01,0.0,14.24,23.27,8.61,62.99,2.65,Delhi
2022-02-02,0.0,13.05,21.74,5.14,60.32,2.83,Delhi
2022-02-03,8.65,12.45,18.02,7.87,72.66,4.58,Delhi
2022-02-04,0.69,11.25,16.97,7.18,85.13,3.46,Delhi
2022-02-05,0.06,11.69,19.58,5.05,71.1,2.2,Delhi
2022-02-06,0.0,13.08,21.46,5.56,58.74,2.0,Delhi
2022-02-07,0.0,14.34,23.83,6.11,60.52,2.36,Delhi
2022-02-08,2.18,16.07,23.79,10.39,66.26,1.73,Delhi
2022-02-09,9.85,13.75,17.78,10.73,88.45,2.21,Delhi
2022-02-10,0.0,12.93,21.27,6.19,73.3,3.51,Delhi
2022-02-11,0.0,12.24,20.87,6.01,63.74,4.4,Delhi
2022-02-12,0.0,13.35,22.87,5.26,57.62,3.62,Delhi
2022-02-13,0.0,15.41,23.82,7.78,49.79,1.79,Delhi
2022-02-14,0.0,15.48,24.12,8.29,54.54,2.01,Delhi
2022-02-15,0.0,16.2,24.89,8.43,57.54,2.05,Delhi
2022-02-16,0.0,16.83,25.47,10.19,55.11,2.68,Delhi
2022-02-17,0.0,16.25,25.77,9.48,55.68,2.75,Delhi
2022-02-18,0.12,16.78,26.72,10.01,51.73,2.55,Delhi
2022-02-19,0.01,16.02,25.34,9.0,55.98,3.56,Delhi
2022-02-20,0.0,15.12,24.17,8.31,55.86,4.54,Delhi
2022-02-21,0.0,16.25,25.85,6.95,47.17,2.9,Delhi
2022-02-22,0.0,17.03,27.13,8.74,52.83,5.75,Delhi
2022-02-23,0.0,16.42,23.8,10.25,61.15,3.76,Delhi
2022-02-24,0.01,17.75,25.91,10.26,63.03,1.98,Delhi
2022-02-25,2.25,18.99,27.85,12.2,55.2,2.53,Delhi
2022-02-26,4.02,16.99,24.23,11.25,64.97,5.29,Delhi
2022-02-27,0.01,17.2,25.71,11.17,63.0,3.25,Delhi
2022-02-28,0.0,16.21,25.64,8.25,57.24,3.37,Delhi
2022-03-01,0.0,17.66,27.06,9.13,47.73,2.36,Delhi
2022-03-02,0.0,18.97,27.45,12.08,48.71,2.37,Delhi
2022-03-03,0.0,20.16,28.87,12.03,48.23,2.03,Delhi
2022-03-04,0.0,19.12,27.14,12.83,58.76,3.1,Delhi
2022-03-05,0.0,18.31,28.2,10.11,57.04,3.69,Delhi
2022-03-06,0.0,19.58,27.01,12.51,48.31,2.02,Delhi
2022-03-07,0.0,20.52,29.63,14.27,46.45,1.9,Delhi
2022-03-08,0.0,21.4,31.12,15.03,46.47,2.94,Delhi
2022-03-09,0.0,21.67,32.17,13.2,46.1,3.66,Delhi
2022-03-10,0.0,21.67,30.77,13.81,47.65,3.87,Delhi
2022-03-11,0.0,21.74,31.56,13.89,49.44,3.7,Delhi
2022-03-12,0.0,21.73,31.69,12.86,45.53,3.42,Delhi
2022-03-13,0.0,24.66,33.64,15.81,43.0,2.97,Delhi
2022-03-14,0.0,25.7,34.36,17.92,45.33,2.49,Delhi
2022-03-15,0.0,26.71,36.16,19.05,46.54,2.98,Delhi
2022-03-16,0.0,26.2,37.24,16.94,44.93,4.41,Delhi
2022-03-17,0.0,26.1,36.46,17.14,45.29,2.42,Delhi
2022-03-18,0.0,27.38,36.44,19.34,49.39,2.81,Delhi
2022-03-19,0.0,28.37,37.51,19.73,41.2,2.14,Delhi
2022-03-20,0.0,29.05,38.85,20.36,36.97,1.77,Delhi
2022-03-21,0.0,28.07,37.42,21.9,36.23,2.7,Delhi
2022-03-22,0.0,26.86,37.05,18.86,36.66,4.7,Delhi
2022-03-23,0.0,27.66,37.22,17.76,31.33,2.55,Delhi
2022-03-24,0.0,27.53,36.59,20.28,32.83,2.91,Delhi
2022-03-25,0.0,26.72,37.21,18.42,32.66,3.89,Delhi
2022-03-26,0.0,25.96,36.84,17.21,30.66,5.01,Delhi
2022-03-27,0.0,27.64,38.83,15.73,25.49,3.59,Delhi
2022-03-28,0.0,29.29,39.05,19.76,21.92,2.09,Delhi
2022-03-29,0.0,29.52,40.91,20.07,24.92,2.99,Delhi
2022-03-30,0.0,30.09,40.87,21.36,24.41,2.08,Delhi
2022-03-31,0.0,29.88,41.26,19.8,27.67,2.73,Delhi
2022-04-01,0.0,28.84,39.02,19.49,24.84,3.74,Delhi
2022-04-02,0.0,29.3,39.79,20.52,20.27,2.23,Delhi
2022-04-03,0.0,29.76,41.15,18.09,18.98,2.92,Delhi
2022-04-04,0.0,30.02,40.35,20.44,17.78,3.22,Delhi
2022-04-05,0.0,29.71,40.85,19.9,19.83,3.4,Delhi
2022-04-06,0.0,30.87,41.27,21.23,18.38,2.92,Delhi
2022-04-07,0.0,31.83,41.7,22.96,17.95,2.48,Delhi
2022-04-08,0.0,32.98,42.9,23.92,17.08,2.21,Delhi
2022-04-09,0.0,33.91,43.38,26.43,15.61,2.25,Delhi
2022-04-10,0.0,32.88,43.82,23.17,17.08,3.8,Delhi
2022-04-11,0.0,34.06,43.78,24.61,15.69,2.63,Delhi
2022-04-12,0.0,34.07,42.93,27.51,14.35,2.19,Delhi
2022-04-13,0.0,32.56,41.9,22.68,18.04,2.69,Delhi
2022-04-14,0.0,32.11,41.73,22.84,17.32,3.38,Delhi
2022-04-15,0.04,31.62,41.43,22.94,18.63,3.48,Delhi
2022-04-16,0.0,32.28,41.9,23.74,14.92,2.61,Delhi
2022-04-17,0.0,32.25,42.23,21.97,16.6,2.84,Delhi
2022-04-18,0.0,34.0,43.82,23.24,14.1,3.04,Delhi
2022-04-19,0.0,35.23,43.86,26.59,14.11,3.33,Delhi
2022-04-20,0.0,34.61,43.29,25.97,17.46,4.73,Delhi
2022-04-21,0.06,30.59,35.69,25.52,30.48,3.48,Delhi
2022-04-22,0.0,31.71,40.53,23.22,27.41,2.32,Delhi
2022-04-23,0.0,32.36,41.29,24.0,16.62,3.28,Delhi
2022-04-24,0.0,32.77,41.88,23.63,16.62,4.87,Delhi
2022-04-25,0.0,33.71,42.74,24.61,15.76,3.68,Delhi
2022-04-26,0.0,34.82,43.09,27.84,14.87,3.41,Delhi
2022-04-27,0.0,34.61,43.93,26.59,11.9,3.38,Delhi
2022-04-28,0.0,36.03,45.85,26.26,10.67,2.62,Delhi
2022-04-29,0.0,36.52,46.22,26.98,13.12,3.82,Delhi
2022-04-30,0.0,36.95,45.85,26.75,10.88,2.67,Delhi
2022-05-01,0.0,35.43,44.19,27.73,13.41,4.13,Delhi
2022-05-02,0.0,35.4,43.62,27.17,19.12,4.24,Delhi
2022-05-03,0.0,34.72,42.45,26.89,22.8,2.39,Delhi
2022-05-04,4.91,35.23,42.49,28.41,24.61,2.87,Delhi
2022-05-05,0.17,32.5,39.22,26.15,34.95,2.37,Delhi
2022-05-06,0.0,33.93,41.29,26.5,28.74,2.55,Delhi
2022-05-07,0.0,34.53,41.89,27.26,24.03,2.38,Delhi
2022-05-08,0.0,35.02,42.61,26.47,20.21,2.15,Delhi
2022-05-09,0.0,34.58,42.29,26.6,27.55,3.34,Delhi
2022-05-10,0.0,35.13,41.89,28.37,33.02,3.2,Delhi
2022-05-11,0.09,35.96,43.02,28.28,31.65,2.88,Delhi
2022-05-12,0.0,37.27,44.44,29.97,28.59,3.08,Delhi
2022-05-13,0.09,37.65,46.21,28.71,19.95,3.3,Delhi
2022-05-14,0.0,38.23,47.11,29.78,12.47,3.62,Delhi
2022-05-15,0.0,37.89,47.49,28.66,10.53,3.24,Delhi
2022-05-16,0.0,37.37,44.58,29.48,13.64,3.41,Delhi
2022-05-17,0.03,36.15,43.95,27.4,15.13,2.17,Delhi
2022-05-18,0.0,36.36,43.69,28.52,16.75,2.56,Delhi
2022-05-19,0.0,37.47,45.5,28.77,16.1,3.16,Delhi
2022-05-20,0.0,38.75,46.78,29.97,14.61,3.79,Delhi
2022-05-21,0.7,35.8,44.37,27.92,22.12,3.84,Delhi
2022-05-22,0.0,34.56,42.62,25.71,21.34,2.0,Delhi
2022-05-23,19.43,31.15,38.03,23.6,39.39,5.19,Delhi
2022-05-24,10.39,28.68,34.34,23.01,54.26,3.32,Delhi
2022-05-25,0.01,30.41,36.93,24.2,44.22,1.79,Delhi
2022-05-26,0.0,32.07,39.03,25.02,39.34,2.2,Delhi
2022-05-27,0.01,34.04,40.72,26.88,37.21,2.52,Delhi
2022-05-28,0.4,36.72,43.53,29.5,33.59,2.75,Delhi
2022-05-29,0.19,34.64,42.91,26.44,33.99,2.66,Delhi
2022-05-30,5.07,33.93,41.86,26.29,39.21,1.75,Delhi
2022-05-31,0.14,33.67,41.53,26.29,30.13,1.99,Delhi
2022-06-01,0.0,35.96,44.39,29.28,23.79,3.09,Delhi
2022-06-02,0.0,36.06,43.69,27.2,21.66,2.78,Delhi
2022-06-03,0.0,36.37,44.32,28.53,19.68,3.08,Delhi
2022-06-04,0.0,36.8,44.77,29.55,16.84,1.9,Delhi
2022-06-05,0.0,37.04,45.01,27.47,19.28,2.97,Delhi
2022-06-06,0.0,37.5,44.58,28.53,15.24,2.42,Delhi
2022-06-07,0.0,37.79,45.91,30.49,15.74,3.35,Delhi
2022-06-08,0.0,37.05,45.26,29.36,17.91,5.36,Delhi
2022-06-09,0.0,38.1,45.13,29.52,18.98,2.98,Delhi
2022-06-10,0.0,37.83,45.55,30.67,20.43,5.1,Delhi
2022-06-11,0.0,38.18,45.96,29.65,20.46,5.68,Delhi
2022-06-12,0.0,38.44,46.01,30.59,20.51,4.45,Delhi
2022-06-13,0.0,39.33,45.91,32.15,20.56,4.63,Delhi
2022-06-14,0.0,38.16,44.23,32.7,31.84,6.4,Delhi
2022-06-15,0.26,38.67,44.86,32.44,32.0,4.94,Delhi
2022-06-16,0.66,37.78,42.87,31.75,35.62,3.36,Delhi
2022-06-17,12.85,33.64,37.71,29.81,55.03,2.48,Delhi
2022-06-18,11.14,31.57,36.33,27.23,57.97,1.41,Delhi
2022-06-19,3.82,31.01,35.65,25.54,58.84,1.88,Delhi
2022-06-20,0.01,32.74,38.45,26.42,41.42,1.49,Delhi
2022-06-21,0.1,32.66,37.61,26.68,41.32,2.07,Delhi
2022-06-22,0.02,33.75,39.72,27.75,41.08,2.27,Delhi
2022-06-23,0.0,33.46,40.58,27.62,38.36,4.64,Delhi
2022-06-24,0.0,33.24,41.38,25.16,31.36,3.86,Delhi
2022-06-25,0.0,34.68,42.03,26.95,28.69,1.62,Delhi
2022-06-26,0.1,35.37,42.0,27.34,30.69,3.44,Delhi
2022-06-27,0.0,36.4,41.52,31.07,42.39,3.22,Delhi
2022-06-28,0.09,37.84,43.58,32.1,37.93,2.53,Delhi
2022-06-29,3.22,38.36,44.75,32.35,39.37,3.08,Delhi
2022-06-30,19.88,30.97,34.48,27.31,74.53,3.52,Delhi
2022-07-01,12.31,30.79,35.91,26.35,70.42,3.59,Delhi
2022-07-02,3.2,32.3,37.55,27.16,60.74,2.96,Delhi
2022-07-03,0.4,33.75,38.59,28.37,56.24,3.47,Delhi
2022-07-04,1.02,34.53,39.03,29.83,54.6,1.76,Delhi
2022-07-05,0.94,33.66,36.82,29.98,53.58,3.29,Delhi
2022-07-06,1.83,34.57,39.95,28.94,49.95,4.53,Delhi
2022-07-07,0.06,35.2,40.63,30.04,48.39,4.17,Delhi
2022-07-08,0.01,36.16,41.88,30.76,45.96,2.42,Delhi
2022-07-09,4.06,32.89,35.71,28.84,55.44,3.99,Delhi
2022-07-10,0.17,32.35,38.69,27.41,57.0,2.65,Delhi
2022-07-11,2.68,34.47,39.9,28.72,52.85,2.22,Delhi
2022-07-12,19.25,33.32,37.42,29.9,59.13,2.35,Delhi
2022-07-13,0.15,34.47,39.57,28.78,54.07,2.14,Delhi
2022-07-14,0.19,34.35,40.27,29.37,51.59,4.66,Delhi
2022-07-15,0.25,35.0,40.64,30.26,46.73,5.56,Delhi
2022-07-16,11.37,33.12,37.05,28.92,56.32,4.31,Delhi
2022-07-17,0.72,34.61,40.16,28.97,53.58,3.32,Delhi
2022-07-18,0.52,35.56,41.95,28.83,51.19,2.56,Delhi
2022-07-19,1.61,35.77,41.85,30.04,51.94,1.8,Delhi
2022-07-20,15.97,32.27,34.53,29.72,70.18,1.71,Delhi
2022-07-21,10.44,29.13,30.73,27.75,81.61,1.57,Delhi
2022-07-22,2.23,31.17,36.08,26.86,68.34,2.32,Delhi
2022-07-23,4.52,30.8,36.93,26.81,70.18,5.28,Delhi
2022-07-24,1.33,30.8,34.54,27.69,67.0,5.18,Delhi
2022-07-25,0.81,31.23,35.47,26.96,63.86,5.18,Delhi
2022-07-26,3.53,30.62,35.66,26.34,69.13,4.33,Delhi
2022-07-27,8.05,30.64,35.06,26.54,67.08,3.33,Delhi
2022-07-28,14.38,29.7,33.86,26.44,77.7,2.15,Delhi
2022-07-29,8.73,29.5,32.79,26.84,78.73,1.88,Delhi
2022-07-30,7.54,29.62,33.14,26.76,77.14,2.03,Delhi
2022-07-31,8.1,30.18,34.31,26.31,74.0,2.01,Delhi
2022-08-01,2.34,29.86,34.32,26.88,76.28,2.74,Delhi
2022-08-02,0.56,31.43,37.0,25.88,69.04,1.89,Delhi
2022-08-03,1.24,31.91,35.95,27.36,65.37,1.12,Delhi
2022-08-04,7.83,30.62,35.01,27.04,72.74,2.64,Delhi
2022-08-05,5.93,30.23,34.53,26.48,73.22,2.76,Delhi
2022-08-06,0.6,31.27,36.46,26.74,69.44,1.44,Delhi
2022-08-07,3.81,28.84,30.36,26.93,80.31,2.57,Delhi
2022-08-08,3.12,31.04,36.09,25.97,70.55,2.34,Delhi
2022-08-09,0.06,31.63,36.94,27.64,65.84,2.54,Delhi
2022-08-10,0.0,32.87,39.08,27.6,58.98,4.05,Delhi
2022-08-11,0.44,30.11,35.07,27.51,67.52,6.07,Delhi
2022-08-12,0.03,31.38,37.64,26.01,61.73,5.03,Delhi
2022-08-13,0.0,31.8,38.03,26.23,62.51,4.21,Delhi
2022-08-14,2.59,31.25,35.79,27.37,67.19,2.55,Delhi
2022-08-15,9.71,29.16,32.87,25.77,72.1,4.49,Delhi
2022-08-16,0.95,29.98,34.32,26.89,67.42,8.4,Delhi
2022-08-17,0.08,30.54,35.87,25.68,65.89,5.05,Delhi
2022-08-18,0.0,31.77,37.18,26.59,63.11,2.99,Delhi
2022-08-19,1.72,31.6,36.97,26.97,64.2,3.7,Delhi
2022-08-20,3.61,30.25,32.91,27.75,68.16,1.2,Delhi
2022-08-21,0.72,31.2,36.16,25.86,60.06,2.15,Delhi
2022-08-22,0.78,32.14,38.35,26.72,61.29,3.53,Delhi
2022-08-23,0.4,31.06,36.52,26.86,62.5,7.37,Delhi
2022-08-24,2.03,30.26,36.25,25.87,65.17,4.19,Delhi
2022-08-25,0.17,31.33,37.35,25.24,60.99,1.79,Delhi
2022-08-26,0.0,31.39,36.65,26.39,60.74,3.49,Delhi
2022-08-27,0.0,31.51,37.31,27.04,59.53,4.72,Delhi
2022-08-28,0.09,31.76,37.83,25.93,56.93,3.51,Delhi
2022-08-29,2.6,31.79,36.51,27.23,57.25,1.15,Delhi
2022-08-30,7.39,31.12,36.8,26.05,65.19,1.52,Delhi
2022-08-31,0.01,32.82,39.32,27.12,57.54,2.68,Delhi
2022-09-01,0.52,33.06,38.45,28.04,57.59,2.16,Delhi
2022-09-02,3.61,32.32,36.28,28.85,57.34,1.2,Delhi
2022-09-03,0.01,32.29,38.39,27.1,54.97,3.67,Delhi
2022-09-04,0.0,33.12,39.97,27.11,50.68,3.48,Delhi
2022-09-05,0.02,32.43,38.58,26.6,54.32,2.41,Delhi
2022-09-06,0.0,32.52,38.9,27.03,51.71,1.98,Delhi
2022-09-07,0.0,32.84,39.78,26.91,49.65,2.38,Delhi
2022-09-08,0.02,32.13,39.1,25.77,50.67,1.73,Delhi
2022-09-09,0.21,32.52,38.49,26.33,52.12,1.41,Delhi
2022-09-10,5.38,31.58,36.55,26.95,65.32,2.1,Delhi
2022-09-11,2.66,31.67,36.64,27.22,63.53,2.11,Delhi
2022-09-12,1.19,31.25,35.83,26.77,60.07,3.1,Delhi
2022-09-13,0.56,31.07,37.26,25.73,60.18,4.72,Delhi
2022-09-14,2.81,29.87,34.6,26.2,64.6,5.51,Delhi
2022-09-15,11.97,27.75,32.9,24.58,80.04,4.87,Delhi
2022-09-16,14.08,26.96,31.52,24.0,82.39,3.39,Delhi
2022-09-17,3.74,29.02,35.57,23.47,69.68,2.74,Delhi
2022-09-18,3.25,29.32,36.07,23.85,65.33,2.43,Delhi
2022-09-19,12.29,29.2,35.0,25.28,66.75,2.1,Delhi
2022-09-20,18.12,29.6,34.86,25.17,74.24,1.41,Delhi
2022-09-21,22.78,28.74,33.02,25.54,78.67,2.16,Delhi
2022-09-22,71.85,27.68,31.02,25.19,87.84,3.38,Delhi
2022-09-23,30.58,26.94,29.39,25.35,89.98,3.78,Delhi
2022-09-24,40.63,26.32,28.99,24.68,90.98,4.14,Delhi
2022-09-25,10.25,27.25,30.62,24.3,82.97,2.71,Delhi
2022-09-26,0.41,26.52,31.31,22.98,83.96,2.65,Delhi
2022-09-27,0.0,26.55,31.88,21.98,80.53,2.56,Delhi
2022-09-28,0.02,27.18,32.3,23.48,77.51,1.89,Delhi
2022-09-29,0.0,26.93,31.75,23.58,78.98,2.07,Delhi
2022-09-30,0.0,26.49,31.36,22.39,82.0,2.24,Delhi
2022-10-01,0.0,26.85,32.31,23.16,74.76,2.05,Delhi
2022-10-02,0.0,26.28,32.52,22.3,73.05,2.55,Delhi
2022-10-03,0.0,25.04,31.87,19.79,75.61,3.84,Delhi
2022-10-04,0.0,26.22,32.28,20.02,72.23,2.04,Delhi
2022-10-05,0.06,27.65,32.88,23.43,76.26,1.63,Delhi
2022-10-06,2.66,25.75,29.56,22.26,86.38,1.98,Delhi
2022-10-07,6.17,24.71,27.25,22.78,91.74,2.31,Delhi
2022-10-08,21.9,24.6,26.63,23.33,93.26,3.61,Delhi
2022-10-09,66.86,24.15,26.01,22.73,94.75,5.76,Delhi
2022-10-10,23.96,24.5,28.8,21.31,90.14,3.31,Delhi
2022-10-11,7.26,24.94,29.28,20.64,81.36,1.2,Delhi
2022-10-12,3.63,24.09,29.57,20.09,79.6,1.77,Delhi
2022-10-13,0.0,22.83,28.96,18.28,80.26,2.64,Delhi
2022-10-14,0.0,22.22,28.6,16.97,78.83,2.85,Delhi
2022-10-15,0.0,23.33,29.1,17.2,71.25,1.77,Delhi
2022-10-16,0.0,24.21,30.13,18.41,63.27,1.03,Delhi
2022-10-17,0.0,23.28,29.21,18.02,66.79,1.6,Delhi
2022-10-18,0.0,23.44,29.86,17.88,60.22,1.51,Delhi
2022-10-19,0.0,22.77,30.7,16.93,68.26,1.87,Delhi
2022-10-20,0.0,22.7,30.13,15.92,71.88,1.81,Delhi
2022-10-21,0.0,23.26,30.29,16.46,64.43,2.25,Delhi
2022-10-22,0.0,22.24,28.27,18.69,65.23,2.12,Delhi
2022-10-23,0.0,21.91,28.44,15.99,61.67,1.39,Delhi
2022-10-24,0.0,21.03,28.97,15.29,68.06,2.68,Delhi
2022-10-25,0.0,20.74,28.58,14.06,66.29,3.15,Delhi
2022-10-26,0.0,22.09,29.31,17.01,60.89,1.84,Delhi
2022-10-27,0.0,22.4,29.9,17.05,62.56,1.65,Delhi
2022-10-28,0.0,21.98,29.57,17.19,66.16,1.71,Delhi
2022-10-29,0.0,22.41,29.24,16.93,60.24,1.46,Delhi
2022-10-30,0.0,21.59,28.08,16.95,56.42,1.4,Delhi
2022-10-31,0.0,21.64,28.89,16.02,61.93,1.46,Delhi
2022-11-01,0.0,21.38,29.35,16.11,71.77,1.91,Delhi
2022-11-02,0.0,21.47,28.61,16.64,77.83,2.24,Delhi
2022-11-03,0.0,21.2,29.22,14.92,74.07,2.94,Delhi
2022-11-04,0.0,21.73,29.82,17.17,76.75,2.07,Delhi
2022-11-05,0.0,20.5,25.84,16.69,88.03,3.07,Delhi
2022-11-06,0.0,21.3,27.49,16.13,86.38,2.24,Delhi
2022-11-07,0.0,22.41,26.51,18.48,84.69,1.58,Delhi
2022-11-08,0.0,20.92,25.14,17.39,83.85,2.14,Delhi
2022-11-09,0.0,21.43,26.71,17.14,76.08,1.46,Delhi
2022-11-10,0.0,21.16,27.91,16.35,72.78,1.83,Delhi
2022-11-11,0.0,18.5,26.41,13.14,73.22,3.76,Delhi
2022-11-12,0.0,17.99,26.7,11.71,67.72,4.04,Delhi
2022-11-13,0.0,18.45,25.83,11.82,64.46,2.96,Delhi
2022-11-14,0.0,19.06,27.05,14.72,66.62,2.22,Delhi
2022-11-15,0.0,19.16,27.4,12.81,73.5,2.64,Delhi
2022-11-16,0.0,18.0,24.92,13.44,72.76,3.56,Delhi
2022-11-17,0.0,16.44,24.04,11.24,69.83,3.93,Delhi
2022-11-18,0.0,16.49,23.94,9.98,63.39,2.7,Delhi
2022-11-19,0.0,16.82,24.08,12.07,60.4,1.68,Delhi
2022-11-20,0.0,16.15,25.09,9.43,66.17,2.91,Delhi
2022-11-21,0.0,16.4,25.58,9.99,68.49,3.57,Delhi
2022-11-22,0.0,15.99,25.04,9.15,60.63,3.35,Delhi
2022-11-23,0.0,15.54,24.87,8.39,58.18,3.8,Delhi
2022-11-24,0.0,16.42,24.67,7.77,52.61,2.92,Delhi
2022-11-25,0.0,17.31,25.16,12.51,52.16,2.14,Delhi
2022-11-26,0.0,15.76,25.95,9.21,60.37,3.65,Delhi
2022-11-27,0.0,16.13,25.23,10.03,56.38,2.48,Delhi
2022-11-28,0.0,17.05,24.88,11.23,49.98,1.81,Delhi
2022-11-29,0.0,17.26,23.9,11.22,49.01,1.32,Delhi
2022-11-30,0.0,16.42,24.58,11.12,63.59,2.32,Delhi
2022-12-01,0.0,16.42,24.25,8.85,59.76,2.49,Delhi
2022-12-02,0.0,17.49,24.3,11.87,53.26,1.33,Delhi
2022-12-03,0.0,17.39,23.53,12.64,54.64,0.91,Delhi
2022-12-04,0.0,16.67,24.05,10.69,59.55,1.95,Delhi
2022-12-05,0.0,15.57,23.7,9.66,55.02,2.41,Delhi
2022-12-06,0.0,14.0,23.48,8.03,59.95,3.97,Delhi
2022-12-07,0.0,13.56,23.21,7.07,58.49,4.36,Delhi
2022-12-08,0.0,14.21,23.69,7.03,58.2,3.25,Delhi
2022-12-09,0.0,16.09,25.29,8.58,56.67,2.66,Delhi
2022-12-10,0.0,16.56,26.81,9.68,65.35,2.89,Delhi
2022-12-11,0.0,16.66,27.48,9.33,62.05,3.45,Delhi
2022-12-12,0.0,16.45,26.87,9.79,57.36,4.0,Delhi
2022-12-13,0.0,16.07,26.01,9.32,54.98,4.85,Delhi
2022-12-14,0.0,14.37,23.51,8.42,56.61,4.75,Delhi
2022-12-15,0.0,13.24,22.55,6.25,52.39,3.66,Delhi
2022-12-16,0.0,14.14,22.82,6.49,50.0,2.87,Delhi
2022-12-17,0.0,14.69,23.21,6.71,46.65,2.55,Delhi
2022-12-18,0.0,14.48,22.78,9.24,50.25,2.3,Delhi
2022-12-19,0.0,14.11,22.87,7.62,53.82,2.26,Delhi
2022-12-20,0.0,13.47,23.01,6.77,55.09,2.81,Delhi
2022-12-21,0.0,13.39,23.54,7.69,56.14,2.51,Delhi
2022-12-22,0.0,12.6,21.63,6.38,56.6,3.04,Delhi
2022-12-23,0.0,13.02,22.92,6.63,55.67,2.55,Delhi
2022-12-24,0.0,11.84,20.95,6.89,57.56,3.88,Delhi
2022-12-25,0.0,10.11,18.64,4.18,59.78,3.5,Delhi
2022-12-26,0.0,11.23,20.57,4.56,59.02,3.0,Delhi
2022-12-27,0.0,11.67,21.85,4.47,52.94,4.44,Delhi
2022-12-28,0.0,12.54,22.84,6.23,48.07,5.17,Delhi
2022-12-29,0.0,14.02,21.59,6.96,53.38,2.43,Delhi
2022-12-30,0.0,14.9,20.95,10.27,58.05,2.25,Delhi
2022-12-31,0.0,12.67,21.08,7.47,68.97,4.06,Delhi
2023-01-01,0.0,12.9,20.21,6.12,49.9,1.7,Delhi
2023-01-02,0.0,12.26,19.49,5.85,51.83,1.67,Delhi
2023-01-03,0.0,9.98,19.05,4.11,54.61,2.95,Delhi
2023-01-04,0.0,8.57,17.48,1.83,58.24,2.65,Delhi
2023-01-05,0.0,8.75,17.53,1.61,59.63,2.5,Delhi
2023-01-06,0.0,8.74,17.27,1.23,54.41,2.4,Delhi
2023-01-07,0.0,9.69,20.17,1.7,48.08,3.25,Delhi
2023-01-08,0.0,12.35,22.67,4.09,44.61,3.12,Delhi
2023-01-09,0.0,13.14,21.4,5.86,47.41,2.57,Delhi
2023-01-10,0.0,12.82,21.64,6.18,53.16,3.23,Delhi
2023-01-11,0.07,13.51,22.83,7.07,64.57,2.62,Delhi
2023-01-12,9.38,13.82,20.77,8.71,73.58,3.02,Delhi
2023-01-13,0.09,16.43,22.27,10.68,73.27,2.64,Delhi
2023-01-14,0.02,12.35,20.32,4.26,56.25,3.75,Delhi
2023-01-15,0.0,7.77,17.61,0.45,39.37,3.75,Delhi
2023-01-16,0.0,8.92,18.92,1.36,42.56,3.42,Delhi
2023-01-17,0.0,8.98,19.32,1.42,42.16,3.63,Delhi
2023-01-18,0.0,9.25,18.15,1.57,37.57,2.66,Delhi
2023-01-19,0.0,11.7,19.24,3.72,44.03,1.69,Delhi
2023-01-20,0.05,13.01,22.04,4.91,55.44,2.12,Delhi
2023-01-21,0.0,14.18,22.4,6.74,59.32,1.5,Delhi
2023-01-22,0.0,15.17,23.47,8.09,52.26,1.79,Delhi
2023-01-23,0.35,16.07,24.78,8.2,52.71,2.2,Delhi
2023-01-24,4.43,15.89,22.22,12.59,80.09,3.74,Delhi
2023-01-25,0.11,16.17,21.94,10.86,80.75,2.17,Delhi
2023-01-26,0.06,14.78,22.92,8.66,61.48,3.53,Delhi
2023-01-27,0.0,11.84,22.05,5.08,49.23,3.89,Delhi
2023-01-28,0.0,13.1,23.99,3.69,40.56,3.19,Delhi
2023-01-29,0.0,14.95,25.06,6.15,45.38,2.94,Delhi
2023-01-30,12.34,13.12,17.7,9.99,71.39,2.73,Delhi
2023-01-31,0.0,14.2,23.22,8.44,75.93,4.3,Delhi
2023-02-01,0.0,13.03,22.89,5.9,60.64,4.57,Delhi
2023-02-02,0.0,14.1,25.2,5.85,51.38,4.46,Delhi
2023-02-03,0.0,15.01,25.39,7.55,49.12,3.77,Delhi
2023-02-04,0.0,16.33,26.87,8.96,47.67,4.33,Delhi
2023-02-05,0.0,17.03,26.13,9.35,54.52,3.6,Delhi
2023-02-06,0.0,18.89,28.42,11.33,43.21,2.41,Delhi
2023-02-07,0.0,17.33,26.49,10.91,48.27,4.11,Delhi
2023-02-08,0.0,15.54,25.56,7.67,41.86,3.86,Delhi
2023-02-09,0.0,17.4,28.09,8.79,37.91,3.01,Delhi
2023-02-10,0.0,18.28,29.0,10.13,48.72,2.95,Delhi
2023-02-11,0.0,18.34,27.88,12.1,48.9,3.28,Delhi
2023-02-12,0.0,15.02,24.63,8.27,35.73,4.66,Delhi
2023-02-13,0.0,14.46,24.48,6.61,30.08,6.62,Delhi
2023-02-14,0.0,16.48,27.1,8.18,31.98,4.58,Delhi
2023-02-15,0.0,18.5,29.47,11.14,39.76,4.54,Delhi
2023-02-16,0.0,19.38,28.97,10.1,45.6,1.93,Delhi
2023-02-17,0.0,21.16,29.72,13.79,44.72,1.64,Delhi
2023-02-18,0.0,21.1,30.43,13.44,40.2,2.11,Delhi
2023-02-19,0.0,22.42,30.47,15.47,30.93,1.33,Delhi
2023-02-20,0.0,22.51,33.44,13.97,35.46,2.44,Delhi
2023-02-21,0.0,20.51,31.8,13.02,38.61,2.65,Delhi
2023-02-22,0.03,20.45,30.51,13.13,39.34,3.17,Delhi
2023-02-23,0.0,19.66,30.64,11.78,34.42,4.07,Delhi
2023-02-24,0.0,19.93,31.06,10.68,34.05,3.31,Delhi
2023-02-25,0.0,21.51,31.16,12.53,35.53,2.35,Delhi
2023-02-26,0.0,23.46,31.9,14.95,31.11,1.55,Delhi
2023-02-27,0.0,23.2,32.36,17.19,36.6,2.19,Delhi
2023-02-28,0.0,22.43,32.62,15.62,39.87,2.22,Delhi
2023-03-01,0.0,22.61,32.21,14.78,39.55,2.27,Delhi
2023-03-02,0.0,23.1,32.43,15.58,41.26,3.16,Delhi
2023-03-03,0.0,23.72,33.48,16.53,43.25,3.95,Delhi
2023-03-04,0.0,22.69,31.83,15.66,41.03,3.6,Delhi
2023-03-05,0.0,22.69,32.52,14.61,40.7,3.63,Delhi
2023-03-06,0.0,22.67,32.19,14.67,37.77,3.63,Delhi
2023-03-07,0.0,23.2,32.06,14.84,33.66,2.41,Delhi
2023-03-08,0.02,24.22,31.65,16.27,32.63,1.38,Delhi
2023-03-09,2.46,23.56,30.74,17.19,41.47,1.08,Delhi
2023-03-10,0.0,23.32,31.49,15.64,38.86,2.36,Delhi
2023-03-11,0.0,24.21,32.6,15.86,30.56,1.91,Delhi
2023-03-12,0.0,25.53,34.29,17.53,31.8,1.65,Delhi
2023-03-13,0.0,24.72,30.86,20.23,36.35,1.94,Delhi
2023-03-14,0.0,25.13,34.39,17.52,37.5,2.76,Delhi
2023-03-15,0.0,26.49,34.51,19.13,31.49,1.35,Delhi
2023-03-16,0.0,25.37,34.16,19.59,35.87,3.68,Delhi
2023-03-17,0.22,24.25,30.19,20.08,46.96,2.97,Delhi
2023-03-18,6.03,21.62,26.74,17.8,61.9,2.19,Delhi
2023-03-19,1.49,23.36,29.93,17.46,53.65,1.78,Delhi
2023-03-20,19.76,20.68,25.94,17.28,68.31,1.52,Delhi
2023-03-21,12.13,20.28,25.44,15.54,72.56,1.94,Delhi
2023-03-22,0.03,21.96,29.64,15.11,55.12,2.24,Delhi
2023-03-23,0.03,23.38,31.62,15.43,48.37,3.04,Delhi
2023-03-24,7.29,24.32,31.41,17.95,52.51,2.73,Delhi
2023-03-25,1.45,23.57,31.05,17.07,57.77,2.62,Delhi
2023-03-26,0.0,24.1,32.32,16.53,46.74,3.63,Delhi
2023-03-27,0.0,22.77,31.09,15.42,43.64,3.87,Delhi
2023-03-28,0.0,23.61,32.48,15.55,40.02,3.49,Delhi
2023-03-29,0.0,26.11,33.95,18.41,36.38,1.64,Delhi
2023-03-30,6.05,25.95,34.15,19.14,46.76,2.37,Delhi
2023-03-31,11.53,21.15,24.55,18.02,76.48,1.82,Delhi
2023-04-01,3.83,22.84,28.54,16.87,61.31,2.25,Delhi
2023-04-02,0.0,24.2,31.93,17.23,51.41,2.79,Delhi
2023-04-03,4.62,26.08,33.98,17.92,47.68,1.96,Delhi
2023-04-04,0.01,24.87,32.49,18.54,50.88,3.36,Delhi
2023-04-05,0.0,24.94,33.73,17.08,42.52,3.6,Delhi
2023-04-06,0.0,25.28,34.44,16.77,34.95,4.51,Delhi
2023-04-07,0.0,25.12,34.77,16.7,32.25,4.73,Delhi
2023-04-08,0.0,24.95,35.66,15.06,28.27,3.68,Delhi
2023-04-09,0.0,26.06,35.89,16.75,28.85,3.13,Delhi
2023-04-10,0.0,26.28,36.27,16.53,29.81,3.61,Delhi
2023-04-11,0.0,27.73,37.63,19.15,31.24,4.25,Delhi
2023-04-12,0.0,29.67,38.7,22.14,33.94,4.3,Delhi
2023-04-13,0.0,29.32,39.53,20.48,32.07,3.67,Delhi
2023-04-14,0.0,30.25,38.89,20.58,28.77,2.72,Delhi
2023-04-15,0.0,31.56,40.74,22.54,25.2,2.06,Delhi
2023-04-16,0.0,32.03,41.24,24.49,28.85,2.47,Delhi
2023-04-17,0.0,32.95,41.26,23.34,25.81,2.48,Delhi
2023-04-18,0.0,32.3,40.78,23.79,30.89,3.12,Delhi
2023-04-19,0.04,30.95,37.83,24.19,37.44,3.09,Delhi
2023-04-20,0.59,30.07,37.08,23.32,41.33,2.84,Delhi
2023-04-21,1.42,28.83,36.56,22.43,38.65,2.23,Delhi
2023-04-22,0.25,28.12,36.8,19.58,32.02,2.72,Delhi
2023-04-23,0.02,25.39,30.65,20.34,35.22,3.97,Delhi
2023-04-24,0.01,26.77,35.25,18.32,37.8,2.85,Delhi
2023-04-25,0.0,27.75,34.89,19.23,32.79,2.25,Delhi
2023-04-26,0.0,29.53,35.82,21.52,31.43,1.26,Delhi
2023-04-27,0.31,28.14,35.39,22.72,35.13,3.51,Delhi
2023-04-28,0.26,28.32,35.68,20.73,38.21,1.99,Delhi
2023-04-29,1.41,27.53,34.55,22.48,43.24,3.11,Delhi
2023-04-30,5.75,25.92,32.27,21.02,57.83,1.67,Delhi
2023-05-01,16.65,22.81,25.73,20.35,74.94,4.21,Delhi
2023-05-02,5.03,23.67,27.81,20.15,72.98,3.01,Delhi
2023-05-03,7.91,25.5,31.81,19.0,61.79,1.85,Delhi
2023-05-04,4.45,27.78,33.74,21.58,50.06,1.13,Delhi
2023-05-05,0.0,27.85,34.63,22.47,42.94,2.42,Delhi
2023-05-06,0.0,29.67,37.49,21.33,40.17,3.73,Delhi
2023-05-07,0.0,31.39,39.25,22.88,34.03,2.41,Delhi
2023-05-08,1.02,31.34,38.98,22.91,28.25,2.53,Delhi
2023-05-09,0.24,28.92,38.59,19.4,26.05,4.32,Delhi
2023-05-10,0.0,28.78,38.12,19.58,25.28,4.29,Delhi
2023-05-11,0.0,30.73,39.54,19.93,22.89,2.11,Delhi
2023-05-12,0.0,31.0,40.18,23.8,22.11,2.25,Delhi
2023-05-13,0.0,33.0,41.78,21.47,23.93,2.04,Delhi
2023-05-14,0.0,34.06,41.18,27.51,23.48,2.58,Delhi
2023-05-15,0.01,33.55,42.55,25.51,26.34,4.08,Delhi
2023-05-16,0.01,33.41,40.46,27.22,27.27,5.07,Delhi
2023-05-17,0.0,34.15,41.92,25.76,30.84,3.73,Delhi
2023-05-18,4.57,31.87,38.57,26.75,40.45,4.61,Delhi
2023-05-19,0.0,31.81,39.56,24.2,33.65,5.43,Delhi
2023-05-20,0.0,32.92,41.38,24.29,28.84,4.32,Delhi
2023-05-21,0.0,35.13,43.74,26.99,23.75,2.45,Delhi
2023-05-22,0.0,35.86,44.8,26.94,26.36,5.68,Delhi
2023-05-23,0.22,36.99,45.05,28.67,27.02,4.71,Delhi
2023-05-24,0.92,34.53,39.87,29.09,35.4,2.55,Delhi
2023-05-25,5.23,32.83,38.12,28.55,40.34,2.3,Delhi
2023-05-26,14.38,29.28,34.8,25.71,56.46,2.77,Delhi
2023-05-27,2.29,30.39,36.88,25.37,49.56,2.96,Delhi
2023-05-28,0.72,29.96,35.12,24.84,46.21,2.27,Delhi
2023-05-29,0.52,30.75,36.92,26.08,47.53,2.36,Delhi
2023-05-30,1.83,30.95,37.11,25.73,46.19,2.71,Delhi
2023-05-31,3.11,28.78,34.13,23.27,52.24,3.82,Delhi
2023-06-01,0.01,29.85,37.38,21.76,45.75,3.42,Delhi
2023-06-02,0.01,30.62,37.42,24.26,43.61,4.06,Delhi
2023-06-03,0.12,31.11,38.28,24.27,38.11,3.96,Delhi
2023-06-04,0.51,28.31,35.9,24.1,44.91,2.46,Delhi
2023-06-05,0.11,32.41,40.24,24.23,38.38,3.54,Delhi
2023-06-06,0.01,33.34,40.91,25.74,35.91,2.64,Delhi
2023-06-07,0.0,33.67,40.66,27.08,33.3,3.09,Delhi
2023-06-08,0.0,34.33,41.98,25.76,33.32,4.42,Delhi
2023-06-09,0.13,35.76,43.0,28.09,32.22,4.03,Delhi
2023-06-10,0.44,36.9,44.06,30.4,34.46,4.15,Delhi
2023-06-11,0.0,36.48,42.09,30.93,35.48,4.96,Delhi
2023-06-12,0.0,36.84,43.26,30.03,34.05,5.21,Delhi
2023-06-13,0.0,38.15,44.61,31.73,32.25,6.76,Delhi
2023-06-14,0.0,37.41,43.68,30.72,32.56,7.55,Delhi
2023-06-15,0.02,35.85,40.08,31.75,37.49,6.55,Delhi
2023-06-16,0.9,35.69,41.2,29.82,40.38,3.73,Delhi
2023-06-17,0.88,35.92,41.0,31.28,38.57,3.23,Delhi
2023-06-18,1.07,34.84,40.18,29.66,43.29,2.7,Delhi
2023-06-19,2.07,34.09,38.16,30.47,49.0,4.55,Delhi
2023-06-20,7.96,33.85,38.6,29.76,53.21,3.14,Delhi
2023-06-21,1.37,33.7,38.08,29.3,52.31,2.01,Delhi
2023-06-22,3.62,34.97,39.51,29.8,53.23,2.15,Delhi
2023-06-23,1.24,35.7,39.42,32.34,51.88,2.03,Delhi
2023-06-24,14.64,33.25,37.83,28.22,61.75,2.78,Delhi
2023-06-25,13.27,30.18,32.71,27.95,75.39,1.9,Delhi
2023-06-26,6.32,31.51,36.76,26.63,64.3,2.49,Delhi
2023-06-27,4.99,31.99,36.89,27.49,58.87,2.36,Delhi
2023-06-28,10.35,32.08,36.26,28.32,62.15,3.27,Delhi
2023-06-29,11.14,31.34,35.68,27.76,65.67,3.69,Delhi
2023-06-30,11.1,30.53,34.56,26.82,71.64,3.0,Delhi
2023-07-01,3.63,30.63,36.05,25.94,67.02,2.71,Delhi
2023-07-02,0.02,32.32,38.28,26.11,60.67,2.58,Delhi
2023-07-03,0.07,33.95,40.06,27.86,51.79,2.29,Delhi
2023-07-04,0.73,34.74,40.83,29.35,52.13,2.37,Delhi
2023-07-05,9.82,32.83,37.25,29.27,61.69,3.08,Delhi
2023-07-06,14.23,29.63,32.22,27.61,77.8,3.26,Delhi
2023-07-07,10.4,30.36,33.99,26.86,74.44,2.9,Delhi
2023-07-08,25.13,29.26,32.55,27.14,83.53,4.0,Delhi
2023-07-09,48.55,29.71,33.48,26.37,83.7,3.48,Delhi
2023-07-10,17.74,30.42,34.4,27.5,80.0,2.51,Delhi
2023-07-11,13.64,30.64,34.08,26.55,77.05,1.38,Delhi
2023-07-12,19.17,30.4,33.89,27.03,79.2,1.39,Delhi
2023-07-13,5.79,29.91,33.94,26.81,79.74,2.62,Delhi
2023-07-14,4.87,29.44,33.25,26.28,81.43,1.03,Delhi
2023-07-15,4.79,29.23,32.86,26.42,81.91,1.9,Delhi
2023-07-16,3.91,30.7,34.9,25.61,73.97,0.93,Delhi
2023-07-17,3.23,31.66,34.6,28.18,72.45,1.18,Delhi
2023-07-18,18.48,29.79,32.19,27.47,83.76,2.94,Delhi
2023-07-19,3.67,29.57,33.34,26.36,80.5,3.23,Delhi
2023-07-20,0.0,31.64,35.91,26.45,74.25,1.9,Delhi
2023-07-21,1.39,31.28,35.01,27.9,77.04,2.34,Delhi
2023-07-22,4.41,30.22,34.04,26.51,79.53,4.36,Delhi
2023-07-23,0.1,30.04,33.26,26.76,79.24,3.97,Delhi
2023-07-24,0.96,30.43,35.19,25.9,76.87,3.43,Delhi
2023-07-25,13.29,30.3,33.38,26.92,81.69,2.04,Delhi
2023-07-26,28.38,30.28,33.33,26.86,79.43,1.66,Delhi
2023-07-27,16.52,29.08,32.23,26.31,86.57,1.43,Delhi
2023-07-28,18.2,28.54,31.28,26.21,84.17,1.29,Delhi
2023-07-29,4.29,29.03,33.29,25.81,85.31,1.33,Delhi
2023-07-30,0.62,29.48,32.96,26.45,85.38,1.76,Delhi
2023-07-31,0.35,30.09,33.72,26.45,80.36,2.53,Delhi
2023-08-01,0.11,30.44,34.78,26.2,79.04,3.19,Delhi
2023-08-02,0.82,30.3,33.51,27.43,81.74,2.62,Delhi
2023-08-03,4.19,30.04,32.76,27.24,82.98,2.18,Delhi
2023-08-04,44.34,29.47,32.13,26.83,86.9,1.85,Delhi
2023-08-05,20.5,29.14,31.11,27.13,87.47,3.04,Delhi
2023-08-06,9.81,29.54,34.08,25.9,82.55,3.97,Delhi
2023-08-07,1.62,29.09,33.17,26.06,83.21,4.87,Delhi
2023-08-08,0.13,29.18,33.39,25.3,83.34,4.78,Delhi
2023-08-09,2.0,29.4,33.17,25.57,82.24,3.66,Delhi
2023-08-10,2.07,29.41,32.88,25.78,80.94,2.74,Delhi
2023-08-11,0.73,29.61,33.39,26.1,79.76,2.54,Delhi
2023-08-12,0.0,29.26,33.7,25.48,77.8,3.92,Delhi
2023-08-13,0.07,29.14,33.82,25.1,79.32,3.99,Delhi
2023-08-14,0.09,27.32,29.36,25.46,84.72,2.93,Delhi
2023-08-15,1.63,29.0,32.99,25.01,79.44,1.18,Delhi
2023-08-16,1.68,29.69,34.04,25.5,78.71,2.73,Delhi
2023-08-17,0.27,30.09,34.02,26.53,78.77,3.37,Delhi
2023-08-18,0.87,30.16,34.42,26.27,79.09,2.47,Delhi
2023-08-19,12.32,29.79,32.37,27.2,83.55,2.19,Delhi
2023-08-20,0.32,30.75,34.64,26.33,76.48,2.22,Delhi
2023-08-21,1.21,30.84,34.41,27.29,74.77,1.5,Delhi
2023-08-22,14.31,29.98,33.7,26.76,83.99,2.21,Delhi
2023-08-23,44.32,28.24,30.61,26.3,88.99,3.34,Delhi
2023-08-24,0.83,28.21,32.34,24.36,82.74,3.21,Delhi
2023-08-25,0.1,28.5,33.69,24.17,79.39,3.67,Delhi
2023-08-26,0.0,28.9,33.58,24.77,76.79,3.76,Delhi
2023-08-27,0.27,28.74,34.24,24.02,75.44,3.89,Delhi
2023-08-28,0.13,29.43,33.59,25.07,75.67,3.17,Delhi
2023-08-29,0.0,29.29,33.71,24.69,75.3,2.89,Delhi
2023-08-30,0.01,29.1,34.27,24.67,76.36,2.72,Delhi
2023-08-31,0.0,29.34,34.94,24.71,74.95,2.17,Delhi
2023-09-01,0.0,29.48,35.66,24.55,70.49,2.92,Delhi
2023-09-02,0.0,28.86,35.66,23.5,69.4,3.45,Delhi
2023-09-03,0.0,28.73,35.38,22.84,67.26,2.84,Delhi
2023-09-04,0.0,29.01,35.25,23.53,68.92,3.11,Delhi
2023-09-05,1.03,29.8,35.64,24.31,73.61,2.18,Delhi
2023-09-06,0.12,30.11,35.93,24.87,69.81,2.22,Delhi
2023-09-07,0.4,30.38,36.48,25.57,66.06,2.14,Delhi
2023-09-08,6.64,29.12,34.04,24.36,72.01,2.33,Delhi
2023-09-09,17.32,27.89,32.12,24.88,83.45,3.65,Delhi
2023-09-10,72.53,27.04,31.13,24.72,90.71,3.68,Delhi
2023-09-11,0.91,27.48,31.81,24.22,85.42,2.96,Delhi
2023-09-12,0.05,28.31,32.75,24.24,82.44,2.09,Delhi
2023-09-13,0.01,29.06,33.13,25.69,82.63,1.35,Delhi
2023-09-14,7.07,29.45,33.92,26.14,83.88,1.99,Delhi
2023-09-15,1.69,28.93,33.02,25.83,84.72,2.45,Delhi
2023-09-16,13.32,26.82,29.64,25.01,87.34,4.65,Delhi
2023-09-17,6.67,26.98,29.66,24.98,89.83,4.75,Delhi
2023-09-18,0.15,27.24,31.49,24.55,84.07,5.2,Delhi
2023-09-19,0.18,28.35,32.73,23.87,81.18,2.84,Delhi
2023-09-20,0.0,29.3,33.37,24.94,77.3,1.38,Delhi
2023-09-21,0.16,29.58,33.99,24.99,76.85,1.41,Delhi
2023-09-22,1.54,29.17,33.12,25.54,78.5,1.73,Delhi
2023-09-23,8.31,28.81,32.75,24.99,80.88,1.81,Delhi
2023-09-24,2.33,28.26,32.99,24.33,79.68,1.59,Delhi
2023-09-25,0.0,28.61,32.82,24.15,74.11,1.37,Delhi
2023-09-26,0.0,27.77,33.72,23.12,73.99,1.91,Delhi
2023-09-27,0.0,26.75,33.13,22.21,73.12,2.55,Delhi
2023-09-28,0.0,25.73,32.9,19.69,73.62,2.48,Delhi
2023-09-29,0.0,25.83,32.73,20.08,63.19,1.84,Delhi
2023-09-30,0.0,26.26,34.13,19.82,61.83,2.83,Delhi
2023-10-01,0.0,25.55,33.31,18.96,62.69,3.13,Delhi
2023-10-02,0.0,25.44,34.62,19.2,58.1,3.52,Delhi
2023-10-03,0.0,24.21,32.97,17.58,54.42,3.5,Delhi
2023-10-04,0.0,24.48,33.46,16.97,59.09,3.25,Delhi
2023-10-05,0.0,25.43,34.3,19.41,62.27,2.63,Delhi
2023-10-06,0.0,25.17,34.25,17.73,59.55,2.88,Delhi
2023-10-07,0.0,26.32,34.66,20.73,59.96,2.24,Delhi
2023-10-08,0.0,27.71,35.65,21.76,58.28,2.24,Delhi
2023-10-09,0.0,28.38,36.04,22.77,61.7,2.28,Delhi
2023-10-10,0.0,27.98,34.91,22.65,62.97,1.68,Delhi
2023-10-11,0.0,25.97,34.77,19.74,57.89,3.14,Delhi
2023-10-12,0.0,25.37,33.97,19.42,54.62,2.33,Delhi
2023-10-13,0.0,26.34,35.34,20.61,50.78,2.16,Delhi
2023-10-14,0.0,27.22,35.26,22.16,49.83,1.99,Delhi
2023-10-15,0.0,26.61,33.75,21.13,54.6,1.59,Delhi
2023-10-16,4.31,23.96,29.27,21.51,69.61,3.32,Delhi
2023-10-17,4.82,23.67,29.49,18.98,62.92,2.87,Delhi
2023-10-18,0.0,22.55,30.81,18.23,62.52,3.3,Delhi
2023-10-19,0.0,22.6,30.54,16.03,59.88,3.1,Delhi
2023-10-20,0.0,22.74,31.06,16.41,59.19,2.49,Delhi
2023-10-21,0.0,22.61,30.55,16.2,54.65,2.33,Delhi
2023-10-22,0.0,23.49,31.5,18.07,49.86,2.01,Delhi
2023-10-23,0.0,23.12,30.91,16.76,58.36,2.57,Delhi
2023-10-24,0.0,23.67,31.49,17.57,57.87,2.52,Delhi
2023-10-25,0.0,23.59,32.29,16.93,56.08,2.93,Delhi
2023-10-26,0.0,23.14,31.98,16.08,56.8,2.79,Delhi
2023-10-27,0.0,23.26,32.26,15.85,46.05,2.44,Delhi
2023-10-28,0.0,24.05,30.46,19.28,46.53,1.86,Delhi
2023-10-29,0.0,24.41,32.17,19.11,46.55,1.95,Delhi
2023-10-30,0.0,24.15,33.13,18.16,51.63,2.18,Delhi
2023-10-31,0.0,24.23,31.89,18.98,52.61,1.9,Delhi
2023-11-01,0.0,25.21,32.82,19.75,45.91,1.48,Delhi
2023-11-02,0.0,23.52,31.33,18.19,48.95,1.99,Delhi
2023-11-03,0.0,23.21,29.71,18.77,52.72,1.95,Delhi
2023-11-04,0.0,23.43,30.42,18.72,54.4,2.35,Delhi
2023-11-05,0.0,22.91,29.82,18.34,44.19,1.41,Delhi
2023-11-06,0.0,22.99,30.78,15.83,40.14,1.62,Delhi
2023-11-07,0.0,22.76,30.48,18.15,40.98,1.67,Delhi
2023-11-08,0.0,22.62,30.83,17.52,54.16,2.1,Delhi
2023-11-09,0.0,23.5,31.26,17.79,53.03,2.22,Delhi
2023-11-10,4.85,21.76,27.68,17.75,60.4,2.16,Delhi
2023-11-11,0.25,19.86,26.92,14.51,62.83,3.21,Delhi
2023-11-12,0.0,19.69,27.96,13.47,62.63,3.15,Delhi
2023-11-13,0.0,19.56,27.55,13.41,55.34,2.29,Delhi
2023-11-14,0.0,19.23,25.58,14.74,49.58,2.38,Delhi
2023-11-15,0.0,18.79,27.29,11.7,56.24,2.48,Delhi
2023-11-16,0.0,20.29,28.0,13.84,54.99,1.83,Delhi
2023-11-17,0.0,20.89,28.53,14.94,54.19,1.94,Delhi
2023-11-18,0.0,20.1,26.97,15.0,50.87,1.94,Delhi
2023-11-19,0.0,19.81,25.73,14.31,47.51,1.53,Delhi
2023-11-20,0.0,19.73,27.42,14.2,51.79,2.33,Delhi
2023-11-21,0.0,18.79,26.9,12.79,58.46,3.62,Delhi
2023-11-22,0.0,17.72,25.97,11.26,57.83,3.25,Delhi
2023-11-23,0.0,19.14,26.52,13.48,45.43,1.22,Delhi
2023-11-24,0.0,18.96,26.1,14.16,45.35,1.27,Delhi
2023-11-25,0.0,19.05,26.33,12.12,46.12,1.63,Delhi
2023-11-26,0.0,18.74,25.75,14.94,49.09,1.82,Delhi
2023-11-27,0.14,17.36,21.94,14.65,53.86,2.76,Delhi
2023-11-28,2.24,18.6,24.83,13.83,54.48,1.75,Delhi
2023-11-29,0.09,18.52,24.66,14.67,58.2,1.7,Delhi
2023-11-30,0.0,19.59,25.76,13.93,62.39,1.77,Delhi
2023-12-01,0.0,20.56,26.73,16.1,62.8,1.32,Delhi
2023-12-02,0.0,18.99,25.87,14.25,63.91,1.98,Delhi
2023-12-03,0.47,18.8,26.54,13.05,59.65,2.02,Delhi
2023-12-04,0.98,19.11,26.2,14.52,62.34,1.67,Delhi
2023-12-05,0.1,18.09,25.81,12.2,58.35,2.83,Delhi
2023-12-06,0.0,18.16,26.58,11.29,52.21,2.09,Delhi
2023-12-07,0.0,18.32,27.22,12.51,50.68,2.29,Delhi
2023-12-08,0.0,17.01,26.08,10.95,51.16,3.06,Delhi
2023-12-09,0.0,16.11,25.45,9.56,46.4,3.51,Delhi
2023-12-10,0.0,15.25,24.46,9.11,45.78,3.97,Delhi
2023-12-11,0.0,15.48,23.65,9.84,40.43,1.68,Delhi
2023-12-12,0.0,15.92,23.46,9.28,41.94,1.39,Delhi
2023-12-13,0.0,15.54,24.53,10.32,41.68,2.22,Delhi
2023-12-14,0.0,14.26,24.49,6.96,48.47,3.56,Delhi
2023-12-15,0.0,16.05,24.89,9.32,44.56,1.76,Delhi
2023-12-16,0.0,15.46,24.03,9.64,45.53,1.91,Delhi
2023-12-17,0.0,14.65,24.11,9.41,49.26,2.65,Delhi
2023-12-18,0.0,13.86,23.11,7.48,54.58,4.34,Delhi
2023-12-19,0.0,13.17,23.62,6.05,47.23,4.17,Delhi
2023-12-20,0.0,12.97,21.82,5.63,44.1,3.02,Delhi
2023-12-21,0.0,13.14,23.33,6.54,43.66,3.23,Delhi
2023-12-22,0.0,14.89,23.66,6.38,41.04,1.65,Delhi
2023-12-23,0.0,16.27,23.17,9.99,43.96,2.25,Delhi
2023-12-24,0.0,16.72,24.92,10.3,51.16,1.59,Delhi
2023-12-25,0.0,15.17,24.93,8.21,54.15,3.03,Delhi
2023-12-26,0.0,15.28,23.84,9.32,55.02,2.65,Delhi
2023-12-27,0.0,15.23,23.59,10.13,55.52,1.72,Delhi
2023-12-28,0.0,14.45,22.08,7.06,58.29,1.46,Delhi
2023-12-29,0.0,15.35,22.33,10.48,51.45,1.35,Delhi
2023-12-30,0.0,14.8,21.77,9.4,51.85,1.64,Delhi
2023-12-31,0.0,13.8,19.94,9.6,49.72,1.25,Delhi
2024-01-01,0.0,12.19,21.11,5.86,59.47,2.34,Delhi
2024-01-02,0.0,12.34,20.87,5.08,56.57,2.25,Delhi
2024-01-03,0.0,13.09,21.48,6.85,45.68,1.79,Delhi
2024-01-04,0.0,11.26,17.51,6.76,60.43,1.87,Delhi
2024-01-05,0.0,11.51,19.06,6.24,68.29,1.57,Delhi
2024-01-06,0.0,11.67,18.85,5.82,69.21,1.32,Delhi
2024-01-07,0.0,11.21,17.97,6.12,72.18,1.6,Delhi
2024-01-08,0.0,13.99,23.07,6.52,57.67,1.44,Delhi
2024-01-09,0.44,13.13,21.38,8.27,58.17,1.8,Delhi
2024-01-10,0.0,11.66,21.87,4.4,55.33,3.84,Delhi
2024-01-11,0.0,10.61,19.94,3.73,53.14,3.3,Delhi
2024-01-12,0.0,11.2,20.86,3.64,47.98,3.25,Delhi
2024-01-13,0.0,12.81,22.48,7.14,42.54,2.48,Delhi
2024-01-14,0.0,11.84,21.88,5.15,43.3,2.94,Delhi
2024-01-15,0.0,11.46,20.68,3.47,45.32,2.42,Delhi
2024-01-16,0.0,12.15,20.77,7.46,43.45,2.16,Delhi
2024-01-17,0.0,12.0,19.91,5.66,42.26,2.21,Delhi
2024-01-18,0.0,12.41,20.28,6.22,45.61,1.38,Delhi
2024-01-19,0.0,12.52,21.74,6.8,49.3,1.61,Delhi
2024-01-20,0.0,12.29,19.03,6.74,49.95,1.34,Delhi
2024-01-21,0.0,11.12,21.84,4.2,53.01,3.67,Delhi
2024-01-22,0.0,11.83,20.79,3.62,38.7,1.64,Delhi
2024-01-23,0.0,13.07,22.4,5.97,39.27,2.15,Delhi
2024-01-24,0.0,12.49,22.31,6.25,45.28,2.06,Delhi
2024-01-25,0.0,12.77,21.76,4.54,45.75,1.6,Delhi
2024-01-26,0.0,14.99,22.47,9.02,38.05,1.13,Delhi
2024-01-27,0.0,14.78,25.57,6.46,38.48,4.0,Delhi
2024-01-28,0.0,14.25,21.21,9.92,44.64,2.38,Delhi
2024-01-29,0.0,15.37,24.55,6.32,44.84,2.0,Delhi
2024-01-30,0.0,16.16,23.61,9.04,42.92,1.46,Delhi
2024-01-31,1.99,16.08,24.48,10.97,50.07,1.86,Delhi
2024-02-01,16.76,14.26,20.64,9.74,73.16,4.13,Delhi
2024-02-02,0.03,13.83,23.76,8.36,57.25,3.34,Delhi
2024-02-03,0.38,15.72,26.43,6.5,39.92,3.22,Delhi
2024-02-04,3.03,15.03,19.06,12.12,83.36,1.98,Delhi
2024-02-05,0.1,15.45,22.88,10.25,66.77,2.73,Delhi
2024-02-06,0.0,12.68,21.18,6.16,41.28,4.07,Delhi
2024-02-07,0.0,12.76,20.52,7.06,41.85,4.47,Delhi
2024-02-08,0.0,12.51,22.6,5.23,42.24,5.72,Delhi
2024-02-09,0.0,14.35,24.75,4.22,35.15,2.63,Delhi
2024-02-10,0.0,15.69,24.57,8.91,33.51,1.34,Delhi
2024-02-11,0.0,15.07,24.57,7.36,42.52,2.18,Delhi
2024-02-12,0.0,16.91,25.13,7.87,40.35,1.33,Delhi
2024-02-13,0.0,17.65,23.99,12.55,34.89,1.3,Delhi
2024-02-14,0.0,16.78,25.92,11.45,41.28,2.36,Delhi
2024-02-15,0.0,16.76,26.66,8.96,45.43,2.65,Delhi
2024-02-16,0.0,16.74,27.13,8.7,37.97,2.61,Delhi
2024-02-17,0.0,17.34,27.33,8.28,33.27,3.17,Delhi
2024-02-18,0.0,19.55,29.33,11.91,30.47,2.52,Delhi
2024-02-19,0.02,19.88,29.92,10.46,37.77,4.8,Delhi
2024-02-20,1.39,20.6,27.64,14.9,55.19,2.08,Delhi
2024-02-21,0.0,17.72,27.54,10.48,35.78,3.11,Delhi
2024-02-22,0.0,17.08,26.78,10.41,35.52,3.0,Delhi
2024-02-23,0.0,15.79,25.36,8.02,38.54,3.43,Delhi
2024-02-24,0.0,17.01,25.54,9.2,33.89,2.48,Delhi
2024-02-25,0.0,17.31,26.5,10.32,31.93,2.62,Delhi
2024-02-26,0.0,18.28,27.76,9.89,33.2,3.27,Delhi
2024-02-27,0.23,17.51,24.73,11.68,50.0,3.66,Delhi
2024-02-28,0.01,18.15,27.65,10.24,46.72,4.12,Delhi
2024-02-29,0.0,18.77,29.03,10.2,37.17,3.57,Delhi
2024-03-01,2.54,22.17,31.83,13.65,36.53,2.39,Delhi
2024-03-02,5.24,20.11,25.86,16.1,60.49,5.09,Delhi
2024-03-03,7.7,18.56,25.21,12.05,69.75,2.46,Delhi
2024-03-04,0.05,15.19,25.42,6.66,37.01,3.28,Delhi
2024-03-05,0.0,14.65,23.39,6.27,31.26,3.95,Delhi
2024-03-06,0.0,15.48,25.02,6.62,33.17,3.57,Delhi
2024-03-07,0.0,17.8,27.63,9.12,36.77,3.39,Delhi
2024-03-08,0.0,18.99,28.7,10.6,37.41,3.65,Delhi
2024-03-09,0.0,18.67,28.44,10.14,37.46,4.03,Delhi
2024-03-10,0.0,19.97,30.22,11.7,35.94,2.71,Delhi
2024-03-11,0.0,22.55,31.95,14.01,31.04,1.97,Delhi
2024-03-12,0.0,23.13,32.21,16.64,34.67,2.88,Delhi
2024-03-13,0.02,23.08,32.26,14.83,34.57,3.28,Delhi
2024-03-14,0.0,22.51,31.56,14.52,35.78,3.04,Delhi
2024-03-15,0.0,21.98,31.52,14.27,34.23,4.25,Delhi
2024-03-16,0.0,20.45,29.88,11.75,28.67,2.68,Delhi
2024-03-17,0.0,21.4,32.99,11.94,26.27,2.71,Delhi
2024-03-18,0.0,22.64,32.83,13.53,28.43,3.16,Delhi
2024-03-19,0.0,23.29,32.79,14.23,28.31,3.01,Delhi
2024-03-20,0.0,25.53,34.63,14.79,22.49,1.75,Delhi
2024-03-21,0.0,21.9,30.79,15.1,28.5,3.12,Delhi
2024-03-22,0.0,24.74,35.3,14.85,29.4,2.84,Delhi
2024-03-23,0.0,26.75,37.22,17.91,26.44,4.66,Delhi
2024-03-24,0.0,24.62,31.04,18.62,27.57,3.1,Delhi
2024-03-25,0.0,25.92,35.71,16.66,27.19,4.31,Delhi
2024-03-26,0.0,27.34,37.09,17.66,27.25,3.4,Delhi
2024-03-27,0.0,30.05,38.9,21.44,25.42,2.94,Delhi
2024-03-28,0.0,30.98,40.05,21.61,30.71,2.86,Delhi
2024-03-29,0.16,31.17,39.32,22.83,32.97,1.93,Delhi
2024-03-30,3.52,29.96,38.15,22.29,28.77,3.6,Delhi
2024-03-31,0.0,28.6,37.26,20.25,23.42,3.57,Delhi
2024-04-01,0.0,26.08,34.17,20.09,29.61,5.19,Delhi
2024-04-02,0.0,26.81,35.91,17.82,19.34,4.39,Delhi
2024-04-03,0.0,29.08,37.83,19.78,21.1,1.64,Delhi
2024-04-04,0.0,29.96,38.48,22.56,18.97,2.71,Delhi
2024-04-05,0.0,28.79,36.96,22.71,21.31,4.02,Delhi
2024-04-06,0.0,27.68,37.55,18.75,19.14,3.77,Delhi
2024-04-07,0.0,27.9,37.71,18.38,15.37,3.79,Delhi
2024-04-08,0.0,29.41,39.16,21.7,15.81,3.24,Delhi
2024-04-09,0.0,29.36,39.58,19.76,14.78,3.01,Delhi
2024-04-10,0.0,30.48,40.2,20.67,15.94,2.3,Delhi
2024-04-11,0.0,31.24,40.4,22.36,26.16,1.52,Delhi
2024-04-12,0.32,32.24,39.72,25.67,22.34,1.96,Delhi
2024-04-13,0.0,31.84,39.77,24.91,25.95,3.04,Delhi
2024-04-14,1.15,30.38,36.17,22.85,32.53,2.29,Delhi
2024-04-15,1.2,29.51,34.53,26.21,38.01,2.53,Delhi
2024-04-16,0.0,30.15,36.99,23.33,34.11,4.97,Delhi
2024-04-17,0.0,29.82,37.05,21.92,23.79,6.28,Delhi
2024-04-18,0.0,31.08,38.95,22.66,23.83,4.52,Delhi
2024-04-19,0.0,32.13,40.91,23.34,25.42,4.04,Delhi
2024-04-20,0.0,30.83,38.82,22.24,22.4,3.99,Delhi
2024-04-21,0.0,31.4,39.04,23.27,26.13,4.17,Delhi
2024-04-22,0.01,31.99,38.62,26.57,24.93,3.98,Delhi
2024-04-23,0.0,32.37,40.29,25.1,17.73,2.52,Delhi
2024-04-24,0.82,31.17,39.38,24.16,21.97,3.65,Delhi
2024-04-25,0.0,32.36,41.03,23.46,19.62,4.47,Delhi
2024-04-26,0.0,33.79,41.87,24.92,19.33,2.77,Delhi
2024-04-27,0.5,33.55,40.82,26.96,20.07,4.06,Delhi
2024-04-28,0.01,32.18,40.07,24.16,23.06,3.05,Delhi
2024-04-29,0.0,33.26,41.08,25.32,22.98,4.26,Delhi
2024-04-30,0.0,30.33,38.7,22.92,21.9,4.39,Delhi
2024-05-01,0.0,27.77,35.85,20.16,19.07,5.51,Delhi
2024-05-02,0.0,28.64,37.94,19.11,18.53,4.2,Delhi
2024-05-03,0.0,31.32,40.15,21.84,15.05,4.72,Delhi
2024-05-04,0.0,33.94,42.71,26.08,15.78,3.3,Delhi
2024-05-05,0.0,34.47,43.84,24.75,20.69,3.89,Delhi
2024-05-06,0.0,34.93,43.03,26.86,20.65,3.79,Delhi
2024-05-07,0.0,35.9,43.37,27.68,19.19,2.13,Delhi
2024-05-08,0.0,35.02,43.13,27.43,19.31,3.29,Delhi
2024-05-09,0.04,33.19,40.91,25.64,28.64,3.54,Delhi
2024-05-10,0.04,34.37,41.9,26.61,27.33,3.05,Delhi
2024-05-11,0.36,34.35,41.73,27.6,29.22,2.7,Delhi
2024-05-12,0.03,34.88,41.92,27.78,24.38,2.61,Delhi
2024-05-13,0.02,34.96,42.4,27.9,20.55,2.68,Delhi
2024-05-14,0.0,34.47,43.09,25.36,15.96,3.63,Delhi
2024-05-15,0.0,35.3,43.64,27.18,11.8,2.83,Delhi
2024-05-16,0.0,36.64,44.87,26.63,12.45,2.36,Delhi
2024-05-17,0.0,38.49,46.63,29.45,14.11,2.77,Delhi
2024-05-18,0.0,38.45,46.88,30.52,15.12,3.69,Delhi
2024-05-19,0.0,38.84,47.13,30.15,17.41,4.19,Delhi
2024-05-20,0.0,39.07,47.01,31.36,16.48,4.33,Delhi
2024-05-21,0.0,37.88,45.96,30.97,14.96,2.65,Delhi
2024-05-22,0.0,37.36,45.02,29.17,18.14,3.29,Delhi
2024-05-23,0.0,36.76,43.06,30.51,29.06,4.82,Delhi
2024-05-24,0.0,36.74,43.11,30.12,30.24,3.39,Delhi
2024-05-25,0.0,38.26,46.22,30.3,23.1,3.5,Delhi
2024-05-26,0.0,39.23,47.84,30.06,16.72,3.81,Delhi
2024-05-27,0.0,39.37,47.76,29.91,15.79,3.18,Delhi
2024-05-28,0.0,40.32,48.5,31.94,9.69,2.73,Delhi
2024-05-29,0.0,39.82,48.07,30.23,11.16,3.31,Delhi
2024-05-30,0.0,39.49,47.77,32.37,13.15,4.59,Delhi
2024-05-31,0.0,39.45,48.21,30.67,9.84,3.66,Delhi
2024-06-01,0.01,38.63,45.9,30.83,15.77,3.74,Delhi
2024-06-02,0.0,38.73,45.92,30.84,21.53,3.0,Delhi
2024-06-03,0.01,39.2,46.35,31.18,18.55,4.28,Delhi
2024-06-04,2.03,39.51,46.15,32.71,18.85,3.31,Delhi
2024-06-05,0.13,38.81,46.09,31.35,21.15,4.3,Delhi
2024-06-06,1.2,37.27,44.05,30.49,22.79,3.24,Delhi
2024-06-07,0.0,37.43,44.7,30.26,26.29,4.54,Delhi
2024-06-08,0.0,37.64,44.42,31.06,24.29,5.2,Delhi
2024-06-09,0.0,37.28,45.02,30.37,21.07,4.85,Delhi
2024-06-10,0.0,37.63,45.39,28.68,17.96,4.5,Delhi
2024-06-11,0.0,38.21,45.86,29.87,16.09,3.77,Delhi
2024-06-12,0.0,39.09,46.81,31.17,14.95,3.74,Delhi
2024-06-13,0.0,39.48,47.02,31.67,19.67,5.8,Delhi
2024-06-14,0.36,39.82,46.74,32.87,22.72,7.48,Delhi
2024-06-15,0.0,40.23,47.26,32.93,20.93,6.55,Delhi
2024-06-16,0.0,40.28,47.04,33.45,21.8,6.47,Delhi
2024-06-17,0.0,41.15,47.67,34.4,23.82,6.19,Delhi
2024-06-18,0.0,41.23,47.03,35.13,24.27,6.66,Delhi
2024-06-19,0.0,40.97,47.1,34.78,24.55,6.09,Delhi
2024-06-20,3.09,38.99,43.97,33.95,27.03,2.96,Delhi
2024-06-21,0.92,36.94,42.89,31.23,31.13,2.88,Delhi
2024-06-22,0.0,37.05,42.5,31.32,29.25,1.98,Delhi
2024-06-23,0.69,38.13,43.4,32.55,31.69,2.59,Delhi
2024-06-24,20.52,35.09,38.33,30.88,47.12,2.92,Delhi
2024-06-25,0.04,36.02,41.9,30.11,47.46,1.67,Delhi
2024-06-26,4.73,36.06,41.11,31.88,45.85,2.99,Delhi
2024-06-27,25.97,32.06,34.0,29.78,69.38,2.98,Delhi
2024-06-28,2.88,31.85,35.41,28.75,67.8,3.48,Delhi
2024-06-29,3.85,32.83,37.27,28.94,63.35,4.19,Delhi
2024-06-30,8.37,33.33,38.42,28.58,63.7,3.24,Delhi
2024-07-01,3.45,33.18,36.54,28.73,63.93,3.36,Delhi
2024-07-02,6.23,33.78,37.96,29.74,66.18,2.94,Delhi
2024-07-03,21.94,30.67,33.51,28.21,78.16,2.13,Delhi
2024-07-04,9.0,28.55,30.08,27.43,85.11,3.71,Delhi
2024-07-05,5.06,31.32,36.95,27.12,73.22,3.25,Delhi
2024-07-06,18.15,29.85,34.19,26.42,79.03,3.06,Delhi
2024-07-07,7.29,30.08,34.61,26.77,76.58,1.75,Delhi
2024-07-08,8.59,30.69,35.27,27.08,75.18,2.88,Delhi
2024-07-09,4.68,30.22,32.94,27.2,75.75,2.54,Delhi
2024-07-10,2.69,32.47,37.6,27.61,67.97,2.32,Delhi
2024-07-11,4.47,33.28,38.24,27.95,69.07,2.77,Delhi
2024-07-12,1.65,33.58,38.53,29.68,66.0,3.16,Delhi
2024-07-13,1.88,31.54,35.82,27.85,68.35,1.78,Delhi
2024-07-14,0.79,32.44,38.1,26.36,62.33,2.13,Delhi
2024-07-15,2.19,32.3,37.17,28.06,66.1,3.26,Delhi
2024-07-16,0.32,32.53,38.14,28.15,68.17,4.07,Delhi
2024-07-17,0.76,32.47,37.26,27.71,67.72,3.23,Delhi
2024-07-18,5.71,32.3,36.83,28.4,70.47,2.39,Delhi
2024-07-19,4.44,31.87,36.6,28.15,70.77,3.05,Delhi
2024-07-20,3.43,32.13,36.9,27.27,68.07,2.44,Delhi
2024-07-21,1.65,33.17,39.09,27.98,64.19,3.63,Delhi
2024-07-22,9.08,32.43,37.26,27.44,68.85,3.82,Delhi
2024-07-23,8.25,32.15,36.98,28.31,72.55,3.46,Delhi
2024-07-24,18.95,29.89,34.98,27.19,83.12,4.0,Delhi
2024-07-25,0.22,31.07,34.85,27.72,76.87,3.28,Delhi
2024-07-26,9.92,31.09,34.08,27.91,76.35,2.1,Delhi
2024-07-27,27.22,30.71,34.63,27.38,81.12,2.73,Delhi
2024-07-28,0.05,31.95,37.11,27.76,72.77,3.06,Delhi
2024-07-29,0.03,31.85,37.36,27.18,72.43,3.59,Delhi
2024-07-30,1.93,32.47,37.73,27.83,71.56,2.91,Delhi
2024-07-31,27.93,31.78,35.72,28.67,78.87,2.98,Delhi
2024-08-01,41.56,28.8,31.42,27.07,89.15,3.62,Delhi
2024-08-02,2.84,29.08,32.37,26.07,84.65,3.11,Delhi
2024-08-03,0.04,29.1,32.8,26.35,82.36,4.23,Delhi
2024-08-04,0.73,29.18,33.44,25.38,80.32,4.8,Delhi
2024-08-05,0.43,29.17,33.22,26.16,82.51,6.22,Delhi
2024-08-06,3.83,28.67,33.54,24.7,83.27,4.65,Delhi
2024-08-07,26.59,27.1,29.02,25.56,89.45,4.55,Delhi
2024-08-08,4.73,28.22,31.86,25.22,88.12,3.8,Delhi
2024-08-09,4.88,28.26,30.57,26.82,91.23,1.67,Delhi
2024-08-10,1.95,28.99,32.56,26.29,86.05,1.95,Delhi
2024-08-11,5.43,28.22,30.85,26.12,87.73,2.57,Delhi
2024-08-12,34.95,28.35,31.77,25.37,86.09,2.36,Delhi
2024-08-13,4.61,28.34,31.19,26.16,89.16,2.77,Delhi
2024-08-14,1.43,28.44,30.83,26.65,90.84,2.15,Delhi
2024-08-15,1.46,28.95,32.07,26.29,87.24,2.37,Delhi
2024-08-16,1.89,28.83,32.37,25.49,86.75,3.75,Delhi
2024-08-17,5.7,29.18,31.65,26.87,86.82,1.54,Delhi
2024-08-18,2.32,29.51,33.46,26.08,84.28,2.36,Delhi
2024-08-19,4.14,29.09,32.51,26.48,84.54,2.28,Delhi
2024-08-20,5.4,28.75,32.49,25.94,84.75,2.33,Delhi
2024-08-21,3.54,29.34,33.76,25.53,82.12,2.15,Delhi
2024-08-22,1.4,29.87,33.85,26.1,81.01,1.93,Delhi
2024-08-23,1.61,28.56,30.68,26.07,83.46,1.1,Delhi
2024-08-24,0.76,29.31,33.03,25.2,81.68,1.55,Delhi
2024-08-25,0.38,28.75,32.81,25.65,84.05,4.23,Delhi
2024-08-26,4.69,28.34,31.99,25.26,84.37,4.55,Delhi
2024-08-27,2.42,28.21,31.83,25.14,84.66,4.83,Delhi
2024-08-28,11.14,28.07,31.54,25.68,86.49,3.0,Delhi
2024-08-29,10.13,27.75,31.6,24.04,85.08,3.1,Delhi
2024-08-30,2.11,28.75,32.74,25.17,77.73,1.12,Delhi
2024-08-31,0.02,29.17,33.93,24.66,77.81,2.66,Delhi
2024-09-01,0.07,29.91,34.6,25.66,76.99,2.02,Delhi
2024-09-02,1.64,27.22,28.83,26.07,88.06,3.05,Delhi
2024-09-03,4.15,29.25,33.3,25.03,79.5,2.3,Delhi
2024-09-04,10.38,28.4,31.62,25.58,83.96,1.5,Delhi
2024-09-05,12.8,28.44,33.24,24.46,81.96,1.4,Delhi
2024-09-06,31.62,27.31,30.48,25.38,88.27,2.76,Delhi
2024-09-07,9.23,28.01,30.88,24.97,84.63,1.63,Delhi
2024-09-08,0.83,28.99,32.68,25.09,81.18,1.09,Delhi
2024-09-09,6.63,28.69,31.45,25.68,82.94,1.18,Delhi
2024-09-10,8.65,30.0,33.74,26.17,76.36,1.31,Delhi
2024-09-11,42.32,28.44,32.79,25.71,85.21,1.9,Delhi
2024-09-12,59.31,27.35,30.23,25.75,90.04,4.95,Delhi
2024-09-13,28.41,27.54,30.81,24.52,87.18,4.31,Delhi
2024-09-14,16.51,27.08,30.67,23.8,85.49,3.92,Delhi
2024-09-15,1.03,26.87,31.29,23.19,84.11,3.1,Delhi
2024-09-16,0.0,26.51,31.18,22.56,81.5,3.06,Delhi
2024-09-17,3.16,27.04,31.03,22.9,80.19,1.72,Delhi
2024-09-18,32.63,26.05,30.45,23.74,88.8,2.69,Delhi
2024-09-19,1.16,27.14,30.84,23.76,86.45,3.27,Delhi
2024-09-20,0.01,27.8,31.93,24.02,83.68,1.46,Delhi
2024-09-21,0.0,28.37,32.28,23.99,82.88,1.57,Delhi
2024-09-22,0.0,29.22,33.44,25.38,81.54,1.65,Delhi
2024-09-23,0.0,29.32,33.41,25.19,82.91,1.74,Delhi
2024-09-24,0.14,30.37,34.37,26.37,75.8,0.73,Delhi
2024-09-25,0.67,28.54,32.23,25.32,86.49,2.79,Delhi
2024-09-26,5.19,27.38,30.16,25.1,88.79,2.83,Delhi
2024-09-27,1.06,26.73,30.14,24.33,87.68,4.17,Delhi
2024-09-28,0.27,26.14,29.57,23.21,90.19,3.35,Delhi
2024-09-29,0.0,28.16,31.94,23.72,81.01,1.49,Delhi
2024-09-30,0.0,27.27,31.57,23.3,80.79,2.68,Delhi
2024-10-01,0.0,27.23,32.15,22.78,77.42,2.93,Delhi
2024-10-02,0.0,27.21,33.22,22.54,74.81,3.06,Delhi
2024-10-03,0.0,26.92,32.67,21.46,69.29,2.62,Delhi
2024-10-04,0.05,26.56,32.42,20.35,74.69,2.27,Delhi
2024-10-05,0.05,27.28,32.23,22.42,78.14,2.5,Delhi
2024-10-06,0.0,26.54,32.87,21.8,73.77,2.25,Delhi
2024-10-07,0.0,26.26,31.81,20.36,71.46,1.81,Delhi
2024-10-08,0.0,26.64,32.15,21.34,65.25,1.35,Delhi
2024-10-09,0.0,26.25,31.47,21.92,64.92,1.76,Delhi
2024-10-10,0.0,25.34,31.96,20.08,69.56,2.98,Delhi
2024-10-11,0.0,24.17,31.2,17.93,64.88,2.75,Delhi
2024-10-12,0.0,24.43,31.74,17.6,59.33,2.38,Delhi
2024-10-13,0.0,24.45,31.65,17.89,60.75,1.82,Delhi
2024-10-14,0.0,25.38,31.29,20.6,66.48,2.31,Delhi
2024-10-15,0.01,24.78,31.31,18.78,56.2,2.1,Delhi
2024-10-16,0.0,24.55,32.09,17.19,58.63,2.28,Delhi
2024-10-17,0.0,24.79,32.8,19.15,64.25,2.33,Delhi
2024-10-18,0.0,25.25,33.05,19.65,62.99,1.88,Delhi
2024-10-19,0.0,25.18,32.0,20.33,67.11,2.08,Delhi
2024-10-20,0.0,25.16,32.73,20.24,66.14,1.52,Delhi
2024-10-21,0.05,24.92,31.42,19.7,72.21,1.59,Delhi
2024-10-22,0.0,24.93,31.51,19.77,74.97,1.65,Delhi
2024-10-23,0.0,24.6,31.98,18.79,66.57,2.49,Delhi
2024-10-24,0.0,24.33,32.33,17.59,66.73,3.02,Delhi
2024-10-25,0.0,24.85,32.22,18.08,63.01,2.84,Delhi
2024-10-26,0.0,24.5,32.23,18.61,61.69,2.73,Delhi
2024-10-27,0.0,24.14,30.68,18.78,69.85,2.14,Delhi
2024-10-28,0.0,24.25,30.78,19.13,79.63,2.72,Delhi
2024-10-29,0.0,25.41,33.03,19.27,74.41,2.24,Delhi
2024-10-30,0.0,26.67,34.74,19.98,65.07,1.93,Delhi
2024-10-31,0.0,25.63,32.81,20.21,58.6,2.87,Delhi
2024-11-01,0.0,24.15,32.15,16.66,49.4,3.07,Delhi
2024-11-02,0.0,23.87,32.37,18.4,52.38,2.09,Delhi
2024-11-03,0.0,23.81,31.56,17.25,57.63,1.47,Delhi
2024-11-04,0.0,22.93,30.42,16.91,64.86,1.72,Delhi
2024-11-05,0.0,22.69,30.31,16.52,69.13,2.16,Delhi
2024-11-06,0.0,22.81,30.14,16.71,68.3,1.9,Delhi
2024-11-07,0.0,22.78,29.92,17.53,71.49,2.08,Delhi
2024-11-08,0.0,23.16,30.31,17.39,73.68,2.16,Delhi
2024-11-09,0.0,23.17,30.82,17.72,75.92,2.85,Delhi
2024-11-10,0.0,23.65,30.91,17.02,66.71,2.05,Delhi
2024-11-11,0.0,23.76,30.88,17.59,64.43,1.71,Delhi
2024-11-12,0.0,23.21,31.95,17.68,60.45,2.44,Delhi
2024-11-13,0.0,22.04,29.91,16.17,53.42,1.95,Delhi
2024-11-14,0.0,22.31,29.68,16.85,48.97,1.49,Delhi
2024-11-15,0.0,22.05,29.84,16.97,50.03,2.36,Delhi
2024-11-16,0.0,21.45,28.86,14.86,51.4,2.45,Delhi
2024-11-17,0.0,21.13,28.58,16.45,53.46,2.27,Delhi
2024-11-18,0.0,19.08,26.31,12.75,52.76,2.29,Delhi
2024-11-19,0.0,18.59,26.37,12.33,48.16,2.7,Delhi
2024-11-20,0.0,18.65,26.58,11.74,44.78,2.15,Delhi
2024-11-21,0.0,18.98,26.68,11.7,41.55,1.89,Delhi
2024-11-22,0.0,18.87,26.47,12.33,41.14,1.96,Delhi
2024-11-23,0.0,18.68,27.63,12.55,48.05,2.2,Delhi
2024-11-24,0.0,19.16,28.38,12.38,50.04,3.14,Delhi
2024-11-25,0.0,17.93,26.71,11.79,52.52,3.35,Delhi
2024-11-26,0.0,17.53,26.61,10.96,48.36,3.06,Delhi
2024-11-27,0.0,17.98,25.94,11.96,48.55,2.51,Delhi
2024-11-28,0.0,18.53,26.45,12.53,44.89,1.63,Delhi
2024-11-29,0.0,18.3,25.88,11.81,44.33,1.71,Delhi
2024-11-30,0.0,17.7,25.76,11.16,47.81,2.45,Delhi
2024-12-01,0.0,17.19,26.0,11.02,48.45,2.27,Delhi
2024-12-02,0.0,19.09,27.06,13.11,47.4,1.92,Delhi
2024-12-03,0.0,19.33,27.83,14.24,51.27,2.3,Delhi
2024-12-04,0.0,18.25,27.51,12.41,52.08,4.23,Delhi
2024-12-05,0.0,16.13,25.18,9.68,46.62,3.77,Delhi
2024-12-06,0.0,16.31,25.3,9.3,46.85,3.33,Delhi
2024-12-07,0.0,16.12,23.43,9.65,37.67,1.79,Delhi
2024-12-08,0.03,14.81,23.43,7.19,45.52,3.3,Delhi
2024-12-09,0.07,13.93,21.53,8.76,60.69,2.42,Delhi
2024-12-10,0.0,12.7,22.06,6.58,48.65,4.05,Delhi
2024-12-11,0.0,12.36,22.43,4.37,33.17,3.38,Delhi
2024-12-12,0.0,11.45,21.75,4.17,35.65,3.62,Delhi
2024-12-13,0.0,12.23,22.66,5.12,38.43,5.26,Delhi
2024-12-14,0.0,11.82,22.49,4.07,36.87,4.11,Delhi
2024-12-15,0.0,12.42,21.83,4.96,35.5,2.17,Delhi
2024-12-16,0.0,13.8,22.33,6.09,33.94,2.02,Delhi
2024-12-17,0.0,15.19,23.24,8.47,31.46,1.21,Delhi
2024-12-18,0.0,13.99,22.47,7.21,35.23,1.74,Delhi
2024-12-19,0.0,13.91,21.23,7.57,42.94,1.76,Delhi
2024-12-20,0.0,14.24,23.43,8.1,48.53,1.98,Delhi
2024-12-21,0.0,14.06,23.69,7.23,52.19,2.63,Delhi
2024-12-22,0.0,15.63,23.64,11.08,47.83,1.69,Delhi
2024-12-23,0.1,13.26,19.98,7.32,57.92,2.41,Delhi
2024-12-24,0.17,15.63,21.41,9.94,63.86,1.86,Delhi
2024-12-25,0.03,15.14,23.42,9.09,66.08,2.26,Delhi
2024-12-26,0.06,16.27,24.34,8.49,52.7,1.55,Delhi
2024-12-27,9.51,17.27,23.76,13.56,64.59,3.1,Delhi
2024-12-28,6.09,15.2,19.26,11.41,87.76,2.61,Delhi
2024-12-29,0.08,14.42,22.34,9.35,72.73,3.86,Delhi
2024-12-30,0.0,12.35,20.98,6.11,55.76,3.76,Delhi
2024-12-31,0.0,11.62,20.6,5.47,49.13,2.33,Delhi
2025-01-01,0.0,12.22,22.69,4.7,45.72,3.66,Delhi
2025-01-02,0.0,13.24,20.97,8.47,47.31,3.77,Delhi
2025-01-03,0.0,14.55,22.96,8.8,51.3,2.65,Delhi
2025-01-04,0.0,15.22,25.63,9.05,51.49,2.24,Delhi
2025-01-05,0.0,14.42,23.98,7.17,56.55,2.83,Delhi
2025-01-06,0.05,14.03,21.98,8.98,61.57,2.11,Delhi
2025-01-07,0.1,12.53,21.11,7.11,58.99,4.2,Delhi
2025-01-08,0.0,11.72,22.06,4.23,41.82,4.13,Delhi
2025-01-09,0.0,13.72,22.7,5.83,34.59,1.74,Delhi
2025-01-10,0.0,13.74,21.44,6.93,32.88,1.24,Delhi
2025-01-11,1.8,12.18,19.87,4.88,49.01,2.72,Delhi
2025-01-12,0.13,12.42,19.3,7.35,74.62,2.34,Delhi
2025-01-13,0.0,13.3,22.65,6.61,69.46,3.62,Delhi
2025-01-14,0.0,13.24,22.52,5.12,48.98,2.48,Delhi
2025-01-15,0.19,13.74,21.81,7.75,46.41,2.17,Delhi
2025-01-16,1.79,13.22,17.66,10.24,78.08,1.52,Delhi
2025-01-17,0.04,12.46,21.38,7.47,65.43,3.31,Delhi
2025-01-18,0.0,13.15,21.11,6.0,44.93,2.13,Delhi
2025-01-19,0.0,16.1,26.43,9.26,46.35,2.42,Delhi
2025-01-20,0.0,15.84,25.36,9.92,46.96,3.97,Delhi
2025-01-21,0.0,15.73,26.34,8.46,45.82,3.86,Delhi
2025-01-22,0.01,16.37,26.05,8.56,50.48,2.4,Delhi
2025-01-23,0.11,16.68,24.97,10.96,46.63,3.13,Delhi
2025-01-24,0.0,14.34,24.55,7.06,44.5,4.3,Delhi
2025-01-25,0.0,13.83,25.03,6.35,35.54,4.35,Delhi
2025-01-26,0.0,13.03,24.53,3.75,32.29,3.39,Delhi
2025-01-27,0.0,12.61,23.89,4.18,33.66,3.66,Delhi
2025-01-28,0.0,14.52,25.02,4.08,30.52,2.62,Delhi
2025-01-29,0.0,15.14,26.0,7.08,34.13,2.88,Delhi
2025-01-30,0.0,15.7,26.03,8.14,38.91,2.56,Delhi
2025-01-31,0.0,16.72,26.41,8.06,41.71,2.15,Delhi
2025-02-01,0.0,17.76,26.33,10.52,39.68,2.17,Delhi
2025-02-02,0.0,16.86,26.74,9.77,48.01,2.89,Delhi
2025-02-03,0.0,17.31,26.83,9.07,42.49,2.76,Delhi
2025-02-04,0.18,18.36,26.11,12.56,44.6,2.19,Delhi
2025-02-05,0.0,15.06,24.19,9.39,44.38,4.1,Delhi
2025-02-06,0.0,14.44,24.33,7.15,35.93,4.72,Delhi
2025-02-07,0.0,14.4,24.64,6.82,37.24,4.92,Delhi
2025-02-08,0.0,15.54,27.0,7.49,33.55,3.92,Delhi
2025-02-09,0.0,17.53,27.9,8.96,30.48,2.49,Delhi
2025-02-10,0.0,19.01,29.03,11.58,30.7,2.34,Delhi
2025-02-11,0.0,19.49,29.47,12.88,33.14,2.41,Delhi
2025-02-12,0.0,18.17,27.28,11.77,38.97,4.4,Delhi
2025-02-13,0.0,16.98,27.68,9.4,30.39,5.55,Delhi
2025-02-14,0.0,17.23,28.89,8.46,30.19,4.86,Delhi
2025-02-15,0.0,18.74,28.15,12.21,34.76,3.0,Delhi
2025-02-16,0.0,18.73,28.52,9.9,42.91,2.23,Delhi
2025-02-17,0.0,20.86,29.96,14.7,35.99,1.95,Delhi
2025-02-18,0.0,20.42,29.97,14.06,36.46,2.75,Delhi
2025-02-19,0.37,20.55,28.75,11.69,34.88,2.18,Delhi
2025-02-20,1.38,20.54,27.81,14.14,52.68,3.91,Delhi
2025-02-21,0.02,19.68,28.3,12.7,51.58,2.64,Delhi
2025-02-22,0.0,17.79,25.39,11.45,48.25,3.88,Delhi
2025-02-23,0.0,18.57,28.23,10.56,44.16,2.76,Delhi
2025-02-24,0.0,19.0,28.33,11.45,42.58,2.76,Delhi
2025-02-25,0.0,20.52,29.58,14.31,40.05,2.1,Delhi
2025-02-26,0.03,21.59,30.56,14.68,37.94,1.46,Delhi
2025-02-27,0.4,20.7,26.52,16.67,52.51,2.6,Delhi
2025-02-28,6.18,19.3,24.49,16.39,68.65,3.83,Delhi
2025-03-01,3.13,20.62,28.71,14.36,63.49,3.34,Delhi
2025-03-02,0.0,20.6,29.91,13.55,45.89,3.75,Delhi
2025-03-03,0.0,20.77,31.28,10.24,33.78,2.3,Delhi
2025-03-04,0.0,20.32,28.24,13.91,39.08,4.66,Delhi
2025-03-05,0.0,17.4,27.0,9.58,29.95,7.11,Delhi
2025-03-06,0.0,18.08,30.07,8.49,27.46,4.89,Delhi
2025-03-07,0.0,19.71,30.65,10.76,29.36,3.2,Delhi
2025-03-08,0.0,21.37,31.74,10.7,30.1,3.34,Delhi
2025-03-09,0.0,23.17,33.33,13.42,28.32,2.58,Delhi
2025-03-10,0.0,23.86,34.22,14.44,28.97,3.26,Delhi
2025-03-11,0.0,24.95,35.64,17.14,31.41,2.39,Delhi
2025-03-12,0.0,25.54,35.5,16.69,37.05,3.45,Delhi
2025-03-13,0.22,27.48,35.71,20.27,38.0,1.92,Delhi
2025-03-14,1.55,27.97,35.66,20.56,35.16,1.9,Delhi
2025-03-15,0.06,26.17,34.66,18.49,34.74,3.17,Delhi
2025-03-16,0.14,24.39,33.63,18.04,36.11,3.56,Delhi
2025-03-17,0.0,23.08,31.54,15.83,37.59,3.25,Delhi
2025-03-18,0.0,23.01,32.83,14.12,32.91,3.18,Delhi
2025-03-19,0.0,24.59,35.06,15.65,26.63,3.08,Delhi
2025-03-20,0.0,25.13,36.06,15.87,25.87,3.04,Delhi
2025-03-21,0.0,24.86,35.24,15.6,26.81,4.07,Delhi
2025-03-22,0.0,24.69,33.88,18.14,22.56,2.87,Delhi
2025-03-23,0.2,25.11,35.63,15.22,20.84,1.91,Delhi
2025-03-24,0.0,26.4,37.05,15.6,17.23,2.29,Delhi
2025-03-25,0.0,27.38,38.6,17.29,19.38,2.6,Delhi
2025-03-26,0.0,30.47,40.1,21.71,19.44,1.53,Delhi
2025-03-27,0.0,29.66,39.51,21.65,19.25,3.16,Delhi
2025-03-28,0.0,26.13,36.4,17.96,11.72,5.0,Delhi
2025-03-29,0.0,22.34,31.35,13.43,10.3,4.79,Delhi
2025-03-30,0.0,24.53,35.76,15.61,11.33,4.4,Delhi
2025-03-31,0.0,25.55,37.1,14.11,12.65,3.78,Delhi
2025-04-01,0.0,25.98,36.57,15.4,16.39,3.59,Delhi
2025-04-02,0.0,28.07,38.55,18.59,13.08,2.13,Delhi
2025-04-03,0.0,29.69,39.25,20.28,11.41,1.34,Delhi
2025-04-04,0.0,29.37,39.5,21.67,14.3,2.72,Delhi
2025-04-05,0.0,28.32,38.44,18.51,19.24,3.48,Delhi
2025-04-06,0.0,30.31,40.69,19.49,16.07,2.81,Delhi
2025-04-07,0.0,31.6,41.75,21.77,16.86,2.94,Delhi
2025-04-08,0.0,31.5,41.42,22.75,16.94,4.13,Delhi
2025-04-09,0.0,32.23,41.57,22.97,22.7,2.92,Delhi
2025-04-10,0.17,32.64,40.46,25.2,26.03,2.18,Delhi
2025-04-11,1.92,31.09,39.73,23.55,33.81,4.77,Delhi
2025-04-12,1.1,29.21,37.07,20.75,37.59,2.49,Delhi
2025-04-13,0.0,30.67,38.51,22.49,28.17,2.04,Delhi
2025-04-14,0.0,30.47,38.33,22.44,25.88,3.17,Delhi
2025-04-15,0.0,30.98,38.45,23.42,29.1,3.33,Delhi
2025-04-16,0.0,32.04,39.62,24.36,27.42,3.09,Delhi
2025-04-17,0.12,33.11,41.78,24.68,25.1,2.98,Delhi
2025-04-18,0.0,33.37,42.65,23.88,25.63,3.23,Delhi
2025-04-19,0.66,33.11,41.9,25.11,29.96,6.23,Delhi
2025-04-20,0.0,33.06,41.68,24.25,27.35,4.44,Delhi
2025-04-21,0.0,33.41,42.4,26.13,15.3,2.79,Delhi
2025-04-22,0.0,31.49,42.57,20.65,8.6,3.62,Delhi
2025-04-23,0.0,31.97,41.95,22.5,11.75,3.86,Delhi
2025-04-24,0.0,33.22,42.74,23.0,6.93,2.26,Delhi
2025-04-25,0.0,33.22,43.78,23.65,8.1,2.76,Delhi
2025-04-26,0.0,34.22,43.69,26.57,9.49,2.34,Delhi
2025-04-27,0.0,33.14,42.24,24.54,12.17,2.11,Delhi
2025-04-28,0.0,32.68,41.97,23.41,15.72,4.17,Delhi
2025-04-29,0.0,30.9,39.09,22.96,23.65,4.43,Delhi
2025-04-30,0.0,31.55,39.22,23.52,30.42,4.44,Delhi
2025-05-01,0.01,31.98,38.84,24.78,33.83,4.89,Delhi
2025-05-02,12.9,28.81,34.18,24.98,51.26,3.29,Delhi
2025-05-03,6.96,28.57,35.27,23.34,52.19,2.91,Delhi
2025-05-04,6.74,29.66,37.1,22.96,47.06,4.92,Delhi
2025-05-05,4.61,29.2,36.69,22.11,51.07,3.68,Delhi
2025-05-06,0.44,29.33,35.12,23.89,41.23,3.27,Delhi
2025-05-07,0.04,31.04,36.7,25.27,42.05,3.17,Delhi
2025-05-08,0.08,31.12,37.49,25.45,43.49,3.43,Delhi
2025-05-09,0.78,31.33,37.27,25.22,42.01,2.57,Delhi
2025-05-10,1.11,32.01,38.14,25.59,44.7,2.11,Delhi
2025-05-11,0.0,33.3,40.14,26.18,41.14,1.82,Delhi
2025-05-12,0.0,34.0,41.42,27.07,32.25,2.86,Delhi
2025-05-13,0.8,34.08,41.87,27.39,37.81,4.19,Delhi
2025-05-14,1.55,33.9,42.02,26.44,37.71,2.56,Delhi
2025-05-15,0.0,35.04,43.2,26.46,27.46,2.49,Delhi
2025-05-16,0.31,36.41,44.93,28.75,25.4,3.55,Delhi
2025-05-17,0.11,35.78,43.88,27.83,26.85,3.8,Delhi
2025-05-18,0.02,35.87,44.43,27.62,27.74,3.26,Delhi
2025-05-19,0.0,35.48,43.36,26.97,23.43,3.22,Delhi
2025-05-20,0.0,36.28,44.48,28.54,25.06,3.46,Delhi
2025-05-21,0.0,36.9,44.38,29.8,24.03,4.0,Delhi
2025-05-22,13.11,31.36,37.09,24.59,44.63,4.44,Delhi
2025-05-23,0.0,32.68,39.92,25.82,38.75,4.24,Delhi
2025-05-24,2.07,33.54,39.99,27.19,37.73,5.15,Delhi
2025-05-25,20.03,30.6,35.24,26.72,54.34,3.5,Delhi
2025-05-26,0.23,31.97,38.05,26.53,48.46,3.23,Delhi
2025-05-27,0.0,32.94,39.39,26.06,41.29,2.26,Delhi
2025-05-28,0.53,33.92,39.8,27.54,45.99,2.22,Delhi
2025-05-29,0.0,34.71,40.77,28.16,42.33,1.95,Delhi
2025-05-30,0.38,34.38,40.35,27.13,42.26,1.48,Delhi
2025-05-31,0.18,34.29,41.16,27.38,33.24,2.05,Delhi
2025-06-01,4.8,32.98,40.76,26.23,40.29,4.74,Delhi
2025-06-02,1.33,31.39,38.25,24.41,46.42,1.86,Delhi
2025-06-03,0.0,30.76,36.93,25.44,39.17,1.73,Delhi
2025-06-04,0.26,30.8,36.63,24.6,39.34,1.97,Delhi
2025-06-05,0.01,32.28,38.43,25.3,38.34,1.44,Delhi
2025-06-06,0.0,33.28,39.83,25.94,34.1,1.81,Delhi
2025-06-07,0.0,34.66,41.56,26.33,31.95,2.06,Delhi
2025-06-08,0.0,36.93,44.7,28.81,29.6,2.57,Delhi
2025-06-09,0.0,37.85,45.53,29.54,24.42,2.58,Delhi
2025-06-10,0.0,37.75,45.86,28.26,21.43,3.34,Delhi
2025-06-11,0.0,37.93,45.64,29.36,22.58,2.41,Delhi
2025-06-12,0.0,37.77,44.92,30.4,27.84,2.69,Delhi
2025-06-13,1.24,37.99,44.31,31.9,33.0,3.57,Delhi
2025-06-14,4.19,36.81,43.07,31.04,34.83,2.38,Delhi
2025-06-15,0.2,35.63,40.99,30.99,38.54,3.59,Delhi
2025-06-16,9.31,33.25,37.48,29.38,53.61,3.45,Delhi
2025-06-17,1.16,32.52,38.39,27.79,58.95,2.69,Delhi
2025-06-18,18.82,29.89,32.63,27.89,74.29,2.5,Delhi
2025-06-19,0.16,32.24,36.71,27.03,60.04,3.76,Delhi
2025-06-20,0.74,33.21,38.45,28.0,58.38,3.65,Delhi
2025-06-21,0.11,34.39,40.62,28.35,51.18,3.35,Delhi
2025-06-22,0.31,34.88,40.04,29.52,49.49,1.82,Delhi
2025-06-23,3.28,34.15,39.74,29.28,53.1,2.74,Delhi
2025-06-24,1.04,34.02,39.27,28.78,51.05,2.0,Delhi
2025-06-25,0.61,34.03,38.92,29.75,51.69,4.18,Delhi
2025-06-26,0.43,34.08,38.88,29.3,53.01,4.88,Delhi
2025-06-27,0.37,34.7,40.1,29.67,49.95,4.41,Delhi
2025-06-28,9.25,33.5,37.72,29.54,54.03,3.17,Delhi
2025-06-29,15.13,32.06,37.74,28.09,64.5,2.59,Delhi
2025-06-30,43.59,27.98,30.12,26.29,87.23,3.32,Delhi
2025-07-01,2.1,30.61,36.42,25.58,65.92,2.98,Delhi
2025-07-02,2.66,31.8,37.05,26.7,64.87,3.26,Delhi
2025-07-03,0.31,32.16,36.74,27.71,64.38,3.83,Delhi
2025-07-04,3.54,31.73,36.21,27.46,68.34,2.97,Delhi
2025-07-05,0.24,32.46,37.61,27.86,64.19,2.43,Delhi
2025-07-06,15.02,31.16,35.33,27.82,70.86,2.41,Delhi
2025-07-07,0.83,32.05,36.84,27.46,67.35,1.73,Delhi
2025-07-08,12.04,31.84,35.63,28.07,69.82,1.97,Delhi
2025-07-09,7.32,30.84,35.24,27.18,71.74,2.47,Delhi
2025-07-10,21.92,28.07,30.08,26.41,84.64,3.23,Delhi
2025-07-11,1.85,30.23,34.98,25.91,71.62,1.69,Delhi
2025-07-12,3.31,31.18,36.31,26.33,68.06,1.96,Delhi
2025-07-13,11.04,29.16,32.57,26.43,76.68,2.32,Delhi
2025-07-14,5.73,28.8,31.67,26.39,81.26,5.55,Delhi
2025-07-15,2.63,29.0,33.37,25.84,81.5,7.27,Delhi
2025-07-16,8.45,28.18,32.31,25.11,78.12,4.17,Delhi
2025-07-17,5.63,28.82,33.21,24.97,78.18,3.35,Delhi
2025-07-18,3.55,28.83,33.07,25.56,76.98,6.47,Delhi
2025-07-19,0.36,29.38,34.6,24.74,76.54,5.43,Delhi
2025-07-20,0.2,31.04,37.04,25.81,70.69,3.36,Delhi
2025-07-21,0.53,30.02,34.27,26.48,72.1,2.59,Delhi
2025-07-22,1.53,29.39,31.66,26.85,79.71,1.96,Delhi
2025-07-23,19.98,29.87,33.03,26.92,82.6,2.37,Delhi
2025-07-24,1.25,31.09,35.36,26.61,74.16,2.58,Delhi
2025-07-25,4.02,31.91,35.22,27.86,71.93,2.28,Delhi
2025-07-26,0.49,32.27,37.83,27.57,69.54,1.59,Delhi
2025-07-27,0.0,31.35,36.5,27.62,69.97,3.07,Delhi
2025-07-28,2.38,29.46,32.45,27.17,77.1,1.28,Delhi
2025-07-29,11.6,28.56,30.57,26.29,85.44,1.9,Delhi
2025-07-30,14.31,29.34,33.32,26.9,84.33,3.39,Delhi
2025-07-31,20.39,29.14,33.03,26.44,85.09,2.28,Delhi
2025-08-01,4.72,29.74,34.21,26.74,81.49,1.67,Delhi
2025-08-02,4.01,29.59,33.47,26.05,81.07,2.9,Delhi
2025-08-03,31.73,29.19,32.66,26.13,82.74,3.07,Delhi
2025-08-04,40.62,29.26,33.23,26.34,83.93,3.76,Delhi
2025-08-05,32.74,28.34,31.39,26.34,88.16,3.33,Delhi
2025-08-06,5.69,28.43,31.77,25.58,82.44,2.29,Delhi
2025-08-07,0.51,29.14,33.99,24.74,78.66,3.27,Delhi
2025-08-08,8.36,29.74,34.01,25.59,77.12,2.93,Delhi
2025-08-09,9.64,28.42,31.45,25.76,83.7,1.96,Delhi
2025-08-10,10.32,29.06,32.13,25.25,81.88,1.79,Delhi
2025-08-11,12.83,29.49,33.39,26.23,82.53,2.55,Delhi
2025-08-12,1.47,29.18,33.13,26.47,83.34,2.55,Delhi
2025-08-13,4.58,29.01,32.89,26.07,83.08,2.36,Delhi
2025-08-14,24.4,27.34,30.73,25.12,89.8,2.62,Delhi
2025-08-15,1.62,27.92,31.95,24.42,83.6,1.43,Delhi
2025-08-16,3.19,28.38,32.44,25.01,83.95,2.23,Delhi
2025-08-17,3.8,29.06,32.75,25.46,84.89,2.39,Delhi
2025-08-18,3.45,28.01,30.2,26.24,90.4,3.18,Delhi
2025-08-19,1.7,28.77,32.86,25.3,83.85,2.67,Delhi
2025-08-20,0.11,28.55,32.23,25.4,84.55,3.66,Delhi
2025-08-21,6.28,28.94,32.5,25.61,84.6,3.07,Delhi
2025-08-22,0.16,29.52,33.45,25.91,81.54,1.48,Delhi
2025-08-23,7.24,28.47,31.82,25.93,86.76,2.06,Delhi
2025-08-24,2.01,28.29,31.9,25.07,86.64,3.36,Delhi
2025-08-25,14.84,27.19,29.13,25.54,92.24,4.41,Delhi
2025-08-26,1.06,27.86,31.56,24.87,87.58,3.99,Delhi
2025-08-27,5.43,28.73,32.32,25.27,85.08,2.02,Delhi
2025-08-28,3.61,28.75,33.06,25.35,84.1,2.23,Delhi
2025-08-29,35.83,27.16,30.06,25.3,90.71,3.6,Delhi
2025-08-30,20.58,27.84,31.48,24.5,89.03,3.21,Delhi
2025-08-31,47.12,27.23,29.5,25.67,92.43,3.0,Delhi
2025-09-01,22.21,26.64,29.0,25.11,91.2,4.08,Delhi
2025-09-02,34.28,26.68,29.37,24.95,90.94,4.99,Delhi
2025-09-03,18.0,26.81,30.26,24.47,90.66,2.85,Delhi
2025-09-04,42.69,27.73,31.57,24.09,85.18,1.98,Delhi
2025-09-05,8.89,26.75,30.23,24.44,89.64,4.71,Delhi
2025-09-06,0.49,27.6,31.21,24.48,88.02,3.78,Delhi
2025-09-07,0.74,27.51,30.82,24.77,88.05,3.07,Delhi
2025-09-08,4.12,27.41,31.53,23.92,85.93,2.18,Delhi
2025-09-09,2.14,27.96,32.55,24.3,84.64,2.86,Delhi
2025-09-10,0.0,27.33,31.44,24.11,85.49,4.49,Delhi
2025-09-11,0.0,26.78,31.54,22.34,83.76,3.94,Delhi
2025-09-12,0.06,27.69,31.46,23.83,81.75,2.77,Delhi
2025-09-13,2.22,28.34,32.31,24.27,76.07,1.57,Delhi
2025-09-14,0.16,28.41,33.05,23.74,78.05,2.2,Delhi
2025-09-15,0.04,28.05,32.25,24.67,82.12,2.88,Delhi
2025-09-16,1.15,28.57,33.26,23.6,77.49,1.56,Delhi
2025-09-17,21.17,28.53,32.64,24.9,80.07,1.71,Delhi
2025-09-18,1.54,28.0,31.55,23.94,83.26,1.45,Delhi
2025-09-19,1.07,28.25,32.33,24.12,81.67,2.23,Delhi
2025-09-20,0.0,27.57,32.55,23.61,79.8,2.94,Delhi
2025-09-21,0.0,26.7,32.43,21.83,79.21,3.13,Delhi
2025-09-22,0.0,25.97,32.26,20.64,77.63,3.14,Delhi
2025-09-23,0.0,25.83,32.14,20.26,76.49,3.34,Delhi
2025-09-24,0.0,26.04,32.42,19.93,73.43,3.3,Delhi
2025-09-25,0.0,26.02,32.46,20.21,74.8,3.01,Delhi
2025-09-26,0.0,26.34,32.99,19.84,77.33,3.16,Delhi
2025-09-27,0.0,28.45,33.53,23.33,79.25,1.43,Delhi
2025-09-28,0.0,28.25,33.09,24.7,82.42,3.11,Delhi
2025-09-29,0.66,27.92,32.27,23.68,82.78,2.44,Delhi
2025-09-30,7.98,26.35,29.44,23.69,88.32,1.96,Delhi
2025-10-01,0.03,26.77,31.41,23.56,79.51,1.22,Delhi
2025-10-02,2.38,26.28,30.63,23.14,81.31,2.05,Delhi
2025-10-03,0.03,26.46,29.73,22.65,83.0,1.8,Delhi
2025-10-04,0.0,26.97,31.92,23.19,76.61,2.31,Delhi
2025-10-05,0.28,26.79,31.83,20.56,67.73,1.94,Delhi
2025-10-06,13.65,24.99,29.78,21.05,81.68,1.96,Delhi
2025-10-07,14.87,23.76,28.19,21.41,87.72,3.03,Delhi
2025-10-08,0.84,22.14,27.61,17.68,81.68,2.2,Delhi
2025-10-09,0.0,21.88,28.29,16.5,78.45,2.78,Delhi
2025-10-10,0.0,22.21,27.72,16.12,67.44,1.83,Delhi
2025-10-11,0.0,22.94,28.62,17.48,61.73,1.39,Delhi
2025-10-12,0.0,23.53,29.62,17.44,69.84,2.07,Delhi
2025-10-13,0.0,23.99,29.84,18.56,56.77,1.25,Delhi
2025-10-14,0.0,23.6,30.17,17.0,55.44,1.4,Delhi
2025-10-15,0.0,23.55,29.89,16.1,55.3,1.37,Delhi
2025-10-16,0.0,23.23,30.58,15.27,55.43,1.68,Delhi
2025-10-17,0.0,23.72,30.27,16.95,62.22,1.28,Delhi
2025-10-18,0.0,23.69,29.56,18.44,66.53,1.57,Delhi
2025-10-19,0.0,23.81,30.41,17.99,65.52,1.84,Delhi
2025-10-20,0.0,24.01,29.87,18.81,65.73,2.0,Delhi
2025-10-21,0.0,24.04,29.37,20.41,72.68,1.58,Delhi
2025-10-22,0.0,24.85,30.41,20.11,66.67,1.52,Delhi
2025-10-23,0.0,24.09,30.64,17.98,55.94,1.8,Delhi
2025-10-24,0.0,23.5,30.16,16.8,53.52,1.56,Delhi
2025-10-25,0.0,22.83,29.68,16.26,52.32,1.51,Delhi
2025-10-26,0.0,23.09,29.9,17.2,49.0,1.37,Delhi
2025-10-27,0.14,22.51,28.69,19.08,58.09,1.61,Delhi
2025-10-28,0.21,20.95,26.28,17.56,75.55,1.7,Delhi
2025-10-29,0.01,22.92,28.81,17.05,70.8,1.24,Delhi
2025-10-30,1.39,23.02,26.12,20.35,78.93,1.43,Delhi
2025-10-31,0.01,23.62,30.03,18.96,76.05,2.53,Delhi
2025-11-01,0.0,23.21,29.96,18.26,64.18,2.51,Delhi
2025-11-02,0.0,21.88,30.13,15.9,60.14,3.23,Delhi
2025-11-03,0.0,21.41,29.45,14.25,53.53,3.19,Delhi
2025-11-04,0.0,20.47,26.69,15.09,56.64,1.84,Delhi
2025-11-05,0.0,21.47,29.64,16.52,53.4,2.25,Delhi
2025-11-06,0.0,18.53,26.92,12.95,59.42,3.74,Delhi
2025-11-07,0.0,17.23,27.09,10.25,52.47,3.6,Delhi
2025-11-08,0.0,16.34,25.52,8.78,50.6,3.01,Delhi
2025-11-09,0.0,16.75,25.57,9.55,52.45,3.05,Delhi
2025-11-10,0.0,18.08,26.3,9.89,47.78,2.17,Delhi
2025-11-11,0.0,17.64,26.24,11.52,47.28,2.78,Delhi
2025-11-12,0.0,16.97,26.13,9.68,53.47,3.52,Delhi
2025-11-13,0.0,16.77,25.86,9.6,51.62,2.76,Delhi
2025-11-14,0.0,16.94,25.93,9.31,48.65,2.52,Delhi
2025-11-15,0.0,17.13,25.7,9.25,46.68,2.71,Delhi
2025-11-16,0.0,16.31,26.29,9.28,47.41,3.14,Delhi
2025-11-17,0.0,16.85,26.09,8.67,45.66,2.42,Delhi
2025-11-18,0.0,17.94,26.24,9.74,44.29,2.04,Delhi
2025-11-19,0.0,18.32,25.42,13.83,50.34,1.72,Delhi
2025-11-20,0.0,17.37,26.01,11.14,64.17,2.41,Delhi
2025-11-21,0.0,17.59,25.22,11.38,63.95,2.27,Delhi
2025-11-22,0.0,18.52,26.29,11.2,55.67,1.82,Delhi
2025-11-23,0.0,18.51,25.91,13.14,46.61,1.32,Delhi
2025-11-24,0.0,17.42,25.37,11.51,46.77,1.73,Delhi
2025-11-25,0.0,15.89,24.23,9.12,48.08,2.4,Delhi
2025-11-26,0.0,16.42,24.53,8.91,44.76,1.49,Delhi
2025-11-27,0.0,17.79,24.92,11.74,38.62,0.79,Delhi
2025-11-28,0.0,17.18,25.7,10.9,53.02,2.38,Delhi
2025-11-29,0.0,16.68,26.51,10.21,54.48,3.53,Delhi
2025-11-30,0.0,14.69,24.08,8.9,44.21,3.79,Delhi
2025-12-01,0.0,15.52,24.84,10.13,41.43,2.13,Delhi
2025-12-02,0.0,16.46,25.73,10.91,51.65,1.98,Delhi
2025-12-03,0.0,14.32,23.59,8.96,47.51,3.13,Delhi
2025-12-04,0.0,13.37,22.49,6.24,49.44,3.33,Delhi
2025-12-05,0.0,13.62,22.19,7.92,45.56,2.42,Delhi
2025-12-06,0.0,14.33,24.97,6.85,51.46,4.0,Delhi
2025-12-07,0.0,14.68,24.73,7.18,44.86,3.6,Delhi
2025-12-08,0.0,16.27,26.81,10.45,46.28,4.16,Delhi
2025-12-09,0.0,14.67,25.47,7.96,47.23,4.44,Delhi
2025-12-10,0.0,14.82,24.3,7.13,45.33,3.17,Delhi
2025-12-11,0.0,15.94,24.83,8.06,41.44,2.62,Delhi
2025-12-12,0.0,16.11,24.49,9.23,43.09,2.09,Delhi
2025-12-13,0.0,16.52,24.74,11.65,51.18,1.49,Delhi
2025-12-14,0.0,17.01,24.42,9.67,50.34,1.39,Delhi
2025-12-15,0.0,16.32,25.78,9.92,50.13,2.53,Delhi
2025-12-16,0.0,14.36,24.55,7.61,53.83,3.87,Delhi
2025-12-17,0.0,14.9,24.68,7.06,52.28,3.14,Delhi
2025-12-18,0.0,14.97,22.65,10.21,64.01,2.12,Delhi
2025-12-19,0.0,15.45,24.36,7.76,59.12,2.53,Delhi
2025-12-20,0.0,14.61,24.33,8.27,47.18,1.74,Delhi
2025-12-21,0.0,13.95,22.48,7.46,55.99,2.01,Delhi
2025-12-22,0.0,15.97,23.2,9.2,59.08,1.16,Delhi
2025-12-23,0.0,16.15,25.61,9.7,60.92,3.55,Delhi
2025-12-24,0.0,13.76,22.17,8.21,57.15,4.01,Delhi
2025-12-25,0.0,14.21,22.04,5.94,48.2,1.95,Delhi
2025-12-26,0.0,14.57,21.32,10.75,46.98,1.52,Delhi
2025-12-27,0.0,13.95,21.31,6.44,47.65,1.81,Delhi
2025-12-28,0.0,13.37,21.91,7.37,47.97,2.04,Delhi
2025-12-29,0.0,14.25,22.97,5.36,45.59,2.17,Delhi
2025-12-30,0.0,14.64,23.38,8.3,40.85,2.19,Delhi
2025-12-31,0.0,13.62,22.04,7.38,51.12,2.5,Delhi
