date,PRECTOTCORR,T2M,T2M_MAX,T2M_MIN,RH2M,WS10M,city
2018-01-01,0.0,21.26,29.48,15.44,60.72,2.83,Mumbai
2018-01-02,0.0,21.03,29.7,14.18,58.78,2.83,Mumbai
2018-01-03,0.0,21.48,30.4,15.16,61.22,3.0,Mumbai
2018-01-04,0.0,21.93,30.07,16.79,62.05,1.96,Mumbai
2018-01-05,0.0,21.45,29.72,15.6,63.0,2.65,Mumbai
2018-01-06,0.0,20.59,28.49,15.04,56.46,2.57,Mumbai
2018-01-07,0.0,20.3,28.2,14.43,56.87,2.36,Mumbai
2018-01-08,0.0,20.64,29.07,14.25,60.41,2.38,Mumbai
2018-01-09,0.0,22.1,30.15,15.04,57.8,2.66,Mumbai
2018-01-10,0.0,22.85,31.1,16.29,56.09,3.63,Mumbai
2018-01-11,0.0,24.17,32.82,17.6,56.19,3.08,Mumbai
2018-01-12,0.0,25.31,33.12,19.52,57.19,3.25,Mumbai
2018-01-13,0.0,25.79,33.44,19.72,56.19,2.94,Mumbai
2018-01-14,0.0,26.15,34.31,19.91,54.14,2.55,Mumbai
2018-01-15,0.0,26.62,34.66,21.46,58.84,2.7,Mumbai
2018-01-16,0.0,26.19,34.3,20.11,51.7,2.99,Mumbai
2018-01-17,0.0,25.75,33.63,20.49,51.89,2.66,Mumbai
2018-01-18,0.0,24.61,33.51,18.22,52.07,2.96,Mumbai
2018-01-19,0.0,23.89,32.82,17.19,52.77,2.74,Mumbai
2018-01-20,0.0,23.78,32.6,16.86,52.36,2.41,Mumbai
2018-01-21,0.05,23.7,33.0,16.76,53.66,2.55,Mumbai
2018-01-22,0.57,23.06,31.63,16.29,54.91,2.49,Mumbai
2018-01-23,1.46,22.01,29.57,16.89,64.5,2.67,Mumbai
2018-01-24,0.0,21.36,29.95,14.76,58.17,2.52,Mumbai
2018-01-25,0.0,21.33,31.02,13.56,48.27,2.76,Mumbai
2018-01-26,0.0,21.81,31.84,14.14,41.48,2.87,Mumbai
2018-01-27,0.0,22.0,31.72,14.64,44.69,2.81,Mumbai
2018-01-28,0.0,22.29,31.35,15.72,53.82,2.59,Mumbai
2018-01-29,0.0,23.37,33.44,15.53,50.27,2.63,Mumbai
2018-01-30,0.0,23.97,33.8,16.12,41.93,3.51,Mumbai
2018-01-31,0.0,24.4,34.5,16.64,39.62,3.38,Mumbai
2018-02-01,0.0,24.35,34.51,16.34,41.02,2.63,Mumbai
2018-02-02,0.07,24.1,34.5,16.61,46.41,2.69,Mumbai
2018-02-03,0.0,24.38,34.24,17.22,45.85,2.57,Mumbai
2018-02-04,0.0,24.72,34.45,17.64,44.34,2.54,Mumbai
2018-02-05,0.87,25.1,35.3,17.87,47.08,2.54,Mumbai
2018-02-06,4.02,23.88,31.41,18.64,50.74,2.57,Mumbai
2018-02-07,0.87,25.06,32.91,20.51,49.61,2.17,Mumbai
2018-02-08,0.07,23.84,31.68,17.68,62.39,2.06,Mumbai
2018-02-09,0.0,23.75,31.73,16.82,57.71,2.29,Mumbai
2018-02-10,0.01,24.02,31.75,18.67,50.25,2.25,Mumbai
2018-02-11,0.48,23.02,30.83,17.12,62.68,2.71,Mumbai
2018-02-12,0.0,22.77,30.19,17.17,63.96,2.32,Mumbai
2018-02-13,0.0,22.95,32.49,15.78,54.29,2.64,Mumbai
2018-02-14,0.0,25.56,35.06,16.66,47.56,3.93,Mumbai
2018-02-15,0.0,27.16,35.45,20.63,48.75,4.36,Mumbai
2018-02-16,0.0,26.85,35.59,20.34,44.18,3.27,Mumbai
2018-02-17,0.0,26.18,35.9,18.46,38.42,3.05,Mumbai
2018-02-18,0.0,26.33,36.25,18.56,34.26,3.08,Mumbai
2018-02-19,0.0,27.0,36.9,19.54,34.24,2.67,Mumbai
2018-02-20,0.0,26.99,37.04,19.57,40.6,2.78,Mumbai
2018-02-21,0.0,27.25,36.88,19.95,37.19,2.89,Mumbai
2018-02-22,0.0,27.74,37.35,20.33,37.27,2.97,Mumbai
2018-02-23,0.0,28.11,37.5,21.25,38.59,2.61,Mumbai
2018-02-24,0.0,28.63,37.48,21.79,36.71,2.91,Mumbai
2018-02-25,0.0,29.3,38.53,22.3,35.27,3.02,Mumbai
2018-02-26,0.0,29.32,38.67,21.83,34.73,2.8,Mumbai
2018-02-27,0.0,29.93,39.52,22.77,33.11,3.02,Mumbai
2018-02-28,0.0,29.88,39.86,22.42,34.21,3.15,Mumbai
2018-03-01,0.0,29.51,38.35,23.56,38.47,1.86,Mumbai
2018-03-02,0.0,29.34,38.29,23.17,39.06,2.43,Mumbai
2018-03-03,0.0,29.31,37.83,22.99,34.19,2.41,Mumbai
2018-03-04,0.0,28.16,36.44,22.19,49.72,2.32,Mumbai
2018-03-05,0.0,28.12,37.47,20.76,46.84,3.21,Mumbai
2018-03-06,0.0,29.26,39.32,21.24,36.3,3.04,Mumbai
2018-03-07,0.0,29.39,38.59,23.29,37.1,2.78,Mumbai
2018-03-08,0.0,28.41,38.07,22.33,52.23,2.18,Mumbai
2018-03-09,0.01,28.9,39.19,20.82,51.31,3.23,Mumbai
2018-03-10,0.06,29.28,38.68,22.77,43.83,3.08,Mumbai
2018-03-11,0.08,30.39,39.95,23.54,33.45,3.75,Mumbai
2018-03-12,0.0,30.89,41.03,22.89,25.33,3.65,Mumbai
2018-03-13,0.09,29.84,39.51,22.5,29.34,3.6,Mumbai
2018-03-14,0.0,29.49,38.1,23.31,26.85,4.13,Mumbai
2018-03-15,0.06,28.34,34.67,23.14,38.05,2.05,Mumbai
2018-03-16,0.08,29.33,36.86,23.69,42.69,2.54,Mumbai
2018-03-17,0.0,29.82,37.39,24.28,37.46,2.56,Mumbai
2018-03-18,0.61,29.55,37.56,23.88,51.08,2.3,Mumbai
2018-03-19,0.11,28.93,36.79,23.21,46.24,2.31,Mumbai
2018-03-20,0.0,27.87,36.03,21.3,53.45,2.88,Mumbai
2018-03-21,0.0,27.36,35.9,20.91,54.19,3.48,Mumbai
2018-03-22,0.0,26.36,34.86,19.55,53.89,3.25,Mumbai
2018-03-23,0.0,25.76,32.92,19.76,52.77,2.22,Mumbai
2018-03-24,0.0,29.57,39.58,20.5,34.46,2.57,Mumbai
2018-03-25,0.02,31.98,41.83,23.25,23.17,2.78,Mumbai
2018-03-26,0.0,32.76,42.99,25.8,22.43,3.99,Mumbai
2018-03-27,0.06,31.11,39.92,25.04,39.46,2.43,Mumbai
2018-03-28,0.15,29.81,38.76,22.67,52.46,2.74,Mumbai
2018-03-29,0.06,29.28,38.44,22.07,52.78,2.51,Mumbai
2018-03-30,0.05,28.96,38.45,22.2,58.15,2.23,Mumbai
2018-03-31,0.05,28.5,36.28,22.8,61.2,2.24,Mumbai
2018-04-01,0.0,29.5,39.38,22.04,55.62,2.71,Mumbai
2018-04-02,0.0,29.57,39.48,22.76,52.29,2.61,Mumbai
2018-04-03,0.01,29.65,39.58,22.62,51.83,2.6,Mumbai
2018-04-04,0.11,30.27,39.61,23.43,49.12,2.7,Mumbai
2018-04-05,0.15,30.45,38.98,24.71,55.49,2.46,Mumbai
2018-04-06,0.1,29.31,36.52,24.69,56.27,2.13,Mumbai
2018-04-07,0.08,30.09,39.57,22.51,54.1,2.86,Mumbai
2018-04-08,0.05,30.52,39.52,23.6,45.99,2.62,Mumbai
2018-04-09,0.03,30.46,40.22,22.3,41.15,3.11,Mumbai
2018-04-10,0.0,31.04,39.95,24.39,38.72,2.67,Mumbai
2018-04-11,0.03,30.45,38.82,24.61,48.8,2.25,Mumbai
2018-04-12,0.02,30.32,38.89,23.38,52.13,2.39,Mumbai
2018-04-13,0.01,30.49,39.14,23.19,51.44,2.71,Mumbai
2018-04-14,0.02,31.06,39.13,24.7,52.66,2.44,Mumbai
2018-04-15,0.05,31.76,40.3,25.33,50.15,2.51,Mumbai
2018-04-16,0.03,32.19,40.34,25.23,53.46,3.1,Mumbai
2018-04-17,0.1,33.83,42.54,27.2,48.99,2.61,Mumbai
2018-04-18,0.04,33.16,41.98,25.91,48.97,2.96,Mumbai
2018-04-19,0.06,32.34,41.08,25.18,50.51,2.8,Mumbai
2018-04-20,0.05,30.89,38.44,25.18,57.0,3.27,Mumbai
2018-04-21,0.04,31.66,39.22,25.42,49.11,3.19,Mumbai
2018-04-22,0.0,31.31,40.06,23.94,47.3,3.57,Mumbai
2018-04-23,0.0,31.16,40.09,24.14,48.66,2.7,Mumbai
2018-04-24,0.0,31.44,40.27,24.11,45.07,2.64,Mumbai
2018-04-25,0.0,30.6,39.41,23.92,48.96,2.76,Mumbai
2018-04-26,0.0,30.26,38.8,24.34,52.69,2.49,Mumbai
2018-04-27,0.0,30.65,40.09,23.89,53.75,2.74,Mumbai
2018-04-28,0.0,31.03,39.95,24.14,57.95,2.81,Mumbai
2018-04-29,0.02,30.71,38.46,25.53,60.49,2.79,Mumbai
2018-04-30,0.01,30.6,38.61,25.13,61.05,3.09,Mumbai
2018-05-01,0.0,30.64,38.63,25.18,60.28,2.89,Mumbai
2018-05-02,0.0,30.09,38.69,24.11,62.63,2.77,Mumbai
2018-05-03,0.01,30.96,39.38,24.87,57.49,2.46,Mumbai
2018-05-04,0.03,31.15,39.2,25.06,55.46,2.47,Mumbai
2018-05-05,0.01,31.02,38.57,25.67,56.85,2.48,Mumbai
2018-05-06,0.04,31.48,39.42,25.87,56.66,2.59,Mumbai
2018-05-07,0.04,31.0,38.14,26.29,56.41,2.86,Mumbai
2018-05-08,0.01,31.12,39.17,25.03,55.36,3.17,Mumbai
2018-05-09,0.03,32.11,41.03,25.33,54.33,3.88,Mumbai
2018-05-10,0.09,32.16,40.52,26.04,53.47,2.82,Mumbai
2018-05-11,0.04,32.03,39.04,26.93,54.48,3.38,Mumbai
2018-05-12,0.03,30.77,36.52,26.68,58.01,2.92,Mumbai
2018-05-13,0.06,31.41,38.17,25.97,57.6,2.89,Mumbai
2018-05-14,0.28,31.88,39.41,26.48,57.47,3.3,Mumbai
2018-05-15,0.13,31.11,38.09,26.31,59.91,2.88,Mumbai
2018-05-16,0.14,31.73,39.12,26.57,59.11,3.21,Mumbai
2018-05-17,0.46,32.76,40.92,26.73,57.42,3.13,Mumbai
2018-05-18,0.62,32.06,38.97,26.84,57.41,3.73,Mumbai
2018-05-19,0.17,31.28,37.79,26.77,59.59,3.12,Mumbai
2018-05-20,0.08,31.56,39.29,26.35,59.54,2.97,Mumbai
2018-05-21,0.08,30.89,38.11,25.8,60.41,2.68,Mumbai
2018-05-22,0.02,31.44,38.39,25.68,54.05,2.86,Mumbai
2018-05-23,0.02,31.57,38.74,26.8,53.91,2.62,Mumbai
2018-05-24,0.1,31.05,37.58,26.58,60.09,3.5,Mumbai
2018-05-25,0.07,31.11,37.66,26.35,59.37,4.01,Mumbai
2018-05-26,0.34,32.26,39.26,27.43,60.21,4.1,Mumbai
2018-05-27,0.41,31.33,36.81,27.95,70.02,2.88,Mumbai
2018-05-28,0.4,31.33,37.59,27.98,67.71,4.48,Mumbai
2018-05-29,0.46,30.85,35.16,27.98,68.47,4.62,Mumbai
2018-05-30,0.77,31.12,35.97,27.85,66.76,4.3,Mumbai
2018-05-31,0.24,31.61,37.29,28.01,65.16,4.06,Mumbai
2018-06-01,1.47,31.71,37.52,27.86,64.48,2.45,Mumbai
2018-06-02,5.42,31.66,37.78,27.7,64.99,2.8,Mumbai
2018-06-03,5.45,29.64,33.5,27.35,73.14,3.17,Mumbai
2018-06-04,9.17,28.81,32.49,26.59,77.57,2.71,Mumbai
2018-06-05,4.41,29.35,34.25,25.93,74.04,2.02,Mumbai
2018-06-06,6.2,29.33,32.27,27.18,75.13,2.47,Mumbai
2018-06-07,12.19,29.33,32.92,27.31,81.2,4.01,Mumbai
2018-06-08,18.26,28.73,31.03,27.28,84.09,5.23,Mumbai
2018-06-09,38.23,28.2,29.92,27.14,86.15,5.66,Mumbai
2018-06-10,23.9,28.99,32.05,27.1,82.62,6.21,Mumbai
2018-06-11,5.49,29.03,31.76,27.24,82.46,6.17,Mumbai
2018-06-12,0.97,29.35,32.56,27.3,79.61,6.35,Mumbai
2018-06-13,0.97,29.5,33.11,27.16,77.47,5.87,Mumbai
2018-06-14,0.92,29.3,33.08,27.01,77.51,4.93,Mumbai
2018-06-15,15.08,29.04,32.2,26.63,80.81,5.21,Mumbai
2018-06-16,17.81,28.95,32.36,26.57,79.67,5.3,Mumbai
2018-06-17,36.58,28.37,31.19,26.33,82.43,5.94,Mumbai
2018-06-18,15.6,28.1,31.04,26.03,84.71,4.43,Mumbai
2018-06-19,1.64,28.36,31.43,26.15,84.19,3.3,Mumbai
2018-06-20,2.96,28.35,31.06,26.55,83.91,3.5,Mumbai
2018-06-21,29.79,28.01,30.06,26.72,85.95,4.48,Mumbai
2018-06-22,12.73,27.97,30.5,26.05,85.2,3.68,Mumbai
2018-06-23,48.61,27.48,29.17,26.08,87.76,4.03,Mumbai
2018-06-24,76.01,26.87,28.92,24.71,88.68,5.1,Mumbai
2018-06-25,65.96,26.96,28.44,25.78,90.09,5.2,Mumbai
2018-06-26,22.12,27.3,29.45,26.08,87.93,6.5,Mumbai
2018-06-27,8.56,27.51,29.95,26.0,86.39,5.77,Mumbai
2018-06-28,16.63,27.54,30.02,25.86,86.34,5.03,Mumbai
2018-06-29,19.59,26.96,28.99,25.5,89.02,4.61,Mumbai
2018-06-30,16.2,26.95,29.27,25.37,89.07,4.84,Mumbai
2018-07-01,6.51,27.37,30.19,25.02,87.57,4.92,Mumbai
2018-07-02,23.62,27.11,29.45,25.71,90.08,5.7,Mumbai
2018-07-03,65.67,26.77,28.8,25.72,90.97,6.43,Mumbai
2018-07-04,61.71,26.7,28.43,25.67,91.07,6.35,Mumbai
2018-07-05,46.57,26.73,28.42,25.71,90.73,5.42,Mumbai
2018-07-06,28.37,27.01,28.94,25.61,90.09,4.54,Mumbai
2018-07-07,67.82,26.46,27.8,25.22,92.88,4.79,Mumbai
2018-07-08,53.89,26.46,28.36,25.1,91.8,4.5,Mumbai
2018-07-09,86.26,25.9,27.27,25.0,93.56,3.92,Mumbai
2018-07-10,68.61,25.99,27.5,25.04,92.8,4.98,Mumbai
2018-07-11,23.92,26.53,28.42,25.0,91.3,5.63,Mumbai
2018-07-12,24.77,26.34,27.59,25.53,92.33,6.03,Mumbai
2018-07-13,32.91,26.32,27.99,25.28,91.62,5.12,Mumbai
2018-07-14,35.23,26.45,28.57,25.01,90.83,6.24,Mumbai
2018-07-15,73.94,26.14,27.33,25.31,93.86,6.97,Mumbai
2018-07-16,83.29,26.4,27.69,25.6,93.21,7.54,Mumbai
2018-07-17,40.31,26.31,27.7,25.39,91.88,7.79,Mumbai
2018-07-18,20.65,26.21,27.62,25.0,91.46,6.5,Mumbai
2018-07-19,19.18,26.14,28.2,24.84,90.73,6.26,Mumbai
2018-07-20,27.11,26.01,27.5,24.98,92.6,6.1,Mumbai
2018-07-21,18.51,26.03,27.61,24.99,90.86,6.73,Mumbai
2018-07-22,14.53,26.12,27.97,24.94,90.22,6.21,Mumbai
2018-07-23,15.68,25.92,27.66,24.71,90.01,6.11,Mumbai
2018-07-24,6.93,25.89,27.62,24.68,90.64,5.92,Mumbai
2018-07-25,7.35,25.92,27.78,24.51,90.42,5.76,Mumbai
2018-07-26,5.83,26.0,28.0,24.83,90.15,6.33,Mumbai
2018-07-27,4.76,25.9,28.18,24.38,89.37,6.16,Mumbai
2018-07-28,1.59,26.11,28.48,24.41,89.69,5.51,Mumbai
2018-07-29,0.9,26.09,28.49,24.49,89.79,5.15,Mumbai
2018-07-30,1.63,25.92,28.4,24.29,89.07,4.96,Mumbai
2018-07-31,2.51,26.07,28.75,24.21,89.43,4.95,Mumbai
2018-08-01,5.1,26.0,27.9,24.76,89.6,5.57,Mumbai
2018-08-02,4.24,26.0,28.32,24.36,89.12,5.33,Mumbai
2018-08-03,11.82,25.94,28.15,24.47,89.05,5.36,Mumbai
2018-08-04,15.32,25.58,27.17,24.49,89.96,5.87,Mumbai
2018-08-05,3.68,25.88,28.34,24.24,87.94,5.87,Mumbai
2018-08-06,3.82,25.86,28.0,24.29,87.89,6.49,Mumbai
2018-08-07,5.87,26.05,28.4,24.21,87.78,6.01,Mumbai
2018-08-08,4.12,25.88,27.73,24.56,89.61,5.39,Mumbai
2018-08-09,7.65,25.97,28.14,24.54,89.23,5.93,Mumbai
2018-08-10,9.63,26.1,28.78,24.39,88.71,5.45,Mumbai
2018-08-11,14.87,26.03,28.5,24.41,89.22,6.04,Mumbai
2018-08-12,20.06,25.83,27.97,24.46,88.86,7.0,Mumbai
2018-08-13,27.84,25.67,27.34,24.41,90.23,6.83,Mumbai
2018-08-14,7.75,26.02,28.23,24.58,90.32,5.54,Mumbai
2018-08-15,10.19,25.72,27.58,24.66,91.04,5.39,Mumbai
2018-08-16,31.76,25.61,27.73,24.38,90.95,6.52,Mumbai
2018-08-17,21.68,25.28,26.8,24.33,92.01,6.36,Mumbai
2018-08-18,11.6,25.54,27.73,23.97,90.38,5.93,Mumbai
2018-08-19,25.85,25.77,28.16,24.36,90.36,5.83,Mumbai
2018-08-20,35.14,25.52,27.58,24.15,91.04,5.24,Mumbai
2018-08-21,27.72,25.24,26.67,24.31,93.15,4.72,Mumbai
2018-08-22,24.27,25.72,27.84,24.14,91.4,5.62,Mumbai
2018-08-23,14.99,25.65,28.16,24.23,90.96,4.93,Mumbai
2018-08-24,14.05,25.69,28.23,24.0,90.07,4.92,Mumbai
2018-08-25,14.55,25.61,27.82,24.06,89.73,5.1,Mumbai
2018-08-26,16.74,25.58,27.67,23.93,90.13,5.15,Mumbai
2018-08-27,12.99,25.61,27.38,24.26,90.92,4.6,Mumbai
2018-08-28,9.39,25.52,27.95,24.07,90.23,3.77,Mumbai
2018-08-29,3.79,25.8,28.66,23.76,89.5,3.54,Mumbai
2018-08-30,3.53,25.55,28.37,23.32,89.74,3.94,Mumbai
2018-08-31,3.82,25.58,28.52,23.17,88.94,3.42,Mumbai
2018-09-01,8.0,25.59,28.61,23.39,89.31,3.94,Mumbai
2018-09-02,15.02,25.51,28.16,23.94,88.91,4.96,Mumbai
2018-09-03,7.97,25.34,27.94,23.56,89.28,4.72,Mumbai
2018-09-04,2.97,25.05,28.16,22.98,89.01,4.39,Mumbai
2018-09-05,2.17,25.33,28.41,23.49,87.73,4.35,Mumbai
2018-09-06,0.74,25.28,28.54,23.16,87.22,3.6,Mumbai
2018-09-07,2.36,25.14,27.91,23.15,87.14,3.24,Mumbai
2018-09-08,1.07,25.09,28.28,22.73,86.94,3.18,Mumbai
2018-09-09,1.01,25.04,28.23,22.48,86.0,2.93,Mumbai
2018-09-10,0.12,25.34,29.2,22.94,82.72,1.98,Mumbai
2018-09-11,0.09,25.32,29.58,21.65,83.9,2.1,Mumbai
2018-09-12,0.79,25.16,28.96,22.64,85.41,2.22,Mumbai
2018-09-13,1.62,25.26,28.98,22.77,85.5,2.46,Mumbai
2018-09-14,3.18,25.66,29.82,22.72,86.85,2.45,Mumbai
2018-09-15,7.81,26.33,30.49,23.77,85.69,2.08,Mumbai
2018-09-16,3.1,25.56,29.48,22.9,87.24,2.66,Mumbai
2018-09-17,0.29,25.28,29.57,22.15,85.8,2.64,Mumbai
2018-09-18,1.05,25.48,30.23,22.21,83.8,2.16,Mumbai
2018-09-19,9.67,25.58,28.97,23.49,87.33,2.42,Mumbai
2018-09-20,5.31,26.2,29.73,23.53,88.19,2.87,Mumbai
2018-09-21,3.4,26.96,31.29,23.77,87.26,2.69,Mumbai
2018-09-22,0.53,26.36,28.87,24.67,89.36,3.51,Mumbai
2018-09-23,0.13,26.32,30.08,23.7,85.87,2.77,Mumbai
2018-09-24,0.09,26.19,30.44,23.23,84.93,1.92,Mumbai
2018-09-25,0.04,26.19,30.76,22.66,84.79,2.28,Mumbai
2018-09-26,0.92,27.0,31.95,22.68,84.81,2.16,Mumbai
2018-09-27,4.53,27.41,32.44,22.86,80.7,1.7,Mumbai
2018-09-28,11.3,27.7,32.32,23.53,79.51,2.09,Mumbai
2018-09-29,4.17,27.81,33.04,24.13,79.63,2.65,Mumbai
2018-09-30,0.28,27.84,33.85,23.12,74.61,2.95,Mumbai
2018-10-01,2.15,28.03,34.2,22.76,74.39,2.61,Mumbai
2018-10-02,3.25,28.42,33.57,24.24,75.18,2.19,Mumbai
2018-10-03,3.59,28.2,32.42,24.85,79.01,1.89,Mumbai
2018-10-04,1.38,28.29,31.44,24.98,77.73,1.53,Mumbai
2018-10-05,1.24,27.95,32.65,24.25,78.88,2.66,Mumbai
2018-10-06,0.12,27.39,33.04,23.37,73.61,3.02,Mumbai
2018-10-07,0.01,27.69,34.05,22.44,71.61,3.25,Mumbai
2018-10-08,0.05,28.27,34.07,23.94,73.8,2.52,Mumbai
2018-10-09,0.02,27.39,32.83,22.9,71.84,2.05,Mumbai
2018-10-10,0.05,26.96,32.43,22.25,72.98,1.95,Mumbai
2018-10-11,0.04,27.09,32.31,22.57,74.43,2.27,Mumbai
2018-10-12,0.03,27.81,33.39,22.98,72.78,2.01,Mumbai
2018-10-13,0.02,27.45,33.96,21.97,66.23,2.72,Mumbai
2018-10-14,0.0,27.17,34.02,21.07,65.28,2.56,Mumbai
2018-10-15,0.01,26.91,33.85,21.69,64.82,2.78,Mumbai
2018-10-16,0.07,26.95,33.54,21.02,66.22,2.73,Mumbai
2018-10-17,0.86,27.28,32.83,23.64,73.2,1.71,Mumbai
2018-10-18,4.95,26.38,29.33,23.59,79.8,1.32,Mumbai
2018-10-19,2.22,27.46,32.23,23.23,74.54,1.51,Mumbai
2018-10-20,0.37,27.4,33.28,22.56,72.97,2.11,Mumbai
2018-10-21,0.33,26.91,32.45,22.05,71.37,2.08,Mumbai
2018-10-22,0.19,27.22,33.66,22.49,68.63,2.13,Mumbai
2018-10-23,0.0,26.35,34.69,20.21,58.98,2.58,Mumbai
2018-10-24,0.0,25.86,35.32,18.8,58.91,2.73,Mumbai
2018-10-25,0.46,26.13,31.66,20.96,71.23,3.58,Mumbai
2018-10-26,0.23,26.55,33.2,22.45,67.27,2.87,Mumbai
2018-10-27,0.01,25.81,33.73,20.15,64.16,3.35,Mumbai
2018-10-28,0.0,25.6,34.08,19.57,59.5,3.73,Mumbai
2018-10-29,0.0,24.76,32.48,18.92,53.87,4.12,Mumbai
2018-10-30,0.0,24.2,31.91,18.29,54.79,3.77,Mumbai
2018-10-31,0.0,24.5,32.68,18.19,63.71,3.72,Mumbai
2018-11-01,0.0,25.27,32.3,18.51,63.87,3.33,Mumbai
2018-11-02,0.0,25.91,32.91,19.52,67.59,3.05,Mumbai
2018-11-03,0.05,27.1,33.07,21.89,73.04,2.98,Mumbai
2018-11-04,1.36,27.92,33.24,23.71,74.79,1.83,Mumbai
2018-11-05,4.93,27.41,32.13,24.29,77.77,1.62,Mumbai
2018-11-06,0.2,27.5,33.62,23.37,70.21,2.29,Mumbai
2018-11-07,0.0,26.33,34.01,21.31,60.38,3.17,Mumbai
2018-11-08,0.0,25.53,34.04,18.59,58.79,2.99,Mumbai
2018-11-09,0.0,25.96,34.11,19.87,59.58,2.55,Mumbai
2018-11-10,0.0,25.56,33.55,19.3,57.83,2.65,Mumbai
2018-11-11,0.0,25.0,33.62,18.43,55.89,2.64,Mumbai
2018-11-12,0.0,24.67,33.33,17.67,55.92,2.74,Mumbai
2018-11-13,0.0,24.85,32.77,18.03,58.1,2.01,Mumbai
2018-11-14,0.0,24.63,32.43,18.62,65.98,2.12,Mumbai
2018-11-15,0.0,24.97,33.88,17.93,56.1,2.91,Mumbai
2018-11-16,0.0,24.89,34.38,18.22,50.07,3.69,Mumbai
2018-11-17,0.0,25.19,34.54,18.09,50.22,3.09,Mumbai
2018-11-18,0.0,26.02,34.46,19.56,56.7,2.4,Mumbai
2018-11-19,0.01,26.53,34.54,21.0,57.52,2.34,Mumbai
2018-11-20,0.04,26.79,33.77,21.36,61.3,2.14,Mumbai
2018-11-21,0.01,27.18,33.77,22.2,66.05,2.08,Mumbai
2018-11-22,0.0,27.06,33.85,22.17,61.22,2.92,Mumbai
2018-11-23,0.0,26.33,34.56,20.34,52.5,4.03,Mumbai
2018-11-24,0.0,25.83,34.39,19.52,53.01,3.49,Mumbai
2018-11-25,0.0,25.7,33.74,19.41,56.2,2.77,Mumbai
2018-11-26,0.0,25.43,33.47,19.57,55.73,2.61,Mumbai
2018-11-27,0.0,24.94,33.66,18.5,47.95,3.64,Mumbai
2018-11-28,0.0,24.85,32.66,18.45,47.26,3.19,Mumbai
2018-11-29,0.0,24.42,33.11,18.29,46.64,3.23,Mumbai
2018-11-30,0.0,24.44,33.51,17.38,47.85,3.37,Mumbai
2018-12-01,0.0,24.18,31.82,18.08,47.89,3.11,Mumbai
2018-12-02,0.0,24.47,32.71,18.58,51.32,2.95,Mumbai
2018-12-03,0.0,24.83,32.87,18.14,56.48,2.82,Mumbai
2018-12-04,0.0,24.72,31.16,20.23,57.77,2.97,Mumbai
2018-12-05,0.03,25.21,33.68,19.11,54.71,2.69,Mumbai
2018-12-06,0.06,24.56,32.56,18.8,57.09,2.68,Mumbai
2018-12-07,0.0,24.4,33.33,17.85,53.05,2.66,Mumbai
2018-12-08,0.0,24.42,32.54,18.42,53.24,2.68,Mumbai
2018-12-09,0.0,23.97,32.63,17.82,52.85,2.63,Mumbai
2018-12-10,0.0,22.74,31.41,17.12,50.67,2.84,Mumbai
2018-12-11,0.0,22.14,31.32,14.56,50.94,3.23,Mumbai
2018-12-12,0.1,22.56,30.13,16.93,62.34,2.89,Mumbai
2018-12-13,0.0,22.55,31.34,15.67,50.64,3.88,Mumbai
2018-12-14,0.0,22.98,32.04,15.61,45.84,4.56,Mumbai
2018-12-15,0.0,24.59,31.9,18.55,48.71,5.13,Mumbai
2018-12-16,0.0,23.78,31.62,18.13,44.72,4.51,Mumbai
2018-12-17,0.0,22.53,30.95,15.56,43.49,4.16,Mumbai
2018-12-18,0.0,23.3,31.83,17.57,53.33,3.44,Mumbai
2018-12-19,0.0,21.98,31.82,14.75,41.29,3.7,Mumbai
2018-12-20,0.0,22.17,31.87,14.84,44.71,3.63,Mumbai
2018-12-21,0.0,23.19,32.41,16.36,52.25,2.95,Mumbai
2018-12-22,0.0,23.65,33.16,16.42,46.37,2.65,Mumbai
2018-12-23,0.0,24.61,33.78,17.6,44.86,2.77,Mumbai
2018-12-24,0.0,25.46,34.25,19.2,47.33,2.99,Mumbai
2018-12-25,0.0,25.23,33.45,19.38,47.11,2.51,Mumbai
2018-12-26,0.0,23.14,30.92,17.37,41.17,3.46,Mumbai
2018-12-27,0.0,20.76,31.58,12.27,29.87,3.85,Mumbai
2018-12-28,0.0,20.78,31.32,12.61,26.67,3.81,Mumbai
2018-12-29,0.0,21.29,32.35,12.86,25.43,4.06,Mumbai
2018-12-30,0.0,22.05,32.81,13.94,27.07,3.97,Mumbai
2018-12-31,0.0,22.7,33.62,14.3,29.08,3.58,Mumbai
2019-01-01,0.0,22.99,34.02,15.7,28.82,3.48,Mumbai
2019-01-02,0.0,23.28,34.37,15.23,28.92,2.88,Mumbai
2019-01-03,0.0,23.45,34.15,15.67,31.22,2.71,Mumbai
2019-01-04,0.0,23.6,34.6,16.2,31.3,3.22,Mumbai
2019-01-05,0.0,23.53,32.71,17.42,35.35,2.65,Mumbai
2019-01-06,0.0,23.07,33.1,15.77,34.39,3.39,Mumbai
2019-01-07,0.0,23.0,34.0,14.94,30.35,3.64,Mumbai
2019-01-08,0.0,22.81,33.72,15.19,27.21,4.04,Mumbai
2019-01-09,0.0,22.59,33.66,14.58,29.19,2.71,Mumbai
2019-01-10,0.0,22.81,34.34,15.13,29.65,3.43,Mumbai
2019-01-11,0.0,22.83,33.04,15.57,33.32,2.68,Mumbai
2019-01-12,0.0,22.79,31.71,17.39,34.45,2.37,Mumbai
2019-01-13,0.0,22.55,32.57,14.87,37.12,2.91,Mumbai
2019-01-14,0.0,24.38,34.81,16.02,30.12,3.72,Mumbai
2019-01-15,0.0,24.99,34.73,17.84,32.28,4.06,Mumbai
2019-01-16,0.0,25.21,34.89,17.99,39.07,3.41,Mumbai
2019-01-17,0.0,25.32,35.58,17.59,30.35,3.08,Mumbai
2019-01-18,0.0,25.21,35.77,17.51,27.24,3.05,Mumbai
2019-01-19,0.0,25.3,35.49,18.1,32.69,3.41,Mumbai
2019-01-20,0.0,25.79,35.97,18.43,36.05,2.66,Mumbai
2019-01-21,0.0,24.52,33.03,19.2,49.0,2.35,Mumbai
2019-01-22,0.22,22.58,29.83,17.4,71.05,2.47,Mumbai
2019-01-23,0.05,22.1,29.33,16.83,67.62,3.17,Mumbai
2019-01-24,0.0,21.66,30.76,14.65,42.99,3.51,Mumbai
2019-01-25,0.0,21.1,30.29,13.45,31.03,4.52,Mumbai
2019-01-26,0.0,21.68,31.76,12.56,30.84,3.6,Mumbai
2019-01-27,0.0,23.41,32.12,15.92,37.84,4.59,Mumbai
2019-01-28,0.0,23.0,31.31,16.87,27.57,5.29,Mumbai
2019-01-29,0.0,23.02,33.02,15.16,21.57,4.67,Mumbai
2019-01-30,0.0,22.87,33.37,15.16,23.41,4.0,Mumbai
2019-01-31,0.0,23.24,33.05,16.11,30.24,2.85,Mumbai
2019-02-01,0.0,24.09,33.77,16.72,33.9,3.12,Mumbai
2019-02-02,0.0,24.39,34.07,17.32,34.29,3.05,Mumbai
2019-02-03,0.0,25.73,34.54,18.64,37.16,2.77,Mumbai
2019-02-04,0.0,26.79,36.62,20.16,41.78,4.12,Mumbai
2019-02-05,0.09,26.63,35.94,19.93,43.3,2.52,Mumbai
2019-02-06,0.04,24.19,31.85,19.01,50.15,3.0,Mumbai
2019-02-07,0.04,21.52,28.06,17.05,63.45,3.98,Mumbai
2019-02-08,0.0,19.61,26.56,14.48,51.86,3.98,Mumbai
2019-02-09,0.0,20.96,32.26,12.29,27.79,3.53,Mumbai
2019-02-10,0.0,23.09,34.69,13.74,19.49,4.44,Mumbai
2019-02-11,0.0,25.33,35.57,16.69,24.25,3.07,Mumbai
2019-02-12,0.0,28.03,37.71,20.03,27.98,3.28,Mumbai
2019-02-13,0.0,28.18,36.66,22.38,37.01,2.67,Mumbai
2019-02-14,0.0,26.54,35.36,20.3,42.92,3.25,Mumbai
2019-02-15,0.0,24.77,32.81,19.34,51.02,2.9,Mumbai
2019-02-16,0.0,23.98,33.72,16.14,45.52,3.23,Mumbai
2019-02-17,0.0,24.18,33.83,16.69,33.34,2.85,Mumbai
2019-02-18,0.0,25.14,35.85,16.89,35.45,2.85,Mumbai
2019-02-19,0.0,26.25,37.07,18.1,37.61,2.91,Mumbai
2019-02-20,0.09,26.8,38.15,18.7,43.06,3.04,Mumbai
2019-02-21,0.0,26.03,35.55,19.35,60.73,2.73,Mumbai
2019-02-22,0.0,27.51,37.77,19.53,48.11,3.41,Mumbai
2019-02-23,0.0,29.41,39.4,21.7,31.43,3.72,Mumbai
2019-02-24,0.0,28.33,37.8,21.26,24.77,3.65,Mumbai
2019-02-25,0.0,27.02,36.6,19.94,35.84,3.54,Mumbai
2019-02-26,0.0,25.56,33.63,19.39,49.45,3.5,Mumbai
2019-02-27,0.0,24.61,31.75,19.12,58.79,3.21,Mumbai
2019-02-28,0.0,25.03,33.92,17.36,43.29,2.93,Mumbai
2019-03-01,0.0,25.92,36.13,17.08,28.96,2.73,Mumbai
2019-03-02,0.01,26.61,36.83,19.25,47.38,3.43,Mumbai
2019-03-03,0.04,25.47,33.23,19.34,65.57,2.77,Mumbai
2019-03-04,0.15,25.13,32.44,20.44,69.31,2.97,Mumbai
2019-03-05,0.0,25.39,33.08,20.26,61.08,2.76,Mumbai
2019-03-06,0.0,24.45,32.14,18.45,52.92,3.25,Mumbai
2019-03-07,0.0,25.54,35.44,17.25,50.12,3.4,Mumbai
2019-03-08,0.0,26.96,36.79,19.15,39.9,3.28,Mumbai
2019-03-09,0.04,27.64,36.5,20.17,37.07,3.38,Mumbai
2019-03-10,0.0,28.04,37.71,20.73,33.7,3.3,Mumbai
2019-03-11,0.01,26.08,34.51,19.34,53.63,3.31,Mumbai
2019-03-12,0.0,26.44,36.24,18.82,52.21,2.94,Mumbai
2019-03-13,0.0,26.16,34.52,19.53,50.69,3.59,Mumbai
2019-03-14,0.0,26.11,34.16,20.24,46.95,4.17,Mumbai
2019-03-15,0.0,27.92,38.86,19.25,34.74,3.46,Mumbai
2019-03-16,0.0,28.57,38.91,21.34,31.48,2.81,Mumbai
2019-03-17,0.26,27.72,37.19,20.88,40.11,2.39,Mumbai
2019-03-18,0.0,28.36,38.72,19.74,35.4,3.12,Mumbai
2019-03-19,0.0,28.73,38.63,20.69,35.51,2.82,Mumbai
2019-03-20,0.0,27.34,36.59,20.33,51.89,2.75,Mumbai
2019-03-21,0.0,27.14,36.5,19.88,53.83,2.86,Mumbai
2019-03-22,0.0,27.44,37.37,18.79,48.66,3.01,Mumbai
2019-03-23,0.02,30.19,40.95,20.89,30.39,3.46,Mumbai
2019-03-24,0.0,31.54,41.67,23.0,21.66,3.56,Mumbai
2019-03-25,0.0,32.64,43.18,23.35,21.56,3.87,Mumbai
2019-03-26,0.0,32.59,43.26,24.12,25.02,3.75,Mumbai
2019-03-27,0.04,30.82,41.18,23.91,41.37,2.25,Mumbai
2019-03-28,0.04,30.81,42.52,22.14,41.41,2.4,Mumbai
2019-03-29,0.03,30.83,41.83,22.66,51.59,2.51,Mumbai
2019-03-30,0.02,30.6,39.78,24.11,50.2,2.67,Mumbai
2019-03-31,0.01,29.91,38.88,23.61,54.86,2.46,Mumbai
2019-04-01,0.0,29.06,38.11,22.15,55.8,2.43,Mumbai
2019-04-02,0.01,29.13,39.34,21.79,55.44,2.01,Mumbai
2019-04-03,0.02,30.75,41.83,22.77,53.49,2.5,Mumbai
2019-04-04,0.03,30.82,41.7,22.72,53.19,2.83,Mumbai
2019-04-05,0.01,29.89,38.82,23.82,58.79,2.82,Mumbai
2019-04-06,0.0,30.31,39.75,24.03,53.19,2.71,Mumbai
2019-04-07,0.0,30.37,39.37,24.05,53.54,2.39,Mumbai
2019-04-08,0.0,30.88,40.7,23.02,55.1,3.15,Mumbai
2019-04-09,0.0,30.42,39.14,24.1,51.82,2.65,Mumbai
2019-04-10,0.0,30.23,39.78,22.5,53.15,2.97,Mumbai
2019-04-11,0.21,30.3,39.37,22.68,56.41,2.83,Mumbai
2019-04-12,0.25,31.02,40.05,24.29,54.4,2.41,Mumbai
2019-04-13,0.12,32.32,43.02,23.7,42.86,3.38,Mumbai
2019-04-14,0.28,32.53,41.84,25.11,48.93,2.58,Mumbai
2019-04-15,1.56,30.85,36.52,26.51,49.74,2.14,Mumbai
2019-04-16,0.55,30.0,35.73,25.87,55.17,3.02,Mumbai
2019-04-17,0.0,28.94,36.79,22.79,48.4,3.64,Mumbai
2019-04-18,0.0,28.67,37.75,20.89,51.46,3.96,Mumbai
2019-04-19,0.0,30.18,38.98,23.01,50.45,2.97,Mumbai
2019-04-20,0.0,30.18,38.62,22.64,51.22,2.68,Mumbai
2019-04-21,0.0,30.48,38.9,23.81,52.21,2.61,Mumbai
2019-04-22,0.0,30.26,39.14,22.11,51.84,3.4,Mumbai
2019-04-23,0.0,30.64,40.59,22.95,53.37,3.52,Mumbai
2019-04-24,0.02,31.4,41.59,23.99,53.88,3.76,Mumbai
2019-04-25,0.02,32.09,41.9,24.56,52.88,3.82,Mumbai
2019-04-26,0.12,33.01,43.03,25.06,52.75,3.52,Mumbai
2019-04-27,0.12,34.35,44.91,25.93,49.98,3.43,Mumbai
2019-04-28,0.22,34.14,43.96,27.11,50.4,3.62,Mumbai
2019-04-29,0.1,32.1,39.7,25.93,56.2,3.52,Mumbai
2019-04-30,0.01,31.13,39.16,24.53,58.02,3.14,Mumbai
2019-05-01,0.01,29.94,37.71,24.84,60.16,3.24,Mumbai
2019-05-02,0.0,29.3,37.19,23.78,56.88,3.15,Mumbai
2019-05-03,0.01,29.24,36.73,23.39,61.54,3.58,Mumbai
2019-05-04,0.05,29.57,35.9,24.91,62.02,3.74,Mumbai
2019-05-05,0.01,30.05,37.03,25.08,58.07,3.22,Mumbai
2019-05-06,0.01,30.98,39.22,24.68,56.28,3.23,Mumbai
2019-05-07,0.01,30.8,38.13,25.21,58.57,3.26,Mumbai
2019-05-08,0.0,30.27,36.95,26.13,60.29,3.96,Mumbai
2019-05-09,0.0,29.67,36.27,25.68,58.28,3.9,Mumbai
2019-05-10,0.0,29.76,36.62,25.04,58.69,3.55,Mumbai
2019-05-11,0.0,30.37,38.51,24.59,57.75,3.76,Mumbai
2019-05-12,0.01,30.79,39.24,24.82,59.96,3.47,Mumbai
2019-05-13,0.0,30.8,38.83,25.42,59.31,3.39,Mumbai
2019-05-14,0.0,30.43,38.34,24.92,58.6,2.98,Mumbai
2019-05-15,0.0,30.79,39.27,24.46,56.86,3.11,Mumbai
2019-05-16,0.13,30.81,39.19,24.22,54.9,3.03,Mumbai
2019-05-17,0.0,31.01,39.28,24.05,55.41,3.59,Mumbai
2019-05-18,0.0,32.22,40.72,24.9,52.53,4.02,Mumbai
2019-05-19,0.0,33.45,41.81,26.26,46.16,4.65,Mumbai
2019-05-20,0.0,32.71,41.05,25.8,55.09,3.89,Mumbai
2019-05-21,0.01,32.27,40.04,26.12,59.54,3.81,Mumbai
2019-05-22,0.01,31.78,38.79,26.93,61.87,3.26,Mumbai
2019-05-23,0.01,31.68,38.94,26.93,60.25,3.57,Mumbai
2019-05-24,0.01,31.27,37.75,26.39,62.43,3.11,Mumbai
2019-05-25,0.01,31.4,38.08,26.68,58.93,3.07,Mumbai
2019-05-26,0.02,31.21,37.48,26.16,57.9,2.93,Mumbai
2019-05-27,0.03,31.7,38.63,26.19,57.02,3.3,Mumbai
2019-05-28,0.01,32.01,39.84,26.44,58.95,3.78,Mumbai
2019-05-29,0.01,32.02,39.71,26.66,59.05,3.51,Mumbai
2019-05-30,0.02,31.66,39.26,26.51,62.33,3.65,Mumbai
2019-05-31,0.04,31.92,39.42,27.27,61.12,3.42,Mumbai
2019-06-01,0.05,31.95,38.84,27.81,59.96,3.9,Mumbai
2019-06-02,0.05,32.19,39.15,27.57,62.15,3.65,Mumbai
2019-06-03,0.06,31.52,36.67,28.24,62.29,3.97,Mumbai
2019-06-04,0.04,31.62,37.79,27.87,62.79,4.15,Mumbai
2019-06-05,0.16,32.05,39.27,27.22,59.66,3.44,Mumbai
2019-06-06,0.27,31.53,36.72,27.82,60.32,3.49,Mumbai
2019-06-07,0.94,32.05,38.01,27.34,60.66,3.45,Mumbai
2019-06-08,1.58,32.32,37.17,28.41,62.09,2.41,Mumbai
2019-06-09,2.08,31.43,35.3,28.26,65.08,2.58,Mumbai
2019-06-10,9.21,30.42,33.94,27.91,71.2,2.2,Mumbai
2019-06-11,21.09,29.49,33.67,27.29,79.83,2.04,Mumbai
2019-06-12,11.63,29.16,32.62,26.71,76.37,8.16,Mumbai
2019-06-13,7.07,29.51,33.82,26.23,72.65,8.92,Mumbai
2019-06-14,13.85,29.34,34.01,26.1,73.98,7.25,Mumbai
2019-06-15,20.94,29.33,33.64,26.11,76.95,6.95,Mumbai
2019-06-16,4.69,29.84,34.26,26.96,76.59,5.99,Mumbai
2019-06-17,4.22,29.6,33.35,26.85,77.02,5.79,Mumbai
2019-06-18,4.49,29.42,33.37,26.68,76.27,6.07,Mumbai
2019-06-19,5.07,29.26,33.2,26.61,77.8,4.43,Mumbai
2019-06-20,1.44,29.1,33.29,26.53,76.73,3.72,Mumbai
2019-06-21,0.14,29.34,34.48,25.82,73.67,3.19,Mumbai
2019-06-22,0.19,29.46,34.1,26.14,72.45,2.79,Mumbai
2019-06-23,1.21,29.17,33.65,26.82,75.41,3.19,Mumbai
2019-06-24,6.26,27.92,30.52,26.21,80.86,2.76,Mumbai
2019-06-25,4.64,29.15,33.22,26.02,76.79,3.06,Mumbai
2019-06-26,10.02,29.07,32.54,26.53,78.97,2.7,Mumbai
2019-06-27,46.97,28.59,31.99,26.51,83.74,4.22,Mumbai
2019-06-28,122.07,27.24,29.19,25.56,89.52,5.71,Mumbai
2019-06-29,62.96,26.94,28.03,25.61,92.32,4.88,Mumbai
2019-06-30,73.3,27.24,28.95,26.11,89.03,4.03,Mumbai
2019-07-01,94.36,26.96,28.35,26.03,91.98,4.15,Mumbai
2019-07-02,45.51,26.95,29.2,25.38,90.32,3.63,Mumbai
2019-07-03,25.44,26.66,28.33,25.03,91.9,3.31,Mumbai
2019-07-04,6.45,26.38,29.09,24.4,86.18,4.09,Mumbai
2019-07-05,55.39,27.23,29.45,24.52,89.74,5.91,Mumbai
2019-07-06,77.64,26.95,28.34,26.02,91.3,6.8,Mumbai
2019-07-07,48.08,26.88,28.23,25.99,91.99,6.11,Mumbai
2019-07-08,49.77,27.2,28.7,25.92,91.36,6.19,Mumbai
2019-07-09,38.03,27.28,28.67,26.27,91.63,6.01,Mumbai
2019-07-10,38.66,27.23,29.34,26.01,91.49,6.17,Mumbai
2019-07-11,34.82,27.04,28.41,26.01,91.6,5.97,Mumbai
2019-07-12,7.91,27.23,29.07,25.76,90.69,4.87,Mumbai
2019-07-13,12.81,27.21,29.27,25.65,91.05,4.94,Mumbai
2019-07-14,13.06,27.06,28.9,25.73,91.2,4.99,Mumbai
2019-07-15,8.43,27.02,29.15,25.34,89.96,4.77,Mumbai
2019-07-16,10.45,26.81,28.55,25.57,91.41,4.78,Mumbai
2019-07-17,5.15,27.03,29.42,25.24,90.49,3.49,Mumbai
2019-07-18,6.83,27.18,30.08,24.86,88.35,2.7,Mumbai
2019-07-19,13.37,27.53,30.57,25.15,86.69,2.12,Mumbai
2019-07-20,12.97,27.53,30.78,25.52,87.92,2.07,Mumbai
2019-07-21,8.63,27.04,29.52,25.14,89.49,2.17,Mumbai
2019-07-22,16.65,27.32,29.46,25.85,91.94,3.17,Mumbai
2019-07-23,17.75,27.38,30.31,25.6,89.8,3.67,Mumbai
2019-07-24,77.04,26.81,27.8,26.18,93.0,5.91,Mumbai
2019-07-25,31.46,27.08,28.7,25.97,91.25,5.55,Mumbai
2019-07-26,83.36,26.76,28.24,25.81,91.65,5.99,Mumbai
2019-07-27,70.16,26.38,27.42,25.64,92.45,6.35,Mumbai
2019-07-28,22.85,26.49,27.81,25.54,91.48,6.24,Mumbai
2019-07-29,66.13,26.21,27.6,25.25,92.27,6.44,Mumbai
2019-07-30,52.75,25.88,27.2,25.1,93.3,6.28,Mumbai
2019-07-31,45.07,26.26,27.74,25.31,91.57,6.21,Mumbai
2019-08-01,25.59,26.55,28.45,25.1,89.73,6.81,Mumbai
2019-08-02,65.63,26.23,27.97,24.96,91.09,7.47,Mumbai
2019-08-03,112.51,26.03,26.81,25.37,94.82,7.45,Mumbai
2019-08-04,117.88,26.1,27.21,25.22,94.5,6.96,Mumbai
2019-08-05,46.96,26.37,27.62,25.49,92.98,7.13,Mumbai
2019-08-06,19.5,26.3,27.39,25.5,92.99,6.89,Mumbai
2019-08-07,20.59,26.3,27.35,25.62,93.33,6.69,Mumbai
2019-08-08,16.86,26.26,27.66,25.43,92.2,6.91,Mumbai
2019-08-09,24.67,26.04,27.05,25.42,92.88,7.49,Mumbai
2019-08-10,23.5,26.15,27.78,25.0,90.93,8.15,Mumbai
2019-08-11,17.72,26.03,28.23,24.63,90.35,6.24,Mumbai
2019-08-12,7.36,26.18,28.46,24.45,90.75,4.26,Mumbai
2019-08-13,7.59,26.45,28.98,24.62,91.39,4.55,Mumbai
2019-08-14,7.92,26.14,27.82,24.87,92.97,3.72,Mumbai
2019-08-15,8.07,26.47,28.74,24.9,91.09,4.62,Mumbai
2019-08-16,9.14,26.5,29.0,24.92,90.4,4.94,Mumbai
2019-08-17,3.51,26.38,29.03,24.54,89.18,4.24,Mumbai
2019-08-18,3.54,26.29,28.76,24.19,89.65,3.47,Mumbai
2019-08-19,2.44,26.13,28.85,24.05,90.11,2.91,Mumbai
2019-08-20,2.07,26.06,28.41,24.27,89.47,2.36,Mumbai
2019-08-21,10.97,26.38,29.29,23.93,89.38,3.26,Mumbai
2019-08-22,8.04,26.27,29.13,24.11,89.11,2.89,Mumbai
2019-08-23,4.87,26.12,28.97,23.7,88.7,2.33,Mumbai
2019-08-24,7.86,26.28,29.33,23.98,89.46,2.97,Mumbai
2019-08-25,5.36,25.63,28.0,23.88,89.51,2.6,Mumbai
2019-08-26,2.22,25.7,28.5,23.61,89.4,3.05,Mumbai
2019-08-27,4.08,26.09,29.19,23.64,88.65,3.33,Mumbai
2019-08-28,2.2,26.56,29.75,23.83,88.49,3.17,Mumbai
2019-08-29,8.09,27.0,29.76,24.5,88.49,3.12,Mumbai
2019-08-30,24.82,26.84,29.51,24.96,89.54,3.72,Mumbai
2019-08-31,38.14,26.61,28.5,25.39,91.59,4.33,Mumbai
2019-09-01,25.22,26.03,27.36,25.05,92.5,3.52,Mumbai
2019-09-02,34.58,26.59,28.68,25.28,90.81,4.56,Mumbai
2019-09-03,87.13,26.4,28.33,25.13,91.7,4.98,Mumbai
2019-09-04,103.54,25.95,27.5,24.79,93.44,4.79,Mumbai
2019-09-05,68.34,26.3,28.11,24.7,93.02,5.38,Mumbai
2019-09-06,61.91,26.23,27.93,24.96,91.95,5.62,Mumbai
2019-09-07,83.79,26.26,28.23,24.72,91.39,6.03,Mumbai
2019-09-08,34.3,26.24,27.84,25.12,91.85,5.41,Mumbai
2019-09-09,32.48,26.26,27.82,25.14,92.64,5.17,Mumbai
2019-09-10,25.56,26.39,28.49,25.09,92.06,5.05,Mumbai
2019-09-11,14.41,26.11,27.9,24.77,92.18,4.57,Mumbai
2019-09-12,23.64,25.76,27.27,24.81,93.32,3.95,Mumbai
2019-09-13,42.01,26.22,28.35,24.79,91.96,4.57,Mumbai
2019-09-14,46.7,26.51,28.85,24.97,92.34,4.27,Mumbai
2019-09-15,18.41,26.21,28.78,24.4,91.3,2.83,Mumbai
2019-09-16,10.09,26.08,28.77,23.96,91.31,3.68,Mumbai
2019-09-17,20.21,26.3,28.6,24.92,91.82,3.48,Mumbai
2019-09-18,16.63,26.67,29.42,24.64,93.34,3.43,Mumbai
2019-09-19,41.85,26.83,30.18,24.51,90.13,2.0,Mumbai
2019-09-20,17.69,25.94,27.51,24.5,94.65,5.12,Mumbai
2019-09-21,8.34,26.45,29.92,23.73,89.59,4.32,Mumbai
2019-09-22,2.53,26.69,30.07,24.6,90.48,3.69,Mumbai
2019-09-23,2.98,26.8,30.05,24.1,88.3,2.1,Mumbai
2019-09-24,32.88,27.06,30.26,24.59,88.26,2.15,Mumbai
2019-09-25,36.91,27.29,30.43,25.1,88.55,2.29,Mumbai
2019-09-26,34.47,26.32,28.85,25.04,91.94,3.06,Mumbai
2019-09-27,4.94,25.79,28.09,24.25,91.32,4.68,Mumbai
2019-09-28,1.78,26.08,28.96,23.87,89.64,3.5,Mumbai
2019-09-29,2.49,25.82,28.54,23.88,90.62,3.53,Mumbai
2019-09-30,3.88,26.11,28.85,23.85,90.09,3.22,Mumbai
2019-10-01,2.19,26.61,29.98,24.21,86.97,2.5,Mumbai
2019-10-02,0.87,26.76,30.5,24.4,84.29,1.79,Mumbai
2019-10-03,1.63,26.78,31.06,23.61,86.04,1.95,Mumbai
2019-10-04,10.62,26.15,28.87,24.01,88.49,1.8,Mumbai
2019-10-05,12.33,26.59,30.03,23.36,84.48,1.7,Mumbai
2019-10-06,6.9,27.15,30.54,24.41,81.07,1.6,Mumbai
2019-10-07,3.95,26.99,30.63,23.86,83.64,1.88,Mumbai
2019-10-08,14.48,27.6,32.3,23.88,83.07,2.39,Mumbai
2019-10-09,14.02,27.24,31.45,23.89,83.21,2.31,Mumbai
2019-10-10,3.9,27.6,32.27,24.09,80.4,1.91,Mumbai
2019-10-11,1.91,27.77,31.64,24.22,79.14,1.47,Mumbai
2019-10-12,3.91,27.14,31.03,24.31,81.85,1.81,Mumbai
2019-10-13,4.44,27.3,30.66,24.08,83.18,2.14,Mumbai
2019-10-14,0.37,27.9,33.06,24.18,80.22,2.8,Mumbai
2019-10-15,0.0,26.65,32.39,22.52,76.07,3.91,Mumbai
2019-10-16,0.0,25.6,31.46,21.13,77.65,4.06,Mumbai
2019-10-17,0.0,26.26,31.64,21.5,78.06,3.33,Mumbai
2019-10-18,2.16,25.98,29.21,23.77,83.47,2.78,Mumbai
2019-10-19,19.03,24.89,27.96,22.69,90.36,3.46,Mumbai
2019-10-20,10.96,25.11,28.58,23.01,88.93,3.19,Mumbai
2019-10-21,5.18,25.12,27.92,22.93,89.95,2.83,Mumbai
2019-10-22,22.63,25.17,27.88,23.4,92.12,2.57,Mumbai
2019-10-23,27.84,25.46,27.92,23.67,89.44,2.05,Mumbai
2019-10-24,9.29,25.9,29.23,23.63,88.41,2.64,Mumbai
2019-10-25,4.14,24.99,27.66,22.91,90.02,4.97,Mumbai
2019-10-26,3.57,25.78,29.42,23.8,87.62,4.65,Mumbai
2019-10-27,1.1,25.34,29.44,21.96,81.53,3.15,Mumbai
2019-10-28,1.03,25.87,30.74,21.36,82.06,2.48,Mumbai
2019-10-29,1.16,26.63,30.98,22.96,85.88,2.05,Mumbai
2019-10-30,2.58,27.15,31.24,24.31,85.9,2.85,Mumbai
2019-10-31,0.48,26.5,30.54,23.48,84.24,3.18,Mumbai
2019-11-01,17.85,25.67,28.09,23.8,89.08,2.98,Mumbai
2019-11-02,19.71,25.8,28.83,23.27,86.05,2.47,Mumbai
2019-11-03,2.17,26.17,30.58,22.85,83.21,1.77,Mumbai
2019-11-04,2.49,26.36,31.28,22.16,84.16,2.12,Mumbai
2019-11-05,0.44,25.92,31.45,21.75,79.5,2.35,Mumbai
2019-11-06,0.45,25.36,29.9,21.54,82.29,2.14,Mumbai
2019-11-07,2.49,25.16,28.71,22.49,88.54,2.73,Mumbai
2019-11-08,6.8,25.42,28.64,22.6,85.71,2.56,Mumbai
2019-11-09,0.76,25.4,29.8,22.4,79.92,1.38,Mumbai
2019-11-10,0.0,25.36,30.86,20.42,81.37,1.86,Mumbai
2019-11-11,0.06,25.73,31.83,20.8,77.48,2.21,Mumbai
2019-11-12,0.08,25.79,31.15,20.71,76.94,2.41,Mumbai
2019-11-13,0.02,24.7,29.85,21.6,80.34,3.37,Mumbai
2019-11-14,0.0,24.21,30.22,18.72,76.25,3.19,Mumbai
2019-11-15,0.0,25.22,30.01,21.55,81.39,2.57,Mumbai
2019-11-16,0.0,26.06,31.13,21.66,79.83,2.51,Mumbai
2019-11-17,0.0,25.91,30.99,22.33,80.07,3.19,Mumbai
2019-11-18,0.0,24.76,31.13,20.21,75.43,3.26,Mumbai
2019-11-19,0.0,24.48,31.04,19.93,72.89,3.2,Mumbai
2019-11-20,0.0,24.26,30.8,18.68,74.69,2.77,Mumbai
2019-11-21,0.0,25.17,30.94,20.04,77.74,2.84,Mumbai
2019-11-22,0.0,24.88,30.31,20.31,76.31,3.07,Mumbai
2019-11-23,0.0,24.77,30.33,19.81,74.79,3.07,Mumbai
2019-11-24,0.0,24.57,30.4,19.83,71.28,3.12,Mumbai
2019-11-25,0.0,24.19,31.05,18.18,69.34,2.87,Mumbai
2019-11-26,0.0,24.44,30.66,19.16,72.47,2.97,Mumbai
2019-11-27,0.0,24.32,30.46,19.01,74.62,3.21,Mumbai
2019-11-28,0.0,24.42,30.75,18.59,73.75,2.92,Mumbai
2019-11-29,0.0,25.23,31.22,20.49,75.7,2.71,Mumbai
2019-11-30,0.07,25.59,31.8,20.69,75.8,3.05,Mumbai
2019-12-01,0.1,25.77,30.88,21.91,78.97,2.76,Mumbai
2019-12-02,0.01,26.23,31.44,22.35,75.4,3.19,Mumbai
2019-12-03,0.05,25.75,30.56,20.85,76.01,3.24,Mumbai
2019-12-04,0.2,25.82,29.04,22.3,79.61,2.69,Mumbai
2019-12-05,0.48,25.12,28.1,22.78,83.64,2.66,Mumbai
2019-12-06,0.04,24.04,28.56,20.53,77.18,3.55,Mumbai
2019-12-07,0.0,24.25,29.84,19.51,74.6,3.48,Mumbai
2019-12-08,0.0,23.91,30.16,18.54,73.07,3.1,Mumbai
2019-12-09,0.0,24.77,30.94,19.82,77.14,3.13,Mumbai
2019-12-10,0.01,24.93,30.79,21.08,77.84,2.65,Mumbai
2019-12-11,0.01,24.47,30.4,20.26,76.87,2.09,Mumbai
2019-12-12,0.01,23.4,29.21,19.4,78.71,2.21,Mumbai
2019-12-13,0.18,22.3,28.18,17.67,78.19,2.6,Mumbai
2019-12-14,0.0,22.3,29.38,17.45,77.32,2.91,Mumbai
2019-12-15,0.0,21.71,28.57,16.32,76.02,2.49,Mumbai
2019-12-16,0.0,23.4,29.94,18.56,78.84,2.57,Mumbai
2019-12-17,0.0,23.87,30.29,18.89,75.75,3.85,Mumbai
2019-12-18,0.11,23.77,30.01,18.78,74.18,3.68,Mumbai
2019-12-19,0.0,23.69,30.21,18.52,72.88,3.17,Mumbai
2019-12-20,0.0,23.86,30.46,18.76,72.49,2.71,Mumbai
2019-12-21,0.0,24.28,30.33,19.67,69.46,2.68,Mumbai
2019-12-22,0.04,24.49,30.04,18.93,72.22,3.5,Mumbai
2019-12-23,0.12,25.11,30.7,20.78,75.36,2.75,Mumbai
2019-12-24,0.19,25.06,30.1,21.41,79.88,2.5,Mumbai
2019-12-25,1.17,24.5,28.16,22.17,83.79,2.18,Mumbai
2019-12-26,0.08,23.64,29.11,18.63,77.23,2.27,Mumbai
2019-12-27,0.0,22.77,29.92,16.98,74.42,2.7,Mumbai
2019-12-28,0.0,23.05,30.04,16.55,72.23,3.94,Mumbai
2019-12-29,0.0,22.8,29.17,17.96,77.95,3.69,Mumbai
2019-12-30,0.1,22.35,27.83,18.56,82.75,2.36,Mumbai
2019-12-31,0.0,19.94,25.65,15.86,79.39,2.31,Mumbai
2020-01-01,0.0,19.39,25.51,13.56,77.27,2.21,Mumbai
2020-01-02,0.0,20.29,26.18,15.96,81.0,2.33,Mumbai
2020-01-03,0.03,19.84,26.26,15.09,78.36,2.81,Mumbai
2020-01-04,0.0,19.41,26.5,13.46,71.24,2.53,Mumbai
2020-01-05,0.0,20.86,28.35,15.17,71.04,4.66,Mumbai
2020-01-06,0.05,22.83,30.49,16.34,68.83,4.75,Mumbai
2020-01-07,0.0,23.42,30.1,18.58,75.85,3.7,Mumbai
2020-01-08,0.0,22.38,27.48,18.09,83.18,2.65,Mumbai
2020-01-09,0.0,20.25,27.43,14.54,68.66,2.83,Mumbai
2020-01-10,0.0,22.23,29.66,15.59,70.68,4.2,Mumbai
2020-01-11,0.0,23.27,30.32,16.92,66.14,4.29,Mumbai
2020-01-12,0.0,22.99,30.17,17.03,64.62,3.19,Mumbai
2020-01-13,0.04,22.67,28.14,18.49,79.11,2.22,Mumbai
2020-01-14,0.01,21.81,27.32,17.29,80.46,2.78,Mumbai
2020-01-15,0.0,19.85,25.85,15.1,75.92,3.08,Mumbai
2020-01-16,0.0,18.86,24.86,13.24,66.39,3.05,Mumbai
2020-01-17,0.0,17.25,25.53,10.5,60.12,3.01,Mumbai
2020-01-18,0.0,19.59,29.04,12.17,60.64,2.9,Mumbai
2020-01-19,0.0,21.51,30.8,14.1,63.04,2.6,Mumbai
2020-01-20,0.0,23.08,32.04,16.56,66.98,2.88,Mumbai
2020-01-21,0.0,23.23,30.46,18.43,63.07,2.35,Mumbai
2020-01-22,0.0,23.73,32.37,17.49,62.57,2.73,Mumbai
2020-01-23,0.0,24.22,32.58,17.6,60.25,3.37,Mumbai
2020-01-24,0.0,24.57,33.15,18.2,62.58,3.35,Mumbai
2020-01-25,0.0,24.86,33.49,18.9,55.99,2.94,Mumbai
2020-01-26,0.0,24.51,33.49,18.14,54.4,2.78,Mumbai
2020-01-27,0.0,23.5,30.42,19.45,59.93,2.37,Mumbai
2020-01-28,0.03,22.11,27.52,18.41,77.46,2.23,Mumbai
2020-01-29,0.0,20.4,26.21,14.57,67.05,3.4,Mumbai
2020-01-30,0.0,19.28,28.49,12.12,54.28,2.92,Mumbai
2020-01-31,0.0,19.64,28.44,13.16,52.55,2.93,Mumbai
2020-02-01,0.0,21.0,30.88,12.38,53.74,2.75,Mumbai
2020-02-02,0.01,22.57,31.35,15.85,64.09,3.73,Mumbai
2020-02-03,0.0,22.95,29.64,17.06,70.32,2.2,Mumbai
2020-02-04,0.0,22.61,30.16,17.54,61.68,2.84,Mumbai
2020-02-05,0.0,22.22,31.41,15.01,50.84,3.08,Mumbai
2020-02-06,0.0,21.75,29.99,15.79,52.47,2.73,Mumbai
2020-02-07,0.0,20.82,28.89,15.49,50.92,2.89,Mumbai
2020-02-08,0.0,21.98,31.2,13.48,59.2,3.26,Mumbai
2020-02-09,0.0,23.85,31.83,17.31,57.36,4.36,Mumbai
2020-02-10,0.0,25.4,33.03,18.79,58.81,3.97,Mumbai
2020-02-11,0.05,26.13,33.32,20.37,60.77,3.74,Mumbai
2020-02-12,0.01,26.9,34.49,20.88,57.29,3.58,Mumbai
2020-02-13,0.01,26.44,34.54,20.36,53.76,3.42,Mumbai
2020-02-14,0.0,25.75,34.6,19.25,48.38,3.24,Mumbai
2020-02-15,0.0,25.28,34.26,18.85,45.4,2.98,Mumbai
2020-02-16,0.0,25.72,36.13,18.18,49.18,2.65,Mumbai
2020-02-17,0.0,26.84,37.01,19.44,48.4,3.11,Mumbai
2020-02-18,0.0,27.1,36.71,20.13,46.14,3.38,Mumbai
2020-02-19,0.0,26.96,35.41,21.42,49.52,2.23,Mumbai
2020-02-20,0.0,26.63,34.84,21.5,51.62,2.34,Mumbai
2020-02-21,0.0,26.1,34.86,19.52,55.08,2.78,Mumbai
2020-02-22,0.0,26.87,36.47,19.74,45.39,2.68,Mumbai
2020-02-23,0.0,27.07,36.58,20.12,41.2,2.71,Mumbai
2020-02-24,0.0,26.68,36.31,19.54,39.48,3.17,Mumbai
2020-02-25,0.0,26.54,36.42,19.07,33.59,4.08,Mumbai
2020-02-26,0.0,26.5,36.3,18.47,34.25,4.01,Mumbai
2020-02-27,0.0,26.99,37.35,19.13,31.62,3.78,Mumbai
2020-02-28,0.0,27.15,37.08,19.28,35.18,3.27,Mumbai
2020-02-29,0.11,27.14,35.94,20.58,40.97,2.85,Mumbai
2020-03-01,0.02,26.82,35.38,20.37,48.66,2.75,Mumbai
2020-03-02,0.0,26.89,34.83,21.23,54.32,2.47,Mumbai
2020-03-03,0.0,25.3,32.58,19.7,62.8,2.51,Mumbai
2020-03-04,0.0,25.02,31.9,20.42,61.72,2.44,Mumbai
2020-03-05,0.0,24.73,32.46,18.74,64.01,2.58,Mumbai
2020-03-06,0.05,24.76,30.85,20.59,65.33,3.36,Mumbai
2020-03-07,0.02,24.64,31.56,19.57,55.41,2.83,Mumbai
2020-03-08,0.0,24.62,33.52,17.4,52.05,2.98,Mumbai
2020-03-09,0.0,25.22,32.51,20.02,57.32,2.58,Mumbai
2020-03-10,0.0,25.52,32.36,20.11,64.39,3.24,Mumbai
2020-03-11,0.03,24.68,31.51,20.01,59.97,3.15,Mumbai
2020-03-12,0.62,23.81,30.81,18.59,63.61,2.86,Mumbai
2020-03-13,0.0,23.36,31.61,16.63,51.14,3.56,Mumbai
2020-03-14,0.0,25.04,36.26,15.57,28.44,3.99,Mumbai
2020-03-15,0.0,27.42,38.7,17.37,26.19,3.76,Mumbai
2020-03-16,0.04,29.76,40.12,21.58,28.35,3.83,Mumbai
2020-03-17,0.02,30.6,39.88,22.78,28.56,2.67,Mumbai
2020-03-18,0.0,30.41,39.1,23.81,30.04,3.5,Mumbai
2020-03-19,0.01,28.37,36.73,21.56,44.08,3.12,Mumbai
2020-03-20,0.0,27.38,35.06,22.06,57.4,2.73,Mumbai
2020-03-21,0.0,27.31,35.22,21.53,56.38,2.42,Mumbai
2020-03-22,0.0,28.81,37.62,21.02,52.78,3.09,Mumbai
2020-03-23,0.08,29.98,39.31,22.29,48.77,2.9,Mumbai
2020-03-24,0.12,30.81,39.77,23.44,49.14,2.65,Mumbai
2020-03-25,0.79,31.32,39.33,26.06,47.94,2.11,Mumbai
2020-03-26,0.63,30.64,37.59,25.37,53.88,2.86,Mumbai
2020-03-27,0.84,30.39,37.27,26.26,52.23,2.77,Mumbai
2020-03-28,0.32,30.63,38.69,23.94,45.11,3.75,Mumbai
2020-03-29,0.33,31.31,40.44,23.67,37.03,3.42,Mumbai
2020-03-30,0.15,30.81,39.8,23.91,36.55,2.77,Mumbai
2020-03-31,0.0,29.73,38.04,23.21,45.98,3.07,Mumbai
2020-04-01,0.0,30.08,39.33,22.01,47.01,3.41,Mumbai
2020-04-02,0.1,31.18,40.78,23.32,38.2,3.81,Mumbai
2020-04-03,0.0,31.03,40.84,23.41,45.94,3.25,Mumbai
2020-04-04,0.01,30.47,39.52,23.78,48.54,3.06,Mumbai
2020-04-05,0.16,30.33,40.01,23.04,49.29,2.46,Mumbai
2020-04-06,0.32,29.48,37.67,22.48,57.42,2.61,Mumbai
2020-04-07,0.0,29.33,37.4,23.18,53.74,2.99,Mumbai
2020-04-08,0.0,28.63,36.65,22.44,53.93,2.73,Mumbai
2020-04-09,0.0,28.94,37.72,21.41,57.28,2.95,Mumbai
2020-04-10,0.01,30.82,41.01,22.71,52.17,2.88,Mumbai
2020-04-11,0.08,32.64,42.34,25.63,45.96,2.99,Mumbai
2020-04-12,1.07,33.06,43.45,25.55,44.12,2.59,Mumbai
2020-04-13,0.39,32.68,42.84,24.98,51.5,2.56,Mumbai
2020-04-14,0.31,32.97,43.5,24.96,53.57,2.55,Mumbai
2020-04-15,0.09,33.34,43.11,25.64,47.87,3.18,Mumbai
2020-04-16,0.48,32.41,40.93,25.99,56.54,2.84,Mumbai
2020-04-17,0.09,32.09,40.37,25.24,53.31,2.73,Mumbai
2020-04-18,0.21,32.59,41.54,26.11,48.87,3.17,Mumbai
2020-04-19,0.83,33.08,41.01,26.53,47.58,2.93,Mumbai
2020-04-20,0.06,33.14,41.41,26.62,41.35,3.21,Mumbai
2020-04-21,0.09,31.75,40.21,24.8,43.96,3.46,Mumbai
2020-04-22,0.01,31.95,40.74,24.44,54.52,3.08,Mumbai
2020-04-23,0.04,32.04,39.5,26.7,54.66,2.99,Mumbai
2020-04-24,0.05,31.38,38.35,25.87,57.91,3.37,Mumbai
2020-04-25,0.01,30.84,38.03,25.72,53.97,3.44,Mumbai
2020-04-26,0.01,31.06,39.24,24.29,53.66,3.19,Mumbai
2020-04-27,0.04,31.34,38.71,25.6,57.95,3.19,Mumbai
2020-04-28,0.11,32.92,42.43,26.13,53.44,3.74,Mumbai
2020-04-29,0.23,33.07,42.33,26.52,53.55,2.9,Mumbai
2020-04-30,0.34,32.11,41.15,26.49,56.84,2.95,Mumbai
2020-05-01,1.0,31.5,38.98,26.62,60.91,3.29,Mumbai
2020-05-02,1.63,31.76,39.56,26.33,61.02,3.53,Mumbai
2020-05-03,0.49,32.24,40.13,26.48,57.59,3.78,Mumbai
2020-05-04,0.06,31.63,39.64,25.37,56.51,3.26,Mumbai
2020-05-05,0.26,32.39,40.69,25.86,60.42,4.02,Mumbai
2020-05-06,0.07,33.02,41.25,26.16,55.6,3.35,Mumbai
2020-05-07,0.01,32.52,41.48,24.95,52.7,3.49,Mumbai
2020-05-08,0.0,32.0,40.77,25.27,53.47,2.89,Mumbai
2020-05-09,0.01,32.31,41.58,25.74,53.36,3.13,Mumbai
2020-05-10,0.06,32.27,41.2,25.68,54.65,3.39,Mumbai
2020-05-11,0.75,32.51,41.12,26.4,49.66,3.02,Mumbai
2020-05-12,0.08,32.02,40.29,25.36,52.25,3.24,Mumbai
2020-05-13,0.07,31.89,39.35,25.97,58.52,3.33,Mumbai
2020-05-14,0.49,33.32,41.44,27.35,55.36,3.56,Mumbai
2020-05-15,0.87,32.91,38.38,28.34,51.15,3.67,Mumbai
2020-05-16,0.32,32.33,37.36,28.24,54.15,3.67,Mumbai
2020-05-17,0.29,32.18,38.14,27.91,56.3,4.88,Mumbai
2020-05-18,0.12,32.13,38.07,27.66,56.93,5.28,Mumbai
2020-05-19,0.04,31.71,38.1,27.15,57.97,4.46,Mumbai
2020-05-20,0.01,31.8,39.11,26.43,58.45,3.77,Mumbai
2020-05-21,0.0,32.21,39.51,27.3,59.0,3.72,Mumbai
2020-05-22,0.0,32.42,39.46,27.59,56.44,4.1,Mumbai
2020-05-23,0.01,32.5,41.13,25.81,57.2,4.04,Mumbai
2020-05-24,0.03,32.72,40.47,26.76,57.55,3.5,Mumbai
2020-05-25,0.01,32.74,40.15,27.47,58.56,3.47,Mumbai
2020-05-26,0.0,32.17,39.14,27.24,60.14,3.36,Mumbai
2020-05-27,0.0,31.7,38.34,27.29,60.88,3.76,Mumbai
2020-05-28,0.0,31.75,37.73,27.96,62.09,4.49,Mumbai
2020-05-29,0.01,31.95,37.48,28.13,61.8,4.2,Mumbai
2020-05-30,0.02,31.94,35.54,29.19,62.19,3.62,Mumbai
2020-05-31,0.71,31.52,36.51,28.52,62.9,3.75,Mumbai
2020-06-01,2.69,31.31,35.47,28.59,58.28,1.28,Mumbai
2020-06-02,22.87,29.82,34.18,25.79,62.21,2.75,Mumbai
2020-06-03,74.26,27.43,30.67,25.28,83.91,6.49,Mumbai
2020-06-04,39.4,27.52,28.97,25.99,86.55,4.68,Mumbai
2020-06-05,3.73,28.31,32.92,24.62,76.93,3.56,Mumbai
2020-06-06,16.7,28.56,32.45,25.65,81.92,4.34,Mumbai
2020-06-07,9.27,28.16,30.61,26.27,86.05,3.02,Mumbai
2020-06-08,15.51,28.03,32.56,24.59,71.22,2.9,Mumbai
2020-06-09,5.39,27.18,30.75,23.71,77.16,3.48,Mumbai
2020-06-10,8.8,27.66,31.1,24.78,80.35,3.27,Mumbai
2020-06-11,6.8,28.43,31.73,25.96,82.36,3.23,Mumbai
2020-06-12,8.65,28.2,31.45,26.23,84.66,3.13,Mumbai
2020-06-13,24.85,27.44,29.89,25.38,86.42,2.72,Mumbai
2020-06-14,14.0,28.01,31.26,25.92,86.01,2.95,Mumbai
2020-06-15,27.55,27.91,31.07,26.11,89.08,3.52,Mumbai
2020-06-16,11.86,27.3,29.79,25.5,88.45,3.05,Mumbai
2020-06-17,13.46,28.0,30.72,26.27,87.97,3.92,Mumbai
2020-06-18,32.44,27.89,30.15,26.27,89.35,5.33,Mumbai
2020-06-19,12.14,28.42,31.22,26.22,86.48,3.94,Mumbai
2020-06-20,4.55,28.22,30.89,26.35,86.23,4.09,Mumbai
2020-06-21,7.22,27.89,30.3,26.34,86.94,3.9,Mumbai
2020-06-22,3.34,28.34,31.53,26.12,83.01,4.31,Mumbai
2020-06-23,5.21,28.27,31.76,26.11,83.62,4.67,Mumbai
2020-06-24,1.01,28.29,31.97,25.48,82.83,3.96,Mumbai
2020-06-25,1.56,28.64,32.34,25.83,84.3,2.86,Mumbai
2020-06-26,4.17,27.52,29.17,26.38,86.53,2.34,Mumbai
2020-06-27,8.23,27.8,30.94,25.35,85.26,2.57,Mumbai
2020-06-28,10.85,28.14,31.08,25.89,85.23,2.24,Mumbai
2020-06-29,36.73,28.24,31.69,26.14,87.13,2.74,Mumbai
2020-06-30,29.84,27.09,29.87,25.73,89.18,2.79,Mumbai
2020-07-01,7.54,27.28,29.72,25.12,85.97,4.02,Mumbai
2020-07-02,12.21,27.92,31.18,25.37,86.44,4.53,Mumbai
2020-07-03,43.62,27.1,28.42,26.28,91.29,5.95,Mumbai
2020-07-04,103.54,27.12,28.89,25.83,91.44,5.84,Mumbai
2020-07-05,60.79,26.79,28.03,25.78,91.21,7.32,Mumbai
2020-07-06,44.96,27.61,29.44,26.32,89.34,8.25,Mumbai
2020-07-07,57.28,27.3,29.18,26.17,90.92,7.73,Mumbai
2020-07-08,20.4,27.44,29.76,25.57,88.53,5.63,Mumbai
2020-07-09,23.9,27.39,29.82,25.49,88.93,5.04,Mumbai
2020-07-10,11.93,27.4,29.54,25.84,89.56,5.03,Mumbai
2020-07-11,14.43,27.37,29.27,25.9,90.89,4.78,Mumbai
2020-07-12,26.51,26.69,28.17,25.16,92.15,4.42,Mumbai
2020-07-13,18.16,26.73,29.21,24.67,91.91,3.6,Mumbai
2020-07-14,31.35,27.29,29.24,25.53,91.03,4.23,Mumbai
2020-07-15,67.41,26.28,27.2,25.44,94.07,4.22,Mumbai
2020-07-16,36.7,26.02,27.67,24.93,92.16,5.76,Mumbai
2020-07-17,27.1,26.64,29.06,24.6,90.45,6.27,Mumbai
2020-07-18,10.68,27.08,29.49,25.1,90.71,5.4,Mumbai
2020-07-19,5.8,27.19,29.44,25.46,89.65,3.94,Mumbai
2020-07-20,9.12,26.64,28.51,24.99,90.92,2.75,Mumbai
2020-07-21,5.01,26.81,29.78,24.69,89.93,2.98,Mumbai
2020-07-22,6.26,27.01,29.8,24.94,89.31,2.12,Mumbai
2020-07-23,10.4,27.07,29.45,25.31,89.76,2.24,Mumbai
2020-07-24,23.0,26.44,28.23,24.91,90.24,2.36,Mumbai
2020-07-25,10.67,26.11,28.93,24.23,89.64,3.03,Mumbai
2020-07-26,9.09,26.56,29.73,24.11,88.39,3.57,Mumbai
2020-07-27,20.23,26.74,28.92,24.98,90.23,3.77,Mumbai
2020-07-28,26.27,26.68,28.81,25.02,91.02,2.98,Mumbai
2020-07-29,14.83,26.67,28.42,25.17,92.91,2.84,Mumbai
2020-07-30,12.99,27.03,29.85,24.84,86.36,2.41,Mumbai
2020-07-31,6.53,26.58,29.29,24.63,90.12,2.15,Mumbai
2020-08-01,9.09,26.9,28.77,25.1,91.65,2.77,Mumbai
2020-08-02,8.9,27.18,29.49,25.3,91.61,3.48,Mumbai
2020-08-03,46.41,27.08,29.0,25.87,92.7,4.45,Mumbai
2020-08-04,109.49,26.91,28.65,25.99,92.92,6.92,Mumbai
2020-08-05,129.26,26.78,28.0,25.83,94.1,8.01,Mumbai
2020-08-06,126.09,26.34,27.65,24.95,91.88,7.68,Mumbai
2020-08-07,24.63,27.03,28.85,25.7,91.1,7.23,Mumbai
2020-08-08,15.15,26.85,28.79,25.51,90.36,6.0,Mumbai
2020-08-09,10.81,26.71,28.54,25.35,90.62,5.07,Mumbai
2020-08-10,34.61,26.44,27.9,25.26,92.3,4.84,Mumbai
2020-08-11,22.1,26.44,28.31,25.08,91.07,5.54,Mumbai
2020-08-12,41.8,26.13,27.63,25.17,92.01,6.04,Mumbai
2020-08-13,55.75,25.89,26.99,25.21,94.32,6.0,Mumbai
2020-08-14,60.58,26.06,27.35,25.23,93.28,6.86,Mumbai
2020-08-15,41.16,26.1,27.33,25.22,93.59,6.47,Mumbai
2020-08-16,33.79,26.02,27.31,25.22,93.98,6.28,Mumbai
2020-08-17,51.77,25.88,26.98,24.97,93.98,5.28,Mumbai
2020-08-18,32.52,26.06,27.91,24.8,92.5,5.32,Mumbai
2020-08-19,19.36,26.33,28.39,24.85,91.58,4.82,Mumbai
2020-08-20,48.99,25.79,26.72,25.14,95.05,4.84,Mumbai
2020-08-21,48.7,26.08,27.25,25.18,94.06,5.77,Mumbai
2020-08-22,20.82,26.5,28.17,25.42,93.33,5.86,Mumbai
2020-08-23,13.15,26.4,27.89,25.34,92.67,5.99,Mumbai
2020-08-24,9.61,26.45,28.62,25.05,90.9,5.74,Mumbai
2020-08-25,6.74,26.41,28.93,24.67,89.39,4.49,Mumbai
2020-08-26,2.87,26.25,29.31,24.15,88.56,3.43,Mumbai
2020-08-27,7.86,25.99,28.69,24.21,89.63,3.9,Mumbai
2020-08-28,56.94,25.99,28.18,24.4,92.03,3.88,Mumbai
2020-08-29,62.18,25.61,26.73,24.77,94.38,4.03,Mumbai
2020-08-30,31.07,25.89,27.22,25.02,93.57,4.55,Mumbai
2020-08-31,21.16,26.29,28.48,24.68,92.04,4.53,Mumbai
2020-09-01,7.35,26.29,28.92,24.18,90.84,3.01,Mumbai
2020-09-02,1.81,26.33,29.22,24.04,89.25,2.6,Mumbai
2020-09-03,1.03,26.68,29.76,24.34,88.46,2.04,Mumbai
2020-09-04,4.27,27.74,31.67,24.12,85.22,1.91,Mumbai
2020-09-05,14.84,28.23,32.26,25.19,87.67,1.77,Mumbai
2020-09-06,8.73,28.66,32.59,25.48,86.16,1.79,Mumbai
2020-09-07,11.46,27.93,30.72,25.9,87.45,1.99,Mumbai
2020-09-08,2.94,27.1,30.05,24.87,90.82,2.54,Mumbai
2020-09-09,5.77,26.11,28.22,24.83,90.74,1.99,Mumbai
2020-09-10,39.64,26.57,28.77,24.97,93.42,1.99,Mumbai
2020-09-11,11.8,26.72,28.59,25.31,91.77,1.82,Mumbai
2020-09-12,19.97,27.06,29.99,24.88,90.58,3.66,Mumbai
2020-09-13,6.26,26.37,28.58,24.78,91.14,4.23,Mumbai
2020-09-14,6.33,25.41,27.31,24.16,92.4,3.02,Mumbai
2020-09-15,4.01,25.17,26.58,24.04,93.09,2.4,Mumbai
2020-09-16,7.29,25.49,27.29,24.13,92.91,2.65,Mumbai
2020-09-17,9.09,25.94,28.2,24.22,92.46,2.84,Mumbai
2020-09-18,3.02,25.93,27.76,24.57,92.23,2.69,Mumbai
2020-09-19,13.15,26.38,28.97,24.38,90.0,2.98,Mumbai
2020-09-20,16.17,26.7,28.88,25.22,93.46,3.52,Mumbai
2020-09-21,10.41,26.47,27.98,25.02,93.87,4.15,Mumbai
2020-09-22,78.2,26.51,27.41,25.24,94.16,3.46,Mumbai
2020-09-23,57.73,25.94,26.96,25.11,95.47,3.98,Mumbai
2020-09-24,5.55,26.79,29.87,24.72,91.99,2.73,Mumbai
2020-09-25,11.68,26.22,28.19,24.89,92.7,2.98,Mumbai
2020-09-26,1.5,26.05,28.8,24.05,87.45,2.57,Mumbai
2020-09-27,1.95,26.07,29.29,23.9,85.83,2.29,Mumbai
2020-09-28,0.69,26.42,29.85,24.01,83.63,1.67,Mumbai
2020-09-29,0.68,26.12,29.31,23.43,84.66,2.15,Mumbai
2020-09-30,0.74,26.14,29.86,23.38,85.5,2.47,Mumbai
2020-10-01,0.68,26.02,29.44,23.42,86.88,2.28,Mumbai
2020-10-02,2.47,26.73,30.34,24.04,87.11,2.25,Mumbai
2020-10-03,10.81,27.37,31.12,24.59,87.85,2.1,Mumbai
2020-10-04,4.6,26.78,29.88,24.47,89.45,2.74,Mumbai
2020-10-05,0.68,26.83,30.66,24.04,86.64,2.27,Mumbai
2020-10-06,0.28,26.18,29.73,22.84,86.77,1.98,Mumbai
2020-10-07,0.44,27.54,31.53,24.2,83.67,1.84,Mumbai
2020-10-08,1.31,27.61,31.34,24.71,81.41,2.09,Mumbai
2020-10-09,0.27,27.93,32.54,24.04,78.41,1.59,Mumbai
2020-10-10,7.77,28.3,31.31,25.4,79.14,1.2,Mumbai
2020-10-11,11.12,27.88,31.32,25.34,80.26,1.47,Mumbai
2020-10-12,2.68,27.27,30.39,24.74,84.74,1.86,Mumbai
2020-10-13,8.22,28.16,32.13,25.01,81.18,1.33,Mumbai
2020-10-14,11.54,27.78,30.78,25.71,86.27,1.91,Mumbai
2020-10-15,48.81,26.77,28.52,25.31,93.48,4.54,Mumbai
2020-10-16,8.68,27.29,30.81,24.65,88.21,4.97,Mumbai
2020-10-17,3.26,26.7,30.4,24.09,88.53,3.63,Mumbai
2020-10-18,1.23,26.28,29.8,23.74,89.57,2.64,Mumbai
2020-10-19,5.39,25.74,28.2,23.69,89.65,2.24,Mumbai
2020-10-20,19.24,27.01,29.84,24.88,90.42,1.77,Mumbai
2020-10-21,5.03,27.55,30.61,25.47,89.21,1.77,Mumbai
2020-10-22,15.08,27.08,29.79,25.11,90.39,2.28,Mumbai
2020-10-23,5.36,26.77,29.75,24.8,83.22,2.31,Mumbai
2020-10-24,2.59,27.32,30.76,24.74,77.31,1.27,Mumbai
2020-10-25,2.74,27.27,31.32,22.99,74.29,1.36,Mumbai
2020-10-26,0.07,26.99,31.53,22.91,77.67,2.0,Mumbai
2020-10-27,0.0,26.66,31.81,22.25,77.24,2.1,Mumbai
2020-10-28,0.0,26.22,31.68,21.49,70.26,1.87,Mumbai
2020-10-29,0.0,25.85,31.8,20.65,69.46,2.19,Mumbai
2020-10-30,0.0,25.9,32.35,20.44,68.36,2.19,Mumbai
2020-10-31,0.0,25.41,31.38,19.92,69.13,2.31,Mumbai
2020-11-01,0.0,25.78,31.31,20.87,74.35,2.21,Mumbai
2020-11-02,0.0,26.55,31.0,22.84,78.13,2.11,Mumbai
2020-11-03,0.0,26.45,32.1,22.58,74.55,2.93,Mumbai
2020-11-04,0.0,25.46,31.75,21.06,72.37,2.89,Mumbai
2020-11-05,0.0,24.84,31.31,19.72,72.04,2.71,Mumbai
2020-11-06,0.0,23.71,30.41,18.82,69.18,3.51,Mumbai
2020-11-07,0.0,23.75,30.94,17.15,73.03,3.87,Mumbai
2020-11-08,0.0,24.75,31.11,19.44,74.98,3.78,Mumbai
2020-11-09,0.01,23.71,30.88,17.93,69.01,3.3,Mumbai
2020-11-10,0.0,22.15,29.82,16.73,69.05,4.14,Mumbai
2020-11-11,0.0,21.35,29.38,15.42,68.86,4.25,Mumbai
2020-11-12,0.0,22.08,29.71,15.96,70.07,3.76,Mumbai
2020-11-13,0.0,25.1,31.35,19.48,80.54,2.8,Mumbai
2020-11-14,0.01,26.39,31.81,21.85,81.27,2.6,Mumbai
2020-11-15,0.03,26.36,32.36,21.37,77.47,2.08,Mumbai
2020-11-16,0.0,26.18,32.19,20.63,75.6,2.73,Mumbai
2020-11-17,0.05,26.83,31.56,22.83,79.65,2.23,Mumbai
2020-11-18,0.08,25.82,30.86,21.76,82.39,2.47,Mumbai
2020-11-19,0.04,25.95,30.69,22.9,81.33,1.99,Mumbai
2020-11-20,0.22,26.16,31.63,22.12,80.64,1.79,Mumbai
2020-11-21,0.03,25.76,31.48,21.82,78.5,2.14,Mumbai
2020-11-22,0.0,24.66,30.68,20.0,80.6,2.54,Mumbai
2020-11-23,0.0,24.76,30.32,21.29,79.07,2.12,Mumbai
2020-11-24,0.0,24.77,30.49,19.81,74.64,1.77,Mumbai
2020-11-25,0.0,24.11,30.46,19.01,72.87,3.1,Mumbai
2020-11-26,0.0,23.63,30.62,17.9,71.13,3.17,Mumbai
2020-11-27,0.0,23.25,29.47,19.06,76.28,4.75,Mumbai
2020-11-28,0.01,23.77,29.78,18.91,79.88,3.91,Mumbai
2020-11-29,0.0,25.18,30.65,20.48,80.16,2.94,Mumbai
2020-11-30,0.0,25.84,30.75,21.97,82.13,2.14,Mumbai
2020-12-01,0.0,26.51,31.57,22.74,79.48,1.84,Mumbai
2020-12-02,0.01,25.27,30.84,21.02,73.78,2.65,Mumbai
2020-12-03,0.0,23.79,30.57,18.25,66.77,3.14,Mumbai
2020-12-04,0.0,23.63,31.13,17.56,65.49,3.09,Mumbai
2020-12-05,0.0,23.45,30.39,17.41,63.02,3.2,Mumbai
2020-12-06,0.0,22.73,30.36,17.12,65.03,3.96,Mumbai
2020-12-07,0.0,22.42,30.49,16.39,63.97,4.06,Mumbai
2020-12-08,0.02,22.86,30.83,16.89,64.14,3.94,Mumbai
2020-12-09,0.01,23.89,30.58,17.77,69.45,3.05,Mumbai
2020-12-10,0.26,25.17,30.85,20.34,71.92,2.23,Mumbai
2020-12-11,2.09,24.8,28.18,22.17,79.62,1.45,Mumbai
2020-12-12,0.89,24.67,29.58,20.95,82.68,2.05,Mumbai
2020-12-13,1.45,24.41,28.45,21.34,82.78,1.64,Mumbai
2020-12-14,7.19,24.29,28.93,21.04,82.0,1.83,Mumbai
2020-12-15,0.06,23.81,29.72,19.53,80.13,2.21,Mumbai
2020-12-16,0.0,23.82,30.21,19.21,78.92,2.39,Mumbai
2020-12-17,0.0,23.84,30.49,18.75,75.04,2.45,Mumbai
2020-12-18,0.0,23.59,30.07,18.41,71.5,2.92,Mumbai
2020-12-19,0.0,22.68,29.26,18.69,71.57,3.77,Mumbai
2020-12-20,0.25,21.55,28.05,17.27,67.85,4.19,Mumbai
2020-12-21,0.0,21.04,28.91,15.47,58.45,4.13,Mumbai
2020-12-22,0.0,20.86,28.82,14.03,54.33,3.17,Mumbai
2020-12-23,0.0,21.04,29.43,13.8,57.95,2.55,Mumbai
2020-12-24,0.0,22.25,30.25,14.99,58.74,2.55,Mumbai
2020-12-25,0.0,23.26,30.52,17.25,64.45,3.46,Mumbai
2020-12-26,0.0,23.4,31.05,17.1,65.28,3.21,Mumbai
2020-12-27,0.0,23.3,30.37,18.35,71.22,2.82,Mumbai
2020-12-28,0.0,21.27,28.91,16.12,65.09,2.54,Mumbai
2020-12-29,0.0,20.81,29.04,15.24,64.44,2.35,Mumbai
2020-12-30,0.0,22.19,30.51,15.84,68.7,2.3,Mumbai
2020-12-31,0.0,23.74,31.04,17.42,68.4,3.51,Mumbai
2021-01-01,0.03,24.52,31.35,19.28,73.72,3.03,Mumbai
2021-01-02,0.02,23.85,28.52,21.02,76.92,2.01,Mumbai
2021-01-03,0.01,23.59,29.32,19.98,71.22,1.91,Mumbai
2021-01-04,0.08,23.68,29.5,19.22,71.52,1.94,Mumbai
2021-01-05,0.08,23.33,29.57,19.31,71.57,2.04,Mumbai
2021-01-06,0.0,23.69,30.64,19.04,68.91,2.43,Mumbai
2021-01-07,0.6,24.45,29.32,19.83,75.7,1.89,Mumbai
2021-01-08,3.32,25.0,29.26,21.76,81.37,1.84,Mumbai
2021-01-09,3.92,25.53,30.81,21.45,79.22,1.88,Mumbai
2021-01-10,0.19,26.17,31.41,22.78,76.34,2.47,Mumbai
2021-01-11,0.02,26.9,33.66,22.02,68.57,2.36,Mumbai
2021-01-12,0.0,27.02,34.73,21.15,60.23,3.09,Mumbai
2021-01-13,0.0,26.35,33.79,21.27,60.54,2.74,Mumbai
2021-01-14,0.0,25.32,33.06,19.24,61.05,2.0,Mumbai
2021-01-15,0.0,24.75,32.57,19.17,61.77,2.64,Mumbai
2021-01-16,0.0,24.72,32.68,18.78,59.34,2.04,Mumbai
2021-01-17,0.0,25.22,32.83,19.34,63.81,2.07,Mumbai
2021-01-18,0.0,25.17,32.84,20.28,63.03,2.23,Mumbai
2021-01-19,0.0,25.09,32.88,20.33,59.8,2.15,Mumbai
2021-01-20,0.0,24.38,32.31,19.44,55.82,2.37,Mumbai
2021-01-21,0.0,22.98,31.04,17.4,53.2,2.31,Mumbai
2021-01-22,0.0,23.7,33.05,16.61,55.84,2.12,Mumbai
2021-01-23,0.0,23.92,32.52,18.87,58.23,2.1,Mumbai
2021-01-24,0.0,23.25,31.56,18.0,59.11,2.52,Mumbai
2021-01-25,0.0,22.63,32.16,15.69,50.99,2.91,Mumbai
2021-01-26,0.0,22.36,31.11,17.15,47.57,2.5,Mumbai
2021-01-27,0.0,22.04,31.29,15.37,46.51,2.64,Mumbai
2021-01-28,0.0,21.96,30.93,16.14,47.9,2.58,Mumbai
2021-01-29,0.0,22.34,32.72,14.57,44.85,2.84,Mumbai
2021-01-30,0.0,23.41,32.83,16.87,43.98,2.52,Mumbai
2021-01-31,0.0,23.95,33.14,17.69,45.92,2.62,Mumbai
2021-02-01,0.0,24.54,33.4,18.14,49.67,3.46,Mumbai
2021-02-02,0.0,24.89,33.85,17.83,39.95,3.73,Mumbai
2021-02-03,0.0,23.91,33.54,16.26,41.43,3.02,Mumbai
2021-02-04,0.0,23.69,32.51,17.19,46.78,2.68,Mumbai
2021-02-05,0.0,22.95,31.57,16.99,52.49,3.32,Mumbai
2021-02-06,0.0,23.35,33.17,15.14,42.33,3.38,Mumbai
2021-02-07,0.0,24.14,33.2,16.79,41.54,3.99,Mumbai
2021-02-08,0.0,24.25,34.07,16.6,40.12,3.44,Mumbai
2021-02-09,0.0,24.01,34.55,16.54,39.1,3.46,Mumbai
2021-02-10,0.0,24.15,34.38,16.51,40.48,2.64,Mumbai
2021-02-11,0.0,24.64,35.04,16.76,41.42,2.78,Mumbai
2021-02-12,0.0,24.72,34.55,17.56,43.49,2.73,Mumbai
2021-02-13,0.0,24.96,33.74,19.1,45.39,2.57,Mumbai
2021-02-14,0.0,25.01,33.57,19.09,54.19,2.34,Mumbai
2021-02-15,0.01,24.44,32.22,19.37,56.93,2.43,Mumbai
2021-02-16,0.0,24.01,31.69,18.12,64.84,2.73,Mumbai
2021-02-17,0.01,24.9,32.71,18.88,62.56,2.49,Mumbai
2021-02-18,3.26,26.01,34.1,20.6,59.29,2.13,Mumbai
2021-02-19,8.1,25.78,32.27,21.31,60.75,2.79,Mumbai
2021-02-20,0.0,25.37,33.07,18.68,51.27,3.42,Mumbai
2021-02-21,0.0,26.75,34.37,20.22,49.5,4.1,Mumbai
2021-02-22,0.0,27.47,35.1,21.35,53.24,2.87,Mumbai
2021-02-23,0.0,27.63,36.23,20.81,50.79,2.42,Mumbai
2021-02-24,0.0,27.53,36.68,20.58,43.82,2.76,Mumbai
2021-02-25,0.0,27.34,35.93,20.91,44.9,3.02,Mumbai
2021-02-26,0.0,27.1,35.5,21.09,48.2,2.97,Mumbai
2021-02-27,0.0,27.29,36.74,19.72,47.23,3.26,Mumbai
2021-02-28,0.0,29.01,38.83,21.11,40.16,2.89,Mumbai
2021-03-01,0.0,29.82,39.51,22.26,35.17,3.95,Mumbai
2021-03-02,0.0,29.2,38.97,21.76,30.13,3.63,Mumbai
2021-03-03,0.0,29.44,39.71,21.04,25.65,3.23,Mumbai
2021-03-04,0.0,29.38,39.78,21.34,23.08,3.49,Mumbai
2021-03-05,0.0,29.86,39.82,22.0,26.28,3.29,Mumbai
2021-03-06,0.0,28.84,37.65,22.26,40.86,2.23,Mumbai
2021-03-07,0.0,28.28,37.03,22.08,46.2,2.85,Mumbai
2021-03-08,0.0,28.34,37.98,20.51,43.26,3.07,Mumbai
2021-03-09,0.01,28.78,38.64,21.18,45.88,3.0,Mumbai
2021-03-10,0.01,28.69,37.72,22.48,46.96,2.64,Mumbai
2021-03-11,0.0,28.55,37.36,21.93,45.42,2.89,Mumbai
2021-03-12,0.0,28.86,37.83,21.84,46.46,2.94,Mumbai
2021-03-13,0.0,30.55,40.19,23.15,33.35,3.51,Mumbai
2021-03-14,0.0,29.97,39.27,22.22,33.56,2.86,Mumbai
2021-03-15,0.0,29.89,38.52,22.42,30.65,2.83,Mumbai
2021-03-16,0.0,30.42,38.8,24.03,35.27,2.86,Mumbai
2021-03-17,0.02,30.44,39.4,23.4,32.96,3.16,Mumbai
2021-03-18,0.09,30.44,39.06,24.72,36.0,2.91,Mumbai
2021-03-19,0.07,28.84,37.23,23.12,47.33,3.22,Mumbai
2021-03-20,0.01,28.48,37.26,21.37,47.56,2.68,Mumbai
2021-03-21,0.02,29.0,37.49,22.27,44.62,2.23,Mumbai
2021-03-22,1.46,29.7,38.66,22.85,46.26,2.28,Mumbai
2021-03-23,0.37,30.59,39.37,23.31,41.87,2.95,Mumbai
2021-03-24,0.04,32.07,39.8,26.35,32.95,3.18,Mumbai
2021-03-25,0.2,31.93,41.2,24.65,23.66,4.73,Mumbai
2021-03-26,0.0,31.51,41.55,22.87,23.36,3.36,Mumbai
2021-03-27,0.0,32.4,42.96,23.47,21.81,3.51,Mumbai
2021-03-28,0.01,31.83,41.97,24.52,30.15,2.7,Mumbai
2021-03-29,0.01,31.31,41.31,24.47,36.77,2.75,Mumbai
2021-03-30,0.0,29.89,38.63,23.34,49.63,2.26,Mumbai
2021-03-31,0.0,29.0,38.05,21.51,53.94,2.43,Mumbai
2021-04-01,0.04,29.12,37.19,23.53,61.81,2.4,Mumbai
2021-04-02,0.01,28.99,37.56,23.03,60.38,2.32,Mumbai
2021-04-03,0.0,28.9,37.33,23.05,58.85,2.45,Mumbai
2021-04-04,0.0,29.79,38.13,23.63,57.26,2.8,Mumbai
2021-04-05,0.0,30.38,39.29,24.14,53.4,3.0,Mumbai
2021-04-06,0.01,31.32,41.3,23.66,44.66,3.42,Mumbai
2021-04-07,0.0,31.36,40.76,23.52,44.59,3.21,Mumbai
2021-04-08,0.07,30.37,38.32,24.46,54.42,2.63,Mumbai
2021-04-09,0.04,30.81,39.64,23.78,50.59,2.45,Mumbai
2021-04-10,0.08,31.36,39.66,24.83,46.12,2.62,Mumbai
2021-04-11,0.91,32.31,40.82,26.32,43.46,1.94,Mumbai
2021-04-12,0.25,32.07,40.39,25.22,46.5,2.32,Mumbai
2021-04-13,1.78,32.59,40.42,26.58,41.6,2.01,Mumbai
2021-04-14,0.54,32.16,39.59,26.53,42.23,2.61,Mumbai
2021-04-15,0.32,31.34,38.96,25.71,44.26,2.63,Mumbai
2021-04-16,0.24,30.92,38.77,24.77,49.28,3.11,Mumbai
2021-04-17,0.0,31.08,39.27,23.69,51.25,3.67,Mumbai
2021-04-18,0.01,31.9,40.78,24.61,50.25,3.39,Mumbai
2021-04-19,0.0,31.11,38.67,25.67,53.61,2.54,Mumbai
2021-04-20,0.01,30.81,38.31,25.19,55.28,2.79,Mumbai
2021-04-21,0.57,29.69,35.69,25.49,58.0,2.57,Mumbai
2021-04-22,0.09,30.91,39.88,24.43,56.25,2.97,Mumbai
2021-04-23,0.01,30.81,38.81,24.95,50.32,2.89,Mumbai
2021-04-24,0.03,30.95,38.91,25.35,47.07,2.73,Mumbai
2021-04-25,0.26,32.01,41.04,24.38,48.9,2.92,Mumbai
2021-04-26,0.65,31.41,37.65,26.34,59.41,2.48,Mumbai
2021-04-27,0.47,31.83,39.42,26.36,51.28,2.25,Mumbai
2021-04-28,0.47,31.64,38.87,26.14,47.91,2.36,Mumbai
2021-04-29,0.39,31.47,39.56,25.91,54.07,2.83,Mumbai
2021-04-30,0.42,32.26,39.24,26.57,48.16,2.65,Mumbai
2021-05-01,0.57,32.85,39.26,27.53,45.33,2.66,Mumbai
2021-05-02,1.48,32.43,38.57,27.28,47.71,2.25,Mumbai
2021-05-03,1.39,32.52,39.76,26.51,49.4,2.49,Mumbai
2021-05-04,0.69,32.7,39.97,27.12,47.92,2.91,Mumbai
2021-05-05,1.2,32.69,39.73,27.42,48.73,2.83,Mumbai
2021-05-06,0.75,32.3,39.35,26.75,53.84,2.54,Mumbai
2021-05-07,0.8,32.49,39.43,27.1,51.87,2.5,Mumbai
2021-05-08,0.09,32.84,40.42,27.54,49.81,2.6,Mumbai
2021-05-09,0.38,32.61,39.38,27.86,53.27,2.64,Mumbai
2021-05-10,0.04,32.34,39.16,27.05,52.71,3.12,Mumbai
2021-05-11,0.01,32.04,39.05,26.73,51.96,3.19,Mumbai
2021-05-12,0.0,31.36,38.68,25.92,56.32,3.45,Mumbai
2021-05-13,0.12,30.99,36.54,27.05,53.38,2.71,Mumbai
2021-05-14,0.13,32.43,40.19,26.74,50.16,3.12,Mumbai
2021-05-15,3.09,34.65,39.74,28.97,46.23,3.82,Mumbai
2021-05-16,11.81,32.75,38.82,29.1,54.63,8.89,Mumbai
2021-05-17,192.72,28.09,29.47,27.03,82.99,14.62,Mumbai
2021-05-18,77.57,28.38,30.38,27.12,86.49,9.2,Mumbai
2021-05-19,12.87,28.52,30.94,26.57,83.65,4.58,Mumbai
2021-05-20,0.35,28.88,32.66,25.94,77.0,2.11,Mumbai
2021-05-21,0.26,29.12,33.25,26.4,76.76,2.12,Mumbai
2021-05-22,0.48,28.74,32.64,26.03,79.58,2.52,Mumbai
2021-05-23,0.34,28.31,32.55,25.28,79.42,2.81,Mumbai
2021-05-24,0.24,28.87,33.36,25.28,78.5,3.23,Mumbai
2021-05-25,0.18,29.01,33.79,25.55,79.47,3.74,Mumbai
2021-05-26,0.24,28.75,32.72,25.95,78.96,4.04,Mumbai
2021-05-27,0.21,29.23,33.41,25.99,75.87,4.05,Mumbai
2021-05-28,0.23,29.44,33.57,26.3,78.37,3.72,Mumbai
2021-05-29,3.98,29.4,33.02,26.97,80.43,2.66,Mumbai
2021-05-30,5.6,28.93,32.42,26.54,83.18,2.2,Mumbai
2021-05-31,10.8,28.69,31.59,26.53,83.1,2.17,Mumbai
2021-06-01,18.38,28.6,31.48,26.25,83.43,2.43,Mumbai
2021-06-02,14.08,28.78,32.28,26.15,80.86,1.86,Mumbai
2021-06-03,4.88,29.15,33.6,26.19,77.64,1.78,Mumbai
2021-06-04,3.62,29.08,32.66,26.59,77.88,1.37,Mumbai
2021-06-05,13.56,27.91,30.08,26.12,83.37,2.0,Mumbai
2021-06-06,10.04,28.29,32.07,25.1,80.94,2.75,Mumbai
2021-06-07,6.18,28.48,32.15,25.87,80.52,3.52,Mumbai
2021-06-08,31.0,28.27,31.36,25.64,84.22,3.51,Mumbai
2021-06-09,54.2,28.19,30.35,26.75,85.73,4.97,Mumbai
2021-06-10,55.91,27.56,28.85,26.64,89.85,5.42,Mumbai
2021-06-11,37.06,28.05,30.24,26.57,87.86,5.06,Mumbai
2021-06-12,32.49,28.24,29.79,26.98,90.49,4.84,Mumbai
2021-06-13,19.53,28.07,29.75,26.84,90.32,4.58,Mumbai
2021-06-14,5.61,28.55,30.9,26.87,87.04,4.59,Mumbai
2021-06-15,29.75,28.13,30.06,26.81,88.22,5.65,Mumbai
2021-06-16,43.4,27.79,29.23,26.65,90.12,5.36,Mumbai
2021-06-17,61.14,27.81,29.85,26.33,88.08,6.21,Mumbai
2021-06-18,54.49,27.82,29.98,26.34,87.82,6.73,Mumbai
2021-06-19,44.56,27.48,29.3,26.13,88.26,5.81,Mumbai
2021-06-20,19.16,27.5,29.56,25.73,87.53,5.1,Mumbai
2021-06-21,5.09,27.28,29.77,25.45,88.0,4.03,Mumbai
2021-06-22,4.08,27.48,29.97,25.28,86.22,3.79,Mumbai
2021-06-23,5.47,27.28,29.68,25.24,86.95,3.8,Mumbai
2021-06-24,10.57,27.29,29.5,25.48,87.78,3.84,Mumbai
2021-06-25,21.47,27.02,29.18,25.34,88.61,4.08,Mumbai
2021-06-26,7.69,27.18,29.88,25.18,86.91,4.08,Mumbai
2021-06-27,6.28,26.79,29.21,24.98,86.35,2.96,Mumbai
2021-06-28,26.0,26.25,27.99,24.75,91.42,3.39,Mumbai
2021-06-29,6.74,27.3,29.94,25.29,89.09,2.95,Mumbai
2021-06-30,3.91,27.11,29.24,25.36,89.75,3.11,Mumbai
2021-07-01,2.31,27.43,29.54,25.88,87.89,3.95,Mumbai
2021-07-02,0.85,27.59,30.4,25.34,85.97,4.4,Mumbai
2021-07-03,1.03,27.58,30.29,25.34,86.79,3.45,Mumbai
2021-07-04,0.99,27.53,30.39,24.91,85.69,2.47,Mumbai
2021-07-05,3.95,27.41,29.56,25.4,85.4,1.98,Mumbai
2021-07-06,2.78,27.52,30.63,25.18,84.77,2.07,Mumbai
2021-07-07,4.93,27.66,30.13,25.59,85.77,2.46,Mumbai
2021-07-08,20.77,27.64,29.72,26.11,87.7,2.83,Mumbai
2021-07-09,24.21,27.24,29.23,25.66,87.92,2.09,Mumbai
2021-07-10,9.61,26.93,29.77,24.95,85.02,2.25,Mumbai
2021-07-11,15.08,26.74,28.69,24.97,91.29,4.75,Mumbai
2021-07-12,93.46,26.58,27.8,25.76,93.27,6.83,Mumbai
2021-07-13,41.63,26.83,28.44,25.38,89.9,5.05,Mumbai
2021-07-14,27.06,26.64,28.03,25.59,92.04,4.74,Mumbai
2021-07-15,89.19,26.84,28.05,25.93,94.0,5.68,Mumbai
2021-07-16,26.92,26.99,28.82,25.39,90.86,4.78,Mumbai
2021-07-17,64.44,26.86,28.5,25.42,92.18,4.26,Mumbai
2021-07-18,69.83,26.9,28.02,26.09,92.76,5.94,Mumbai
2021-07-19,105.98,26.65,28.23,25.58,92.5,6.63,Mumbai
2021-07-20,60.3,26.52,28.17,25.35,92.2,5.88,Mumbai
2021-07-21,119.2,26.32,27.74,25.47,92.08,7.32,Mumbai
2021-07-22,44.19,26.47,27.85,25.51,90.55,6.99,Mumbai
2021-07-23,55.22,26.33,27.62,25.47,92.32,5.77,Mumbai
2021-07-24,31.3,27.16,29.45,25.39,90.69,4.82,Mumbai
2021-07-25,26.27,26.85,28.48,25.66,92.11,5.66,Mumbai
2021-07-26,18.53,26.76,28.66,25.43,90.04,7.07,Mumbai
2021-07-27,16.2,26.45,28.49,24.91,88.75,6.86,Mumbai
2021-07-28,18.34,26.37,28.42,24.93,88.95,7.08,Mumbai
2021-07-29,20.2,25.88,27.34,24.71,90.99,6.6,Mumbai
2021-07-30,30.93,25.68,26.77,24.72,91.43,6.43,Mumbai
2021-07-31,6.43,26.16,27.71,24.91,89.28,6.44,Mumbai
2021-08-01,5.98,26.09,28.2,24.62,88.05,5.85,Mumbai
2021-08-02,11.06,26.32,28.51,24.66,88.37,5.73,Mumbai
2021-08-03,15.55,26.5,28.79,24.83,89.65,5.83,Mumbai
2021-08-04,13.85,26.3,28.47,24.77,90.23,5.72,Mumbai
2021-08-05,6.41,26.33,28.69,24.65,89.26,5.52,Mumbai
2021-08-06,3.8,26.48,28.97,24.63,88.97,4.54,Mumbai
2021-08-07,2.27,26.6,29.58,24.01,88.3,3.23,Mumbai
2021-08-08,4.96,26.58,29.4,24.27,88.93,2.81,Mumbai
2021-08-09,1.55,26.84,29.79,24.69,87.98,2.85,Mumbai
2021-08-10,3.37,26.44,29.09,24.38,88.85,2.78,Mumbai
2021-08-11,5.82,26.61,29.29,24.43,88.49,2.92,Mumbai
2021-08-12,10.95,26.5,29.46,24.39,88.06,3.47,Mumbai
2021-08-13,7.09,26.36,29.4,24.52,88.64,3.64,Mumbai
2021-08-14,16.19,26.1,28.62,24.38,88.96,3.87,Mumbai
2021-08-15,17.72,26.27,29.24,24.24,88.53,3.63,Mumbai
2021-08-16,10.27,26.3,28.93,24.28,88.76,2.51,Mumbai
2021-08-17,11.53,25.72,28.46,24.02,90.55,2.38,Mumbai
2021-08-18,28.89,25.06,26.8,23.39,92.0,2.36,Mumbai
2021-08-19,38.03,25.31,27.67,23.58,91.78,2.28,Mumbai
2021-08-20,16.41,25.65,28.48,23.56,90.44,2.97,Mumbai
2021-08-21,36.37,25.69,28.1,23.98,90.67,2.8,Mumbai
2021-08-22,1.6,25.14,28.04,23.53,90.99,2.29,Mumbai
2021-08-23,0.42,25.91,29.91,22.01,85.7,2.24,Mumbai
2021-08-24,1.09,26.44,29.24,24.05,86.82,1.91,Mumbai
2021-08-25,1.31,26.6,29.79,24.12,86.99,2.35,Mumbai
2021-08-26,3.53,26.72,29.73,24.46,87.91,2.47,Mumbai
2021-08-27,3.63,26.88,29.93,24.43,86.81,2.59,Mumbai
2021-08-28,0.93,26.64,29.55,24.47,85.95,2.1,Mumbai
2021-08-29,0.96,26.79,29.66,24.72,84.79,2.01,Mumbai
2021-08-30,15.65,25.87,28.32,24.28,89.8,3.48,Mumbai
2021-08-31,81.32,25.24,26.8,23.92,93.65,5.47,Mumbai
2021-09-01,11.59,25.89,28.0,24.34,91.89,4.31,Mumbai
2021-09-02,7.96,25.83,28.01,24.23,91.81,3.74,Mumbai
2021-09-03,18.03,26.31,29.09,24.21,89.79,3.92,Mumbai
2021-09-04,15.54,26.32,28.72,24.31,90.24,3.19,Mumbai
2021-09-05,13.12,26.32,28.49,24.69,90.33,2.94,Mumbai
2021-09-06,13.94,26.19,28.54,24.51,92.02,3.69,Mumbai
2021-09-07,50.27,26.24,27.65,25.11,94.91,4.28,Mumbai
2021-09-08,37.54,26.15,27.13,25.41,94.63,5.31,Mumbai
2021-09-09,15.9,26.41,28.55,24.89,91.28,5.9,Mumbai
2021-09-10,17.93,26.61,28.65,25.22,90.56,5.98,Mumbai
2021-09-11,31.19,26.73,28.68,25.39,91.63,6.01,Mumbai
2021-09-12,46.82,26.7,28.23,25.66,93.04,4.85,Mumbai
2021-09-13,37.0,26.44,27.79,25.58,93.46,4.97,Mumbai
2021-09-14,14.56,26.37,28.06,25.13,91.42,5.06,Mumbai
2021-09-15,3.75,26.07,28.23,24.64,90.29,4.48,Mumbai
2021-09-16,1.98,26.15,28.74,24.5,90.44,4.23,Mumbai
2021-09-17,0.66,25.85,28.15,24.13,90.19,3.14,Mumbai
2021-09-18,2.66,25.93,28.54,23.94,90.85,3.28,Mumbai
2021-09-19,15.01,26.47,29.37,24.18,90.84,3.39,Mumbai
2021-09-20,16.88,26.44,28.94,24.66,91.22,3.0,Mumbai
2021-09-21,34.56,26.29,28.59,24.79,91.58,3.57,Mumbai
2021-09-22,37.11,26.13,28.3,24.54,91.92,3.46,Mumbai
2021-09-23,6.56,26.41,29.12,24.36,89.67,2.84,Mumbai
2021-09-24,0.99,26.25,29.16,23.93,87.68,2.17,Mumbai
2021-09-25,1.75,26.46,29.45,24.02,86.81,1.94,Mumbai
2021-09-26,1.63,26.26,29.04,24.27,88.03,2.01,Mumbai
2021-09-27,19.86,25.83,28.13,24.01,89.88,2.22,Mumbai
2021-09-28,72.57,24.93,26.13,24.04,94.04,5.04,Mumbai
2021-09-29,17.41,25.72,27.89,24.27,92.24,4.93,Mumbai
2021-09-30,7.01,26.8,29.77,24.82,90.81,3.8,Mumbai
2021-10-01,2.23,26.67,30.22,23.93,88.65,2.08,Mumbai
2021-10-02,1.5,27.34,31.15,24.95,88.66,2.1,Mumbai
2021-10-03,1.48,27.53,31.62,24.59,87.51,2.25,Mumbai
2021-10-04,2.69,27.51,31.4,24.67,89.44,2.74,Mumbai
2021-10-05,3.83,27.65,31.36,24.87,89.66,2.6,Mumbai
2021-10-06,21.94,28.22,31.18,25.69,84.61,1.45,Mumbai
2021-10-07,1.1,28.5,32.02,25.3,85.64,1.85,Mumbai
2021-10-08,10.44,27.01,28.38,25.97,92.55,2.15,Mumbai
2021-10-09,10.26,26.85,29.42,25.13,90.71,2.11,Mumbai
2021-10-10,2.3,27.16,30.67,24.59,85.29,1.35,Mumbai
2021-10-11,4.2,27.32,30.91,24.58,85.62,1.43,Mumbai
2021-10-12,8.91,27.95,32.06,24.25,83.29,1.6,Mumbai
2021-10-13,0.99,28.03,32.22,24.32,80.65,1.99,Mumbai
2021-10-14,0.18,28.12,32.63,23.26,75.65,1.9,Mumbai
2021-10-15,0.01,27.66,32.5,23.9,78.49,2.78,Mumbai
2021-10-16,0.0,26.1,30.92,21.82,75.9,2.63,Mumbai
2021-10-17,0.14,27.1,31.63,23.77,80.61,1.88,Mumbai
2021-10-18,0.02,26.5,30.08,24.02,79.02,2.55,Mumbai
2021-10-19,0.19,25.74,29.35,22.71,78.25,1.88,Mumbai
2021-10-20,0.07,24.75,29.71,20.66,80.78,2.29,Mumbai
2021-10-21,0.0,25.28,31.67,19.99,74.52,2.35,Mumbai
2021-10-22,0.0,25.06,30.82,20.32,73.98,2.22,Mumbai
2021-10-23,0.0,24.3,29.72,19.8,78.43,2.34,Mumbai
2021-10-24,0.11,23.69,28.38,19.72,85.98,2.59,Mumbai
2021-10-25,0.01,24.32,30.22,19.53,82.03,2.6,Mumbai
2021-10-26,0.05,24.81,30.32,19.72,75.96,2.34,Mumbai
2021-10-27,0.0,24.81,31.02,19.36,72.12,3.02,Mumbai
2021-10-28,0.07,24.61,30.51,19.76,75.87,3.55,Mumbai
2021-10-29,0.0,24.49,30.66,19.6,74.47,3.89,Mumbai
2021-10-30,0.05,24.23,30.84,18.18,73.91,3.9,Mumbai
2021-10-31,0.0,25.19,31.08,19.81,75.29,3.12,Mumbai
2021-11-01,0.0,25.25,31.38,19.99,76.44,2.88,Mumbai
2021-11-02,0.0,25.79,31.68,20.2,73.19,2.75,Mumbai
2021-11-03,0.0,25.35,31.27,20.76,76.57,3.2,Mumbai
2021-11-04,0.12,26.53,31.68,22.03,78.66,2.13,Mumbai
2021-11-05,3.21,26.98,30.75,23.22,79.93,2.31,Mumbai
2021-11-06,5.42,26.09,29.41,23.46,83.01,1.72,Mumbai
2021-11-07,1.34,25.35,28.51,23.02,83.65,1.96,Mumbai
2021-11-08,0.01,24.8,30.14,20.43,74.16,3.17,Mumbai
2021-11-09,0.0,22.97,30.25,17.47,71.0,3.92,Mumbai
2021-11-10,0.0,22.97,30.35,17.29,66.96,3.58,Mumbai
2021-11-11,0.0,22.49,29.82,16.6,70.15,3.84,Mumbai
2021-11-12,0.0,23.06,31.0,16.73,68.81,3.7,Mumbai
2021-11-13,0.0,25.46,31.73,20.54,79.35,3.12,Mumbai
2021-11-14,0.03,26.3,31.92,22.24,81.33,3.01,Mumbai
2021-11-15,0.12,26.48,30.86,23.34,85.35,2.04,Mumbai
2021-11-16,2.06,27.1,30.86,23.94,83.12,2.78,Mumbai
2021-11-17,3.44,26.94,30.32,24.19,84.4,2.69,Mumbai
2021-11-18,7.44,26.66,30.61,23.97,85.24,2.61,Mumbai
2021-11-19,1.71,26.74,30.98,23.42,83.43,1.92,Mumbai
2021-11-20,1.05,27.22,32.08,23.45,82.79,2.2,Mumbai
2021-11-21,11.21,27.46,32.12,23.93,83.62,2.6,Mumbai
2021-11-22,10.17,26.07,29.13,23.91,89.31,2.77,Mumbai
2021-11-23,0.03,26.91,30.68,24.31,86.58,1.69,Mumbai
2021-11-24,0.01,27.04,31.65,23.74,82.78,2.78,Mumbai
2021-11-25,0.0,26.11,31.58,21.87,77.75,2.12,Mumbai
2021-11-26,0.0,25.32,31.0,20.56,76.17,2.69,Mumbai
2021-11-27,0.0,24.75,30.94,19.39,71.67,2.49,Mumbai
2021-11-28,0.0,22.18,28.0,18.22,75.8,4.11,Mumbai
2021-11-29,0.0,22.98,30.25,16.5,72.38,4.24,Mumbai
2021-11-30,2.44,23.36,26.79,20.97,83.38,4.03,Mumbai
2021-12-01,63.01,21.92,24.37,20.22,90.21,3.6,Mumbai
2021-12-02,7.07,22.43,27.64,18.79,82.78,4.38,Mumbai
2021-12-03,0.14,23.72,29.09,19.36,84.12,2.1,Mumbai
2021-12-04,0.05,24.37,29.28,20.36,80.28,2.08,Mumbai
2021-12-05,0.03,23.22,27.97,19.41,80.49,1.86,Mumbai
2021-12-06,0.02,23.08,29.11,17.89,80.91,2.44,Mumbai
2021-12-07,0.0,23.47,30.02,18.35,75.17,3.28,Mumbai
2021-12-08,0.11,23.34,29.77,18.52,73.8,3.7,Mumbai
2021-12-09,0.0,23.67,30.16,18.38,72.09,2.76,Mumbai
2021-12-10,0.0,23.73,29.86,18.84,75.92,3.55,Mumbai
2021-12-11,0.0,24.02,29.92,19.4,76.93,3.24,Mumbai
2021-12-12,0.01,24.34,29.9,19.49,72.77,2.87,Mumbai
2021-12-13,0.01,23.38,28.95,18.93,76.54,2.22,Mumbai
2021-12-14,0.0,22.59,28.51,17.84,75.81,2.16,Mumbai
2021-12-15,0.2,22.7,28.48,18.06,78.08,2.32,Mumbai
2021-12-16,0.0,22.73,28.98,17.79,79.15,2.39,Mumbai
2021-12-17,0.0,22.33,28.14,18.04,78.75,2.21,Mumbai
2021-12-18,0.0,22.41,29.24,17.16,74.19,3.13,Mumbai
2021-12-19,0.0,21.9,28.27,16.39,70.03,3.49,Mumbai
2021-12-20,0.0,21.16,28.34,15.42,70.16,3.1,Mumbai
2021-12-21,0.0,20.96,28.18,15.19,68.61,2.72,Mumbai
2021-12-22,0.0,20.87,27.87,15.34,70.82,2.18,Mumbai
2021-12-23,0.0,21.08,28.59,15.61,69.55,2.35,Mumbai
2021-12-24,0.0,20.35,26.38,15.66,74.84,2.18,Mumbai
2021-12-25,0.0,20.39,27.18,15.09,75.66,2.07,Mumbai
2021-12-26,0.0,21.05,28.42,15.18,73.38,2.6,Mumbai
2021-12-27,0.0,22.21,29.65,15.61,64.51,2.43,Mumbai
2021-12-28,0.0,22.07,28.57,17.1,68.91,2.02,Mumbai
2021-12-29,0.0,20.91,27.97,15.69,72.4,3.19,Mumbai
2021-12-30,0.0,21.48,28.44,15.25,74.9,4.1,Mumbai
2021-12-31,0.0,23.0,29.32,17.74,72.8,4.24,Mumbai
2022-01-01,0.0,23.09,29.35,17.95,74.41,3.03,Mumbai
2022-01-02,0.0,23.3,29.72,18.14,74.94,2.59,Mumbai
2022-01-03,0.0,23.4,29.65,18.64,75.51,2.79,Mumbai
2022-01-04,0.0,24.25,30.29,18.7,67.61,2.33,Mumbai
2022-01-05,0.0,23.05,29.41,18.01,70.5,2.66,Mumbai
2022-01-06,0.13,22.38,28.09,18.12,80.65,2.23,Mumbai
2022-01-07,0.02,22.15,27.91,17.3,79.52,2.55,Mumbai
2022-01-08,1.44,22.41,27.4,19.02,79.95,2.09,Mumbai
2022-01-09,0.14,20.22,25.92,15.43,76.65,3.07,Mumbai
2022-01-10,0.0,18.08,25.25,12.58,68.16,2.92,Mumbai
2022-01-11,0.0,17.87,24.35,12.68,71.33,2.37,Mumbai
2022-01-12,0.0,18.36,25.93,11.78,75.72,2.79,Mumbai
2022-01-13,0.0,18.95,25.61,13.18,75.56,2.59,Mumbai
2022-01-14,0.06,20.25,26.58,15.5,80.04,1.96,Mumbai
2022-01-15,0.0,21.79,28.91,16.46,74.81,2.92,Mumbai
2022-01-16,0.0,23.09,30.69,16.57,68.21,3.21,Mumbai
2022-01-17,0.0,23.56,30.24,17.94,70.76,2.75,Mumbai
2022-01-18,0.0,23.45,31.06,18.07,67.99,2.65,Mumbai
2022-01-19,0.0,22.88,31.3,16.52,62.79,2.98,Mumbai
2022-01-20,0.0,22.54,30.23,17.07,61.19,2.63,Mumbai
2022-01-21,0.05,22.22,28.86,16.8,75.18,2.13,Mumbai
2022-01-22,0.31,22.75,27.72,19.2,82.71,2.84,Mumbai
2022-01-23,0.06,19.77,23.48,14.12,70.54,3.68,Mumbai
2022-01-24,0.0,16.59,24.64,10.42,56.47,3.07,Mumbai
2022-01-25,0.0,17.06,26.25,9.49,51.67,3.12,Mumbai
2022-01-26,0.0,18.84,28.19,10.98,53.89,2.78,Mumbai
2022-01-27,0.0,20.31,29.7,12.62,53.18,3.41,Mumbai
2022-01-28,0.0,21.28,30.47,13.65,51.74,3.94,Mumbai
2022-01-29,0.0,21.92,31.19,14.36,49.9,3.39,Mumbai
2022-01-30,0.0,21.91,31.51,14.22,54.42,2.5,Mumbai
2022-01-31,0.0,21.91,32.01,14.22,50.88,2.64,Mumbai
2022-02-01,0.0,22.19,32.34,14.59,51.89,2.89,Mumbai
2022-02-02,0.0,22.61,32.2,15.47,57.04,2.43,Mumbai
2022-02-03,0.0,21.65,29.19,15.21,75.37,2.47,Mumbai
2022-02-04,0.0,21.7,28.23,17.43,67.61,1.81,Mumbai
2022-02-05,0.0,21.12,30.71,13.53,54.14,2.64,Mumbai
2022-02-06,0.0,22.04,32.98,13.6,55.18,3.01,Mumbai
2022-02-07,0.0,21.52,28.47,16.58,70.0,2.4,Mumbai
2022-02-08,0.0,21.12,28.11,16.07,76.52,2.59,Mumbai
2022-02-09,0.02,21.69,29.49,15.66,73.77,2.72,Mumbai
2022-02-10,0.0,22.84,32.3,15.16,54.01,3.07,Mumbai
2022-02-11,0.0,24.06,33.62,16.44,46.98,3.89,Mumbai
2022-02-12,0.0,23.92,33.39,16.55,44.31,3.76,Mumbai
2022-02-13,0.0,24.06,33.48,16.92,47.62,2.91,Mumbai
2022-02-14,0.0,22.75,30.6,16.9,59.92,3.02,Mumbai
2022-02-15,0.0,21.81,29.69,16.06,65.51,2.52,Mumbai
2022-02-16,0.0,22.0,29.4,15.37,68.18,2.07,Mumbai
2022-02-17,0.0,23.02,31.14,15.88,64.2,2.33,Mumbai
2022-02-18,0.0,23.6,31.4,17.06,60.59,2.47,Mumbai
2022-02-19,0.0,24.8,34.21,17.59,60.12,2.4,Mumbai
2022-02-20,0.22,25.09,34.37,18.7,53.08,2.65,Mumbai
2022-02-21,0.0,24.48,34.15,17.71,46.69,2.59,Mumbai
2022-02-22,0.0,25.06,36.12,17.26,49.3,2.31,Mumbai
2022-02-23,0.0,25.99,36.41,18.14,50.89,2.41,Mumbai
2022-02-24,0.0,26.18,35.09,20.44,52.07,2.01,Mumbai
2022-02-25,0.0,26.16,35.44,19.63,50.76,2.26,Mumbai
2022-02-26,0.01,26.11,35.04,20.63,49.22,2.77,Mumbai
2022-02-27,0.0,25.93,35.49,18.8,46.02,2.95,Mumbai
2022-02-28,0.0,26.29,36.37,18.33,37.08,3.06,Mumbai
2022-03-01,0.0,27.09,37.26,19.2,36.97,3.16,Mumbai
2022-03-02,0.0,27.82,37.84,19.9,36.04,3.51,Mumbai
2022-03-03,0.0,28.44,37.73,21.1,32.24,4.53,Mumbai
2022-03-04,0.0,28.43,37.92,21.28,31.08,4.43,Mumbai
2022-03-05,0.0,28.52,38.25,20.9,31.74,3.75,Mumbai
2022-03-06,0.0,28.51,37.86,21.22,35.15,3.19,Mumbai
2022-03-07,0.17,28.98,37.57,22.46,37.29,3.27,Mumbai
2022-03-08,0.1,30.09,38.21,23.49,40.64,3.08,Mumbai
2022-03-09,0.1,30.59,38.34,25.02,43.33,2.82,Mumbai
2022-03-10,0.05,29.74,36.74,23.7,38.59,3.47,Mumbai
2022-03-11,0.21,29.76,37.68,23.57,39.37,2.59,Mumbai
2022-03-12,0.01,30.09,38.44,23.61,40.86,3.12,Mumbai
2022-03-13,0.0,30.02,39.74,22.13,32.93,3.68,Mumbai
2022-03-14,0.0,30.49,40.66,22.09,24.32,3.86,Mumbai
2022-03-15,0.0,30.71,40.97,22.74,33.22,3.43,Mumbai
2022-03-16,0.0,31.03,41.7,22.42,34.0,3.51,Mumbai
2022-03-17,0.24,31.45,42.16,22.96,32.54,3.36,Mumbai
2022-03-18,0.42,30.82,41.31,23.63,39.2,3.15,Mumbai
2022-03-19,0.45,29.82,39.65,23.1,55.26,2.89,Mumbai
2022-03-20,0.03,29.01,37.96,23.21,56.27,2.55,Mumbai
2022-03-21,0.01,29.54,39.27,22.24,54.65,3.12,Mumbai
2022-03-22,0.44,30.49,41.63,22.31,42.13,3.07,Mumbai
2022-03-23,2.24,30.97,41.74,22.92,38.79,2.79,Mumbai
2022-03-24,1.56,30.43,40.94,23.04,42.53,2.82,Mumbai
2022-03-25,0.0,29.71,38.93,22.81,54.55,2.16,Mumbai
2022-03-26,0.01,29.66,38.21,23.82,50.98,2.23,Mumbai
2022-03-27,0.0,30.29,40.36,23.89,53.99,2.12,Mumbai
2022-03-28,0.0,30.58,40.35,24.26,55.45,2.48,Mumbai
2022-03-29,0.08,30.89,40.87,23.69,47.88,3.01,Mumbai
2022-03-30,0.1,30.78,40.49,22.94,48.97,3.11,Mumbai
2022-03-31,0.0,29.92,39.9,22.08,51.74,2.85,Mumbai
2022-04-01,0.0,29.76,40.13,20.8,41.07,2.97,Mumbai
2022-04-02,0.0,30.04,40.17,22.6,47.83,2.51,Mumbai
2022-04-03,0.0,30.48,41.12,21.99,51.69,3.14,Mumbai
2022-04-04,0.03,31.41,41.17,24.86,47.13,2.53,Mumbai
2022-04-05,0.18,31.25,41.54,24.32,57.87,2.87,Mumbai
2022-04-06,0.22,31.59,41.37,24.18,58.25,2.79,Mumbai
2022-04-07,0.21,31.99,41.72,24.92,53.12,3.36,Mumbai
2022-04-08,0.4,31.91,41.66,24.7,50.55,2.81,Mumbai
2022-04-09,0.19,31.23,39.25,25.4,59.55,3.02,Mumbai
2022-04-10,0.05,30.79,38.41,25.27,59.2,2.4,Mumbai
2022-04-11,0.04,31.63,40.22,25.22,50.07,2.39,Mumbai
2022-04-12,0.0,32.37,41.38,25.66,42.96,2.53,Mumbai
2022-04-13,0.01,31.9,39.61,25.51,42.52,2.32,Mumbai
2022-04-14,0.02,30.87,37.75,25.53,51.02,2.7,Mumbai
2022-04-15,0.04,30.45,38.19,25.38,56.52,2.68,Mumbai
2022-04-16,0.02,30.24,38.96,23.72,55.78,2.51,Mumbai
2022-04-17,0.02,30.45,39.61,23.5,55.98,2.52,Mumbai
2022-04-18,0.02,30.9,39.88,24.46,54.88,2.71,Mumbai
2022-04-19,0.05,30.13,36.74,25.23,58.33,2.76,Mumbai
2022-04-20,0.14,30.44,37.27,25.61,57.24,3.03,Mumbai
2022-04-21,0.07,33.63,41.77,26.31,37.13,3.86,Mumbai
2022-04-22,0.78,34.12,42.36,27.59,39.62,3.33,Mumbai
2022-04-23,0.75,33.68,41.89,27.1,51.6,2.35,Mumbai
2022-04-24,0.28,32.49,40.42,26.89,56.67,2.89,Mumbai
2022-04-25,0.08,33.26,42.99,25.86,47.34,3.09,Mumbai
2022-04-26,0.13,32.67,40.77,26.57,45.35,2.65,Mumbai
2022-04-27,0.01,34.07,43.06,26.54,41.18,3.89,Mumbai
2022-04-28,0.02,34.34,42.99,27.7,39.55,3.61,Mumbai
2022-04-29,0.02,32.31,39.86,26.69,56.85,2.65,Mumbai
2022-04-30,0.02,31.93,39.94,25.94,53.78,2.87,Mumbai
2022-05-01,0.02,31.19,38.95,25.73,61.94,2.93,Mumbai
2022-05-02,0.02,30.74,37.48,26.11,64.58,2.76,Mumbai
2022-05-03,0.02,30.43,35.99,26.23,66.04,2.73,Mumbai
2022-05-04,0.0,31.05,38.57,25.8,59.01,2.83,Mumbai
2022-05-05,0.0,31.34,38.92,25.34,57.67,3.72,Mumbai
2022-05-06,0.03,31.5,39.25,25.33,59.43,3.6,Mumbai
2022-05-07,0.01,31.72,38.91,26.21,60.29,3.93,Mumbai
2022-05-08,0.14,31.98,40.0,26.43,60.13,3.34,Mumbai
2022-05-09,0.18,32.15,40.11,26.6,59.93,4.38,Mumbai
2022-05-10,0.14,31.48,38.79,26.87,62.65,4.78,Mumbai
2022-05-11,0.13,31.55,38.61,27.56,64.26,4.3,Mumbai
2022-05-12,0.13,31.58,37.48,28.03,64.53,4.69,Mumbai
2022-05-13,0.09,31.42,37.4,27.78,62.99,4.79,Mumbai
2022-05-14,0.08,31.39,37.69,27.78,62.45,4.86,Mumbai
2022-05-15,0.08,31.57,37.56,27.61,60.42,4.48,Mumbai
2022-05-16,0.25,31.8,38.42,27.54,61.34,3.99,Mumbai
2022-05-17,0.37,31.46,37.89,27.68,61.59,3.93,Mumbai
2022-05-18,0.16,31.35,37.5,27.27,61.28,3.8,Mumbai
2022-05-19,0.46,31.18,38.29,27.07,59.54,3.36,Mumbai
2022-05-20,0.15,30.86,36.9,27.28,62.3,4.27,Mumbai
2022-05-21,0.07,30.49,35.29,27.3,64.67,5.65,Mumbai
2022-05-22,0.3,30.44,35.51,26.94,65.44,6.13,Mumbai
2022-05-23,2.86,30.85,35.45,27.59,66.47,5.78,Mumbai
2022-05-24,1.9,30.77,35.66,27.54,66.9,4.82,Mumbai
2022-05-25,0.33,30.5,35.84,26.75,63.9,3.71,Mumbai
2022-05-26,0.05,30.53,36.05,26.34,59.8,3.97,Mumbai
2022-05-27,0.01,31.25,36.36,27.45,57.55,4.76,Mumbai
2022-05-28,0.01,31.32,36.4,27.78,58.19,4.94,Mumbai
2022-05-29,0.01,30.86,35.55,27.82,60.54,4.96,Mumbai
2022-05-30,0.01,30.93,36.22,26.99,60.97,4.58,Mumbai
2022-05-31,0.27,30.9,36.35,27.34,59.31,4.6,Mumbai
2022-06-01,0.53,30.76,36.9,27.06,61.91,4.12,Mumbai
2022-06-02,0.19,30.98,36.57,27.37,60.14,4.34,Mumbai
2022-06-03,0.25,30.87,36.6,27.4,62.25,4.51,Mumbai
2022-06-04,0.27,30.99,37.18,27.04,61.11,4.22,Mumbai
2022-06-05,0.12,31.0,37.18,26.92,60.92,3.67,Mumbai
2022-06-06,0.12,31.06,36.59,27.13,60.3,3.87,Mumbai
2022-06-07,1.52,30.48,35.05,27.68,64.42,4.05,Mumbai
2022-06-08,1.23,30.34,34.67,27.36,68.62,4.06,Mumbai
2022-06-09,3.12,30.24,34.03,27.48,70.23,3.65,Mumbai
2022-06-10,11.24,29.33,32.6,27.11,75.9,3.27,Mumbai
2022-06-11,25.37,27.84,30.67,26.23,83.6,4.4,Mumbai
2022-06-12,5.52,28.33,32.0,25.81,77.7,4.66,Mumbai
2022-06-13,1.57,29.16,33.79,25.84,74.91,4.85,Mumbai
2022-06-14,1.62,29.41,34.55,26.3,73.74,4.86,Mumbai
2022-06-15,4.86,29.06,32.9,26.35,77.59,4.59,Mumbai
2022-06-16,9.21,29.08,32.34,26.61,77.28,4.28,Mumbai
2022-06-17,7.5,28.35,30.7,26.41,81.25,3.81,Mumbai
2022-06-18,6.8,28.68,32.84,25.48,77.67,4.72,Mumbai
2022-06-19,29.13,28.68,32.04,26.53,81.66,5.65,Mumbai
2022-06-20,20.72,28.24,30.69,26.66,82.69,5.72,Mumbai
2022-06-21,13.0,27.9,30.13,26.43,84.32,5.42,Mumbai
2022-06-22,22.48,27.52,29.18,25.63,86.91,2.72,Mumbai
2022-06-23,17.38,27.72,31.8,24.83,80.51,2.62,Mumbai
2022-06-24,16.31,26.87,29.47,25.29,87.58,2.79,Mumbai
2022-06-25,5.29,26.86,29.25,25.37,88.22,4.02,Mumbai
2022-06-26,14.31,27.11,29.68,25.19,88.07,3.73,Mumbai
2022-06-27,17.53,27.15,29.38,25.47,88.01,5.58,Mumbai
2022-06-28,14.12,27.7,30.12,25.94,85.27,4.79,Mumbai
2022-06-29,33.66,27.8,30.63,26.0,87.56,5.11,Mumbai
2022-06-30,52.41,27.27,29.16,26.12,88.66,5.46,Mumbai
2022-07-01,67.86,27.13,29.06,25.85,89.84,4.93,Mumbai
2022-07-02,27.73,27.47,29.94,25.82,86.86,5.97,Mumbai
2022-07-03,20.14,27.41,29.87,25.96,86.22,6.44,Mumbai
2022-07-04,63.8,26.89,28.68,25.88,89.93,6.42,Mumbai
2022-07-05,97.61,26.48,27.96,25.41,90.69,6.04,Mumbai
2022-07-06,83.32,26.8,28.95,25.5,90.02,6.17,Mumbai
2022-07-07,54.55,26.53,28.24,25.44,90.45,6.26,Mumbai
2022-07-08,71.1,26.34,27.53,25.41,91.81,6.47,Mumbai
2022-07-09,44.3,26.34,27.57,25.46,91.43,6.49,Mumbai
2022-07-10,57.38,25.82,26.64,25.18,93.19,6.17,Mumbai
2022-07-11,92.15,25.85,26.81,25.13,93.53,6.71,Mumbai
2022-07-12,78.31,25.62,26.57,25.05,93.02,6.95,Mumbai
2022-07-13,97.86,25.67,26.8,24.77,93.37,7.34,Mumbai
2022-07-14,102.07,25.48,26.34,24.94,94.02,7.19,Mumbai
2022-07-15,44.43,25.9,27.0,24.91,91.81,7.26,Mumbai
2022-07-16,34.07,26.4,28.23,24.93,91.31,7.44,Mumbai
2022-07-17,18.55,26.57,28.6,25.21,90.85,5.85,Mumbai
2022-07-18,22.58,25.68,26.78,24.9,92.51,4.46,Mumbai
2022-07-19,32.15,26.24,28.41,24.67,90.9,5.37,Mumbai
2022-07-20,13.99,26.26,28.49,24.65,89.77,5.27,Mumbai
2022-07-21,10.5,26.26,28.53,24.65,89.85,4.63,Mumbai
2022-07-22,6.48,26.22,28.35,24.59,89.48,4.08,Mumbai
2022-07-23,25.04,26.09,27.84,24.69,91.03,5.0,Mumbai
2022-07-24,29.04,26.13,27.73,24.86,90.7,5.38,Mumbai
2022-07-25,17.28,26.1,27.96,24.48,89.2,4.79,Mumbai
2022-07-26,6.35,26.25,28.77,24.24,88.74,3.73,Mumbai
2022-07-27,15.21,26.21,29.17,24.02,89.38,2.46,Mumbai
2022-07-28,13.36,26.63,29.49,24.39,88.77,2.12,Mumbai
2022-07-29,1.53,26.65,29.42,24.56,89.76,2.55,Mumbai
2022-07-30,1.2,26.76,29.63,24.57,88.82,2.57,Mumbai
2022-07-31,2.31,26.8,29.44,24.66,88.01,3.04,Mumbai
2022-08-01,1.84,27.03,29.94,24.44,86.25,3.45,Mumbai
2022-08-02,7.84,26.58,28.78,24.78,89.38,3.41,Mumbai
2022-08-03,10.06,26.63,29.18,24.83,90.06,3.35,Mumbai
2022-08-04,16.52,26.5,28.62,24.87,90.79,2.44,Mumbai
2022-08-05,12.38,26.64,29.37,24.81,90.78,3.43,Mumbai
2022-08-06,15.64,26.63,28.59,25.13,90.06,4.83,Mumbai
2022-08-07,41.89,26.32,27.81,24.81,92.71,3.94,Mumbai
2022-08-08,67.89,26.27,27.36,25.43,93.49,6.25,Mumbai
2022-08-09,63.72,25.74,26.77,24.97,93.27,8.53,Mumbai
2022-08-10,31.77,26.01,27.29,25.08,92.37,8.83,Mumbai
2022-08-11,42.45,25.82,27.21,24.98,91.06,9.7,Mumbai
2022-08-12,19.49,26.11,27.95,24.94,90.03,8.83,Mumbai
2022-08-13,18.71,26.06,28.04,24.73,89.71,6.92,Mumbai
2022-08-14,16.76,25.89,28.06,24.38,89.21,6.61,Mumbai
2022-08-15,38.81,25.24,27.09,24.33,92.04,5.81,Mumbai
2022-08-16,35.62,25.29,26.58,24.25,91.8,6.65,Mumbai
2022-08-17,21.5,25.86,27.46,24.65,90.81,6.85,Mumbai
2022-08-18,13.35,25.91,28.17,24.24,90.61,5.3,Mumbai
2022-08-19,12.82,25.97,28.37,24.13,90.66,5.06,Mumbai
2022-08-20,12.06,25.95,28.13,24.39,90.22,5.0,Mumbai
2022-08-21,8.92,25.55,27.3,24.28,90.88,4.7,Mumbai
2022-08-22,13.02,25.77,27.55,24.39,90.81,5.62,Mumbai
2022-08-23,19.73,26.15,28.25,24.67,90.83,5.81,Mumbai
2022-08-24,11.99,26.1,28.37,24.33,89.84,4.87,Mumbai
2022-08-25,5.61,25.9,28.64,24.05,89.34,3.85,Mumbai
2022-08-26,1.79,25.72,28.57,23.61,88.57,2.82,Mumbai
2022-08-27,0.23,25.88,29.16,23.51,86.9,2.5,Mumbai
2022-08-28,1.29,25.74,28.79,23.33,88.09,2.32,Mumbai
2022-08-29,1.41,26.2,29.58,23.65,86.31,2.26,Mumbai
2022-08-30,2.39,26.28,29.98,23.55,87.97,2.66,Mumbai
2022-08-31,10.34,26.91,30.66,24.27,90.17,2.86,Mumbai
2022-09-01,7.4,26.45,28.77,24.88,92.6,2.98,Mumbai
2022-09-02,4.56,27.25,30.22,24.49,89.86,1.91,Mumbai
2022-09-03,7.92,27.71,31.27,24.92,88.27,2.41,Mumbai
2022-09-04,7.41,26.81,29.58,25.26,91.41,2.33,Mumbai
2022-09-05,9.92,26.52,28.89,24.81,89.75,2.62,Mumbai
2022-09-06,11.6,26.48,29.33,24.52,89.04,2.22,Mumbai
2022-09-07,7.64,26.59,30.32,23.67,89.75,3.02,Mumbai
2022-09-08,77.44,27.61,30.99,25.05,87.4,2.01,Mumbai
2022-09-09,10.26,28.05,31.49,25.15,87.22,2.04,Mumbai
2022-09-10,10.35,27.36,30.96,25.03,88.48,1.69,Mumbai
2022-09-11,23.75,26.92,29.7,25.24,91.65,3.71,Mumbai
2022-09-12,34.64,25.74,26.75,25.07,93.33,3.81,Mumbai
2022-09-13,32.84,26.11,27.8,24.78,91.93,5.01,Mumbai
2022-09-14,29.54,26.25,28.19,25.12,91.35,6.05,Mumbai
2022-09-15,44.49,26.61,28.35,25.41,91.66,6.9,Mumbai
2022-09-16,58.87,26.2,27.19,25.33,94.07,4.81,Mumbai
2022-09-17,33.52,26.35,28.66,24.71,90.95,4.57,Mumbai
2022-09-18,33.66,25.86,28.42,23.94,88.84,3.06,Mumbai
2022-09-19,8.83,25.67,28.64,23.3,87.09,3.29,Mumbai
2022-09-20,7.04,25.23,27.79,23.14,88.87,3.21,Mumbai
2022-09-21,3.56,25.02,27.54,23.13,89.68,3.27,Mumbai
2022-09-22,4.46,24.93,27.64,23.05,89.49,2.84,Mumbai
2022-09-23,7.01,24.83,26.86,23.04,92.24,3.15,Mumbai
2022-09-24,4.36,25.36,28.24,23.14,90.48,2.93,Mumbai
2022-09-25,6.0,25.53,28.68,23.0,89.59,2.63,Mumbai
2022-09-26,3.33,25.63,28.76,23.22,87.47,2.3,Mumbai
2022-09-27,1.82,25.24,28.52,22.93,88.02,2.37,Mumbai
2022-09-28,1.3,25.37,27.81,23.44,90.34,2.89,Mumbai
2022-09-29,8.77,25.74,28.64,24.04,89.79,2.97,Mumbai
2022-09-30,19.04,26.45,30.22,23.63,89.73,2.79,Mumbai
2022-10-01,6.19,26.27,29.63,23.78,89.43,2.84,Mumbai
2022-10-02,2.45,25.69,28.92,23.47,88.86,2.59,Mumbai
2022-10-03,0.22,25.6,29.41,22.59,86.64,2.65,Mumbai
2022-10-04,1.27,26.0,30.29,22.23,87.88,2.86,Mumbai
2022-10-05,1.03,26.39,29.9,23.64,87.09,3.27,Mumbai
2022-10-06,8.62,25.34,28.12,22.29,89.29,2.75,Mumbai
2022-10-07,43.1,25.62,27.86,24.11,92.95,4.57,Mumbai
2022-10-08,14.9,25.48,27.07,24.41,92.31,3.31,Mumbai
2022-10-09,0.57,26.17,29.55,23.89,87.78,2.75,Mumbai
2022-10-10,0.99,26.45,29.99,23.96,86.88,1.95,Mumbai
2022-10-11,16.35,26.43,29.88,23.66,89.19,1.97,Mumbai
2022-10-12,8.97,26.3,28.84,24.32,91.07,2.1,Mumbai
2022-10-13,7.79,25.84,29.06,23.42,86.62,3.21,Mumbai
2022-10-14,26.96,26.43,30.82,22.84,86.42,2.74,Mumbai
2022-10-15,11.55,25.98,30.69,22.13,83.23,3.48,Mumbai
2022-10-16,0.31,25.71,31.76,19.66,79.8,3.67,Mumbai
2022-10-17,7.19,27.15,31.22,24.38,87.36,2.59,Mumbai
2022-10-18,14.15,26.12,28.5,24.57,89.27,1.58,Mumbai
2022-10-19,2.32,26.61,30.59,23.8,86.83,1.9,Mumbai
2022-10-20,3.2,26.62,31.51,23.03,83.33,2.18,Mumbai
2022-10-21,10.32,27.04,30.95,23.84,84.86,3.06,Mumbai
2022-10-22,0.16,25.68,29.79,21.56,80.62,3.84,Mumbai
2022-10-23,0.0,23.69,29.75,18.8,73.62,3.99,Mumbai
2022-10-24,0.0,23.86,30.1,18.1,70.77,2.7,Mumbai
2022-10-25,0.0,23.93,29.76,18.77,68.13,2.25,Mumbai
2022-10-26,0.0,23.73,30.32,18.25,71.45,2.84,Mumbai
2022-10-27,0.0,23.8,29.86,18.1,71.25,3.06,Mumbai
2022-10-28,0.0,23.39,29.51,18.43,71.09,3.45,Mumbai
2022-10-29,0.0,23.02,30.01,17.56,70.61,4.11,Mumbai
2022-10-30,0.0,23.43,30.1,18.0,73.53,4.02,Mumbai
2022-10-31,0.0,23.84,30.17,18.8,73.71,3.65,Mumbai
2022-11-01,0.0,23.16,29.04,18.56,73.36,3.69,Mumbai
2022-11-02,0.0,23.33,30.08,17.84,74.5,3.61,Mumbai
2022-11-03,0.0,23.42,30.75,17.65,72.35,4.14,Mumbai
2022-11-04,0.0,23.32,30.49,17.87,70.4,3.89,Mumbai
2022-11-05,0.0,23.81,31.77,17.45,65.34,4.05,Mumbai
2022-11-06,0.0,24.19,31.67,18.23,64.19,3.77,Mumbai
2022-11-07,0.0,24.29,31.58,18.81,67.23,2.91,Mumbai
2022-11-08,0.0,24.52,31.29,19.25,72.17,2.61,Mumbai
2022-11-09,0.0,24.71,31.37,19.44,70.99,2.24,Mumbai
2022-11-10,0.0,23.74,29.99,18.79,74.49,3.78,Mumbai
2022-11-11,0.0,23.31,29.84,17.99,76.4,4.14,Mumbai
2022-11-12,0.12,23.67,29.97,18.93,77.02,4.2,Mumbai
2022-11-13,0.61,23.47,29.87,18.41,75.02,3.85,Mumbai
2022-11-14,0.0,23.84,30.89,18.24,75.93,2.91,Mumbai
2022-11-15,0.0,23.7,29.98,19.26,74.1,2.84,Mumbai
2022-11-16,0.0,22.94,29.11,17.98,73.12,2.98,Mumbai
2022-11-17,0.0,22.3,29.18,17.03,72.28,3.85,Mumbai
2022-11-18,0.0,21.78,28.57,16.27,70.73,4.06,Mumbai
2022-11-19,0.0,21.74,28.45,16.91,70.07,4.3,Mumbai
2022-11-20,0.0,20.25,27.27,14.74,68.97,4.2,Mumbai
2022-11-21,0.0,20.47,27.68,14.48,66.35,3.57,Mumbai
2022-11-22,0.01,21.81,28.92,15.1,70.34,3.25,Mumbai
2022-11-23,0.0,23.24,29.91,17.85,73.28,3.25,Mumbai
2022-11-24,0.0,23.4,30.87,17.66,72.95,3.2,Mumbai
2022-11-25,0.0,24.42,31.12,19.24,77.58,3.24,Mumbai
2022-11-26,0.0,24.65,30.29,20.85,78.95,2.74,Mumbai
2022-11-27,0.0,24.02,30.29,19.33,78.18,2.67,Mumbai
2022-11-28,0.0,23.55,29.79,19.05,72.9,2.24,Mumbai
2022-11-29,0.0,22.78,30.4,16.69,68.11,2.56,Mumbai
2022-11-30,0.0,23.2,29.7,18.15,72.18,3.14,Mumbai
2022-12-01,0.0,22.89,29.95,17.1,65.19,3.32,Mumbai
2022-12-02,0.0,22.96,30.86,17.13,64.95,2.91,Mumbai
2022-12-03,0.0,24.24,31.04,18.46,69.27,2.49,Mumbai
2022-12-04,0.0,25.5,30.87,21.21,77.46,2.33,Mumbai
2022-12-05,0.01,25.81,30.89,21.87,77.54,2.3,Mumbai
2022-12-06,0.01,24.84,30.67,20.21,75.12,2.87,Mumbai
2022-12-07,0.0,24.1,30.19,19.64,73.83,3.18,Mumbai
2022-12-08,1.71,22.06,29.15,17.15,68.79,3.93,Mumbai
2022-12-09,1.44,20.37,28.74,12.85,64.82,4.12,Mumbai
2022-12-10,0.0,21.19,29.98,14.45,65.05,3.37,Mumbai
2022-12-11,0.0,23.98,31.17,18.76,77.25,2.92,Mumbai
2022-12-12,0.12,25.69,31.17,20.99,78.62,2.66,Mumbai
2022-12-13,0.17,26.21,31.04,21.67,77.97,2.94,Mumbai
2022-12-14,1.14,24.88,29.49,21.78,82.69,3.22,Mumbai
2022-12-15,0.82,25.27,29.81,22.22,80.7,2.85,Mumbai
2022-12-16,0.04,26.2,31.97,22.3,76.92,2.93,Mumbai
2022-12-17,0.01,26.32,32.51,21.76,73.85,2.97,Mumbai
2022-12-18,0.0,25.77,31.96,21.22,71.8,3.27,Mumbai
2022-12-19,0.0,24.42,31.12,19.13,63.93,3.41,Mumbai
2022-12-20,0.0,23.82,31.52,17.83,60.95,3.34,Mumbai
2022-12-21,0.0,23.84,32.03,17.84,62.99,3.34,Mumbai
2022-12-22,0.0,23.93,31.91,18.05,64.21,2.81,Mumbai
2022-12-23,0.0,22.57,29.42,17.85,64.57,2.82,Mumbai
2022-12-24,0.0,21.04,29.51,15.47,57.21,2.76,Mumbai
2022-12-25,0.0,20.7,28.04,14.46,59.94,2.17,Mumbai
2022-12-26,0.0,21.98,29.54,15.95,70.31,2.22,Mumbai
2022-12-27,0.0,23.67,31.95,17.5,69.43,2.8,Mumbai
2022-12-28,0.0,24.05,32.59,17.7,58.48,2.71,Mumbai
2022-12-29,0.0,23.72,32.11,17.51,57.39,2.48,Mumbai
2022-12-30,0.0,23.19,31.91,16.67,59.22,2.81,Mumbai
2022-12-31,0.0,22.37,31.28,16.48,58.99,3.2,Mumbai
2023-01-01,0.0,21.71,30.52,14.69,58.82,2.82,Mumbai
2023-01-02,0.0,22.37,32.15,15.73,61.81,3.26,Mumbai
2023-01-03,0.0,22.26,31.76,16.0,59.42,3.41,Mumbai
2023-01-04,0.0,22.41,30.88,15.38,60.06,3.04,Mumbai
2023-01-05,0.0,23.5,31.3,17.0,67.65,3.98,Mumbai
2023-01-06,0.0,24.58,31.31,18.97,68.62,3.9,Mumbai
2023-01-07,0.0,24.68,31.48,19.24,65.82,3.56,Mumbai
2023-01-08,0.0,23.39,30.83,17.7,59.31,3.53,Mumbai
2023-01-09,0.0,22.02,30.99,15.46,47.87,3.69,Mumbai
2023-01-10,0.0,22.6,31.95,15.2,43.96,3.34,Mumbai
2023-01-11,0.0,22.18,32.09,15.43,49.22,3.18,Mumbai
2023-01-12,0.0,21.14,30.1,14.64,50.19,2.65,Mumbai
2023-01-13,0.0,20.43,27.93,15.1,70.41,2.74,Mumbai
2023-01-14,0.0,19.58,28.22,13.24,57.29,2.94,Mumbai
2023-01-15,0.0,19.92,29.39,12.82,53.69,2.69,Mumbai
2023-01-16,0.0,20.62,29.06,14.99,52.86,2.28,Mumbai
2023-01-17,0.0,20.51,29.58,13.98,52.31,2.34,Mumbai
2023-01-18,0.0,21.96,32.48,14.12,51.62,2.57,Mumbai
2023-01-19,0.0,22.82,32.67,15.16,52.91,2.94,Mumbai
2023-01-20,0.0,23.03,31.2,17.77,55.57,2.06,Mumbai
2023-01-21,0.0,22.08,30.59,15.92,61.8,2.4,Mumbai
2023-01-22,0.0,20.79,28.56,15.22,59.27,2.7,Mumbai
2023-01-23,0.0,20.24,28.14,14.89,55.66,3.01,Mumbai
2023-01-24,0.0,19.56,26.57,14.48,58.97,2.82,Mumbai
2023-01-25,0.0,20.0,28.01,14.07,53.08,3.38,Mumbai
2023-01-26,0.0,21.83,31.38,14.41,56.78,2.93,Mumbai
2023-01-27,0.0,25.15,34.14,18.26,60.04,3.24,Mumbai
2023-01-28,0.02,24.97,34.13,18.15,58.91,3.85,Mumbai
2023-01-29,0.15,23.98,29.7,20.36,79.7,2.06,Mumbai
2023-01-30,0.01,23.32,30.07,19.12,73.76,2.58,Mumbai
2023-01-31,0.0,24.44,33.42,17.58,56.37,3.66,Mumbai
2023-02-01,0.18,25.45,33.14,18.95,54.2,4.37,Mumbai
2023-02-02,0.01,25.3,33.44,18.92,51.16,4.19,Mumbai
2023-02-03,0.0,24.33,33.5,17.53,42.21,3.74,Mumbai
2023-02-04,0.0,24.42,34.65,16.54,41.77,3.0,Mumbai
2023-02-05,0.0,24.39,34.81,16.82,40.27,3.16,Mumbai
2023-02-06,0.0,23.83,33.18,18.05,38.86,3.14,Mumbai
2023-02-07,0.0,23.56,34.06,15.54,44.8,3.3,Mumbai
2023-02-08,0.0,24.91,36.45,16.48,41.16,3.26,Mumbai
2023-02-09,0.0,25.9,37.5,17.92,34.55,3.73,Mumbai
2023-02-10,0.0,25.86,37.36,17.69,36.02,3.17,Mumbai
2023-02-11,0.0,25.24,36.34,17.15,33.81,3.4,Mumbai
2023-02-12,0.0,26.34,37.45,17.59,30.28,4.19,Mumbai
2023-02-13,0.0,26.4,37.59,17.86,31.1,4.31,Mumbai
2023-02-14,0.0,26.53,38.07,18.14,26.8,4.07,Mumbai
2023-02-15,0.0,26.88,38.39,18.03,26.95,3.54,Mumbai
2023-02-16,0.0,27.73,39.3,19.23,26.54,4.11,Mumbai
2023-02-17,0.0,28.16,39.17,19.91,26.14,4.1,Mumbai
2023-02-18,0.0,28.17,38.93,19.99,27.61,3.92,Mumbai
2023-02-19,0.0,28.19,39.41,19.73,28.08,3.68,Mumbai
2023-02-20,0.0,27.13,37.67,18.81,29.22,2.87,Mumbai
2023-02-21,0.0,26.74,37.05,19.07,30.0,3.14,Mumbai
2023-02-22,0.0,26.76,36.69,19.31,32.41,3.26,Mumbai
2023-02-23,0.0,27.61,38.65,18.97,27.93,3.19,Mumbai
2023-02-24,0.0,28.38,39.39,19.52,24.65,3.53,Mumbai
2023-02-25,0.0,28.21,38.9,19.65,24.79,3.45,Mumbai
2023-02-26,0.0,28.29,38.68,19.98,21.77,3.8,Mumbai
2023-02-27,0.0,28.1,38.93,19.98,21.92,3.62,Mumbai
2023-02-28,0.0,28.02,37.84,19.97,25.94,3.13,Mumbai
2023-03-01,0.0,28.53,38.02,20.55,28.07,2.74,Mumbai
2023-03-02,0.0,29.63,38.77,21.97,29.48,2.94,Mumbai
2023-03-03,0.0,30.26,39.28,22.84,31.1,2.63,Mumbai
2023-03-04,0.0,30.39,39.2,23.56,33.89,2.68,Mumbai
2023-03-05,0.12,30.13,38.63,24.07,36.74,2.63,Mumbai
2023-03-06,2.44,30.05,38.19,24.09,37.3,2.97,Mumbai
2023-03-07,0.9,29.31,36.37,23.5,34.9,3.51,Mumbai
2023-03-08,0.02,29.41,37.75,22.4,33.52,3.1,Mumbai
2023-03-09,0.0,29.78,38.23,23.48,28.94,4.03,Mumbai
2023-03-10,0.0,29.38,38.21,21.97,23.9,4.12,Mumbai
2023-03-11,0.0,30.16,39.04,22.71,24.43,3.44,Mumbai
2023-03-12,0.0,31.17,39.57,23.77,30.49,2.86,Mumbai
2023-03-13,0.0,30.93,38.58,25.39,30.16,3.13,Mumbai
2023-03-14,0.0,30.79,38.16,23.95,29.83,2.57,Mumbai
2023-03-15,0.32,30.23,37.17,25.39,34.95,2.45,Mumbai
2023-03-16,0.86,28.38,33.93,23.69,47.94,2.38,Mumbai
2023-03-17,1.08,28.37,35.24,22.76,54.07,2.85,Mumbai
2023-03-18,0.87,27.81,34.53,22.93,51.64,2.75,Mumbai
2023-03-19,0.67,26.5,32.97,22.11,56.7,2.79,Mumbai
2023-03-20,1.23,26.23,32.32,21.44,59.62,3.24,Mumbai
2023-03-21,7.46,26.27,31.75,22.54,60.63,2.62,Mumbai
2023-03-22,0.01,26.16,32.93,21.58,60.69,2.87,Mumbai
2023-03-23,0.0,26.17,32.65,21.17,61.6,3.27,Mumbai
2023-03-24,0.0,26.68,34.37,20.96,60.3,3.52,Mumbai
2023-03-25,0.0,25.49,33.51,18.75,51.93,3.26,Mumbai
2023-03-26,0.0,25.57,33.93,18.13,52.78,3.34,Mumbai
2023-03-27,0.0,26.34,34.46,19.78,59.53,2.95,Mumbai
2023-03-28,0.02,27.29,35.86,20.61,59.21,2.75,Mumbai
2023-03-29,0.0,27.24,35.69,20.8,58.03,2.82,Mumbai
2023-03-30,0.0,27.15,34.59,21.85,58.84,2.56,Mumbai
2023-03-31,0.03,27.04,33.83,22.24,57.27,3.37,Mumbai
2023-04-01,0.0,27.44,36.18,19.25,51.68,3.37,Mumbai
2023-04-02,0.0,27.5,35.14,21.47,57.81,3.12,Mumbai
2023-04-03,0.0,27.73,35.74,21.72,55.57,2.88,Mumbai
2023-04-04,0.0,28.62,36.83,22.18,54.91,2.89,Mumbai
2023-04-05,0.03,29.25,38.17,22.34,50.43,2.99,Mumbai
2023-04-06,0.18,30.05,38.85,22.34,48.92,3.58,Mumbai
2023-04-07,0.28,31.86,39.42,24.9,35.04,3.13,Mumbai
2023-04-08,0.03,32.67,40.01,26.98,35.68,3.05,Mumbai
2023-04-09,0.5,32.36,40.02,26.05,38.74,2.84,Mumbai
2023-04-10,0.07,33.21,41.58,26.83,38.7,3.23,Mumbai
2023-04-11,0.09,32.95,41.66,25.76,44.8,2.74,Mumbai
2023-04-12,1.31,33.5,41.3,26.21,41.25,3.43,Mumbai
2023-04-13,0.12,34.17,40.37,29.69,35.01,3.4,Mumbai
2023-04-14,2.29,31.44,37.2,27.13,45.28,2.34,Mumbai
2023-04-15,0.55,31.65,40.29,25.12,44.99,2.61,Mumbai
2023-04-16,0.7,31.59,39.83,24.94,43.45,2.63,Mumbai
2023-04-17,0.14,31.14,39.87,24.31,43.44,2.95,Mumbai
2023-04-18,0.24,32.98,42.58,25.03,39.31,3.56,Mumbai
2023-04-19,0.28,33.59,42.76,26.65,35.5,3.64,Mumbai
2023-04-20,0.76,31.4,39.43,25.81,47.0,3.3,Mumbai
2023-04-21,0.08,29.66,37.46,23.62,54.63,3.22,Mumbai
2023-04-22,0.0,28.93,36.01,23.33,58.87,3.18,Mumbai
2023-04-23,0.0,29.47,36.91,23.21,57.48,3.49,Mumbai
2023-04-24,0.0,30.57,38.23,23.19,49.32,2.85,Mumbai
2023-04-25,0.0,31.69,40.55,25.12,35.23,3.18,Mumbai
2023-04-26,0.31,29.1,34.6,24.91,59.91,3.21,Mumbai
2023-04-27,0.16,29.79,36.59,24.28,55.27,2.49,Mumbai
2023-04-28,0.21,30.01,36.17,25.6,55.49,2.84,Mumbai
2023-04-29,0.26,29.62,36.07,24.81,53.03,2.73,Mumbai
2023-04-30,0.77,28.91,35.27,23.57,55.36,3.18,Mumbai
2023-05-01,0.01,29.29,36.35,24.22,49.19,2.97,Mumbai
2023-05-02,1.54,29.38,35.41,24.25,56.53,2.58,Mumbai
2023-05-03,0.28,29.62,35.58,24.73,57.88,3.23,Mumbai
2023-05-04,0.16,29.91,36.46,24.8,54.34,2.84,Mumbai
2023-05-05,0.05,30.04,36.74,25.3,55.04,2.92,Mumbai
2023-05-06,0.09,30.51,36.76,25.57,56.88,3.42,Mumbai
2023-05-07,0.25,30.57,36.35,26.25,58.97,3.2,Mumbai
2023-05-08,0.83,31.35,37.49,26.54,58.26,3.25,Mumbai
2023-05-09,0.66,32.44,40.17,27.39,54.97,3.09,Mumbai
2023-05-10,0.17,33.14,41.29,26.66,53.35,3.06,Mumbai
2023-05-11,0.06,33.0,41.66,26.22,55.3,2.59,Mumbai
2023-05-12,0.01,32.45,39.81,26.14,60.04,2.93,Mumbai
2023-05-13,0.0,32.42,39.8,26.13,60.07,3.25,Mumbai
2023-05-14,0.0,31.72,38.33,26.69,57.72,3.38,Mumbai
2023-05-15,0.01,31.18,37.31,25.97,61.62,3.47,Mumbai
2023-05-16,0.03,31.02,36.46,26.88,65.04,3.63,Mumbai
2023-05-17,0.02,31.6,38.84,26.56,60.33,3.64,Mumbai
2023-05-18,0.01,31.76,39.3,26.2,58.1,3.39,Mumbai
2023-05-19,0.01,31.92,39.22,25.95,57.49,3.23,Mumbai
2023-05-20,0.03,31.27,38.01,26.59,62.41,3.07,Mumbai
2023-05-21,0.16,31.34,38.22,26.48,60.68,3.24,Mumbai
2023-05-22,0.27,31.53,38.9,26.1,56.71,3.28,Mumbai
2023-05-23,0.03,31.64,39.66,25.56,54.86,3.23,Mumbai
2023-05-24,0.12,31.24,38.1,25.96,56.89,3.56,Mumbai
2023-05-25,0.34,30.8,36.87,26.65,59.97,4.04,Mumbai
2023-05-26,2.23,30.95,36.21,27.45,60.81,4.29,Mumbai
2023-05-27,0.77,30.62,35.83,26.56,59.99,4.23,Mumbai
2023-05-28,0.57,31.19,37.02,27.39,61.24,3.88,Mumbai
2023-05-29,0.86,31.68,38.78,26.81,61.37,3.53,Mumbai
2023-05-30,1.41,32.15,39.42,26.08,57.32,3.31,Mumbai
2023-05-31,0.46,32.29,38.63,27.44,57.47,2.87,Mumbai
2023-06-01,0.45,31.81,38.96,26.49,58.43,3.42,Mumbai
2023-06-02,0.99,30.79,36.81,26.81,63.41,3.74,Mumbai
2023-06-03,1.59,30.26,34.5,27.17,68.69,3.25,Mumbai
2023-06-04,3.67,30.3,34.55,27.51,70.22,2.98,Mumbai
2023-06-05,2.68,29.85,34.6,26.57,71.39,2.86,Mumbai
2023-06-06,0.2,30.8,36.24,26.79,67.22,3.07,Mumbai
2023-06-07,0.18,30.67,35.67,26.91,67.33,3.06,Mumbai
2023-06-08,0.13,31.32,36.46,27.39,66.31,2.78,Mumbai
2023-06-09,2.95,30.84,34.48,27.56,70.11,3.95,Mumbai
2023-06-10,3.67,30.89,35.56,27.97,70.06,5.91,Mumbai
2023-06-11,0.67,31.08,36.01,27.56,65.9,7.59,Mumbai
2023-06-12,6.14,31.06,35.92,27.24,65.33,8.72,Mumbai
2023-06-13,2.62,30.41,34.84,26.95,68.85,7.81,Mumbai
2023-06-14,10.22,30.44,35.18,27.21,69.54,7.86,Mumbai
2023-06-15,3.32,30.3,34.6,27.39,71.44,7.96,Mumbai
2023-06-16,2.52,30.27,34.28,27.58,73.47,8.69,Mumbai
2023-06-17,1.75,29.98,33.97,27.42,74.15,7.17,Mumbai
2023-06-18,0.6,29.82,33.88,27.11,74.36,5.59,Mumbai
2023-06-19,0.3,29.93,34.75,26.75,73.52,4.66,Mumbai
2023-06-20,0.37,30.1,34.62,26.92,73.31,4.55,Mumbai
2023-06-21,0.38,29.99,34.37,27.09,72.87,4.09,Mumbai
2023-06-22,1.49,29.93,34.4,26.93,73.01,3.95,Mumbai
2023-06-23,2.76,29.89,34.96,26.5,72.31,3.94,Mumbai
2023-06-24,55.03,28.09,30.7,26.31,84.46,3.77,Mumbai
2023-06-25,48.76,27.97,31.28,25.78,84.09,3.09,Mumbai
2023-06-26,60.95,27.25,29.55,25.39,84.99,3.76,Mumbai
2023-06-27,64.05,26.25,28.0,24.68,87.71,3.27,Mumbai
2023-06-28,55.61,27.11,29.6,25.1,87.84,6.17,Mumbai
2023-06-29,20.18,26.83,28.98,25.39,84.97,5.91,Mumbai
2023-06-30,98.85,26.79,28.48,25.21,90.88,6.1,Mumbai
2023-07-01,37.16,27.0,28.78,25.63,89.98,6.09,Mumbai
2023-07-02,26.88,27.56,29.64,26.07,88.65,5.68,Mumbai
2023-07-03,40.78,27.63,29.48,26.14,89.9,4.89,Mumbai
2023-07-04,33.35,27.26,29.19,26.03,91.89,4.14,Mumbai
2023-07-05,18.17,27.05,29.75,25.48,90.24,4.21,Mumbai
2023-07-06,41.31,26.59,28.2,24.99,91.41,4.3,Mumbai
2023-07-07,58.42,27.11,28.44,26.22,93.43,6.76,Mumbai
2023-07-08,24.86,27.09,28.92,25.8,89.74,7.02,Mumbai
2023-07-09,13.56,26.84,28.89,25.45,89.38,6.38,Mumbai
2023-07-10,6.49,26.98,29.06,25.36,88.89,5.13,Mumbai
2023-07-11,5.06,26.95,29.17,24.83,88.96,4.51,Mumbai
2023-07-12,8.38,27.05,29.16,25.44,89.6,3.67,Mumbai
2023-07-13,23.03,27.02,29.36,25.05,89.12,3.65,Mumbai
2023-07-14,30.68,27.05,29.01,25.61,90.31,4.31,Mumbai
2023-07-15,14.66,27.03,29.19,25.35,89.76,4.78,Mumbai
2023-07-16,25.31,26.84,28.96,25.58,91.59,4.68,Mumbai
2023-07-17,52.73,26.91,28.86,25.5,90.12,5.42,Mumbai
2023-07-18,129.54,26.62,28.32,25.75,92.45,6.63,Mumbai
2023-07-19,136.7,26.36,27.71,25.46,92.73,6.88,Mumbai
2023-07-20,63.91,26.23,27.82,25.0,92.97,6.94,Mumbai
2023-07-21,78.36,25.9,27.56,24.5,93.01,5.6,Mumbai
2023-07-22,60.22,25.89,26.92,25.02,93.97,5.88,Mumbai
2023-07-23,48.71,26.51,28.19,25.07,92.77,6.75,Mumbai
2023-07-24,61.74,26.58,28.33,25.39,92.2,6.44,Mumbai
2023-07-25,60.93,26.07,27.15,25.3,93.85,5.22,Mumbai
2023-07-26,112.09,26.16,27.43,25.19,93.55,5.63,Mumbai
2023-07-27,80.52,26.18,27.33,25.28,93.2,6.17,Mumbai
2023-07-28,52.54,26.27,27.98,25.14,92.03,6.07,Mumbai
2023-07-29,25.27,26.31,28.25,24.77,90.8,5.9,Mumbai
2023-07-30,18.35,26.2,28.11,25.02,91.69,5.73,Mumbai
2023-07-31,15.75,26.45,28.46,25.21,91.64,6.09,Mumbai
2023-08-01,16.14,26.35,28.12,25.22,91.56,6.37,Mumbai
2023-08-02,7.61,26.03,27.8,25.0,91.66,6.04,Mumbai
2023-08-03,5.84,26.02,27.83,24.65,90.48,5.82,Mumbai
2023-08-04,13.43,26.36,28.35,24.97,90.24,6.15,Mumbai
2023-08-05,8.19,26.13,28.23,24.65,90.23,5.5,Mumbai
2023-08-06,5.59,26.06,28.33,24.44,89.87,5.72,Mumbai
2023-08-07,3.39,25.96,27.77,24.58,89.58,5.57,Mumbai
2023-08-08,4.73,26.17,28.6,24.81,89.06,5.42,Mumbai
2023-08-09,5.86,26.12,28.23,24.58,90.39,4.37,Mumbai
2023-08-10,9.57,26.0,27.95,24.37,90.12,4.03,Mumbai
2023-08-11,4.05,26.32,29.15,24.14,87.94,3.95,Mumbai
2023-08-12,4.83,26.13,28.79,24.01,87.7,4.32,Mumbai
2023-08-13,5.99,25.74,27.89,24.35,89.2,4.56,Mumbai
2023-08-14,2.91,25.92,28.54,24.32,88.41,4.58,Mumbai
2023-08-15,2.44,26.09,28.85,24.12,87.29,4.27,Mumbai
2023-08-16,3.93,26.13,29.15,24.06,87.73,3.86,Mumbai
2023-08-17,2.77,26.2,29.38,23.76,87.82,3.97,Mumbai
2023-08-18,2.64,26.09,28.58,24.3,88.29,4.17,Mumbai
2023-08-19,6.83,26.44,29.43,24.45,88.07,4.59,Mumbai
2023-08-20,8.01,26.32,28.94,24.33,88.64,4.53,Mumbai
2023-08-21,4.27,26.13,29.11,23.7,87.58,3.74,Mumbai
2023-08-22,9.25,26.19,29.09,23.95,88.66,3.76,Mumbai
2023-08-23,6.84,26.32,28.82,24.11,89.56,3.84,Mumbai
2023-08-24,12.16,26.7,29.25,24.61,89.74,4.37,Mumbai
2023-08-25,17.75,26.95,29.55,25.04,89.63,4.55,Mumbai
2023-08-26,19.21,26.81,29.23,25.13,89.06,4.69,Mumbai
2023-08-27,18.6,26.79,29.77,24.87,88.54,4.35,Mumbai
2023-08-28,10.12,26.22,28.97,24.24,90.29,3.48,Mumbai
2023-08-29,1.43,26.37,29.76,23.66,87.35,2.83,Mumbai
2023-08-30,0.25,26.58,30.14,23.85,85.33,2.16,Mumbai
2023-08-31,0.28,26.63,30.79,23.45,86.41,2.25,Mumbai
2023-09-01,10.61,26.94,31.14,24.02,87.1,2.43,Mumbai
2023-09-02,23.17,25.86,28.07,24.3,90.45,2.87,Mumbai
2023-09-03,3.75,26.19,29.5,23.78,87.68,2.85,Mumbai
2023-09-04,1.19,26.06,29.39,23.92,87.53,3.21,Mumbai
2023-09-05,0.67,26.16,29.76,23.55,86.33,2.97,Mumbai
2023-09-06,3.23,26.25,29.32,23.53,88.92,3.69,Mumbai
2023-09-07,69.38,25.75,26.71,25.05,92.71,4.84,Mumbai
2023-09-08,66.91,26.26,27.26,25.34,92.93,5.44,Mumbai
2023-09-09,14.62,26.76,28.63,25.42,91.55,4.66,Mumbai
2023-09-10,5.8,27.02,29.45,25.46,90.72,3.98,Mumbai
2023-09-11,3.58,26.87,29.76,24.99,89.74,4.28,Mumbai
2023-09-12,1.38,26.54,29.56,24.14,88.44,3.51,Mumbai
2023-09-13,4.79,26.31,29.21,24.05,88.64,3.54,Mumbai
2023-09-14,6.99,26.48,29.35,24.03,87.4,2.63,Mumbai
2023-09-15,2.06,26.66,29.39,24.41,88.49,2.71,Mumbai
2023-09-16,7.68,26.63,28.64,25.42,91.14,4.01,Mumbai
2023-09-17,9.28,27.13,29.61,25.46,89.42,4.93,Mumbai
2023-09-18,16.68,27.14,29.82,25.41,89.08,5.37,Mumbai
2023-09-19,12.85,27.13,29.72,25.44,88.69,5.05,Mumbai
2023-09-20,18.3,27.19,29.81,25.39,90.8,4.59,Mumbai
2023-09-21,31.49,26.93,29.34,25.49,92.2,2.91,Mumbai
2023-09-22,17.51,26.7,29.09,24.87,91.06,2.32,Mumbai
2023-09-23,32.05,26.13,27.98,24.87,93.22,2.54,Mumbai
2023-09-24,13.16,25.92,28.45,24.33,91.28,2.63,Mumbai
2023-09-25,14.84,26.02,28.93,24.01,91.69,2.75,Mumbai
2023-09-26,19.45,26.09,28.26,24.54,91.69,2.34,Mumbai
2023-09-27,20.73,26.76,29.29,24.85,91.89,3.05,Mumbai
2023-09-28,17.43,27.18,30.13,24.91,90.49,2.82,Mumbai
2023-09-29,16.05,27.71,31.26,25.05,86.97,2.87,Mumbai
2023-09-30,18.01,27.24,30.4,24.69,90.18,3.1,Mumbai
2023-10-01,13.51,26.72,29.04,25.13,92.56,3.25,Mumbai
2023-10-02,10.45,26.33,29.21,24.33,88.89,2.64,Mumbai
2023-10-03,0.01,26.24,29.64,23.78,85.85,2.0,Mumbai
2023-10-04,0.0,26.26,30.29,23.57,86.57,2.06,Mumbai
2023-10-05,0.01,25.82,30.08,22.3,87.03,2.34,Mumbai
2023-10-06,0.04,26.09,30.44,23.02,85.84,2.11,Mumbai
2023-10-07,0.0,26.49,31.09,22.92,86.21,2.29,Mumbai
2023-10-08,0.0,27.15,32.43,22.79,83.12,2.28,Mumbai
2023-10-09,0.0,26.84,31.61,23.0,82.8,2.56,Mumbai
2023-10-10,0.0,25.99,31.13,21.9,83.43,2.97,Mumbai
2023-10-11,0.0,26.17,31.61,21.63,81.64,2.46,Mumbai
2023-10-12,0.0,27.44,33.29,22.79,77.74,2.29,Mumbai
2023-10-13,0.05,27.74,33.61,22.69,76.37,2.61,Mumbai
2023-10-14,0.08,27.78,33.26,22.69,72.26,2.02,Mumbai
2023-10-15,0.21,27.44,32.98,22.84,77.19,2.29,Mumbai
2023-10-16,0.4,27.76,32.69,23.45,76.57,2.07,Mumbai
2023-10-17,0.45,27.63,32.95,23.04,75.47,2.12,Mumbai
2023-10-18,0.04,26.96,32.58,22.49,77.28,3.11,Mumbai
2023-10-19,0.01,27.04,32.98,21.96,75.36,2.58,Mumbai
2023-10-20,0.02,27.72,32.63,23.0,74.32,2.35,Mumbai
2023-10-21,0.01,27.46,32.24,22.95,76.12,2.71,Mumbai
2023-10-22,0.05,27.48,32.25,23.34,77.2,2.37,Mumbai
2023-10-23,0.0,26.83,32.76,21.98,73.63,2.67,Mumbai
2023-10-24,0.0,26.68,32.35,22.33,73.59,2.82,Mumbai
2023-10-25,0.0,25.92,32.32,20.86,71.17,3.3,Mumbai
2023-10-26,0.0,25.32,31.85,19.84,65.69,3.78,Mumbai
2023-10-27,0.0,24.73,31.81,18.73,64.9,3.47,Mumbai
2023-10-28,0.0,25.12,32.3,18.75,64.73,3.03,Mumbai
2023-10-29,0.0,25.26,32.69,18.63,63.93,2.77,Mumbai
2023-10-30,0.0,25.0,32.31,19.09,65.25,3.46,Mumbai
2023-10-31,0.0,24.78,31.68,18.56,67.0,3.43,Mumbai
2023-11-01,0.0,24.59,31.66,18.94,70.12,3.46,Mumbai
2023-11-02,0.0,24.93,31.66,18.97,69.93,3.06,Mumbai
2023-11-03,0.0,25.31,32.47,19.61,69.14,3.31,Mumbai
2023-11-04,0.0,25.78,33.43,19.06,66.62,3.85,Mumbai
2023-11-05,0.01,26.29,32.35,21.17,72.09,3.53,Mumbai
2023-11-06,0.01,25.16,31.15,20.61,71.9,4.06,Mumbai
2023-11-07,0.0,25.66,31.82,20.66,76.32,3.16,Mumbai
2023-11-08,3.53,26.07,30.69,22.27,81.78,2.84,Mumbai
2023-11-09,0.72,26.56,30.42,23.35,82.13,1.9,Mumbai
2023-11-10,11.2,25.68,28.39,24.04,86.64,2.72,Mumbai
2023-11-11,1.33,26.08,32.13,21.78,74.28,3.29,Mumbai
2023-11-12,0.0,25.8,32.75,20.97,70.49,3.97,Mumbai
2023-11-13,0.0,24.98,32.04,19.54,70.54,3.66,Mumbai
2023-11-14,0.0,24.93,32.08,19.9,67.93,2.92,Mumbai
2023-11-15,0.0,24.24,31.52,18.25,68.0,2.84,Mumbai
2023-11-16,0.0,24.22,31.51,18.38,66.02,3.08,Mumbai
2023-11-17,0.0,23.92,31.31,17.79,66.33,3.35,Mumbai
2023-11-18,0.0,24.09,31.51,18.32,68.25,2.99,Mumbai
2023-11-19,0.0,25.35,31.79,19.96,72.54,2.57,Mumbai
2023-11-20,0.0,26.39,32.63,21.37,70.45,3.05,Mumbai
2023-11-21,0.0,25.02,31.71,19.76,69.59,3.38,Mumbai
2023-11-22,0.0,23.82,30.78,18.47,67.69,3.59,Mumbai
2023-11-23,0.0,24.2,31.16,18.13,68.09,3.02,Mumbai
2023-11-24,0.01,26.14,31.88,20.66,72.67,3.15,Mumbai
2023-11-25,1.59,26.83,32.55,21.76,70.86,3.28,Mumbai
2023-11-26,6.62,25.79,30.24,22.65,82.77,3.47,Mumbai
2023-11-27,5.52,25.65,29.49,22.69,84.42,2.28,Mumbai
2023-11-28,0.08,24.31,28.87,21.11,83.86,2.14,Mumbai
2023-11-29,0.0,23.3,28.52,19.39,81.23,2.07,Mumbai
2023-11-30,0.08,23.86,29.72,19.74,82.04,2.13,Mumbai
2023-12-01,0.09,23.68,29.49,19.72,83.39,2.07,Mumbai
2023-12-02,0.04,24.91,31.28,19.42,78.83,2.65,Mumbai
2023-12-03,0.0,25.47,31.68,21.47,75.05,3.13,Mumbai
2023-12-04,0.02,26.11,32.13,21.59,75.79,2.82,Mumbai
2023-12-05,0.0,25.52,31.54,20.77,71.85,2.85,Mumbai
2023-12-06,0.0,24.57,29.59,20.05,72.12,3.54,Mumbai
2023-12-07,0.01,24.46,29.8,20.13,73.0,2.61,Mumbai
2023-12-08,0.0,24.19,30.52,18.93,73.51,2.79,Mumbai
2023-12-09,0.0,24.72,31.59,18.75,68.87,2.47,Mumbai
2023-12-10,0.0,24.51,31.49,19.04,71.24,2.71,Mumbai
2023-12-11,0.0,24.28,30.9,19.17,71.95,2.32,Mumbai
2023-12-12,0.0,23.46,30.25,18.03,70.28,2.3,Mumbai
2023-12-13,0.0,23.86,31.12,17.63,67.11,2.32,Mumbai
2023-12-14,0.0,24.02,30.88,18.46,63.28,3.71,Mumbai
2023-12-15,0.0,23.45,30.38,17.58,59.93,3.52,Mumbai
2023-12-16,0.0,22.55,30.23,15.95,60.77,2.47,Mumbai
2023-12-17,0.05,23.55,30.81,17.54,67.15,3.37,Mumbai
2023-12-18,0.33,23.24,28.79,19.71,64.3,5.64,Mumbai
2023-12-19,0.0,23.03,29.51,19.31,60.35,5.33,Mumbai
2023-12-20,0.0,21.87,28.16,17.32,58.44,4.17,Mumbai
2023-12-21,0.0,21.79,27.37,17.83,58.9,3.94,Mumbai
2023-12-22,0.0,23.51,30.83,18.33,52.96,2.72,Mumbai
2023-12-23,0.0,24.49,33.67,18.21,54.41,2.88,Mumbai
2023-12-24,0.0,24.22,33.48,17.5,53.66,3.76,Mumbai
2023-12-25,0.0,24.49,34.44,17.84,53.31,3.86,Mumbai
2023-12-26,0.0,24.08,33.73,17.77,54.22,3.48,Mumbai
2023-12-27,0.0,24.13,33.22,17.51,57.23,3.5,Mumbai
2023-12-28,0.0,24.29,33.18,17.73,58.23,3.31,Mumbai
2023-12-29,0.0,25.22,33.81,18.51,54.61,2.75,Mumbai
2023-12-30,0.0,24.94,33.54,18.73,59.36,3.12,Mumbai
2023-12-31,0.0,25.07,33.56,18.65,58.35,2.82,Mumbai
2024-01-01,0.0,24.68,32.8,18.83,60.93,2.66,Mumbai
2024-01-02,0.0,24.09,32.39,18.17,59.98,2.65,Mumbai
2024-01-03,0.0,23.56,31.84,17.7,58.83,3.0,Mumbai
2024-01-04,0.0,22.72,30.19,17.74,56.52,2.48,Mumbai
2024-01-05,0.0,21.44,29.32,15.48,58.2,2.6,Mumbai
2024-01-06,0.0,23.06,32.18,16.18,59.31,3.3,Mumbai
2024-01-07,0.02,24.34,31.75,18.75,66.73,3.41,Mumbai
2024-01-08,0.05,26.04,33.74,20.81,59.62,3.81,Mumbai
2024-01-09,0.98,25.73,32.4,21.12,64.74,3.23,Mumbai
2024-01-10,0.02,25.92,32.22,20.29,61.47,2.77,Mumbai
2024-01-11,0.0,26.68,33.9,21.16,60.29,2.71,Mumbai
2024-01-12,0.0,26.46,34.97,20.36,54.63,3.59,Mumbai
2024-01-13,0.0,26.0,34.47,20.05,56.25,3.44,Mumbai
2024-01-14,0.0,24.57,32.99,18.51,51.18,3.51,Mumbai
2024-01-15,0.0,22.46,31.48,15.99,46.99,3.51,Mumbai
2024-01-16,0.0,21.47,30.62,14.44,50.53,2.62,Mumbai
2024-01-17,0.0,21.76,29.29,15.56,59.44,2.28,Mumbai
2024-01-18,0.0,22.0,29.41,16.33,60.56,2.22,Mumbai
2024-01-19,0.0,22.18,30.46,15.24,54.63,2.57,Mumbai
2024-01-20,0.0,22.66,29.74,17.85,56.87,2.29,Mumbai
2024-01-21,0.0,22.93,32.55,15.05,50.56,2.77,Mumbai
2024-01-22,0.0,23.03,32.35,16.42,50.34,3.82,Mumbai
2024-01-23,0.0,21.87,31.41,14.75,42.88,3.99,Mumbai
2024-01-24,0.0,21.74,31.96,13.72,39.82,3.56,Mumbai
2024-01-25,0.0,22.39,32.85,13.91,38.69,3.58,Mumbai
2024-01-26,0.0,23.54,33.9,15.71,39.77,3.67,Mumbai
2024-01-27,0.0,24.88,34.96,17.78,41.99,3.01,Mumbai
2024-01-28,0.0,24.99,34.38,18.21,43.14,3.05,Mumbai
2024-01-29,0.0,24.95,34.21,18.09,41.04,3.06,Mumbai
2024-01-30,0.0,24.42,33.18,18.03,42.87,3.02,Mumbai
2024-01-31,0.0,24.11,32.36,18.14,50.28,2.57,Mumbai
2024-02-01,0.04,23.02,30.33,16.97,62.49,2.56,Mumbai
2024-02-02,0.0,23.82,32.46,16.68,58.78,3.05,Mumbai
2024-02-03,0.0,26.23,36.15,18.7,43.6,3.65,Mumbai
2024-02-04,0.0,27.23,36.59,20.45,43.02,3.05,Mumbai
2024-02-05,0.0,27.02,35.53,21.29,44.68,2.72,Mumbai
2024-02-06,0.0,26.68,36.01,19.8,45.82,2.72,Mumbai
2024-02-07,0.0,26.43,35.76,19.35,48.38,3.33,Mumbai
2024-02-08,0.0,26.32,36.82,18.53,41.94,3.45,Mumbai
2024-02-09,0.0,26.04,35.86,18.64,42.83,2.97,Mumbai
2024-02-10,0.0,25.17,34.62,18.07,39.59,3.22,Mumbai
2024-02-11,0.0,24.96,35.01,16.88,36.76,2.93,Mumbai
2024-02-12,0.0,25.42,34.81,18.09,39.34,2.69,Mumbai
2024-02-13,0.0,25.08,34.25,17.55,41.39,2.84,Mumbai
2024-02-14,0.0,25.71,35.96,17.9,32.14,3.8,Mumbai
2024-02-15,0.0,26.63,37.08,18.46,33.67,3.33,Mumbai
2024-02-16,0.0,28.04,37.5,21.15,41.09,3.37,Mumbai
2024-02-17,0.0,28.61,37.78,22.14,38.58,2.65,Mumbai
2024-02-18,0.0,28.23,37.12,21.91,38.04,2.33,Mumbai
2024-02-19,0.0,27.57,36.24,21.36,39.26,2.29,Mumbai
2024-02-20,0.0,26.05,34.35,19.21,55.65,3.05,Mumbai
2024-02-21,0.0,25.18,32.6,19.9,67.66,2.79,Mumbai
2024-02-22,0.0,25.0,32.91,20.06,65.1,2.85,Mumbai
2024-02-23,0.0,24.63,33.49,17.84,54.44,2.97,Mumbai
2024-02-24,0.0,24.68,34.73,16.81,28.2,3.7,Mumbai
2024-02-25,0.0,25.28,36.44,15.55,21.75,3.5,Mumbai
2024-02-26,0.0,28.0,38.04,19.64,31.49,3.16,Mumbai
2024-02-27,0.01,29.1,37.33,23.68,36.8,2.57,Mumbai
2024-02-28,0.0,30.16,39.29,23.13,39.52,3.17,Mumbai
2024-02-29,0.18,30.79,40.05,23.13,40.75,2.66,Mumbai
2024-03-01,0.95,30.23,38.31,25.11,51.93,2.29,Mumbai
2024-03-02,0.37,27.82,34.93,23.01,60.91,3.26,Mumbai
2024-03-03,0.09,25.06,30.41,20.08,63.04,4.2,Mumbai
2024-03-04,0.0,24.15,32.61,17.67,45.96,3.25,Mumbai
2024-03-05,0.0,24.8,35.13,16.1,31.66,3.03,Mumbai
2024-03-06,0.0,25.53,34.49,18.53,29.34,2.72,Mumbai
2024-03-07,0.0,27.12,37.65,17.86,32.64,3.49,Mumbai
2024-03-08,0.0,28.4,38.15,20.27,29.81,4.14,Mumbai
2024-03-09,0.0,28.74,38.82,20.4,29.07,3.55,Mumbai
2024-03-10,0.0,28.33,38.0,20.17,31.3,2.99,Mumbai
2024-03-11,0.02,28.96,39.31,20.65,33.83,3.44,Mumbai
2024-03-12,0.03,28.98,38.82,21.37,42.17,3.42,Mumbai
2024-03-13,0.0,27.69,36.51,21.02,54.48,3.39,Mumbai
2024-03-14,0.0,26.78,35.59,20.5,53.52,3.2,Mumbai
2024-03-15,0.0,25.92,34.75,19.07,50.69,2.59,Mumbai
2024-03-16,0.0,26.32,34.82,19.8,46.77,2.43,Mumbai
2024-03-17,0.0,27.28,36.04,20.45,47.09,2.18,Mumbai
2024-03-18,0.0,27.84,36.71,21.17,50.8,2.36,Mumbai
2024-03-19,0.08,28.27,37.48,20.95,53.7,3.05,Mumbai
2024-03-20,0.02,29.79,40.65,20.08,29.75,3.74,Mumbai
2024-03-21,0.01,30.21,40.15,22.09,22.3,3.35,Mumbai
2024-03-22,0.1,29.91,39.41,23.43,37.13,2.38,Mumbai
2024-03-23,0.02,29.45,38.39,21.74,45.86,3.04,Mumbai
2024-03-24,0.0,29.98,39.08,23.02,49.81,2.78,Mumbai
2024-03-25,0.01,30.2,39.93,22.86,50.83,3.05,Mumbai
2024-03-26,0.02,30.35,40.59,23.15,55.7,2.38,Mumbai
2024-03-27,0.06,30.76,40.74,24.59,56.82,2.52,Mumbai
2024-03-28,0.03,30.72,39.67,24.77,56.87,2.54,Mumbai
2024-03-29,0.25,31.67,39.65,25.59,52.97,2.63,Mumbai
2024-03-30,0.01,31.01,40.13,24.45,53.24,3.1,Mumbai
2024-03-31,0.01,31.52,39.75,25.14,46.06,3.16,Mumbai
2024-04-01,0.0,30.76,39.26,24.42,45.94,3.11,Mumbai
2024-04-02,0.0,30.07,39.27,23.28,47.34,2.78,Mumbai
2024-04-03,0.0,30.32,39.57,23.57,48.47,2.58,Mumbai
2024-04-04,0.0,30.61,40.1,22.9,48.91,3.27,Mumbai
2024-04-05,0.19,31.18,40.47,24.02,53.18,3.32,Mumbai
2024-04-06,0.43,31.6,40.59,24.17,45.42,3.78,Mumbai
2024-04-07,0.0,30.77,39.51,24.79,48.07,3.49,Mumbai
2024-04-08,0.0,30.63,40.39,22.73,52.42,2.6,Mumbai
2024-04-09,0.01,30.93,39.92,24.34,53.32,2.2,Mumbai
2024-04-10,0.01,31.09,40.06,24.09,52.2,2.66,Mumbai
2024-04-11,0.01,31.32,40.84,23.64,46.27,2.79,Mumbai
2024-04-12,0.01,31.09,38.93,25.59,45.51,2.47,Mumbai
2024-04-13,0.0,29.92,38.19,23.91,50.14,2.51,Mumbai
2024-04-14,0.02,30.47,39.64,23.04,54.24,2.67,Mumbai
2024-04-15,0.02,33.32,43.01,25.27,50.75,2.96,Mumbai
2024-04-16,0.02,36.44,43.22,30.17,32.35,4.05,Mumbai
2024-04-17,0.01,35.49,43.41,29.41,35.53,3.08,Mumbai
2024-04-18,0.07,33.91,41.84,27.47,50.19,2.99,Mumbai
2024-04-19,0.05,33.06,39.78,28.13,50.15,3.67,Mumbai
2024-04-20,0.31,32.52,40.53,28.0,49.89,3.29,Mumbai
2024-04-21,0.77,31.63,38.4,26.63,49.78,3.79,Mumbai
2024-04-22,0.16,31.65,38.59,26.54,51.33,3.35,Mumbai
2024-04-23,0.0,31.49,39.32,25.0,50.13,3.31,Mumbai
2024-04-24,0.33,31.55,39.91,25.29,52.67,2.84,Mumbai
2024-04-25,0.21,32.35,40.94,26.22,50.83,2.93,Mumbai
2024-04-26,0.41,32.9,40.55,27.08,50.29,3.72,Mumbai
2024-04-27,0.22,33.98,43.04,26.64,47.74,3.24,Mumbai
2024-04-28,0.03,34.83,44.11,27.45,46.03,3.52,Mumbai
2024-04-29,0.01,34.4,43.21,27.57,41.45,3.87,Mumbai
2024-04-30,0.03,33.84,43.06,26.08,44.3,3.4,Mumbai
2024-05-01,0.0,32.15,40.28,26.16,48.07,3.18,Mumbai
2024-05-02,0.0,31.45,40.56,24.59,49.75,2.67,Mumbai
2024-05-03,0.0,30.95,39.41,23.84,50.19,2.98,Mumbai
2024-05-04,0.01,31.18,39.44,24.36,54.78,3.15,Mumbai
2024-05-05,0.04,32.39,40.86,26.17,56.44,3.54,Mumbai
2024-05-06,0.07,31.72,39.3,26.48,59.1,3.75,Mumbai
2024-05-07,0.06,31.68,39.5,26.22,60.87,3.44,Mumbai
2024-05-08,0.12,31.9,40.67,26.13,55.98,3.07,Mumbai
2024-05-09,0.1,31.33,39.29,25.5,58.65,3.05,Mumbai
2024-05-10,1.41,31.95,40.22,26.48,56.2,2.99,Mumbai
2024-05-11,4.43,32.5,40.45,26.9,53.35,3.38,Mumbai
2024-05-12,7.3,31.4,37.58,26.82,61.88,2.19,Mumbai
2024-05-13,3.05,32.3,39.44,27.09,58.66,1.98,Mumbai
2024-05-14,5.09,32.33,40.26,26.32,59.77,3.13,Mumbai
2024-05-15,8.77,32.26,38.95,26.88,61.98,2.04,Mumbai
2024-05-16,2.38,33.03,40.1,28.05,59.67,2.21,Mumbai
2024-05-17,1.55,32.1,37.52,28.08,64.63,2.19,Mumbai
2024-05-18,0.71,32.94,40.04,27.92,61.18,2.21,Mumbai
2024-05-19,0.86,33.15,40.47,28.15,58.77,2.48,Mumbai
2024-05-20,1.12,32.85,40.37,28.13,61.37,2.81,Mumbai
2024-05-21,0.76,32.49,39.31,28.33,64.86,3.03,Mumbai
2024-05-22,0.82,33.21,40.68,28.23,64.65,2.93,Mumbai
2024-05-23,0.19,33.46,40.08,28.74,58.74,2.93,Mumbai
2024-05-24,0.05,32.49,39.69,27.78,63.89,3.4,Mumbai
2024-05-25,0.13,31.72,37.26,27.99,63.88,4.2,Mumbai
2024-05-26,0.16,31.72,37.53,28.64,64.31,4.32,Mumbai
2024-05-27,0.05,31.81,36.98,28.57,64.38,4.89,Mumbai
2024-05-28,0.07,32.13,37.1,28.86,62.56,5.26,Mumbai
2024-05-29,0.19,31.96,36.73,28.92,66.32,4.91,Mumbai
2024-05-30,0.13,32.05,37.55,28.29,65.76,4.36,Mumbai
2024-05-31,0.11,32.31,38.53,27.76,64.91,3.82,Mumbai
2024-06-01,0.23,32.53,38.1,28.47,62.81,4.04,Mumbai
2024-06-02,0.29,32.38,38.26,28.69,59.97,3.5,Mumbai
2024-06-03,5.19,31.6,36.51,28.44,64.97,3.3,Mumbai
2024-06-04,7.05,30.87,35.38,28.21,72.2,2.58,Mumbai
2024-06-05,4.87,30.86,35.45,27.89,72.27,2.9,Mumbai
2024-06-06,2.85,31.05,36.18,27.94,69.4,3.19,Mumbai
2024-06-07,2.26,30.42,34.21,27.86,72.29,3.12,Mumbai
2024-06-08,23.64,29.23,32.65,26.87,78.47,3.26,Mumbai
2024-06-09,30.5,28.34,30.29,26.95,85.79,2.74,Mumbai
2024-06-10,20.5,28.59,31.67,26.55,80.76,2.85,Mumbai
2024-06-11,7.2,28.42,31.44,26.72,80.31,3.39,Mumbai
2024-06-12,5.78,29.08,32.44,26.59,80.52,3.84,Mumbai
2024-06-13,15.41,29.49,33.03,26.97,79.0,3.85,Mumbai
2024-06-14,14.07,29.24,32.43,26.71,82.54,3.88,Mumbai
2024-06-15,3.19,29.6,33.28,26.9,79.56,3.5,Mumbai
2024-06-16,2.12,29.55,33.66,26.7,77.76,2.61,Mumbai
2024-06-17,4.3,29.24,32.69,26.88,80.44,3.24,Mumbai
2024-06-18,16.5,28.68,32.06,26.75,82.82,3.91,Mumbai
2024-06-19,22.81,28.79,31.35,26.75,82.59,5.4,Mumbai
2024-06-20,32.23,28.83,31.28,27.05,84.56,5.94,Mumbai
2024-06-21,16.57,29.34,31.94,27.53,84.46,5.12,Mumbai
2024-06-22,12.65,29.62,32.5,27.55,82.99,3.31,Mumbai
2024-06-23,13.84,28.7,31.42,26.57,83.23,2.82,Mumbai
2024-06-24,11.49,29.0,33.78,25.59,79.69,2.81,Mumbai
2024-06-25,4.34,28.36,31.88,25.7,82.67,3.33,Mumbai
2024-06-26,20.03,27.95,31.05,25.27,87.6,3.81,Mumbai
2024-06-27,39.71,27.85,29.75,26.84,91.26,8.18,Mumbai
2024-06-28,42.02,27.41,28.33,26.63,92.0,8.29,Mumbai
2024-06-29,20.19,28.45,31.07,26.7,87.34,6.36,Mumbai
2024-06-30,12.74,28.24,30.87,26.46,87.47,6.79,Mumbai
2024-07-01,23.8,28.34,30.71,26.9,86.08,8.88,Mumbai
2024-07-02,25.75,28.15,29.97,26.99,88.01,8.8,Mumbai
2024-07-03,6.79,28.36,31.09,26.73,85.66,7.05,Mumbai
2024-07-04,13.04,28.05,30.15,26.45,87.24,6.02,Mumbai
2024-07-05,18.03,28.0,29.92,26.7,88.6,6.63,Mumbai
2024-07-06,39.52,28.03,29.98,26.7,88.61,7.35,Mumbai
2024-07-07,58.64,27.82,29.94,26.52,90.24,5.6,Mumbai
2024-07-08,56.74,27.57,29.42,26.29,90.94,4.57,Mumbai
2024-07-09,40.59,26.81,28.84,24.89,89.86,3.69,Mumbai
2024-07-10,13.21,26.64,29.6,24.29,88.75,3.5,Mumbai
2024-07-11,20.43,27.37,30.0,25.06,90.23,4.36,Mumbai
2024-07-12,80.45,27.18,28.62,26.23,92.96,5.13,Mumbai
2024-07-13,92.31,27.02,28.1,26.44,93.15,7.05,Mumbai
2024-07-14,53.06,27.19,28.52,26.04,93.61,5.78,Mumbai
2024-07-15,30.52,27.1,29.09,25.18,90.44,3.11,Mumbai
2024-07-16,9.37,25.83,27.43,24.57,89.18,3.16,Mumbai
2024-07-17,25.98,26.79,28.62,24.84,92.55,6.19,Mumbai
2024-07-18,48.74,26.76,28.1,25.98,93.73,7.07,Mumbai
2024-07-19,43.23,26.71,27.93,25.9,93.1,6.85,Mumbai
2024-07-20,69.62,26.47,27.34,25.84,94.34,6.74,Mumbai
2024-07-21,87.64,26.69,27.73,25.94,94.25,5.95,Mumbai
2024-07-22,70.85,26.29,27.48,25.42,94.02,6.19,Mumbai
2024-07-23,61.65,26.54,27.88,25.83,93.88,6.66,Mumbai
2024-07-24,67.36,26.42,27.58,25.8,93.67,6.73,Mumbai
2024-07-25,142.54,25.95,26.82,25.1,92.44,7.29,Mumbai
2024-07-26,21.55,26.44,27.94,25.07,92.1,7.28,Mumbai
2024-07-27,13.78,26.48,27.92,25.45,92.19,6.52,Mumbai
2024-07-28,28.97,26.18,27.3,25.31,93.55,6.02,Mumbai
2024-07-29,41.28,26.35,27.61,25.56,93.76,5.69,Mumbai
2024-07-30,33.89,26.82,28.81,25.5,92.31,5.39,Mumbai
2024-07-31,21.69,27.03,29.24,25.16,92.2,4.83,Mumbai
2024-08-01,28.05,26.74,28.42,25.64,92.64,5.88,Mumbai
2024-08-02,33.26,26.3,27.45,25.47,93.4,6.56,Mumbai
2024-08-03,103.94,26.01,27.08,25.22,93.59,7.56,Mumbai
2024-08-04,41.18,25.98,26.97,25.34,94.4,6.23,Mumbai
2024-08-05,19.7,26.38,28.33,25.17,92.21,5.81,Mumbai
2024-08-06,17.03,26.34,28.27,24.91,91.47,5.13,Mumbai
2024-08-07,11.21,26.55,28.9,24.67,90.71,4.4,Mumbai
2024-08-08,8.99,26.54,28.79,24.89,90.23,4.33,Mumbai
2024-08-09,11.6,26.75,29.28,24.93,90.92,4.22,Mumbai
2024-08-10,9.25,26.63,29.22,24.73,90.84,3.96,Mumbai
2024-08-11,8.32,26.53,28.64,25.01,90.56,4.37,Mumbai
2024-08-12,3.94,26.79,29.38,24.95,89.99,4.08,Mumbai
2024-08-13,2.71,26.97,29.7,24.76,89.53,3.33,Mumbai
2024-08-14,1.02,27.08,30.21,24.77,88.25,2.64,Mumbai
2024-08-15,0.64,27.09,29.92,24.8,88.32,2.77,Mumbai
2024-08-16,1.28,27.24,29.96,25.27,88.44,2.59,Mumbai
2024-08-17,20.13,27.47,30.76,25.14,86.03,1.78,Mumbai
2024-08-18,42.32,27.39,30.55,24.74,89.45,2.6,Mumbai
2024-08-19,19.39,26.87,28.39,25.54,94.14,2.96,Mumbai
2024-08-20,5.64,27.19,29.48,25.67,91.72,2.95,Mumbai
2024-08-21,2.15,27.66,31.07,25.14,88.12,2.06,Mumbai
2024-08-22,3.98,27.83,31.55,25.3,88.44,1.61,Mumbai
2024-08-23,15.2,27.73,30.61,25.66,88.86,2.15,Mumbai
2024-08-24,67.52,26.4,27.81,25.59,93.2,4.21,Mumbai
2024-08-25,58.74,26.29,27.69,25.19,92.45,6.09,Mumbai
2024-08-26,34.42,26.5,27.52,25.78,92.6,6.64,Mumbai
2024-08-27,23.38,26.63,28.37,25.49,90.55,7.83,Mumbai
2024-08-28,15.4,26.6,28.43,25.03,91.1,7.3,Mumbai
2024-08-29,7.8,26.75,28.82,25.56,90.64,6.48,Mumbai
2024-08-30,7.34,26.84,29.17,25.25,89.7,4.71,Mumbai
2024-08-31,3.64,26.49,28.91,24.7,90.24,3.25,Mumbai
2024-09-01,2.75,26.25,28.31,24.53,92.21,3.18,Mumbai
2024-09-02,21.39,25.49,26.87,23.96,93.82,3.38,Mumbai
2024-09-03,13.67,25.13,26.54,23.51,92.46,2.3,Mumbai
2024-09-04,15.46,26.79,29.04,25.19,91.26,5.05,Mumbai
2024-09-05,21.4,26.82,28.89,25.49,91.2,5.19,Mumbai
2024-09-06,14.01,26.79,29.35,25.03,89.96,5.07,Mumbai
2024-09-07,16.13,26.54,29.23,24.7,90.29,3.95,Mumbai
2024-09-08,6.61,26.49,29.05,24.59,91.03,3.42,Mumbai
2024-09-09,9.06,26.79,29.7,24.7,89.52,3.27,Mumbai
2024-09-10,8.47,26.55,29.15,24.71,89.76,3.4,Mumbai
2024-09-11,9.33,26.4,29.09,24.67,90.24,3.77,Mumbai
2024-09-12,6.03,26.39,29.05,24.37,89.71,4.13,Mumbai
2024-09-13,2.91,25.8,28.71,23.7,89.37,3.6,Mumbai
2024-09-14,10.11,26.21,29.15,24.03,87.76,3.76,Mumbai
2024-09-15,11.88,26.39,29.57,24.34,86.78,3.47,Mumbai
2024-09-16,3.16,26.27,29.65,23.91,83.69,2.23,Mumbai
2024-09-17,2.3,25.76,29.32,23.36,84.92,2.81,Mumbai
2024-09-18,0.99,26.0,29.39,23.36,83.9,1.79,Mumbai
2024-09-19,0.1,26.17,29.39,24.15,83.13,1.56,Mumbai
2024-09-20,0.29,26.69,30.15,24.16,83.19,1.75,Mumbai
2024-09-21,0.48,26.57,29.96,24.19,87.2,2.77,Mumbai
2024-09-22,8.46,26.78,30.28,24.52,89.71,3.65,Mumbai
2024-09-23,22.04,27.19,30.16,25.23,91.7,3.46,Mumbai
2024-09-24,45.96,26.73,28.13,26.07,94.3,4.76,Mumbai
2024-09-25,70.9,26.49,27.55,25.3,94.67,5.03,Mumbai
2024-09-26,74.73,26.37,28.61,24.97,92.91,3.58,Mumbai
2024-09-27,66.92,26.27,27.73,25.3,93.29,5.35,Mumbai
2024-09-28,9.71,26.42,28.73,24.84,90.08,3.66,Mumbai
2024-09-29,4.17,26.23,28.97,24.05,90.79,2.77,Mumbai
2024-09-30,1.09,27.33,31.21,24.39,85.53,1.44,Mumbai
2024-10-01,0.5,27.9,32.41,24.17,87.09,2.0,Mumbai
2024-10-02,2.4,27.7,31.36,25.06,89.93,2.11,Mumbai
2024-10-03,1.13,27.26,30.39,24.98,88.56,1.96,Mumbai
2024-10-04,0.18,26.61,30.2,24.02,87.78,2.2,Mumbai
2024-10-05,0.04,26.81,30.78,24.15,85.06,1.88,Mumbai
2024-10-06,6.54,27.57,32.44,22.96,83.32,2.45,Mumbai
2024-10-07,0.39,27.97,32.93,24.01,79.1,3.15,Mumbai
2024-10-08,2.08,27.62,32.34,23.32,80.74,2.77,Mumbai
2024-10-09,7.3,26.2,28.52,24.21,88.78,2.29,Mumbai
2024-10-10,43.1,26.99,31.04,24.14,86.82,2.72,Mumbai
2024-10-11,34.61,27.61,31.98,24.21,86.08,2.98,Mumbai
2024-10-12,1.62,28.12,32.5,24.67,85.78,2.73,Mumbai
2024-10-13,34.7,28.33,31.73,25.66,85.84,1.79,Mumbai
2024-10-14,5.03,28.37,33.17,24.54,83.15,2.24,Mumbai
2024-10-15,9.34,27.96,31.48,25.26,87.6,2.17,Mumbai
2024-10-16,6.89,28.32,32.19,25.16,85.22,2.07,Mumbai
2024-10-17,3.83,27.86,31.37,25.04,86.8,2.5,Mumbai
2024-10-18,6.57,27.45,31.73,23.95,87.62,3.02,Mumbai
2024-10-19,7.19,26.97,29.16,25.55,90.54,1.9,Mumbai
2024-10-20,11.86,27.86,31.41,24.21,82.63,1.78,Mumbai
2024-10-21,1.25,26.63,30.19,23.15,84.35,2.49,Mumbai
2024-10-22,4.38,27.75,32.15,24.2,82.22,2.04,Mumbai
2024-10-23,1.97,27.64,32.14,24.07,83.21,2.43,Mumbai
2024-10-24,0.03,27.14,32.68,22.93,77.82,2.78,Mumbai
2024-10-25,0.0,26.19,32.41,21.6,73.8,3.02,Mumbai
2024-10-26,0.0,25.64,31.79,20.74,76.57,3.25,Mumbai
2024-10-27,0.0,25.39,30.62,20.27,78.1,2.66,Mumbai
2024-10-28,0.0,26.2,31.12,21.42,80.14,2.0,Mumbai
2024-10-29,0.97,26.55,31.4,22.17,80.71,2.19,Mumbai
2024-10-30,0.84,26.81,31.94,22.14,76.92,2.26,Mumbai
2024-10-31,0.04,26.97,32.59,22.32,76.86,3.0,Mumbai
2024-11-01,0.01,26.46,32.31,21.62,74.52,3.23,Mumbai
2024-11-02,0.0,26.0,32.94,20.76,69.49,3.41,Mumbai
2024-11-03,0.0,25.41,31.45,20.33,71.67,3.34,Mumbai
2024-11-04,0.0,25.66,31.8,20.31,72.21,3.33,Mumbai
2024-11-05,0.0,25.49,31.24,20.57,73.02,3.33,Mumbai
2024-11-06,0.0,25.21,32.36,20.25,72.65,3.5,Mumbai
2024-11-07,0.0,24.71,31.64,19.25,74.86,3.82,Mumbai
2024-11-08,0.0,25.03,31.12,20.09,75.02,3.59,Mumbai
2024-11-09,0.0,24.93,31.38,19.73,73.55,3.6,Mumbai
2024-11-10,0.0,24.86,31.28,19.96,73.69,3.4,Mumbai
2024-11-11,0.0,24.12,29.92,19.72,73.58,3.6,Mumbai
2024-11-12,0.0,23.46,29.72,18.85,73.79,4.09,Mumbai
2024-11-13,0.0,23.67,30.73,17.96,74.31,3.97,Mumbai
2024-11-14,0.0,24.65,31.18,18.95,74.54,4.02,Mumbai
2024-11-15,0.45,25.4,30.09,21.21,81.1,3.08,Mumbai
2024-11-16,0.05,26.6,32.27,22.7,76.46,2.16,Mumbai
2024-11-17,0.0,25.51,31.31,21.01,75.89,3.65,Mumbai
2024-11-18,0.01,23.24,30.2,17.84,69.04,4.27,Mumbai
2024-11-19,0.0,22.21,29.07,17.04,71.65,4.19,Mumbai
2024-11-20,0.0,22.0,29.23,16.58,71.79,4.08,Mumbai
2024-11-21,0.0,22.25,29.31,16.56,70.82,3.17,Mumbai
2024-11-22,0.0,22.62,29.51,16.89,70.06,2.84,Mumbai
2024-11-23,0.0,22.92,29.81,16.67,67.02,2.44,Mumbai
2024-11-24,0.0,22.82,29.62,16.9,69.37,2.6,Mumbai
2024-11-25,0.0,22.2,29.01,16.81,70.94,3.75,Mumbai
2024-11-26,0.0,21.17,28.49,15.73,70.21,4.63,Mumbai
2024-11-27,0.0,20.93,28.31,15.45,68.4,4.74,Mumbai
2024-11-28,0.01,20.65,28.22,15.41,68.97,5.04,Mumbai
2024-11-29,0.06,20.11,28.21,13.76,65.87,4.47,Mumbai
2024-11-30,0.0,21.33,29.68,14.47,66.75,3.68,Mumbai
2024-12-01,0.02,23.6,30.18,18.37,79.06,3.09,Mumbai
2024-12-02,0.24,25.36,31.16,21.06,80.17,3.4,Mumbai
2024-12-03,1.14,26.48,31.88,22.47,79.17,3.7,Mumbai
2024-12-04,2.52,26.73,31.9,23.07,82.0,3.05,Mumbai
2024-12-05,0.21,26.72,32.12,22.95,80.89,3.05,Mumbai
2024-12-06,0.02,26.42,31.61,22.86,81.52,2.35,Mumbai
2024-12-07,0.0,24.28,30.41,19.72,76.06,3.05,Mumbai
2024-12-08,0.0,21.71,28.58,16.5,66.95,3.07,Mumbai
2024-12-09,0.0,19.77,28.4,13.19,61.51,3.95,Mumbai
2024-12-10,0.0,20.98,29.63,13.16,62.27,4.07,Mumbai
2024-12-11,0.0,22.4,30.44,16.09,69.82,3.32,Mumbai
2024-12-12,0.0,22.05,29.39,16.21,67.08,2.75,Mumbai
2024-12-13,0.0,21.3,29.36,15.33,66.42,4.82,Mumbai
2024-12-14,0.17,20.8,29.17,13.75,62.04,4.98,Mumbai
2024-12-15,0.23,21.25,30.28,13.73,58.84,4.42,Mumbai
2024-12-16,0.0,21.04,30.48,13.51,53.07,4.01,Mumbai
2024-12-17,0.0,21.06,30.41,13.49,54.29,3.12,Mumbai
2024-12-18,0.0,21.49,30.04,14.39,53.8,2.83,Mumbai
2024-12-19,0.0,21.43,30.33,14.88,62.33,3.05,Mumbai
2024-12-20,0.0,21.72,28.27,17.3,74.79,2.13,Mumbai
2024-12-21,0.0,21.95,28.53,16.3,77.32,2.23,Mumbai
2024-12-22,0.02,22.25,27.7,17.98,84.68,2.31,Mumbai
2024-12-23,0.01,22.07,26.76,19.2,86.32,2.57,Mumbai
2024-12-24,0.0,21.69,28.14,17.49,79.18,2.83,Mumbai
2024-12-25,0.0,21.98,29.54,16.75,77.09,2.41,Mumbai
2024-12-26,0.0,22.68,29.44,17.84,78.33,2.61,Mumbai
2024-12-27,0.01,23.32,29.39,18.51,81.35,2.68,Mumbai
2024-12-28,0.48,23.93,30.2,19.42,79.1,2.44,Mumbai
2024-12-29,0.04,24.68,31.72,19.49,73.57,2.69,Mumbai
2024-12-30,0.0,24.62,31.87,19.45,69.71,3.09,Mumbai
2024-12-31,0.0,24.68,32.93,19.06,65.9,3.18,Mumbai
2025-01-01,0.0,24.25,31.99,18.33,68.91,3.17,Mumbai
2025-01-02,0.0,24.18,33.01,18.0,59.35,3.56,Mumbai
2025-01-03,1.2,22.78,32.73,14.93,51.64,4.12,Mumbai
2025-01-04,0.0,22.4,32.64,15.09,52.93,3.58,Mumbai
2025-01-05,0.0,22.43,31.0,17.17,57.64,2.44,Mumbai
2025-01-06,0.0,21.63,30.08,16.0,61.43,3.17,Mumbai
2025-01-07,0.0,22.27,31.76,14.7,58.15,3.26,Mumbai
2025-01-08,0.02,22.38,31.15,15.45,55.6,3.96,Mumbai
2025-01-09,0.0,22.55,31.16,14.74,47.35,3.88,Mumbai
2025-01-10,0.0,22.74,31.04,15.96,56.5,3.41,Mumbai
2025-01-11,0.0,22.49,28.93,18.59,64.19,2.57,Mumbai
2025-01-12,0.0,22.18,30.66,16.27,64.08,2.99,Mumbai
2025-01-13,0.0,23.7,32.12,16.7,63.03,3.8,Mumbai
2025-01-14,0.0,24.32,32.67,17.85,61.74,3.35,Mumbai
2025-01-15,0.0,24.73,31.89,19.73,66.68,2.91,Mumbai
2025-01-16,0.0,24.19,31.68,18.88,66.17,2.55,Mumbai
2025-01-17,0.0,24.94,32.8,19.41,56.29,4.23,Mumbai
2025-01-18,0.0,24.64,32.83,18.46,51.64,4.66,Mumbai
2025-01-19,0.0,24.09,33.16,17.83,52.92,3.72,Mumbai
2025-01-20,0.0,24.24,33.81,17.32,50.13,3.35,Mumbai
2025-01-21,0.0,23.72,33.54,16.7,50.94,3.02,Mumbai
2025-01-22,0.0,23.63,33.74,16.51,51.95,2.8,Mumbai
2025-01-23,0.0,23.4,33.53,16.03,51.46,3.07,Mumbai
2025-01-24,0.0,24.75,35.53,17.25,53.97,3.39,Mumbai
2025-01-25,0.0,26.19,36.16,19.08,52.91,3.49,Mumbai
2025-01-26,0.0,26.44,36.39,19.6,50.87,3.3,Mumbai
2025-01-27,0.0,26.02,35.93,19.73,49.78,2.85,Mumbai
2025-01-28,0.0,25.55,34.98,19.63,47.92,2.28,Mumbai
2025-01-29,0.0,25.52,35.09,19.56,46.76,2.46,Mumbai
2025-01-30,0.0,24.91,34.96,18.06,49.07,2.89,Mumbai
2025-01-31,0.0,23.58,32.39,17.27,53.3,2.76,Mumbai
2025-02-01,0.0,23.02,31.05,17.22,55.8,2.88,Mumbai
2025-02-02,0.0,24.32,34.24,17.46,47.32,2.59,Mumbai
2025-02-03,0.0,24.27,31.18,20.04,54.08,2.69,Mumbai
2025-02-04,0.0,23.48,31.61,17.79,57.64,3.19,Mumbai
2025-02-05,0.0,23.93,34.22,16.34,46.89,3.45,Mumbai
2025-02-06,0.0,25.5,36.12,17.61,48.34,2.88,Mumbai
2025-02-07,0.0,26.73,36.63,20.07,49.26,3.51,Mumbai
2025-02-08,0.0,27.08,36.41,20.27,47.38,2.7,Mumbai
2025-02-09,0.0,27.21,35.87,21.05,46.35,2.82,Mumbai
2025-02-10,0.0,26.69,35.31,20.8,42.53,3.3,Mumbai
2025-02-11,0.0,25.99,35.3,19.28,40.72,3.19,Mumbai
2025-02-12,0.0,25.88,36.36,18.15,37.42,3.33,Mumbai
2025-02-13,0.0,26.87,38.41,18.19,32.54,3.57,Mumbai
2025-02-14,0.0,27.32,37.95,19.66,32.27,4.0,Mumbai
2025-02-15,0.0,27.51,37.98,19.62,30.96,3.89,Mumbai
2025-02-16,0.01,27.19,37.48,19.65,33.64,3.64,Mumbai
2025-02-17,0.17,27.19,37.68,19.26,40.96,3.35,Mumbai
2025-02-18,0.08,27.59,37.67,19.91,38.47,3.39,Mumbai
2025-02-19,0.0,27.36,37.08,20.23,40.6,3.47,Mumbai
2025-02-20,0.01,28.16,38.08,19.88,35.31,3.96,Mumbai
2025-02-21,0.0,28.94,39.12,21.02,29.24,4.34,Mumbai
2025-02-22,0.0,29.28,39.52,22.16,29.68,4.0,Mumbai
2025-02-23,0.0,29.1,39.15,21.56,28.85,3.84,Mumbai
2025-02-24,0.0,29.17,38.97,21.54,26.56,3.8,Mumbai
2025-02-25,0.0,29.47,39.22,22.43,28.68,3.59,Mumbai
2025-02-26,0.0,29.86,39.66,21.84,32.05,3.06,Mumbai
2025-02-27,0.0,29.84,39.58,22.61,32.37,3.47,Mumbai
2025-02-28,0.0,29.71,38.55,22.56,32.22,3.09,Mumbai
2025-03-01,0.01,29.61,38.77,22.81,35.58,3.22,Mumbai
2025-03-02,0.0,29.43,39.28,22.39,34.91,3.75,Mumbai
2025-03-03,0.49,29.92,39.98,21.82,31.6,4.4,Mumbai
2025-03-04,0.0,29.9,39.1,22.69,27.22,4.99,Mumbai
2025-03-05,0.0,29.34,40.43,20.12,18.57,4.05,Mumbai
2025-03-06,0.0,28.67,39.96,19.72,17.61,4.34,Mumbai
2025-03-07,0.0,29.04,40.09,20.16,21.5,3.85,Mumbai
2025-03-08,0.0,29.14,39.38,21.28,31.87,3.26,Mumbai
2025-03-09,0.0,30.18,41.58,21.1,39.44,3.17,Mumbai
2025-03-10,0.0,31.55,42.01,23.17,29.08,3.38,Mumbai
2025-03-11,0.0,31.97,41.18,25.24,35.49,3.24,Mumbai
2025-03-12,0.04,31.63,41.14,24.93,40.79,2.58,Mumbai
2025-03-13,0.07,31.33,40.62,24.27,41.68,2.95,Mumbai
2025-03-14,0.04,30.55,39.68,23.33,45.59,3.11,Mumbai
2025-03-15,0.02,30.33,39.9,22.3,45.16,3.19,Mumbai
2025-03-16,0.0,30.04,38.98,23.75,45.97,3.49,Mumbai
2025-03-17,0.61,29.52,37.91,22.97,42.97,3.76,Mumbai
2025-03-18,0.02,29.41,38.65,22.76,43.21,2.74,Mumbai
2025-03-19,0.0,28.73,38.14,21.66,48.4,2.61,Mumbai
2025-03-20,0.0,29.23,38.09,21.72,40.1,3.98,Mumbai
2025-03-21,0.0,27.68,35.82,22.39,48.31,3.25,Mumbai
2025-03-22,0.11,28.84,37.96,21.2,44.3,2.81,Mumbai
2025-03-23,0.26,30.07,40.43,21.55,43.43,2.45,Mumbai
2025-03-24,0.1,30.72,40.94,23.14,46.84,2.38,Mumbai
2025-03-25,0.48,30.67,40.96,23.14,39.7,2.96,Mumbai
2025-03-26,0.07,29.33,37.54,24.35,51.77,2.76,Mumbai
2025-03-27,0.0,28.63,35.68,23.16,52.73,3.23,Mumbai
2025-03-28,0.0,29.84,38.99,22.34,46.97,3.04,Mumbai
2025-03-29,0.0,31.78,42.15,23.48,23.77,3.39,Mumbai
2025-03-30,0.22,32.06,41.63,25.52,28.11,2.61,Mumbai
2025-03-31,0.33,32.49,42.04,25.83,40.92,2.11,Mumbai
2025-04-01,0.1,32.48,39.46,26.4,37.36,2.38,Mumbai
2025-04-02,0.16,33.0,41.21,27.47,39.44,3.12,Mumbai
2025-04-03,1.56,30.55,37.28,25.58,57.68,2.42,Mumbai
2025-04-04,1.18,30.67,38.2,25.62,53.09,2.65,Mumbai
2025-04-05,2.1,31.68,41.06,23.56,39.45,3.51,Mumbai
2025-04-06,0.47,32.01,42.44,23.78,42.12,3.32,Mumbai
2025-04-07,0.01,32.6,42.92,24.21,40.05,3.42,Mumbai
2025-04-08,0.0,33.21,43.49,25.56,30.76,3.37,Mumbai
2025-04-09,0.02,32.71,43.19,25.45,41.76,3.14,Mumbai
2025-04-10,0.04,31.19,40.21,24.65,57.75,3.03,Mumbai
2025-04-11,0.01,30.25,37.77,24.42,56.84,2.94,Mumbai
2025-04-12,0.0,29.91,38.32,23.62,57.67,2.8,Mumbai
2025-04-13,0.0,31.21,40.77,23.1,52.92,3.44,Mumbai
2025-04-14,0.0,31.71,41.35,23.79,47.64,4.35,Mumbai
2025-04-15,0.0,31.08,40.7,23.29,51.84,3.66,Mumbai
2025-04-16,0.0,30.8,39.8,24.83,60.95,3.09,Mumbai
2025-04-17,0.0,30.89,39.78,25.38,58.98,2.74,Mumbai
2025-04-18,0.0,31.07,39.23,25.33,58.49,2.73,Mumbai
2025-04-19,0.0,31.3,39.54,25.3,56.71,3.12,Mumbai
2025-04-20,0.0,31.14,39.86,24.2,53.89,3.15,Mumbai
2025-04-21,0.07,31.38,40.27,24.92,56.84,3.06,Mumbai
2025-04-22,0.03,32.04,41.03,24.15,50.28,3.25,Mumbai
2025-04-23,0.22,32.48,41.66,26.02,49.17,2.46,Mumbai
2025-04-24,0.03,32.0,40.58,25.66,49.69,2.34,Mumbai
2025-04-25,0.0,31.43,39.11,25.71,46.44,2.46,Mumbai
2025-04-26,0.01,31.63,40.44,25.38,48.24,2.33,Mumbai
2025-04-27,0.0,32.0,41.28,24.4,50.96,3.01,Mumbai
2025-04-28,0.03,32.22,41.26,25.24,52.29,2.78,Mumbai
2025-04-29,0.02,31.48,39.58,25.09,54.1,2.67,Mumbai
2025-04-30,0.08,31.56,39.15,24.9,54.02,2.85,Mumbai
2025-05-01,0.04,32.02,41.48,24.51,54.24,3.46,Mumbai
2025-05-02,0.01,32.26,41.29,24.76,53.25,3.4,Mumbai
2025-05-03,0.03,31.55,39.9,25.85,53.47,2.87,Mumbai
2025-05-04,0.02,29.54,35.18,24.79,59.54,2.93,Mumbai
2025-05-05,0.04,30.58,37.49,25.7,61.88,2.62,Mumbai
2025-05-06,1.96,29.53,34.55,26.06,61.27,2.41,Mumbai
2025-05-07,11.4,28.52,32.79,25.85,69.58,3.66,Mumbai
2025-05-08,16.0,27.9,30.9,25.82,78.09,3.56,Mumbai
2025-05-09,9.76,28.68,33.41,25.08,75.34,3.56,Mumbai
2025-05-10,3.14,29.46,35.77,24.97,68.94,2.79,Mumbai
2025-05-11,2.27,30.0,36.86,25.28,63.86,2.62,Mumbai
2025-05-12,1.69,30.54,36.47,26.4,64.26,2.48,Mumbai
2025-05-13,8.18,30.67,35.67,27.16,65.33,2.04,Mumbai
2025-05-14,5.56,30.94,37.52,27.06,65.6,2.08,Mumbai
2025-05-15,3.36,30.49,35.52,26.87,69.38,2.05,Mumbai
2025-05-16,2.52,30.02,34.46,27.12,72.07,2.54,Mumbai
2025-05-17,4.57,29.98,34.78,26.73,72.55,2.7,Mumbai
2025-05-18,3.56,30.03,33.99,27.0,72.92,2.4,Mumbai
2025-05-19,9.43,28.93,32.7,26.94,80.02,2.65,Mumbai
2025-05-20,28.04,29.61,33.3,26.9,81.77,2.31,Mumbai
2025-05-21,11.29,29.1,32.38,27.09,83.04,2.14,Mumbai
2025-05-22,16.94,28.57,31.34,26.87,83.3,1.66,Mumbai
2025-05-23,5.02,29.62,34.21,26.33,77.21,2.25,Mumbai
2025-05-24,31.52,28.48,30.68,26.7,84.38,2.37,Mumbai
2025-05-25,68.55,27.79,29.85,26.57,86.53,4.43,Mumbai
2025-05-26,100.34,28.04,30.87,26.15,86.8,5.49,Mumbai
2025-05-27,33.64,27.43,29.0,26.37,89.56,3.84,Mumbai
2025-05-28,13.21,28.25,30.74,26.46,88.13,3.98,Mumbai
2025-05-29,10.94,28.33,30.43,26.9,88.6,4.2,Mumbai
2025-05-30,1.1,28.86,31.93,26.71,82.54,4.71,Mumbai
2025-05-31,2.77,28.78,32.12,26.65,81.77,4.74,Mumbai
2025-06-01,7.89,28.89,32.34,26.45,82.82,4.98,Mumbai
2025-06-02,5.06,28.41,31.32,26.35,84.43,5.08,Mumbai
2025-06-03,11.28,28.28,31.48,25.65,84.52,4.94,Mumbai
2025-06-04,6.15,27.98,31.12,25.65,83.16,3.62,Mumbai
2025-06-05,3.75,28.16,31.91,25.16,81.56,2.43,Mumbai
2025-06-06,11.87,28.17,31.72,25.68,82.59,2.44,Mumbai
2025-06-07,15.46,27.69,31.37,25.61,84.61,2.36,Mumbai
2025-06-08,0.57,28.34,32.4,25.27,81.89,2.55,Mumbai
2025-06-09,0.19,28.45,31.87,25.97,81.76,3.73,Mumbai
2025-06-10,0.41,28.51,32.56,25.11,79.95,3.46,Mumbai
2025-06-11,2.94,28.52,31.56,26.1,83.45,3.65,Mumbai
2025-06-12,14.24,28.35,30.47,26.99,89.0,4.44,Mumbai
2025-06-13,25.31,27.81,29.5,26.44,89.31,4.14,Mumbai
2025-06-14,25.92,28.28,30.75,26.5,89.91,2.74,Mumbai
2025-06-15,47.35,27.63,29.01,26.59,93.16,3.72,Mumbai
2025-06-16,93.66,27.37,29.03,26.62,91.02,7.12,Mumbai
2025-06-17,23.92,28.04,30.13,26.59,86.35,7.82,Mumbai
2025-06-18,88.05,27.91,29.7,26.47,88.7,7.05,Mumbai
2025-06-19,55.21,27.38,28.84,26.47,90.74,6.72,Mumbai
2025-06-20,16.29,27.75,29.89,26.12,88.72,6.68,Mumbai
2025-06-21,11.84,27.61,29.91,26.21,88.63,6.24,Mumbai
2025-06-22,13.85,27.48,29.61,25.88,88.28,6.43,Mumbai
2025-06-23,29.96,27.38,29.48,25.95,88.5,7.24,Mumbai
2025-06-24,22.52,27.29,29.23,25.89,89.75,6.63,Mumbai
2025-06-25,10.67,27.45,29.54,26.12,88.88,6.8,Mumbai
2025-06-26,16.88,27.23,29.2,25.93,89.04,6.57,Mumbai
2025-06-27,20.06,27.11,28.94,25.95,89.33,6.92,Mumbai
2025-06-28,12.15,27.06,29.28,25.32,87.28,7.45,Mumbai
2025-06-29,12.81,26.75,28.26,25.66,90.34,6.47,Mumbai
2025-06-30,16.89,27.05,28.78,25.82,89.31,6.82,Mumbai
2025-07-01,21.23,26.73,28.46,25.41,90.0,6.17,Mumbai
2025-07-02,32.22,26.55,27.87,25.51,91.28,5.47,Mumbai
2025-07-03,36.59,26.79,28.5,25.65,89.93,7.05,Mumbai
2025-07-04,27.31,26.84,28.69,25.63,89.85,7.45,Mumbai
2025-07-05,42.63,26.61,28.16,25.61,91.31,6.78,Mumbai
2025-07-06,30.2,26.55,28.28,25.25,90.09,6.96,Mumbai
2025-07-07,14.49,26.54,28.12,25.42,89.8,6.04,Mumbai
2025-07-08,8.2,26.49,28.17,25.13,90.65,5.59,Mumbai
2025-07-09,16.02,26.44,28.1,25.13,90.84,5.13,Mumbai
2025-07-10,9.58,26.73,28.95,24.96,90.55,4.52,Mumbai
2025-07-11,12.23,26.77,29.06,25.13,90.09,4.19,Mumbai
2025-07-12,11.73,26.73,29.14,25.0,89.88,4.49,Mumbai
2025-07-13,11.93,26.8,29.26,24.93,89.74,4.95,Mumbai
2025-07-14,31.44,26.91,28.9,25.26,90.52,6.1,Mumbai
2025-07-15,39.11,26.94,29.09,25.5,90.66,5.14,Mumbai
2025-07-16,9.19,26.83,29.29,25.25,90.72,4.05,Mumbai
2025-07-17,2.21,26.68,29.23,24.84,89.74,3.45,Mumbai
2025-07-18,2.04,26.79,29.53,24.67,88.48,3.65,Mumbai
2025-07-19,6.0,26.78,29.49,24.74,89.53,3.88,Mumbai
2025-07-20,22.0,27.09,29.86,24.84,88.76,3.97,Mumbai
2025-07-21,47.27,26.9,29.16,25.24,90.87,4.23,Mumbai
2025-07-22,35.44,26.74,28.7,25.18,90.66,4.37,Mumbai
2025-07-23,53.02,26.48,28.1,25.23,91.73,5.03,Mumbai
2025-07-24,41.4,26.71,28.59,25.42,91.19,5.59,Mumbai
2025-07-25,57.88,26.5,28.12,25.24,91.9,6.0,Mumbai
2025-07-26,54.89,26.1,27.36,25.3,92.51,6.68,Mumbai
2025-07-27,27.16,26.1,27.65,25.19,90.58,7.33,Mumbai
2025-07-28,16.23,26.02,27.77,24.84,89.98,7.51,Mumbai
2025-07-29,14.29,25.77,27.26,24.78,90.45,7.48,Mumbai
2025-07-30,9.63,25.87,27.52,24.7,91.19,5.72,Mumbai
2025-07-31,6.84,26.15,28.37,24.66,90.38,5.73,Mumbai
2025-08-01,3.94,26.1,28.64,24.25,90.25,4.75,Mumbai
2025-08-02,6.59,25.9,28.31,23.97,90.73,3.78,Mumbai
2025-08-03,4.35,26.26,29.35,23.95,89.67,3.4,Mumbai
2025-08-04,1.83,26.3,29.12,24.17,89.53,3.18,Mumbai
2025-08-05,3.74,26.35,29.56,24.32,89.21,2.74,Mumbai
2025-08-06,4.55,26.58,29.75,24.01,88.0,2.42,Mumbai
2025-08-07,4.13,26.54,28.98,24.91,88.8,2.54,Mumbai
2025-08-08,3.4,26.47,29.29,24.45,88.25,2.11,Mumbai
2025-08-09,9.14,26.35,29.02,24.43,87.62,2.29,Mumbai
2025-08-10,11.53,26.23,29.3,24.14,87.57,2.17,Mumbai
2025-08-11,13.59,26.28,28.65,24.27,89.3,3.09,Mumbai
2025-08-12,5.51,26.26,29.14,24.23,88.8,2.82,Mumbai
2025-08-13,26.15,26.16,28.81,24.39,90.4,3.02,Mumbai
2025-08-14,20.51,26.1,28.21,24.48,90.64,3.59,Mumbai
2025-08-15,53.06,25.72,27.8,24.3,92.22,3.1,Mumbai
2025-08-16,69.3,25.75,27.82,24.39,92.74,3.79,Mumbai
2025-08-17,60.78,26.08,27.94,24.73,93.43,4.75,Mumbai
2025-08-18,96.42,25.64,26.63,24.88,93.61,7.01,Mumbai
2025-08-19,142.85,25.59,26.88,24.68,93.58,7.22,Mumbai
2025-08-20,69.09,25.55,26.93,24.52,92.0,7.65,Mumbai
2025-08-21,10.82,25.99,27.95,24.62,90.71,6.35,Mumbai
2025-08-22,8.08,25.99,28.19,24.43,89.86,5.83,Mumbai
2025-08-23,9.05,25.82,27.89,24.48,89.15,6.25,Mumbai
2025-08-24,11.13,25.88,28.39,24.26,88.07,6.3,Mumbai
2025-08-25,26.8,25.55,27.31,24.39,90.68,5.72,Mumbai
2025-08-26,16.08,25.64,27.69,24.27,91.85,4.79,Mumbai
2025-08-27,19.75,25.81,27.51,24.06,92.52,2.87,Mumbai
2025-08-28,15.99,25.98,28.45,24.51,92.99,3.31,Mumbai
2025-08-29,28.51,26.18,28.73,24.11,91.01,2.67,Mumbai
2025-08-30,7.57,26.36,29.06,24.5,91.58,3.52,Mumbai
2025-08-31,12.1,26.32,28.99,24.49,91.56,4.21,Mumbai
2025-09-01,15.63,25.99,28.28,24.38,91.3,5.23,Mumbai
2025-09-02,8.79,25.98,28.31,24.43,91.22,4.44,Mumbai
2025-09-03,8.17,25.93,28.26,24.37,91.28,3.97,Mumbai
2025-09-04,6.64,25.41,27.26,24.01,92.12,3.8,Mumbai
2025-09-05,35.41,26.01,28.29,24.55,91.07,4.63,Mumbai
2025-09-06,36.34,25.41,26.52,24.52,94.42,4.6,Mumbai
2025-09-07,19.23,25.82,28.26,24.16,91.84,4.65,Mumbai
2025-09-08,2.1,25.53,28.3,23.48,91.16,3.64,Mumbai
2025-09-09,0.12,25.47,29.0,22.41,89.19,2.54,Mumbai
2025-09-10,0.11,25.86,29.61,23.56,85.35,1.87,Mumbai
2025-09-11,0.55,25.94,29.35,23.13,86.37,2.32,Mumbai
2025-09-12,2.93,26.0,29.24,23.48,87.53,2.46,Mumbai
2025-09-13,25.49,25.73,28.36,23.59,89.92,2.53,Mumbai
2025-09-14,38.53,26.25,29.63,24.14,89.78,3.07,Mumbai
2025-09-15,74.47,25.76,27.22,24.5,93.73,3.91,Mumbai
2025-09-16,8.89,25.87,28.5,24.14,92.09,2.25,Mumbai
2025-09-17,5.23,26.42,29.51,24.27,90.22,1.99,Mumbai
2025-09-18,18.85,26.38,29.04,24.46,90.55,2.61,Mumbai
2025-09-19,28.86,25.79,27.8,24.4,92.44,2.1,Mumbai
2025-09-20,13.53,25.63,27.71,23.78,91.87,2.31,Mumbai
2025-09-21,10.63,26.25,29.17,24.36,90.97,2.53,Mumbai
2025-09-22,14.17,25.68,27.79,24.4,92.6,3.14,Mumbai
2025-09-23,18.28,25.42,28.01,23.48,90.45,2.62,Mumbai
2025-09-24,2.38,25.82,29.27,23.29,88.25,2.53,Mumbai
2025-09-25,1.78,25.92,28.92,23.93,86.35,2.08,Mumbai
2025-09-26,5.59,26.08,28.94,23.86,87.31,2.23,Mumbai
2025-09-27,44.94,26.1,28.41,24.36,92.34,3.93,Mumbai
2025-09-28,112.87,25.37,26.19,24.46,94.43,6.66,Mumbai
2025-09-29,40.49,24.78,26.07,23.52,92.72,7.03,Mumbai
2025-09-30,8.11,25.33,28.08,23.22,90.4,5.02,Mumbai
2025-10-01,7.33,25.72,28.37,23.82,90.8,4.82,Mumbai
2025-10-02,11.05,25.92,28.59,23.98,91.12,4.22,Mumbai
2025-10-03,2.62,26.17,29.49,23.63,89.77,2.83,Mumbai
2025-10-04,1.73,25.92,29.24,23.33,89.66,2.35,Mumbai
2025-10-05,2.62,25.83,29.19,23.51,89.41,2.5,Mumbai
2025-10-06,2.11,25.44,28.29,23.13,88.65,2.35,Mumbai
2025-10-07,4.27,25.81,29.31,23.53,87.87,2.09,Mumbai
2025-10-08,1.58,25.96,30.72,22.4,86.85,2.56,Mumbai
2025-10-09,0.22,25.77,31.29,21.73,80.73,2.7,Mumbai
2025-10-10,0.0,25.57,31.72,20.93,78.47,2.91,Mumbai
2025-10-11,0.0,25.47,31.45,20.68,76.56,3.05,Mumbai
2025-10-12,0.01,25.36,31.25,20.27,76.05,3.32,Mumbai
2025-10-13,0.0,24.91,31.23,19.94,73.02,3.61,Mumbai
2025-10-14,0.0,24.59,31.2,18.7,71.03,3.26,Mumbai
2025-10-15,0.77,25.68,31.95,19.72,77.42,3.0,Mumbai
2025-10-16,2.04,27.56,32.61,23.49,82.24,2.76,Mumbai
2025-10-17,0.39,27.43,32.74,23.53,78.6,3.52,Mumbai
2025-10-18,0.32,27.0,32.58,22.54,77.9,3.06,Mumbai
2025-10-19,0.11,27.04,32.6,22.63,77.34,3.32,Mumbai
2025-10-20,0.0,25.95,30.72,22.55,79.17,3.9,Mumbai
2025-10-21,8.65,26.49,31.82,22.16,80.08,3.44,Mumbai
2025-10-22,1.13,27.43,32.63,23.14,81.0,3.08,Mumbai
2025-10-23,6.1,27.39,32.39,23.23,81.19,3.97,Mumbai
2025-10-24,2.54,27.37,31.88,24.03,83.16,3.37,Mumbai
2025-10-25,11.79,26.22,29.79,23.84,87.82,3.02,Mumbai
2025-10-26,30.15,26.36,30.58,23.58,87.45,3.8,Mumbai
2025-10-27,12.9,26.17,29.51,23.62,89.08,3.91,Mumbai
2025-10-28,5.44,26.73,30.56,23.96,85.59,3.77,Mumbai
2025-10-29,8.72,26.18,29.63,23.94,89.67,2.81,Mumbai
2025-10-30,13.02,26.13,28.74,24.2,89.54,4.39,Mumbai
2025-10-31,7.9,25.75,28.82,23.88,88.87,4.96,Mumbai
2025-11-01,7.08,25.87,29.28,23.49,89.49,4.02,Mumbai
2025-11-02,9.04,25.89,29.25,23.62,90.26,3.37,Mumbai
2025-11-03,3.49,25.78,29.14,23.54,88.94,2.56,Mumbai
2025-11-04,0.81,25.66,29.18,23.49,85.58,2.51,Mumbai
2025-11-05,0.13,24.74,28.56,22.01,80.19,1.48,Mumbai
2025-11-06,0.02,24.01,29.02,19.62,81.01,1.98,Mumbai
2025-11-07,0.0,24.35,30.54,19.61,74.69,2.87,Mumbai
2025-11-08,0.0,22.91,30.52,16.67,66.3,3.6,Mumbai
2025-11-09,0.0,22.17,28.61,16.53,67.14,2.54,Mumbai
2025-11-10,0.0,22.58,28.8,16.08,64.72,2.1,Mumbai
2025-11-11,0.0,22.51,28.76,16.72,66.34,2.08,Mumbai
2025-11-12,0.0,22.04,29.41,16.11,68.08,3.24,Mumbai
2025-11-13,0.0,21.84,29.45,16.09,67.8,3.71,Mumbai
2025-11-14,0.0,21.52,28.76,16.03,67.02,4.06,Mumbai
2025-11-15,0.0,20.89,28.87,15.02,65.68,4.05,Mumbai
2025-11-16,0.0,20.7,28.79,15.08,68.1,4.53,Mumbai
2025-11-17,0.0,20.38,28.06,14.89,69.02,4.23,Mumbai
2025-11-18,0.0,19.76,28.0,13.66,67.49,4.17,Mumbai
2025-11-19,0.0,20.67,29.22,14.0,65.78,3.75,Mumbai
2025-11-20,0.0,20.9,28.92,14.88,67.12,3.94,Mumbai
2025-11-21,0.0,21.91,29.8,15.38,69.99,3.79,Mumbai
2025-11-22,0.0,23.81,30.53,18.29,75.95,3.29,Mumbai
2025-11-23,0.0,24.85,32.25,19.09,67.51,2.31,Mumbai
2025-11-24,0.0,24.81,31.14,19.86,73.13,2.48,Mumbai
2025-11-25,0.0,24.59,30.59,19.29,72.28,2.97,Mumbai
2025-11-26,0.01,24.09,30.19,19.11,72.07,3.14,Mumbai
2025-11-27,0.0,24.03,30.29,19.0,73.31,3.28,Mumbai
2025-11-28,0.0,23.7,29.88,19.34,75.06,3.5,Mumbai
2025-11-29,0.0,22.38,29.17,17.84,68.2,4.1,Mumbai
2025-11-30,0.0,21.3,28.8,15.42,67.89,3.8,Mumbai
2025-12-01,0.0,22.03,30.0,15.85,67.25,3.45,Mumbai
2025-12-02,0.0,22.29,29.38,16.66,66.96,2.75,Mumbai
2025-12-03,0.0,22.51,29.63,16.97,72.25,3.64,Mumbai
2025-12-04,0.0,23.12,30.51,17.62,71.61,4.01,Mumbai
2025-12-05,0.0,23.94,30.5,19.29,73.26,4.13,Mumbai
2025-12-06,0.0,23.27,29.37,18.86,69.22,4.13,Mumbai
2025-12-07,0.0,22.21,28.71,17.92,67.97,3.75,Mumbai
2025-12-08,0.0,21.68,30.14,15.36,64.98,3.8,Mumbai
2025-12-09,0.07,21.0,30.16,13.66,61.6,4.67,Mumbai
2025-12-10,0.0,21.05,30.2,13.79,57.8,4.38,Mumbai
2025-12-11,0.0,21.05,29.3,14.86,57.23,3.91,Mumbai
2025-12-12,0.0,20.9,29.82,14.39,60.47,3.76,Mumbai
2025-12-13,0.0,21.93,30.5,14.7,57.63,3.01,Mumbai
2025-12-14,0.0,21.86,30.3,15.19,61.49,3.77,Mumbai
2025-12-15,0.0,21.44,29.43,15.05,59.95,3.95,Mumbai
2025-12-16,0.0,21.58,29.43,14.54,60.78,4.19,Mumbai
2025-12-17,0.0,22.27,31.36,15.78,65.99,4.01,Mumbai
2025-12-18,0.0,22.47,30.71,16.24,58.78,4.06,Mumbai
2025-12-19,0.0,21.46,30.77,14.76,56.54,4.11,Mumbai
2025-12-20,0.0,21.61,30.79,13.43,54.85,3.66,Mumbai
2025-12-21,0.0,21.24,29.03,15.12,56.33,3.93,Mumbai
2025-12-22,0.0,21.07,28.78,15.88,59.68,4.22,Mumbai
2025-12-23,0.0,22.28,29.79,15.75,56.09,4.1,Mumbai
2025-12-24,0.0,21.84,29.61,15.79,60.59,3.93,Mumbai
2025-12-25,0.0,22.0,29.11,15.52,55.45,3.61,Mumbai
2025-12-26,0.0,21.54,29.59,14.76,59.06,3.25,Mumbai
2025-12-27,0.0,21.98,30.24,15.61,61.46,3.79,Mumbai
2025-12-28,0.0,21.7,29.6,15.24,59.1,3.56,Mumbai
2025-12-29,0.0,21.4,29.71,14.75,58.7,3.37,Mumbai
2025-12-30,0.0,21.23,29.0,15.17,63.93,2.74,Mumbai
2025-12-31,0.06,21.04,27.43,15.36,76.68,2.52,Mumbai
