date,PRECTOTCORR,T2M,T2M_MAX,T2M_MIN,RH2M,WS10M,city
2018-01-01,0.02,24.21,27.92,21.45,83.78,4.55,Chennai
2018-01-02,0.0,24.1,28.31,20.56,83.69,3.79,Chennai
2018-01-03,0.0,24.23,28.31,21.1,82.22,3.8,Chennai
2018-01-04,0.0,23.7,27.91,20.84,74.23,4.26,Chennai
2018-01-05,0.0,22.97,27.32,20.02,69.66,3.88,Chennai
2018-01-06,0.0,22.71,26.9,19.83,65.99,3.1,Chennai
2018-01-07,0.0,22.27,26.7,18.99,69.69,3.69,Chennai
2018-01-08,0.0,22.8,27.27,18.99,74.93,4.63,Chennai
2018-01-09,0.87,23.88,26.84,21.36,81.28,5.36,Chennai
2018-01-10,1.66,24.5,27.21,22.62,84.68,5.12,Chennai
2018-01-11,0.15,24.95,28.53,22.51,83.02,3.68,Chennai
2018-01-12,0.0,24.59,28.49,21.89,82.01,2.56,Chennai
2018-01-13,0.0,24.31,28.74,21.25,82.88,2.25,Chennai
2018-01-14,0.0,24.0,28.37,20.73,83.5,2.59,Chennai
2018-01-15,0.0,24.33,28.67,21.38,80.19,2.75,Chennai
2018-01-16,0.0,24.41,28.59,21.48,78.15,2.43,Chennai
2018-01-17,0.0,23.87,28.2,20.66,73.04,2.98,Chennai
2018-01-18,0.0,23.13,27.69,19.91,71.64,3.74,Chennai
2018-01-19,0.0,22.77,27.31,19.32,72.69,3.76,Chennai
2018-01-20,0.0,22.82,27.33,19.08,72.47,3.56,Chennai
2018-01-21,0.0,22.76,27.45,18.66,75.21,3.94,Chennai
2018-01-22,0.0,23.03,27.75,19.38,74.54,3.56,Chennai
2018-01-23,0.0,23.41,28.17,20.11,73.04,2.86,Chennai
2018-01-24,0.0,23.77,28.56,19.93,74.58,3.04,Chennai
2018-01-25,0.0,23.83,29.1,20.07,75.7,3.08,Chennai
2018-01-26,0.0,24.11,29.22,20.69,72.19,2.91,Chennai
2018-01-27,0.0,24.12,28.97,20.91,72.01,3.73,Chennai
2018-01-28,0.0,23.58,28.54,19.97,75.03,4.54,Chennai
2018-01-29,0.0,23.65,28.65,19.64,74.44,4.6,Chennai
2018-01-30,0.0,23.47,28.81,19.39,72.62,4.34,Chennai
2018-01-31,0.0,23.22,28.99,18.89,70.89,3.6,Chennai
2018-02-01,0.0,23.25,29.45,18.27,66.16,2.64,Chennai
2018-02-02,0.0,23.48,29.77,18.53,63.75,2.54,Chennai
2018-02-03,0.0,23.35,28.77,19.52,66.89,3.02,Chennai
2018-02-04,0.0,23.2,28.25,19.12,68.26,3.44,Chennai
2018-02-05,0.0,23.85,28.85,20.12,71.52,3.68,Chennai
2018-02-06,0.07,24.93,30.0,20.51,77.81,3.56,Chennai
2018-02-07,5.39,25.58,28.97,23.05,81.22,1.79,Chennai
2018-02-08,2.93,25.97,30.83,23.37,75.96,1.98,Chennai
2018-02-09,0.0,25.52,30.57,22.28,75.35,2.23,Chennai
2018-02-10,0.0,25.19,28.45,23.15,77.63,2.09,Chennai
2018-02-11,0.0,25.67,29.65,23.3,75.96,3.2,Chennai
2018-02-12,0.0,25.34,28.94,22.94,75.02,3.53,Chennai
2018-02-13,0.0,24.81,28.18,22.34,77.09,3.73,Chennai
2018-02-14,0.0,25.26,29.28,22.67,75.08,4.32,Chennai
2018-02-15,0.0,25.43,29.84,21.95,77.69,4.69,Chennai
2018-02-16,0.0,25.4,30.28,21.6,72.56,3.36,Chennai
2018-02-17,0.0,25.54,30.7,22.37,71.75,2.58,Chennai
2018-02-18,0.0,25.1,30.78,21.09,70.05,2.59,Chennai
2018-02-19,0.0,25.0,30.31,21.35,71.31,3.06,Chennai
2018-02-20,0.0,25.12,30.6,21.35,72.55,3.61,Chennai
2018-02-21,0.0,25.07,30.67,21.08,71.04,3.57,Chennai
2018-02-22,0.0,24.96,30.83,20.65,68.48,3.1,Chennai
2018-02-23,0.0,24.94,30.74,20.9,68.1,3.14,Chennai
2018-02-24,0.0,25.16,30.69,21.32,68.46,3.22,Chennai
2018-02-25,0.0,25.64,31.7,20.9,69.1,4.09,Chennai
2018-02-26,0.0,25.91,32.7,20.34,70.21,3.4,Chennai
2018-02-27,0.0,26.14,33.33,20.66,66.46,2.97,Chennai
2018-02-28,0.0,26.27,33.39,20.4,66.05,2.95,Chennai
2018-03-01,0.0,26.76,33.63,21.74,65.1,2.19,Chennai
2018-03-02,0.0,26.4,33.52,20.95,64.21,2.57,Chennai
2018-03-03,0.0,26.34,34.26,19.82,57.67,2.76,Chennai
2018-03-04,0.0,26.03,33.8,19.69,58.41,3.26,Chennai
2018-03-05,0.0,26.29,33.48,20.9,59.67,2.76,Chennai
2018-03-06,0.0,26.63,33.77,21.04,64.85,2.59,Chennai
2018-03-07,0.0,26.71,33.67,21.39,66.6,2.45,Chennai
2018-03-08,0.0,27.01,33.77,21.67,61.66,2.73,Chennai
2018-03-09,0.0,27.18,33.52,21.72,67.71,3.25,Chennai
2018-03-10,0.0,27.56,33.94,22.53,67.37,3.05,Chennai
2018-03-11,0.0,27.44,33.22,22.9,69.98,3.23,Chennai
2018-03-12,0.9,27.77,33.43,23.79,72.07,3.59,Chennai
2018-03-13,0.16,28.62,33.82,24.46,67.75,3.49,Chennai
2018-03-14,0.03,28.54,33.67,24.99,67.84,3.08,Chennai
2018-03-15,0.3,28.82,34.34,24.43,67.68,3.7,Chennai
2018-03-16,4.69,28.93,34.38,24.91,70.51,4.02,Chennai
2018-03-17,15.29,26.96,30.1,25.22,77.06,2.62,Chennai
2018-03-18,0.02,27.94,32.82,24.78,69.99,3.68,Chennai
2018-03-19,0.0,27.75,33.35,24.32,67.38,2.97,Chennai
2018-03-20,0.0,28.0,34.37,23.27,64.68,2.71,Chennai
2018-03-21,0.0,28.27,35.32,22.67,67.15,3.4,Chennai
2018-03-22,0.0,28.91,36.07,23.27,65.91,3.67,Chennai
2018-03-23,0.01,29.21,34.87,25.3,69.15,3.88,Chennai
2018-03-24,0.0,29.38,35.04,25.69,67.84,3.53,Chennai
2018-03-25,0.0,28.82,34.81,24.31,65.26,3.5,Chennai
2018-03-26,0.0,28.56,34.86,23.67,62.65,2.63,Chennai
2018-03-27,0.0,29.22,36.07,23.44,66.65,3.66,Chennai
2018-03-28,0.0,29.91,36.31,25.59,70.42,4.43,Chennai
2018-03-29,0.0,30.26,36.55,25.46,67.4,4.99,Chennai
2018-03-30,0.0,29.91,35.82,26.36,69.56,5.41,Chennai
2018-03-31,0.03,29.71,34.7,26.08,72.4,4.52,Chennai
2018-04-01,0.11,29.7,35.11,25.98,71.76,4.65,Chennai
2018-04-02,0.12,29.71,35.48,25.53,67.89,3.91,Chennai
2018-04-03,0.08,29.59,35.41,25.23,66.56,3.65,Chennai
2018-04-04,0.03,29.7,35.75,24.81,65.21,3.68,Chennai
2018-04-05,0.0,29.63,35.43,25.05,64.13,4.22,Chennai
2018-04-06,0.01,29.88,35.81,24.91,64.39,3.97,Chennai
2018-04-07,0.04,30.01,35.97,25.44,66.09,3.8,Chennai
2018-04-08,0.09,29.95,36.01,25.39,64.9,4.23,Chennai
2018-04-09,0.12,29.84,35.17,26.11,62.91,3.71,Chennai
2018-04-10,0.03,30.02,35.22,26.48,66.23,4.04,Chennai
2018-04-11,0.02,30.43,35.75,26.86,64.35,3.35,Chennai
2018-04-12,0.02,30.79,36.91,26.38,63.16,3.57,Chennai
2018-04-13,0.05,31.14,36.85,26.9,63.08,3.92,Chennai
2018-04-14,0.08,31.2,36.46,27.73,63.4,4.17,Chennai
2018-04-15,0.05,31.36,36.16,27.53,62.3,4.25,Chennai
2018-04-16,0.04,31.53,36.93,27.46,62.47,3.43,Chennai
2018-04-17,0.0,31.29,36.6,27.44,60.93,3.96,Chennai
2018-04-18,0.0,31.94,38.57,26.76,58.6,4.74,Chennai
2018-04-19,0.01,31.94,38.44,27.04,60.98,5.8,Chennai
2018-04-20,0.08,31.97,38.05,27.28,62.5,5.28,Chennai
2018-04-21,0.08,31.39,36.86,27.82,65.0,5.83,Chennai
2018-04-22,0.09,31.92,38.23,27.25,61.48,5.18,Chennai
2018-04-23,0.11,31.34,36.98,27.45,65.62,4.8,Chennai
2018-04-24,0.03,31.49,37.91,27.08,63.22,5.22,Chennai
2018-04-25,0.2,31.45,37.92,26.49,64.1,4.83,Chennai
2018-04-26,0.03,31.58,37.56,27.53,64.98,5.21,Chennai
2018-04-27,0.0,31.18,35.84,27.81,66.01,4.29,Chennai
2018-04-28,0.0,31.48,36.65,27.48,61.72,4.53,Chennai
2018-04-29,0.01,31.55,37.4,27.54,65.82,5.07,Chennai
2018-04-30,0.04,32.05,37.32,28.09,65.93,5.98,Chennai
2018-05-01,0.49,31.97,37.04,28.84,67.84,6.35,Chennai
2018-05-02,2.08,31.23,34.99,28.94,71.31,4.64,Chennai
2018-05-03,4.27,30.59,33.54,28.57,74.66,4.33,Chennai
2018-05-04,4.9,29.6,32.41,27.47,76.51,3.17,Chennai
2018-05-05,0.04,30.34,34.55,27.27,71.51,4.13,Chennai
2018-05-06,0.09,30.27,33.78,27.5,71.9,4.12,Chennai
2018-05-07,0.12,30.59,34.35,27.03,68.82,4.48,Chennai
2018-05-08,0.88,30.33,33.68,27.58,71.66,4.68,Chennai
2018-05-09,0.22,31.09,35.57,26.96,65.77,5.58,Chennai
2018-05-10,0.14,31.19,36.06,27.51,61.89,6.0,Chennai
2018-05-11,0.24,31.35,35.65,27.48,65.08,5.0,Chennai
2018-05-12,0.17,31.52,36.57,27.82,67.11,4.99,Chennai
2018-05-13,0.28,31.43,36.06,27.89,66.51,4.89,Chennai
2018-05-14,0.1,31.29,36.0,28.14,67.12,4.05,Chennai
2018-05-15,0.03,30.37,34.25,27.31,59.92,3.02,Chennai
2018-05-16,0.09,31.34,37.45,25.96,55.05,4.14,Chennai
2018-05-17,0.24,31.81,37.22,27.8,62.33,4.55,Chennai
2018-05-18,0.04,32.41,38.28,28.03,59.11,4.79,Chennai
2018-05-19,1.08,31.84,36.89,28.61,63.16,4.89,Chennai
2018-05-20,3.33,30.88,35.27,27.65,70.46,3.98,Chennai
2018-05-21,0.37,30.84,34.44,28.33,71.23,3.82,Chennai
2018-05-22,0.22,31.0,35.47,27.16,64.77,3.53,Chennai
2018-05-23,0.07,30.92,35.49,27.59,66.59,3.55,Chennai
2018-05-24,0.04,31.41,37.27,27.59,64.28,3.59,Chennai
2018-05-25,0.3,30.28,33.69,28.14,68.18,2.78,Chennai
2018-05-26,0.09,30.31,33.65,27.34,67.17,3.57,Chennai
2018-05-27,0.05,30.83,34.39,27.64,68.68,4.66,Chennai
2018-05-28,0.04,30.94,33.86,28.14,69.06,5.69,Chennai
2018-05-29,0.04,32.57,38.07,28.01,60.3,4.25,Chennai
2018-05-30,0.29,32.87,37.74,29.2,60.72,3.92,Chennai
2018-05-31,0.41,32.22,35.96,29.18,68.05,3.78,Chennai
2018-06-01,2.73,32.12,35.61,29.42,66.56,2.18,Chennai
2018-06-02,11.48,30.28,33.37,28.01,71.13,2.43,Chennai
2018-06-03,1.96,30.29,34.56,26.88,71.15,3.19,Chennai
2018-06-04,1.24,29.68,33.18,27.29,72.68,4.76,Chennai
2018-06-05,0.63,30.61,35.74,26.61,70.02,3.48,Chennai
2018-06-06,8.9,29.77,33.52,27.47,73.37,2.57,Chennai
2018-06-07,17.19,29.82,34.59,26.41,72.58,4.37,Chennai
2018-06-08,0.37,30.56,36.12,26.14,62.75,6.02,Chennai
2018-06-09,0.44,30.78,36.13,26.72,62.78,6.9,Chennai
2018-06-10,0.17,31.15,37.01,25.51,59.88,6.07,Chennai
2018-06-11,0.03,31.18,35.57,27.34,64.64,6.52,Chennai
2018-06-12,0.19,31.08,35.4,27.19,65.12,5.44,Chennai
2018-06-13,0.03,31.27,35.99,27.06,62.98,5.18,Chennai
2018-06-14,0.02,31.11,35.25,27.51,62.67,4.57,Chennai
2018-06-15,7.17,31.18,36.96,26.44,59.07,3.57,Chennai
2018-06-16,1.31,30.3,36.4,25.86,58.15,4.25,Chennai
2018-06-17,1.36,30.69,37.18,24.76,55.26,4.89,Chennai
2018-06-18,0.65,31.23,37.23,26.19,54.35,5.2,Chennai
2018-06-19,0.51,31.13,36.79,25.77,58.58,4.89,Chennai
2018-06-20,0.24,30.46,35.2,26.75,66.17,3.98,Chennai
2018-06-21,0.15,30.22,33.89,26.75,65.14,4.63,Chennai
2018-06-22,0.11,30.33,34.39,26.94,63.46,3.55,Chennai
2018-06-23,0.53,30.56,34.63,26.94,63.38,2.98,Chennai
2018-06-24,0.84,30.83,35.7,27.21,62.1,3.3,Chennai
2018-06-25,1.02,30.59,35.76,26.56,59.9,3.69,Chennai
2018-06-26,0.96,30.96,37.26,26.42,57.32,3.81,Chennai
2018-06-27,2.25,30.7,36.52,26.38,61.4,4.13,Chennai
2018-06-28,0.39,29.76,33.5,26.38,67.07,3.82,Chennai
2018-06-29,0.4,29.55,33.55,26.61,64.66,3.83,Chennai
2018-06-30,0.59,28.66,31.45,26.75,65.2,3.01,Chennai
2018-07-01,3.13,29.32,32.98,26.21,66.31,2.4,Chennai
2018-07-02,4.72,30.09,34.67,26.62,66.65,2.97,Chennai
2018-07-03,19.16,28.69,33.19,25.77,73.99,3.56,Chennai
2018-07-04,0.7,29.96,35.56,25.59,65.27,3.5,Chennai
2018-07-05,0.4,30.26,35.81,25.44,64.12,3.71,Chennai
2018-07-06,0.21,30.42,35.45,26.41,61.72,4.41,Chennai
2018-07-07,0.03,29.81,34.37,25.99,62.49,4.56,Chennai
2018-07-08,0.2,29.98,35.45,25.77,61.23,5.87,Chennai
2018-07-09,0.57,30.14,35.55,26.12,60.76,5.73,Chennai
2018-07-10,5.69,29.09,33.01,25.75,67.9,5.71,Chennai
2018-07-11,7.06,28.98,34.42,24.79,67.73,5.49,Chennai
2018-07-12,5.17,29.47,34.67,25.08,68.87,5.32,Chennai
2018-07-13,7.11,29.13,34.25,25.88,65.62,6.25,Chennai
2018-07-14,3.34,29.48,34.81,25.34,67.04,6.03,Chennai
2018-07-15,0.15,30.77,35.92,26.09,62.37,6.04,Chennai
2018-07-16,0.0,30.48,35.77,26.17,59.89,7.29,Chennai
2018-07-17,0.1,30.73,36.14,26.07,58.58,6.36,Chennai
2018-07-18,0.05,30.59,35.42,26.28,59.97,5.75,Chennai
2018-07-19,0.38,30.5,35.05,26.92,63.21,5.11,Chennai
2018-07-20,0.15,30.15,34.44,26.6,63.17,5.61,Chennai
2018-07-21,0.14,30.32,35.06,26.51,61.92,6.12,Chennai
2018-07-22,0.0,30.63,36.5,26.2,62.35,4.23,Chennai
2018-07-23,0.89,30.8,35.43,27.04,61.17,3.89,Chennai
2018-07-24,0.62,30.89,36.16,26.7,63.42,4.06,Chennai
2018-07-25,0.42,30.79,36.32,27.2,63.22,4.02,Chennai
2018-07-26,1.77,30.83,37.02,26.5,64.73,4.13,Chennai
2018-07-27,0.16,31.04,36.35,26.95,61.88,3.79,Chennai
2018-07-28,0.06,31.11,36.41,27.5,60.46,3.81,Chennai
2018-07-29,0.99,31.41,35.61,28.22,60.45,4.3,Chennai
2018-07-30,1.46,30.55,34.24,27.89,64.53,3.66,Chennai
2018-07-31,3.76,30.57,34.82,27.33,62.78,4.35,Chennai
2018-08-01,1.29,30.89,36.43,25.92,59.85,4.97,Chennai
2018-08-02,1.9,30.74,35.85,26.19,62.67,3.92,Chennai
2018-08-03,1.92,30.28,35.48,26.06,65.14,3.46,Chennai
2018-08-04,10.12,30.21,35.43,26.2,65.39,2.81,Chennai
2018-08-05,4.87,29.07,33.09,26.04,70.72,3.3,Chennai
2018-08-06,0.56,30.49,35.61,26.29,61.44,5.01,Chennai
2018-08-07,1.87,29.98,35.24,25.62,60.66,5.52,Chennai
2018-08-08,2.24,30.1,35.33,25.81,63.13,4.66,Chennai
2018-08-09,6.36,29.63,34.72,25.59,68.15,4.17,Chennai
2018-08-10,2.0,29.06,33.16,25.68,66.59,4.48,Chennai
2018-08-11,4.18,28.41,32.25,25.25,69.22,4.82,Chennai
2018-08-12,1.61,28.85,34.07,25.78,66.67,5.62,Chennai
2018-08-13,0.88,29.75,34.84,25.21,62.17,5.56,Chennai
2018-08-14,17.88,28.54,33.17,25.6,69.94,5.15,Chennai
2018-08-15,18.8,27.67,30.56,25.63,81.21,5.21,Chennai
2018-08-16,3.1,29.54,34.96,25.63,70.45,5.48,Chennai
2018-08-17,1.36,30.05,35.48,25.43,66.09,4.05,Chennai
2018-08-18,0.52,30.13,35.06,25.39,62.72,4.71,Chennai
2018-08-19,0.36,30.16,34.84,26.27,62.37,4.93,Chennai
2018-08-20,0.01,30.7,35.98,25.99,59.38,5.2,Chennai
2018-08-21,0.07,31.14,37.54,25.75,58.84,4.12,Chennai
2018-08-22,0.04,30.65,35.99,26.16,61.14,3.38,Chennai
2018-08-23,0.68,30.87,36.42,26.77,65.98,3.49,Chennai
2018-08-24,4.52,30.24,34.79,26.75,68.22,2.98,Chennai
2018-08-25,6.7,29.78,33.39,26.81,68.35,2.96,Chennai
2018-08-26,2.12,29.69,34.79,25.98,68.67,2.63,Chennai
2018-08-27,6.51,29.65,34.62,26.08,68.83,3.12,Chennai
2018-08-28,5.99,29.71,35.62,25.16,69.64,3.74,Chennai
2018-08-29,3.86,29.6,35.22,25.45,70.65,3.36,Chennai
2018-08-30,6.77,30.04,35.62,25.92,67.69,3.6,Chennai
2018-08-31,8.02,27.76,30.22,26.09,78.54,3.66,Chennai
2018-09-01,9.18,28.21,32.47,25.77,76.34,4.03,Chennai
2018-09-02,0.71,29.09,34.31,25.29,70.06,3.16,Chennai
2018-09-03,0.18,29.39,34.24,25.89,68.51,3.1,Chennai
2018-09-04,0.86,29.15,33.83,25.37,70.53,3.46,Chennai
2018-09-05,0.34,29.37,34.58,25.82,70.42,3.28,Chennai
2018-09-06,0.03,29.93,35.84,25.42,66.18,3.37,Chennai
2018-09-07,0.03,30.54,36.81,25.84,62.64,3.61,Chennai
2018-09-08,0.08,30.48,36.58,26.55,63.81,3.38,Chennai
2018-09-09,0.42,30.06,34.37,26.68,66.97,3.23,Chennai
2018-09-10,0.94,28.34,31.13,26.41,73.13,2.77,Chennai
2018-09-11,2.5,29.38,34.47,26.04,71.76,3.61,Chennai
2018-09-12,2.05,29.71,34.98,25.88,71.91,3.67,Chennai
2018-09-13,2.21,29.7,34.51,26.2,70.99,3.95,Chennai
2018-09-14,5.4,29.61,34.44,25.75,73.07,3.32,Chennai
2018-09-15,9.36,29.65,34.62,26.14,72.44,3.57,Chennai
2018-09-16,21.44,26.85,28.31,25.78,85.32,3.73,Chennai
2018-09-17,28.47,26.56,28.63,25.18,85.84,3.61,Chennai
2018-09-18,16.75,27.31,30.41,24.7,79.28,3.03,Chennai
2018-09-19,1.53,27.74,31.22,25.03,76.79,3.97,Chennai
2018-09-20,0.63,28.09,31.73,24.87,75.24,3.16,Chennai
2018-09-21,2.39,28.9,33.67,24.89,73.63,3.51,Chennai
2018-09-22,1.04,28.56,32.56,25.68,76.88,2.67,Chennai
2018-09-23,0.12,27.81,30.73,25.72,81.35,2.75,Chennai
2018-09-24,0.01,28.04,31.86,25.41,78.07,2.23,Chennai
2018-09-25,0.0,27.63,30.67,25.09,80.44,2.21,Chennai
2018-09-26,0.01,27.96,31.64,25.41,78.39,2.49,Chennai
2018-09-27,0.06,28.24,32.21,25.53,76.17,2.56,Chennai
2018-09-28,0.26,28.37,32.36,25.61,74.94,2.36,Chennai
2018-09-29,0.31,28.41,32.04,25.59,76.47,2.55,Chennai
2018-09-30,1.4,28.75,32.48,25.9,76.08,2.75,Chennai
2018-10-01,2.42,28.34,31.05,26.51,79.57,2.77,Chennai
2018-10-02,1.41,28.44,31.29,26.62,77.27,2.63,Chennai
2018-10-03,12.43,27.89,29.97,26.32,81.24,2.48,Chennai
2018-10-04,29.57,27.22,29.27,25.73,83.92,2.51,Chennai
2018-10-05,25.88,26.99,28.68,25.5,86.12,2.43,Chennai
2018-10-06,8.08,27.32,29.24,25.84,85.56,2.78,Chennai
2018-10-07,1.66,27.63,30.0,25.65,81.1,3.19,Chennai
2018-10-08,3.54,27.37,29.44,25.58,83.86,3.28,Chennai
2018-10-09,0.43,27.75,31.13,25.15,78.02,2.83,Chennai
2018-10-10,0.0,28.54,33.52,23.69,65.73,3.35,Chennai
2018-10-11,0.0,28.48,35.0,22.4,63.73,2.68,Chennai
2018-10-12,0.02,28.41,33.9,23.74,72.28,3.68,Chennai
2018-10-13,0.32,28.23,31.82,25.36,80.77,4.9,Chennai
2018-10-14,5.02,28.24,31.76,25.47,80.53,3.63,Chennai
2018-10-15,2.09,28.03,31.11,25.67,80.54,2.73,Chennai
2018-10-16,1.36,27.59,29.61,25.98,79.61,1.85,Chennai
2018-10-17,12.69,27.07,28.93,25.33,79.51,2.45,Chennai
2018-10-18,12.45,26.52,28.65,24.9,79.22,1.6,Chennai
2018-10-19,8.48,26.74,30.32,23.96,77.67,2.48,Chennai
2018-10-20,1.23,27.16,30.52,24.48,74.73,3.37,Chennai
2018-10-21,4.37,27.11,30.39,24.96,78.76,4.17,Chennai
2018-10-22,0.0,26.92,31.05,24.34,75.94,3.7,Chennai
2018-10-23,0.0,26.55,31.12,23.12,75.72,3.14,Chennai
2018-10-24,0.0,26.74,31.37,23.44,76.02,3.08,Chennai
2018-10-25,0.0,27.16,31.41,23.76,77.17,4.11,Chennai
2018-10-26,0.0,27.48,31.55,24.61,74.51,5.02,Chennai
2018-10-27,0.0,27.26,31.47,24.33,70.36,5.5,Chennai
2018-10-28,0.0,27.09,31.75,23.61,69.74,5.83,Chennai
2018-10-29,1.23,27.42,31.95,23.82,75.14,6.02,Chennai
2018-10-30,6.43,27.44,30.94,25.02,82.22,5.72,Chennai
2018-10-31,9.51,27.22,30.3,25.46,81.99,4.83,Chennai
2018-11-01,17.28,26.42,28.73,25.03,84.95,3.99,Chennai
2018-11-02,4.98,26.81,29.59,24.9,83.11,3.37,Chennai
2018-11-03,6.07,26.99,29.6,25.29,82.28,3.91,Chennai
2018-11-04,2.73,27.45,30.76,25.25,79.87,3.93,Chennai
2018-11-05,0.34,27.51,31.16,25.17,76.67,3.82,Chennai
2018-11-06,0.2,27.33,31.42,24.3,76.07,3.39,Chennai
2018-11-07,0.0,26.44,30.81,23.19,74.21,3.8,Chennai
2018-11-08,0.68,26.66,30.69,23.72,77.24,3.84,Chennai
2018-11-09,0.52,26.73,30.93,23.87,76.87,3.92,Chennai
2018-11-10,0.04,26.82,31.16,23.49,75.13,3.65,Chennai
2018-11-11,0.01,26.7,31.04,23.32,72.24,3.77,Chennai
2018-11-12,0.0,26.54,31.72,23.24,70.59,4.33,Chennai
2018-11-13,0.0,25.99,32.24,21.26,68.09,4.29,Chennai
2018-11-14,0.26,26.44,32.32,21.42,72.93,4.43,Chennai
2018-11-15,7.49,27.11,30.66,24.44,81.61,7.1,Chennai
2018-11-16,8.41,27.38,30.31,25.44,82.3,4.5,Chennai
2018-11-17,4.04,27.46,31.15,25.14,78.05,1.8,Chennai
2018-11-18,0.45,27.43,30.94,25.11,79.71,2.46,Chennai
2018-11-19,0.45,27.44,30.63,25.25,80.28,3.85,Chennai
2018-11-20,2.73,26.91,28.76,25.67,80.69,5.3,Chennai
2018-11-21,78.67,25.67,26.88,24.92,88.42,6.1,Chennai
2018-11-22,50.28,25.5,26.92,24.52,86.33,5.68,Chennai
2018-11-23,7.81,26.38,29.03,24.69,84.67,4.46,Chennai
2018-11-24,0.0,25.95,28.97,23.84,81.39,3.73,Chennai
2018-11-25,0.0,25.27,28.35,22.94,79.62,3.47,Chennai
2018-11-26,0.01,24.41,28.24,21.68,74.58,4.04,Chennai
2018-11-27,0.08,24.36,28.07,21.66,74.04,3.79,Chennai
2018-11-28,0.97,25.11,28.75,22.1,78.06,4.33,Chennai
2018-11-29,6.86,25.6,28.76,23.59,79.23,4.5,Chennai
2018-11-30,1.43,25.12,28.61,22.69,79.39,4.26,Chennai
2018-12-01,0.04,24.44,28.34,21.47,77.54,3.88,Chennai
2018-12-02,0.19,24.93,28.72,22.19,78.37,3.98,Chennai
2018-12-03,5.46,25.45,28.97,22.3,83.07,4.59,Chennai
2018-12-04,23.09,25.81,27.62,24.31,89.55,4.1,Chennai
2018-12-05,11.32,26.17,28.6,24.47,86.12,3.83,Chennai
2018-12-06,1.55,26.0,28.98,24.13,82.52,3.04,Chennai
2018-12-07,0.17,25.86,28.87,23.64,82.33,3.76,Chennai
2018-12-08,0.01,25.73,28.91,23.48,81.58,3.96,Chennai
2018-12-09,0.0,25.12,28.65,22.35,82.82,3.75,Chennai
2018-12-10,0.0,24.97,28.69,22.5,79.28,3.33,Chennai
2018-12-11,0.0,24.77,28.53,22.2,81.26,3.3,Chennai
2018-12-12,0.0,24.9,29.33,21.6,81.93,3.36,Chennai
2018-12-13,0.01,24.87,29.29,22.04,82.59,3.56,Chennai
2018-12-14,0.09,25.37,28.75,22.67,81.83,5.61,Chennai
2018-12-15,0.07,25.32,28.06,22.65,77.83,8.26,Chennai
2018-12-16,0.78,21.8,22.99,20.73,85.04,9.58,Chennai
2018-12-17,0.01,24.39,30.7,20.18,72.62,4.78,Chennai
2018-12-18,0.0,23.6,28.08,20.2,76.57,3.58,Chennai
2018-12-19,0.0,23.32,27.56,20.01,77.97,4.46,Chennai
2018-12-20,0.0,24.42,28.52,21.01,81.57,4.27,Chennai
2018-12-21,0.25,25.17,28.57,22.49,81.62,5.99,Chennai
2018-12-22,9.28,25.19,28.07,23.33,83.81,5.55,Chennai
2018-12-23,3.16,25.32,28.6,23.4,82.23,4.95,Chennai
2018-12-24,0.04,25.0,28.7,22.43,79.43,4.32,Chennai
2018-12-25,0.0,24.37,28.64,21.14,79.56,3.61,Chennai
2018-12-26,0.0,24.33,28.99,21.09,78.41,2.55,Chennai
2018-12-27,0.0,24.87,29.82,21.24,77.19,2.2,Chennai
2018-12-28,0.15,24.96,28.36,22.77,79.36,2.41,Chennai
2018-12-29,0.16,24.4,28.29,21.38,78.27,4.5,Chennai
2018-12-30,0.03,23.66,27.42,20.31,78.78,5.13,Chennai
2018-12-31,0.0,23.14,27.3,19.82,68.26,4.95,Chennai
2019-01-01,0.0,22.22,27.1,18.61,69.45,4.23,Chennai
2019-01-02,0.0,22.74,27.76,18.9,72.73,4.19,Chennai
2019-01-03,0.0,23.23,28.03,20.06,72.39,4.14,Chennai
2019-01-04,0.0,23.08,27.94,19.64,72.75,4.31,Chennai
2019-01-05,0.0,23.14,27.94,19.43,72.64,4.01,Chennai
2019-01-06,0.0,23.09,27.71,19.43,73.77,3.64,Chennai
2019-01-07,0.0,23.64,28.62,20.23,75.06,3.69,Chennai
2019-01-08,0.0,23.01,28.76,18.69,75.19,3.35,Chennai
2019-01-09,0.0,23.18,28.66,18.85,73.49,3.03,Chennai
2019-01-10,0.0,23.54,28.4,20.05,74.62,3.86,Chennai
2019-01-11,0.01,23.69,28.49,20.56,72.14,3.96,Chennai
2019-01-12,0.0,23.22,28.22,19.46,73.18,4.47,Chennai
2019-01-13,0.01,23.33,28.47,18.88,74.22,3.94,Chennai
2019-01-14,0.0,23.33,28.1,20.27,74.69,4.12,Chennai
2019-01-15,0.0,23.33,28.8,19.01,73.53,4.45,Chennai
2019-01-16,0.0,23.81,28.8,19.94,76.64,4.11,Chennai
2019-01-17,0.01,23.68,28.48,20.07,74.42,3.76,Chennai
2019-01-18,0.0,23.5,28.41,20.05,73.19,3.86,Chennai
2019-01-19,0.0,23.3,28.41,19.78,71.94,3.69,Chennai
2019-01-20,0.0,23.27,28.71,19.49,71.55,3.81,Chennai
2019-01-21,0.0,23.43,28.79,19.43,71.85,3.4,Chennai
2019-01-22,0.0,23.68,28.78,20.0,72.03,2.92,Chennai
2019-01-23,0.0,24.62,30.02,20.81,74.0,3.34,Chennai
2019-01-24,0.0,25.03,30.48,21.36,74.85,3.13,Chennai
2019-01-25,0.0,25.52,30.13,21.98,77.85,3.56,Chennai
2019-01-26,0.05,25.84,29.93,22.94,75.68,3.91,Chennai
2019-01-27,0.06,25.74,29.84,23.29,73.14,3.79,Chennai
2019-01-28,0.71,24.93,27.9,22.8,72.48,3.81,Chennai
2019-01-29,0.26,24.8,28.75,22.18,73.39,5.07,Chennai
2019-01-30,0.02,24.45,29.23,21.23,73.51,5.12,Chennai
2019-01-31,0.0,24.31,29.09,20.35,71.74,4.58,Chennai
2019-02-01,0.0,24.54,29.37,20.92,70.36,4.17,Chennai
2019-02-02,0.0,24.91,30.19,20.79,70.95,3.99,Chennai
2019-02-03,0.0,25.21,30.46,20.93,71.86,4.23,Chennai
2019-02-04,0.0,26.06,30.79,22.95,70.88,5.08,Chennai
2019-02-05,0.0,25.86,30.52,22.78,70.1,4.61,Chennai
2019-02-06,0.0,25.83,31.37,21.69,68.19,3.5,Chennai
2019-02-07,0.0,26.15,31.55,22.16,68.11,3.15,Chennai
2019-02-08,0.03,27.0,32.74,22.84,71.02,3.04,Chennai
2019-02-09,0.02,27.52,32.97,23.84,71.55,3.01,Chennai
2019-02-10,0.04,27.0,31.48,24.38,73.6,3.55,Chennai
2019-02-11,0.0,26.82,31.09,24.31,72.47,5.28,Chennai
2019-02-12,0.0,26.16,30.84,23.12,70.21,5.09,Chennai
2019-02-13,0.0,25.75,30.79,22.4,72.22,4.7,Chennai
2019-02-14,0.0,26.37,32.01,22.13,72.29,3.92,Chennai
2019-02-15,0.0,26.73,32.56,22.76,69.77,3.06,Chennai
2019-02-16,0.0,27.66,33.45,23.51,69.41,3.51,Chennai
2019-02-17,0.0,28.67,34.44,24.65,67.14,3.18,Chennai
2019-02-18,0.0,28.81,34.27,24.5,70.12,3.56,Chennai
2019-02-19,0.0,28.38,33.61,24.93,70.82,3.97,Chennai
2019-02-20,0.0,27.65,32.78,23.97,69.94,4.09,Chennai
2019-02-21,0.0,27.19,32.25,23.4,67.59,3.94,Chennai
2019-02-22,0.0,26.6,32.95,22.35,64.24,3.01,Chennai
2019-02-23,0.0,26.77,33.98,20.96,60.33,2.88,Chennai
2019-02-24,0.0,27.07,34.0,21.77,65.79,3.15,Chennai
2019-02-25,0.0,27.18,34.35,21.41,67.43,4.14,Chennai
2019-02-26,0.01,27.68,34.31,22.54,70.4,4.73,Chennai
2019-02-27,0.06,28.58,34.61,24.83,69.44,5.23,Chennai
2019-02-28,1.48,28.76,33.79,25.88,71.21,4.81,Chennai
2019-03-01,0.37,28.61,33.45,25.41,70.92,4.41,Chennai
2019-03-02,0.0,28.31,33.03,25.2,65.2,4.22,Chennai
2019-03-03,0.0,28.47,34.04,24.71,64.07,3.58,Chennai
2019-03-04,0.0,28.79,34.91,24.19,64.31,4.35,Chennai
2019-03-05,0.0,29.9,37.51,24.64,62.77,4.93,Chennai
2019-03-06,0.0,30.45,37.47,25.26,64.73,4.74,Chennai
2019-03-07,0.01,30.34,36.59,26.1,68.53,5.7,Chennai
2019-03-08,0.0,30.04,35.23,26.75,68.04,4.88,Chennai
2019-03-09,0.01,29.97,34.88,26.8,65.12,4.21,Chennai
2019-03-10,0.0,29.49,35.52,25.41,64.56,4.49,Chennai
2019-03-11,0.0,29.22,35.37,24.88,63.95,4.05,Chennai
2019-03-12,0.0,29.02,35.72,23.62,61.79,4.2,Chennai
2019-03-13,0.0,28.71,35.58,22.89,59.9,3.51,Chennai
2019-03-14,0.0,29.32,36.14,23.12,56.56,3.55,Chennai
2019-03-15,0.0,28.92,35.53,23.29,57.16,3.59,Chennai
2019-03-16,0.0,28.75,34.89,23.98,62.93,3.42,Chennai
2019-03-17,0.01,28.47,34.39,24.31,61.2,3.43,Chennai
2019-03-18,0.0,28.5,34.58,23.99,61.24,4.03,Chennai
2019-03-19,0.0,29.04,35.53,23.67,61.85,4.37,Chennai
2019-03-20,0.0,29.13,35.25,24.8,65.01,5.09,Chennai
2019-03-21,0.0,28.85,35.33,23.49,60.21,4.36,Chennai
2019-03-22,0.0,29.26,35.64,24.25,64.06,4.64,Chennai
2019-03-23,0.0,29.97,36.96,24.65,62.25,4.01,Chennai
2019-03-24,0.0,29.96,37.04,24.56,62.17,4.03,Chennai
2019-03-25,0.0,29.89,36.39,24.45,59.95,3.42,Chennai
2019-03-26,0.0,29.86,36.15,24.98,60.58,3.93,Chennai
2019-03-27,0.0,29.62,36.5,24.19,57.93,3.51,Chennai
2019-03-28,0.0,29.82,37.22,23.9,58.43,3.66,Chennai
2019-03-29,0.0,30.16,37.38,24.3,60.34,3.97,Chennai
2019-03-30,0.0,30.52,37.37,24.84,58.52,4.63,Chennai
2019-03-31,0.0,30.95,38.36,25.18,60.95,4.64,Chennai
2019-04-01,0.0,30.6,37.53,25.42,62.75,5.22,Chennai
2019-04-02,0.0,30.11,36.51,25.29,65.86,5.19,Chennai
2019-04-03,0.0,29.77,35.87,25.34,65.34,4.63,Chennai
2019-04-04,0.0,30.01,36.3,25.1,65.82,4.7,Chennai
2019-04-05,0.0,30.54,37.23,25.24,64.71,3.88,Chennai
2019-04-06,0.0,30.44,37.41,24.89,62.68,4.17,Chennai
2019-04-07,0.0,30.48,37.37,25.38,63.81,5.0,Chennai
2019-04-08,0.0,30.76,36.72,26.68,65.91,5.32,Chennai
2019-04-09,0.0,30.81,36.49,26.59,68.02,4.9,Chennai
2019-04-10,0.0,30.87,37.02,26.06,65.47,4.43,Chennai
2019-04-11,0.02,30.7,36.82,25.84,63.75,4.29,Chennai
2019-04-12,0.02,31.01,38.01,25.43,61.99,4.12,Chennai
2019-04-13,0.02,30.89,37.66,25.49,62.23,4.26,Chennai
2019-04-14,0.0,31.33,38.44,24.9,58.06,4.1,Chennai
2019-04-15,0.0,30.87,37.95,24.94,58.66,4.32,Chennai
2019-04-16,0.0,30.91,38.13,24.81,61.45,4.51,Chennai
2019-04-17,0.0,31.76,37.68,26.39,59.23,4.69,Chennai
2019-04-18,0.03,31.63,36.8,28.11,64.83,4.38,Chennai
2019-04-19,0.04,31.33,36.83,27.46,66.35,4.72,Chennai
2019-04-20,0.18,31.77,37.07,27.94,62.85,4.02,Chennai
2019-04-21,0.44,31.93,37.76,27.61,61.59,4.68,Chennai
2019-04-22,0.64,31.91,37.64,27.75,60.37,3.97,Chennai
2019-04-23,0.21,31.78,37.48,27.45,56.25,3.49,Chennai
2019-04-24,0.01,31.91,37.68,27.6,52.37,3.15,Chennai
2019-04-25,0.01,31.89,37.84,27.43,54.79,3.21,Chennai
2019-04-26,0.0,31.99,38.31,26.87,59.57,4.05,Chennai
2019-04-27,0.0,31.93,37.85,27.53,63.8,4.71,Chennai
2019-04-28,0.03,31.8,36.9,27.99,63.53,4.19,Chennai
2019-04-29,0.03,31.91,36.68,28.26,64.05,4.08,Chennai
2019-04-30,0.1,33.1,39.99,28.18,58.44,3.22,Chennai
2019-05-01,1.35,31.6,34.45,29.79,62.26,3.39,Chennai
2019-05-02,0.37,33.52,40.39,28.85,55.32,4.67,Chennai
2019-05-03,0.07,33.98,41.42,28.52,51.26,4.71,Chennai
2019-05-04,0.43,32.79,37.41,29.66,56.12,3.66,Chennai
2019-05-05,4.38,32.92,38.83,29.24,59.59,4.59,Chennai
2019-05-06,1.6,32.32,38.43,28.0,64.49,5.24,Chennai
2019-05-07,0.62,31.96,36.84,28.44,66.22,5.6,Chennai
2019-05-08,0.18,30.98,34.43,28.43,64.76,6.36,Chennai
2019-05-09,0.67,32.92,40.62,27.62,57.84,5.37,Chennai
2019-05-10,0.63,32.11,37.64,28.36,66.33,5.17,Chennai
2019-05-11,0.01,31.21,36.65,27.81,70.21,5.23,Chennai
2019-05-12,0.01,31.4,37.54,27.37,69.38,5.05,Chennai
2019-05-13,0.06,31.26,36.81,27.69,69.72,4.62,Chennai
2019-05-14,0.12,31.77,36.76,27.93,66.95,3.74,Chennai
2019-05-15,0.23,31.58,36.18,28.3,66.82,3.87,Chennai
2019-05-16,0.17,31.08,35.24,28.11,72.03,4.13,Chennai
2019-05-17,0.01,31.7,36.53,27.99,69.57,4.31,Chennai
2019-05-18,0.09,31.81,37.51,28.04,68.21,4.55,Chennai
2019-05-19,0.13,32.13,38.31,27.51,64.75,5.18,Chennai
2019-05-20,0.0,31.57,37.48,27.58,65.68,5.15,Chennai
2019-05-21,0.0,30.18,34.08,27.34,72.23,5.25,Chennai
2019-05-22,0.0,30.47,35.25,27.02,72.97,4.81,Chennai
2019-05-23,0.0,31.4,37.04,27.22,70.05,5.5,Chennai
2019-05-24,0.0,31.49,36.26,28.29,70.19,5.04,Chennai
2019-05-25,0.04,32.04,35.95,28.77,66.85,3.97,Chennai
2019-05-26,0.06,33.8,39.81,29.66,58.7,4.92,Chennai
2019-05-27,0.05,32.48,38.01,29.16,65.6,4.65,Chennai
2019-05-28,0.06,31.77,35.71,28.72,69.65,5.19,Chennai
2019-05-29,0.38,32.36,36.6,29.35,65.62,4.21,Chennai
2019-05-30,0.04,32.22,36.57,29.24,65.18,3.93,Chennai
2019-05-31,0.42,32.4,36.56,29.42,63.53,4.61,Chennai
2019-06-01,1.5,32.74,37.05,29.48,56.84,4.34,Chennai
2019-06-02,4.57,32.68,37.93,29.09,65.0,3.87,Chennai
2019-06-03,0.79,31.49,34.37,29.22,67.79,3.28,Chennai
2019-06-04,3.91,31.12,34.76,27.89,69.79,3.01,Chennai
2019-06-05,2.3,30.73,34.28,28.13,74.68,4.01,Chennai
2019-06-06,0.02,30.37,33.81,27.86,75.15,4.81,Chennai
2019-06-07,0.09,30.85,35.01,27.58,74.4,4.4,Chennai
2019-06-08,0.03,31.64,36.68,28.17,68.39,4.48,Chennai
2019-06-09,0.01,32.64,38.07,28.38,58.98,6.33,Chennai
2019-06-10,0.01,31.6,35.47,27.56,58.74,6.84,Chennai
2019-06-11,0.04,32.54,36.94,28.4,54.66,5.8,Chennai
2019-06-12,0.01,33.42,38.31,28.8,52.06,6.23,Chennai
2019-06-13,0.1,32.95,37.04,29.07,52.83,4.34,Chennai
2019-06-14,0.01,33.4,39.0,28.28,49.32,5.88,Chennai
2019-06-15,0.02,33.73,40.22,28.55,49.06,4.6,Chennai
2019-06-16,0.02,33.3,38.13,30.25,53.79,4.44,Chennai
2019-06-17,0.03,33.28,38.68,29.87,53.03,4.48,Chennai
2019-06-18,0.07,32.68,37.24,29.66,56.47,4.09,Chennai
2019-06-19,0.04,32.92,37.6,29.91,55.55,4.95,Chennai
2019-06-20,2.86,33.25,38.23,30.03,53.47,3.75,Chennai
2019-06-21,7.32,31.5,35.87,28.93,64.04,2.19,Chennai
2019-06-22,4.26,31.63,36.87,28.65,63.21,2.58,Chennai
2019-06-23,8.78,29.77,33.82,27.49,72.11,2.87,Chennai
2019-06-24,4.99,30.29,34.47,27.23,70.72,2.73,Chennai
2019-06-25,2.4,30.05,33.75,27.7,72.15,3.67,Chennai
2019-06-26,9.16,29.88,34.04,27.24,71.67,3.56,Chennai
2019-06-27,6.61,30.63,35.71,26.55,69.76,3.78,Chennai
2019-06-28,1.35,30.53,34.95,27.42,69.28,3.43,Chennai
2019-06-29,1.31,31.44,37.14,27.31,65.67,4.09,Chennai
2019-06-30,0.41,31.41,37.03,27.29,62.4,4.5,Chennai
2019-07-01,0.04,31.93,37.39,27.24,63.14,4.3,Chennai
2019-07-02,0.07,31.58,36.15,27.71,63.22,4.37,Chennai
2019-07-03,0.05,31.24,35.35,27.61,63.24,4.58,Chennai
2019-07-04,0.04,31.51,35.89,27.22,60.1,6.11,Chennai
2019-07-05,0.25,31.36,35.29,27.65,60.44,5.4,Chennai
2019-07-06,0.19,31.44,35.18,27.94,57.97,5.73,Chennai
2019-07-07,0.03,32.05,37.28,27.68,53.54,5.82,Chennai
2019-07-08,0.06,32.36,37.69,27.99,53.43,4.71,Chennai
2019-07-09,3.72,31.51,36.1,28.22,58.01,4.75,Chennai
2019-07-10,4.05,28.89,32.25,27.12,74.33,4.98,Chennai
2019-07-11,2.47,29.26,33.61,26.32,69.69,3.61,Chennai
2019-07-12,1.01,29.7,34.21,26.45,66.69,3.86,Chennai
2019-07-13,22.14,29.97,34.33,26.73,71.66,3.43,Chennai
2019-07-14,5.19,28.47,30.62,26.73,75.64,3.31,Chennai
2019-07-15,9.15,28.63,32.75,26.29,72.91,3.52,Chennai
2019-07-16,4.93,29.76,34.65,26.06,71.22,3.01,Chennai
2019-07-17,0.77,30.18,34.96,26.1,66.42,3.24,Chennai
2019-07-18,4.36,28.82,31.8,26.23,72.54,3.57,Chennai
2019-07-19,5.52,28.42,31.92,25.65,74.93,3.52,Chennai
2019-07-20,5.1,29.49,33.59,25.71,72.78,3.24,Chennai
2019-07-21,2.35,29.62,33.98,26.76,72.66,3.48,Chennai
2019-07-22,16.88,27.69,29.83,25.89,80.88,4.16,Chennai
2019-07-23,14.03,29.38,33.92,25.48,70.97,3.17,Chennai
2019-07-24,8.08,30.23,35.4,26.02,70.83,3.21,Chennai
2019-07-25,20.83,29.14,32.76,26.26,74.95,3.2,Chennai
2019-07-26,10.58,28.76,32.31,25.84,74.92,3.38,Chennai
2019-07-27,1.18,28.94,33.16,25.1,72.0,3.43,Chennai
2019-07-28,2.1,28.96,33.09,25.04,71.88,2.82,Chennai
2019-07-29,1.25,29.02,33.61,25.64,75.06,4.32,Chennai
2019-07-30,1.17,29.22,34.04,25.99,71.19,3.87,Chennai
2019-07-31,0.09,29.56,35.9,24.53,67.45,3.96,Chennai
2019-08-01,1.56,29.52,34.73,26.03,70.92,3.93,Chennai
2019-08-02,0.64,29.68,34.99,26.23,71.23,4.1,Chennai
2019-08-03,0.07,30.21,35.88,25.57,64.11,5.42,Chennai
2019-08-04,0.01,30.23,36.88,25.56,58.89,5.29,Chennai
2019-08-05,3.7,28.68,32.48,25.84,66.73,6.66,Chennai
2019-08-06,0.43,28.9,33.47,24.88,65.09,6.52,Chennai
2019-08-07,0.78,29.17,33.91,25.37,66.3,6.82,Chennai
2019-08-08,0.69,30.05,34.97,25.79,66.57,6.91,Chennai
2019-08-09,0.47,29.89,34.85,25.77,66.94,6.59,Chennai
2019-08-10,1.85,30.21,36.28,25.71,63.16,4.97,Chennai
2019-08-11,0.49,30.34,36.48,25.51,64.92,3.96,Chennai
2019-08-12,0.66,29.91,34.69,26.48,65.8,3.1,Chennai
2019-08-13,3.35,29.81,34.0,26.65,70.0,3.54,Chennai
2019-08-14,15.04,29.87,35.5,26.26,72.26,3.91,Chennai
2019-08-15,3.92,29.45,33.91,26.23,73.75,3.65,Chennai
2019-08-16,32.51,28.71,31.93,26.36,77.2,3.18,Chennai
2019-08-17,31.15,27.94,30.93,25.8,83.23,2.96,Chennai
2019-08-18,24.88,27.24,28.87,25.79,85.68,1.97,Chennai
2019-08-19,15.06,27.87,31.56,25.18,83.02,3.01,Chennai
2019-08-20,7.99,28.63,31.73,25.82,82.24,2.87,Chennai
2019-08-21,18.22,26.85,27.99,25.94,88.59,3.42,Chennai
2019-08-22,1.39,26.23,28.73,24.9,84.6,4.81,Chennai
2019-08-23,8.06,27.5,30.91,24.89,81.07,3.9,Chennai
2019-08-24,1.84,27.65,31.67,24.5,79.82,4.62,Chennai
2019-08-25,1.8,27.94,31.94,24.81,78.88,4.88,Chennai
2019-08-26,0.19,28.19,32.9,24.04,76.68,5.17,Chennai
2019-08-27,0.2,27.71,31.34,24.19,78.06,4.02,Chennai
2019-08-28,2.77,28.12,31.67,25.13,77.72,3.42,Chennai
2019-08-29,3.09,27.81,31.51,24.86,80.72,4.56,Chennai
2019-08-30,2.95,27.79,32.02,24.99,80.9,3.63,Chennai
2019-08-31,12.12,27.78,31.86,25.07,80.73,3.89,Chennai
2019-09-01,2.12,27.6,31.18,24.88,80.21,4.05,Chennai
2019-09-02,4.61,27.31,30.56,24.26,81.41,4.22,Chennai
2019-09-03,7.05,27.83,32.39,24.26,80.38,4.72,Chennai
2019-09-04,9.97,27.44,31.5,24.55,79.81,4.97,Chennai
2019-09-05,3.2,28.09,33.42,24.11,76.74,5.07,Chennai
2019-09-06,1.8,28.61,33.73,24.81,77.48,5.44,Chennai
2019-09-07,1.91,28.74,33.3,25.03,76.88,5.41,Chennai
2019-09-08,0.26,28.93,33.45,25.08,75.24,4.84,Chennai
2019-09-09,0.14,28.07,32.08,24.71,77.41,4.33,Chennai
2019-09-10,1.68,28.57,32.02,25.92,80.43,4.34,Chennai
2019-09-11,6.53,28.02,30.89,26.06,84.72,3.82,Chennai
2019-09-12,34.35,27.29,29.47,25.87,86.92,4.01,Chennai
2019-09-13,8.03,27.2,29.54,25.41,86.4,3.55,Chennai
2019-09-14,9.41,28.11,31.69,25.19,82.68,3.8,Chennai
2019-09-15,6.85,28.03,31.42,25.05,82.05,3.62,Chennai
2019-09-16,6.0,28.15,32.06,25.23,79.61,3.88,Chennai
2019-09-17,8.38,27.3,30.05,25.19,84.1,3.14,Chennai
2019-09-18,38.89,26.96,29.13,25.05,86.42,2.74,Chennai
2019-09-19,28.31,27.43,29.68,26.14,87.26,4.37,Chennai
2019-09-20,10.63,26.83,28.96,25.26,85.8,2.29,Chennai
2019-09-21,6.2,27.77,30.62,25.53,84.81,2.96,Chennai
2019-09-22,18.35,27.63,29.54,26.04,86.7,2.29,Chennai
2019-09-23,13.36,27.7,30.31,25.63,86.28,2.34,Chennai
2019-09-24,4.27,27.5,30.12,25.67,86.44,3.89,Chennai
2019-09-25,11.46,26.88,28.53,25.67,88.68,5.46,Chennai
2019-09-26,1.98,27.21,29.21,25.72,86.67,4.82,Chennai
2019-09-27,0.52,27.44,30.29,25.36,85.24,2.69,Chennai
2019-09-28,0.19,27.62,30.97,25.2,80.74,2.52,Chennai
2019-09-29,0.51,27.39,30.56,25.31,77.84,3.11,Chennai
2019-09-30,0.38,27.0,29.72,24.93,78.44,2.92,Chennai
2019-10-01,0.05,27.3,31.21,23.66,78.92,2.81,Chennai
2019-10-02,0.03,27.44,30.42,25.11,85.32,3.16,Chennai
2019-10-03,0.43,27.93,31.45,24.86,82.23,3.03,Chennai
2019-10-04,2.29,27.79,30.86,25.46,82.34,3.05,Chennai
2019-10-05,1.38,27.6,30.37,25.23,83.08,3.3,Chennai
2019-10-06,0.19,27.3,29.5,25.45,84.14,3.4,Chennai
2019-10-07,1.19,27.63,30.16,25.44,83.2,2.9,Chennai
2019-10-08,1.03,27.86,30.61,25.49,82.83,2.98,Chennai
2019-10-09,0.28,27.93,30.8,25.65,81.72,3.48,Chennai
2019-10-10,0.06,27.9,30.89,25.36,80.91,3.39,Chennai
2019-10-11,0.34,27.67,30.42,25.38,82.61,3.04,Chennai
2019-10-12,0.42,27.34,29.12,25.7,84.09,2.08,Chennai
2019-10-13,2.43,27.76,30.01,26.02,82.75,2.27,Chennai
2019-10-14,4.99,27.98,30.0,26.62,81.75,2.1,Chennai
2019-10-15,16.66,27.6,29.48,26.2,86.46,3.31,Chennai
2019-10-16,16.27,27.27,29.95,25.65,82.35,2.82,Chennai
2019-10-17,22.65,26.59,28.1,25.38,84.68,2.28,Chennai
2019-10-18,8.74,27.03,29.32,25.27,83.27,1.88,Chennai
2019-10-19,6.98,26.5,28.07,25.4,87.34,2.7,Chennai
2019-10-20,20.89,26.45,27.9,25.03,87.13,3.22,Chennai
2019-10-21,12.85,26.51,28.14,25.11,85.37,3.16,Chennai
2019-10-22,11.93,26.62,28.65,24.84,86.56,2.26,Chennai
2019-10-23,9.08,26.82,29.67,24.55,84.76,2.48,Chennai
2019-10-24,2.63,26.65,29.02,24.46,84.29,3.3,Chennai
2019-10-25,6.81,25.85,27.07,24.87,86.04,3.27,Chennai
2019-10-26,2.87,26.31,28.45,24.78,87.33,2.64,Chennai
2019-10-27,3.08,26.49,28.95,24.23,83.72,2.03,Chennai
2019-10-28,12.27,26.7,28.43,25.26,87.12,3.17,Chennai
2019-10-29,42.88,26.44,27.98,25.33,84.76,3.42,Chennai
2019-10-30,23.83,26.3,28.04,25.03,85.21,3.63,Chennai
2019-10-31,1.22,26.54,29.28,24.16,84.84,2.93,Chennai
2019-11-01,3.4,26.89,29.6,24.95,83.79,2.37,Chennai
2019-11-02,1.19,26.88,28.88,25.32,83.8,2.03,Chennai
2019-11-03,0.14,26.61,28.68,25.16,85.69,2.8,Chennai
2019-11-04,0.0,27.14,30.42,24.09,77.43,2.66,Chennai
2019-11-05,0.0,27.01,30.61,23.3,80.52,2.79,Chennai
2019-11-06,0.0,26.96,30.24,24.09,78.96,2.46,Chennai
2019-11-07,0.47,26.97,29.93,23.81,79.22,1.84,Chennai
2019-11-08,1.21,27.15,29.1,25.16,82.52,1.94,Chennai
2019-11-09,5.08,27.71,30.18,25.26,80.27,1.62,Chennai
2019-11-10,0.57,27.05,30.35,24.52,76.94,2.47,Chennai
2019-11-11,0.06,26.41,29.63,23.71,80.48,3.34,Chennai
2019-11-12,0.25,26.63,29.52,24.47,81.92,3.81,Chennai
2019-11-13,0.65,26.55,29.14,24.58,81.87,4.68,Chennai
2019-11-14,7.92,26.71,29.23,24.81,85.14,3.79,Chennai
2019-11-15,5.69,26.61,28.93,24.9,86.32,3.39,Chennai
2019-11-16,1.4,26.67,29.5,24.53,84.09,3.96,Chennai
2019-11-17,3.96,26.39,29.11,24.21,85.4,5.06,Chennai
2019-11-18,6.32,27.08,29.8,25.24,84.45,3.64,Chennai
2019-11-19,3.31,27.16,29.93,25.42,81.15,2.0,Chennai
2019-11-20,15.0,26.59,28.47,25.15,88.3,3.22,Chennai
2019-11-21,8.18,26.7,29.19,24.97,84.22,5.23,Chennai
2019-11-22,3.68,26.0,28.77,24.18,81.15,5.28,Chennai
2019-11-23,5.83,25.4,28.01,23.55,84.29,5.26,Chennai
2019-11-24,1.46,25.88,28.83,23.77,82.81,4.5,Chennai
2019-11-25,0.14,25.93,29.02,23.9,82.18,5.12,Chennai
2019-11-26,5.18,25.9,28.86,23.63,81.44,4.9,Chennai
2019-11-27,7.25,26.59,29.62,24.36,83.34,5.1,Chennai
2019-11-28,30.01,26.84,28.96,25.42,87.5,5.13,Chennai
2019-11-29,8.3,26.54,28.97,25.01,85.65,5.85,Chennai
2019-11-30,34.61,26.62,28.97,24.64,88.41,5.3,Chennai
2019-12-01,70.8,26.12,27.32,24.91,92.15,4.33,Chennai
2019-12-02,9.35,26.27,28.55,24.54,86.89,4.37,Chennai
2019-12-03,2.38,26.14,28.46,24.7,83.15,4.98,Chennai
2019-12-04,0.33,25.94,28.42,24.24,80.88,5.46,Chennai
2019-12-05,0.2,25.16,27.77,23.62,79.26,5.84,Chennai
2019-12-06,2.41,24.7,27.41,22.6,80.69,5.55,Chennai
2019-12-07,6.06,25.57,28.3,23.77,84.54,5.11,Chennai
2019-12-08,1.53,25.23,27.91,23.45,81.72,4.52,Chennai
2019-12-09,0.42,25.07,28.16,22.89,78.02,4.52,Chennai
2019-12-10,0.21,24.74,27.84,22.44,79.9,4.14,Chennai
2019-12-11,0.07,24.66,28.18,21.87,79.26,3.93,Chennai
2019-12-12,0.84,25.0,28.29,22.38,81.2,3.79,Chennai
2019-12-13,5.27,25.37,28.14,23.23,83.46,3.61,Chennai
2019-12-14,12.55,25.58,28.42,23.9,84.32,4.6,Chennai
2019-12-15,1.11,25.03,27.87,23.21,82.5,4.08,Chennai
2019-12-16,5.06,25.31,28.18,22.97,84.78,4.36,Chennai
2019-12-17,0.77,25.21,28.11,23.18,81.28,5.44,Chennai
2019-12-18,0.43,25.37,28.45,23.25,82.36,4.88,Chennai
2019-12-19,0.09,25.25,28.25,23.46,81.69,4.76,Chennai
2019-12-20,0.05,25.04,28.09,22.99,81.39,4.03,Chennai
2019-12-21,0.0,24.62,27.57,22.32,82.66,3.7,Chennai
2019-12-22,0.01,24.52,27.4,22.7,79.27,3.68,Chennai
2019-12-23,0.0,24.53,27.85,21.92,77.15,3.71,Chennai
2019-12-24,1.83,24.94,27.73,22.66,83.17,4.36,Chennai
2019-12-25,0.1,25.02,28.03,22.76,81.74,4.18,Chennai
2019-12-26,0.01,24.57,27.96,22.01,79.64,2.89,Chennai
2019-12-27,0.01,24.51,27.88,22.26,77.14,2.55,Chennai
2019-12-28,0.15,24.9,28.34,22.53,78.39,3.4,Chennai
2019-12-29,3.42,24.8,27.54,22.7,81.21,4.19,Chennai
2019-12-30,8.1,24.76,27.48,22.56,83.83,3.97,Chennai
2019-12-31,2.41,25.26,28.21,23.22,82.46,4.01,Chennai
2020-01-01,20.58,25.75,28.98,23.48,85.51,3.3,Chennai
2020-01-02,2.72,25.68,28.39,23.64,86.26,2.68,Chennai
2020-01-03,0.1,26.13,29.4,23.8,82.96,2.14,Chennai
2020-01-04,0.29,26.09,29.15,23.68,85.21,2.43,Chennai
2020-01-05,2.06,26.13,29.02,24.33,83.38,3.11,Chennai
2020-01-06,4.21,25.6,28.21,23.8,82.49,3.97,Chennai
2020-01-07,0.99,25.32,28.35,23.19,82.34,4.15,Chennai
2020-01-08,0.03,24.46,27.57,21.56,80.08,3.81,Chennai
2020-01-09,0.0,24.32,28.31,21.29,74.35,2.66,Chennai
2020-01-10,0.0,23.83,27.59,21.24,77.34,3.88,Chennai
2020-01-11,0.05,23.78,27.31,20.98,78.26,4.04,Chennai
2020-01-12,0.05,24.15,27.42,22.03,82.13,3.86,Chennai
2020-01-13,0.0,23.81,27.89,20.73,73.3,3.17,Chennai
2020-01-14,0.0,23.1,27.04,20.5,70.97,2.97,Chennai
2020-01-15,0.0,23.67,27.6,20.31,70.47,2.92,Chennai
2020-01-16,0.0,25.0,28.82,22.29,66.14,2.4,Chennai
2020-01-17,0.34,24.88,28.71,21.8,83.08,3.48,Chennai
2020-01-18,1.06,25.37,28.68,23.17,83.14,4.23,Chennai
2020-01-19,0.06,25.21,28.77,22.65,80.1,3.71,Chennai
2020-01-20,0.0,24.7,29.09,21.9,76.94,3.61,Chennai
2020-01-21,0.0,24.17,28.25,20.82,77.01,4.18,Chennai
2020-01-22,0.0,24.66,28.31,21.95,79.09,4.59,Chennai
2020-01-23,0.0,24.63,28.68,21.36,79.13,4.02,Chennai
2020-01-24,0.0,23.57,28.59,20.03,75.82,3.67,Chennai
2020-01-25,0.0,23.34,28.52,19.12,70.88,2.6,Chennai
2020-01-26,0.0,24.37,29.1,20.64,70.31,2.11,Chennai
2020-01-27,0.0,24.46,29.53,20.26,76.4,2.87,Chennai
2020-01-28,0.0,25.06,29.73,21.13,79.08,3.86,Chennai
2020-01-29,0.0,25.48,30.4,21.83,76.05,3.39,Chennai
2020-01-30,0.0,25.25,30.48,21.36,75.68,3.05,Chennai
2020-01-31,0.0,25.39,30.06,22.29,76.96,3.0,Chennai
2020-02-01,0.0,25.84,30.16,22.76,77.11,3.45,Chennai
2020-02-02,0.0,25.52,29.97,22.25,71.94,4.0,Chennai
2020-02-03,0.0,25.34,29.9,22.13,71.1,3.7,Chennai
2020-02-04,0.04,25.5,30.2,22.26,69.87,3.59,Chennai
2020-02-05,0.0,25.56,30.34,22.25,66.04,3.62,Chennai
2020-02-06,0.0,25.37,30.04,22.21,68.2,3.78,Chennai
2020-02-07,0.0,25.78,30.37,22.38,70.69,4.19,Chennai
2020-02-08,0.0,26.01,30.6,22.4,69.83,3.98,Chennai
2020-02-09,0.03,26.15,30.15,23.58,72.46,4.24,Chennai
2020-02-10,0.12,25.86,30.11,23.08,70.39,4.59,Chennai
2020-02-11,0.03,25.97,30.28,22.87,68.26,4.83,Chennai
2020-02-12,0.13,25.7,30.24,22.39,70.71,4.87,Chennai
2020-02-13,0.0,25.6,30.98,21.29,69.51,4.18,Chennai
2020-02-14,0.0,25.49,31.15,20.98,67.88,2.74,Chennai
2020-02-15,0.0,25.55,32.68,20.31,60.93,2.81,Chennai
2020-02-16,0.0,25.18,31.15,21.21,64.98,3.53,Chennai
2020-02-17,0.0,25.22,31.06,21.72,62.69,3.13,Chennai
2020-02-18,0.0,25.46,30.79,21.52,66.04,3.29,Chennai
2020-02-19,0.0,25.18,29.76,21.96,69.17,3.18,Chennai
2020-02-20,0.0,25.17,30.55,21.48,67.59,3.46,Chennai
2020-02-21,0.01,25.48,30.91,20.86,70.06,4.22,Chennai
2020-02-22,0.01,26.36,30.84,23.31,73.22,4.91,Chennai
2020-02-23,0.0,26.33,31.01,23.13,72.49,4.24,Chennai
2020-02-24,0.0,26.75,31.82,22.97,70.05,3.65,Chennai
2020-02-25,0.0,27.37,32.63,23.51,70.24,3.7,Chennai
2020-02-26,0.01,27.49,32.26,24.26,71.51,3.37,Chennai
2020-02-27,0.0,27.35,32.36,24.26,70.51,3.64,Chennai
2020-02-28,0.01,27.32,32.07,24.23,70.13,3.64,Chennai
2020-02-29,0.04,27.18,32.16,23.98,69.12,3.48,Chennai
2020-03-01,0.0,27.42,32.49,24.25,66.26,3.5,Chennai
2020-03-02,0.0,27.51,33.16,23.47,63.46,3.09,Chennai
2020-03-03,0.0,28.45,34.67,24.1,59.58,2.67,Chennai
2020-03-04,0.0,28.42,34.53,23.84,62.34,3.61,Chennai
2020-03-05,0.01,28.26,33.44,24.31,66.28,4.66,Chennai
2020-03-06,0.08,27.9,33.18,24.29,70.41,4.6,Chennai
2020-03-07,0.14,28.04,32.78,24.6,68.07,4.44,Chennai
2020-03-08,0.0,28.34,33.06,25.06,68.1,3.59,Chennai
2020-03-09,0.0,28.12,33.7,24.29,66.95,3.7,Chennai
2020-03-10,0.0,28.28,34.36,24.23,64.66,3.84,Chennai
2020-03-11,0.0,27.74,33.78,23.33,64.95,3.64,Chennai
2020-03-12,0.0,27.93,34.43,23.01,64.45,3.7,Chennai
2020-03-13,0.0,28.15,34.29,23.57,66.63,3.45,Chennai
2020-03-14,0.0,28.23,34.06,24.2,68.95,3.71,Chennai
2020-03-15,0.0,28.11,33.36,24.12,67.5,3.93,Chennai
2020-03-16,0.0,29.03,34.93,24.98,63.79,3.53,Chennai
2020-03-17,0.0,28.86,34.9,24.47,64.28,3.46,Chennai
2020-03-18,0.0,29.21,35.84,24.03,63.51,3.22,Chennai
2020-03-19,0.0,29.64,36.93,23.62,64.64,3.54,Chennai
2020-03-20,0.0,29.64,36.38,24.03,62.09,4.12,Chennai
2020-03-21,0.0,30.01,36.13,25.23,59.81,4.8,Chennai
2020-03-22,0.04,30.02,35.99,25.34,59.94,3.83,Chennai
2020-03-23,0.25,29.27,34.65,25.66,62.34,3.8,Chennai
2020-03-24,0.07,29.36,35.58,24.84,59.81,3.46,Chennai
2020-03-25,0.01,29.47,35.61,24.66,60.53,3.69,Chennai
2020-03-26,0.0,29.34,35.28,24.96,61.36,3.75,Chennai
2020-03-27,0.0,29.15,35.23,24.54,58.42,3.26,Chennai
2020-03-28,0.0,29.25,36.42,23.4,53.82,2.61,Chennai
2020-03-29,0.0,29.57,36.61,23.28,56.71,3.48,Chennai
2020-03-30,0.0,29.6,36.26,23.64,54.0,3.26,Chennai
2020-03-31,0.0,29.99,36.38,24.39,55.94,2.99,Chennai
2020-04-01,0.0,30.36,36.88,24.73,59.8,3.44,Chennai
2020-04-02,0.0,30.53,37.46,25.24,62.58,4.23,Chennai
2020-04-03,0.0,29.97,36.48,25.3,64.54,4.26,Chennai
2020-04-04,0.0,29.67,36.33,24.47,65.16,3.91,Chennai
2020-04-05,0.0,30.52,36.42,25.96,67.51,4.27,Chennai
2020-04-06,2.84,30.77,36.24,26.89,67.83,4.16,Chennai
2020-04-07,0.78,30.78,35.88,26.72,66.24,4.47,Chennai
2020-04-08,2.5,31.18,36.79,27.17,63.0,4.31,Chennai
2020-04-09,6.72,30.42,35.47,27.01,65.37,4.09,Chennai
2020-04-10,3.8,29.74,35.34,25.3,65.41,3.45,Chennai
2020-04-11,0.09,29.84,35.28,26.12,66.1,3.15,Chennai
2020-04-12,0.01,29.96,36.2,25.34,62.87,2.82,Chennai
2020-04-13,0.0,30.6,36.83,25.95,58.84,3.09,Chennai
2020-04-14,0.0,30.08,36.24,25.17,59.8,3.45,Chennai
2020-04-15,0.0,30.11,36.83,24.5,61.97,3.29,Chennai
2020-04-16,0.0,30.12,36.29,25.22,66.61,4.33,Chennai
2020-04-17,0.0,30.66,36.62,25.99,65.27,4.72,Chennai
2020-04-18,0.0,30.95,36.73,26.4,64.31,4.91,Chennai
2020-04-19,0.01,31.05,36.6,27.04,64.96,4.44,Chennai
2020-04-20,0.0,30.84,36.77,26.46,62.99,4.03,Chennai
2020-04-21,0.02,31.0,37.36,25.63,61.93,3.87,Chennai
2020-04-22,0.05,31.26,37.39,26.34,63.05,4.65,Chennai
2020-04-23,0.29,31.73,37.65,27.17,64.99,4.94,Chennai
2020-04-24,0.01,31.91,37.1,28.52,64.01,5.84,Chennai
2020-04-25,5.65,31.27,35.22,28.7,70.83,5.07,Chennai
2020-04-26,7.74,30.06,33.17,28.1,76.47,4.8,Chennai
2020-04-27,7.18,29.6,33.08,27.21,77.23,2.27,Chennai
2020-04-28,6.23,30.16,34.74,26.97,70.72,2.59,Chennai
2020-04-29,2.56,30.68,35.5,26.91,69.39,2.56,Chennai
2020-04-30,0.19,30.45,34.31,27.53,71.62,2.99,Chennai
2020-05-01,0.05,30.7,36.17,26.99,70.64,3.33,Chennai
2020-05-02,0.05,31.19,36.86,26.8,67.76,3.63,Chennai
2020-05-03,0.01,31.15,37.07,26.59,67.58,3.79,Chennai
2020-05-04,0.01,31.33,37.07,26.83,68.91,3.76,Chennai
2020-05-05,0.0,31.66,37.14,27.73,65.98,4.24,Chennai
2020-05-06,0.02,31.22,36.02,27.63,69.01,4.7,Chennai
2020-05-07,0.05,31.83,36.94,28.2,66.69,4.41,Chennai
2020-05-08,0.07,32.15,37.18,28.59,64.6,4.29,Chennai
2020-05-09,0.02,32.08,37.38,28.33,64.34,4.22,Chennai
2020-05-10,0.02,32.15,37.71,27.96,61.53,4.03,Chennai
2020-05-11,11.09,30.96,35.37,28.2,67.62,3.33,Chennai
2020-05-12,51.91,28.89,31.22,26.91,76.57,2.83,Chennai
2020-05-13,12.13,29.94,34.63,25.6,63.65,2.64,Chennai
2020-05-14,1.45,30.44,34.49,27.47,70.61,2.97,Chennai
2020-05-15,5.46,30.21,35.33,26.64,73.73,3.53,Chennai
2020-05-16,1.24,29.74,33.65,27.21,76.57,3.9,Chennai
2020-05-17,0.25,29.73,33.25,26.54,72.43,3.26,Chennai
2020-05-18,2.65,30.92,35.59,27.63,70.0,3.14,Chennai
2020-05-19,1.64,32.91,38.62,27.24,58.51,4.21,Chennai
2020-05-20,0.05,33.12,40.49,28.01,57.39,5.21,Chennai
2020-05-21,0.67,32.81,38.74,28.39,57.19,5.69,Chennai
2020-05-22,0.01,32.61,39.71,27.95,60.58,4.67,Chennai
2020-05-23,0.02,31.38,36.63,27.7,72.38,4.1,Chennai
2020-05-24,0.02,30.78,35.31,27.76,77.43,3.52,Chennai
2020-05-25,0.03,30.44,34.57,27.5,79.62,4.12,Chennai
2020-05-26,0.02,30.68,34.68,27.82,77.66,3.91,Chennai
2020-05-27,0.04,31.49,35.81,28.19,74.36,3.94,Chennai
2020-05-28,0.85,32.01,36.17,29.1,71.82,3.65,Chennai
2020-05-29,1.06,31.45,34.87,28.52,68.65,4.36,Chennai
2020-05-30,0.09,30.99,35.39,27.61,70.24,4.38,Chennai
2020-05-31,0.06,29.82,32.42,28.17,75.78,4.49,Chennai
2020-06-01,0.1,30.49,33.8,27.92,73.6,4.0,Chennai
2020-06-02,0.06,29.94,33.26,27.62,71.93,4.78,Chennai
2020-06-03,0.04,30.17,32.8,27.5,67.69,4.67,Chennai
2020-06-04,0.07,31.08,35.27,27.47,64.61,3.56,Chennai
2020-06-05,0.33,31.11,35.78,27.61,66.28,2.84,Chennai
2020-06-06,0.81,30.13,34.58,26.99,69.26,4.44,Chennai
2020-06-07,1.0,30.39,35.5,26.81,64.61,4.44,Chennai
2020-06-08,0.1,31.52,36.13,28.31,60.29,3.91,Chennai
2020-06-09,0.24,31.42,35.84,28.1,60.94,2.55,Chennai
2020-06-10,2.43,30.18,34.69,26.62,64.41,3.29,Chennai
2020-06-11,1.6,29.19,33.59,26.19,70.03,4.75,Chennai
2020-06-12,0.94,30.64,36.21,26.59,62.17,5.1,Chennai
2020-06-13,0.01,32.14,37.92,26.91,53.88,4.75,Chennai
2020-06-14,0.09,32.02,36.29,27.83,52.15,5.63,Chennai
2020-06-15,0.35,31.67,36.35,28.29,60.31,4.66,Chennai
2020-06-16,0.2,31.37,36.19,28.04,65.16,5.08,Chennai
2020-06-17,0.06,32.06,36.54,28.52,61.49,3.68,Chennai
2020-06-18,0.04,32.52,37.12,28.6,55.0,2.23,Chennai
2020-06-19,0.35,31.96,36.01,28.85,56.23,2.92,Chennai
2020-06-20,1.1,31.41,35.84,28.28,60.58,3.12,Chennai
2020-06-21,3.29,30.91,35.53,28.11,60.15,3.21,Chennai
2020-06-22,7.07,31.44,36.1,27.86,62.95,3.22,Chennai
2020-06-23,5.63,30.45,35.43,26.9,65.13,3.69,Chennai
2020-06-24,8.69,30.04,34.91,26.73,70.27,3.16,Chennai
2020-06-25,6.33,29.47,33.18,26.65,72.29,3.04,Chennai
2020-06-26,0.69,30.1,34.27,26.66,69.36,4.48,Chennai
2020-06-27,1.78,30.51,33.66,27.39,70.89,2.96,Chennai
2020-06-28,5.45,29.62,32.3,27.37,76.44,3.0,Chennai
2020-06-29,20.2,28.64,31.45,26.45,78.67,2.95,Chennai
2020-06-30,2.35,29.56,33.92,26.99,74.02,3.18,Chennai
2020-07-01,6.82,29.17,32.49,26.7,76.91,3.6,Chennai
2020-07-02,3.38,29.11,33.58,26.01,70.5,3.96,Chennai
2020-07-03,4.59,29.42,33.54,25.83,70.39,5.27,Chennai
2020-07-04,2.5,29.73,35.16,26.03,69.54,6.01,Chennai
2020-07-05,0.7,29.33,33.61,25.93,68.95,5.32,Chennai
2020-07-06,4.02,29.76,34.24,25.68,69.75,3.69,Chennai
2020-07-07,2.5,30.27,35.44,26.22,69.16,4.28,Chennai
2020-07-08,4.36,28.52,31.85,26.21,75.57,2.92,Chennai
2020-07-09,49.7,27.39,29.39,26.18,82.78,3.42,Chennai
2020-07-10,8.07,28.71,32.09,25.7,76.77,3.56,Chennai
2020-07-11,4.61,27.55,29.22,26.21,80.31,3.84,Chennai
2020-07-12,9.32,29.11,32.27,26.0,77.3,3.01,Chennai
2020-07-13,16.44,28.33,30.54,27.01,82.48,2.57,Chennai
2020-07-14,5.15,27.61,29.66,26.11,84.58,3.66,Chennai
2020-07-15,7.72,27.66,30.11,25.91,83.35,4.53,Chennai
2020-07-16,3.57,27.47,29.83,25.52,82.52,3.46,Chennai
2020-07-17,1.96,28.43,32.4,25.41,77.87,4.12,Chennai
2020-07-18,3.91,27.96,30.67,25.39,78.9,2.61,Chennai
2020-07-19,6.94,28.24,30.6,26.16,81.27,3.32,Chennai
2020-07-20,3.38,28.09,30.35,26.38,83.96,4.56,Chennai
2020-07-21,0.13,28.22,30.88,26.19,81.18,3.78,Chennai
2020-07-22,0.26,28.26,30.78,26.25,83.05,4.49,Chennai
2020-07-23,4.91,27.67,29.69,25.79,83.12,4.04,Chennai
2020-07-24,6.74,27.87,30.12,26.01,84.27,3.59,Chennai
2020-07-25,6.42,28.44,31.31,25.7,76.84,2.83,Chennai
2020-07-26,2.11,28.69,31.87,25.41,74.84,2.49,Chennai
2020-07-27,2.0,28.77,32.17,25.26,74.75,2.81,Chennai
2020-07-28,3.49,27.8,29.47,26.14,81.32,2.57,Chennai
2020-07-29,7.93,28.0,30.34,26.01,82.33,1.87,Chennai
2020-07-30,4.55,28.22,31.75,25.53,80.7,2.84,Chennai
2020-07-31,6.4,28.72,32.19,25.75,81.0,4.16,Chennai
2020-08-01,10.48,27.76,30.22,26.23,84.23,3.38,Chennai
2020-08-02,21.26,27.18,29.85,25.47,85.1,4.4,Chennai
2020-08-03,6.07,27.44,30.58,24.91,83.37,4.97,Chennai
2020-08-04,1.06,27.53,30.97,25.05,77.51,6.05,Chennai
2020-08-05,0.3,28.07,32.89,24.17,74.14,7.4,Chennai
2020-08-06,0.47,28.66,32.92,24.63,78.67,5.45,Chennai
2020-08-07,1.18,29.01,32.71,25.89,79.96,3.8,Chennai
2020-08-08,10.03,28.75,32.32,25.96,78.6,3.84,Chennai
2020-08-09,9.08,27.45,30.26,25.46,82.1,4.25,Chennai
2020-08-10,1.05,27.97,32.68,24.41,79.88,3.85,Chennai
2020-08-11,6.45,28.78,33.32,25.23,78.11,3.91,Chennai
2020-08-12,0.54,28.54,32.44,24.91,77.5,3.48,Chennai
2020-08-13,1.47,28.66,32.91,25.17,77.28,3.46,Chennai
2020-08-14,0.71,28.82,32.86,25.25,76.87,2.93,Chennai
2020-08-15,0.09,28.37,32.29,24.75,76.91,4.19,Chennai
2020-08-16,0.29,28.94,33.56,25.01,76.17,3.38,Chennai
2020-08-17,0.44,29.03,32.87,25.99,77.98,3.58,Chennai
2020-08-18,2.82,29.39,32.71,26.25,77.66,2.62,Chennai
2020-08-19,2.82,29.18,33.69,26.17,78.01,3.31,Chennai
2020-08-20,1.17,28.91,32.2,25.91,78.45,3.35,Chennai
2020-08-21,1.15,28.68,32.45,25.55,78.7,3.38,Chennai
2020-08-22,3.05,28.39,31.28,26.08,81.74,2.81,Chennai
2020-08-23,15.24,28.04,30.22,26.37,83.21,2.7,Chennai
2020-08-24,12.33,27.68,30.13,25.93,85.16,2.56,Chennai
2020-08-25,1.01,27.97,30.63,25.7,83.7,2.18,Chennai
2020-08-26,2.01,27.99,30.15,26.02,84.8,2.23,Chennai
2020-08-27,1.5,27.97,30.66,25.62,82.38,2.5,Chennai
2020-08-28,0.34,28.92,32.9,25.25,77.03,2.8,Chennai
2020-08-29,0.5,28.62,31.61,25.98,81.74,2.36,Chennai
2020-08-30,3.47,28.37,31.01,26.14,83.42,2.52,Chennai
2020-08-31,2.29,28.39,30.69,26.46,82.62,2.63,Chennai
2020-09-01,3.28,27.26,29.0,25.9,87.46,1.66,Chennai
2020-09-02,8.16,27.87,30.87,24.95,78.61,1.95,Chennai
2020-09-03,10.01,27.58,30.36,25.25,81.36,2.43,Chennai
2020-09-04,0.97,28.15,31.2,25.71,80.5,2.16,Chennai
2020-09-05,0.43,28.07,30.72,26.33,80.71,2.13,Chennai
2020-09-06,1.41,28.16,31.02,26.23,81.2,2.6,Chennai
2020-09-07,4.28,28.31,31.32,25.79,82.52,2.5,Chennai
2020-09-08,2.52,28.53,31.93,25.91,80.72,3.02,Chennai
2020-09-09,3.46,28.46,31.7,26.19,82.94,3.97,Chennai
2020-09-10,4.19,27.75,30.53,25.5,82.44,4.54,Chennai
2020-09-11,0.97,27.61,30.17,25.63,82.29,4.95,Chennai
2020-09-12,3.95,27.5,31.03,25.02,81.6,3.8,Chennai
2020-09-13,17.2,26.59,29.75,24.25,81.61,4.29,Chennai
2020-09-14,4.7,26.9,30.58,23.92,80.71,4.75,Chennai
2020-09-15,3.0,27.54,31.21,24.2,79.66,3.47,Chennai
2020-09-16,7.02,27.79,30.72,25.36,82.95,3.74,Chennai
2020-09-17,3.01,28.27,32.19,25.28,79.55,3.27,Chennai
2020-09-18,22.81,28.46,32.65,24.82,80.51,3.71,Chennai
2020-09-19,27.44,26.81,29.76,24.79,85.78,4.76,Chennai
2020-09-20,3.31,26.34,28.97,24.17,84.79,5.12,Chennai
2020-09-21,0.14,27.02,30.69,24.18,80.01,5.04,Chennai
2020-09-22,0.11,27.35,31.8,24.12,75.29,5.96,Chennai
2020-09-23,0.05,27.53,32.63,22.64,73.93,4.42,Chennai
2020-09-24,0.2,28.1,32.1,24.89,78.45,3.29,Chennai
2020-09-25,8.21,27.35,30.34,25.57,86.34,4.99,Chennai
2020-09-26,2.08,26.83,29.85,24.48,83.1,3.99,Chennai
2020-09-27,0.82,27.97,31.27,24.08,76.72,2.01,Chennai
2020-09-28,3.93,28.29,31.77,25.18,79.78,2.92,Chennai
2020-09-29,10.51,27.65,30.37,25.22,83.67,2.16,Chennai
2020-09-30,19.29,27.06,29.67,25.03,85.19,2.64,Chennai
2020-10-01,0.43,27.72,31.24,24.87,79.05,3.58,Chennai
2020-10-02,0.67,28.25,32.41,23.62,76.64,2.92,Chennai
2020-10-03,1.43,28.17,31.77,25.33,81.57,3.6,Chennai
2020-10-04,0.29,27.43,31.36,24.83,81.11,5.09,Chennai
2020-10-05,0.02,27.9,33.11,23.34,75.99,4.43,Chennai
2020-10-06,2.07,28.36,33.27,23.09,75.75,2.81,Chennai
2020-10-07,0.65,28.94,32.95,25.2,79.65,3.12,Chennai
2020-10-08,0.49,28.4,31.03,26.28,82.61,2.03,Chennai
2020-10-09,3.62,27.74,29.79,26.08,85.26,2.96,Chennai
2020-10-10,6.46,27.1,29.59,25.34,83.87,2.09,Chennai
2020-10-11,5.96,26.83,28.76,25.51,84.15,3.31,Chennai
2020-10-12,1.33,27.19,30.35,24.73,83.62,2.71,Chennai
2020-10-13,1.8,27.27,29.98,24.51,83.88,4.96,Chennai
2020-10-14,0.06,27.86,32.24,24.37,78.2,5.15,Chennai
2020-10-15,0.04,27.24,30.97,23.82,78.8,3.88,Chennai
2020-10-16,1.89,28.32,32.17,24.75,78.66,2.55,Chennai
2020-10-17,7.48,27.51,29.85,26.06,87.48,1.85,Chennai
2020-10-18,6.01,27.27,29.67,24.77,80.69,1.8,Chennai
2020-10-19,10.94,27.29,29.49,24.99,82.81,1.72,Chennai
2020-10-20,6.56,27.25,29.8,25.33,83.0,2.37,Chennai
2020-10-21,8.23,26.55,29.04,24.7,82.41,3.43,Chennai
2020-10-22,6.95,27.51,30.3,24.51,78.88,1.02,Chennai
2020-10-23,32.61,27.24,28.91,25.68,86.15,1.51,Chennai
2020-10-24,0.19,27.35,29.94,25.07,84.38,2.42,Chennai
2020-10-25,0.18,27.42,29.86,25.16,82.08,1.58,Chennai
2020-10-26,0.12,27.23,30.38,24.64,81.6,2.75,Chennai
2020-10-27,1.19,26.89,30.36,24.25,81.98,3.51,Chennai
2020-10-28,13.98,26.49,29.16,23.99,83.59,4.38,Chennai
2020-10-29,25.21,26.02,27.72,24.7,86.04,4.33,Chennai
2020-10-30,3.79,26.73,30.23,24.2,76.29,3.95,Chennai
2020-10-31,0.0,26.91,30.77,23.54,75.38,2.8,Chennai
2020-11-01,0.0,27.05,30.6,23.73,77.54,2.5,Chennai
2020-11-02,0.03,27.32,30.63,24.41,80.06,2.41,Chennai
2020-11-03,1.12,27.53,30.84,24.63,81.88,3.03,Chennai
2020-11-04,6.71,26.89,28.62,25.32,87.0,2.72,Chennai
2020-11-05,9.95,27.28,30.12,25.33,84.69,2.65,Chennai
2020-11-06,6.13,26.73,28.81,24.82,86.93,2.71,Chennai
2020-11-07,11.82,27.31,29.86,25.36,83.88,3.8,Chennai
2020-11-08,4.73,27.24,29.93,25.23,80.62,5.43,Chennai
2020-11-09,0.01,26.12,29.68,23.32,76.35,5.43,Chennai
2020-11-10,0.86,25.39,29.09,21.93,76.28,5.28,Chennai
2020-11-11,14.67,25.72,28.07,22.8,87.57,5.66,Chennai
2020-11-12,20.94,26.54,28.01,25.41,90.15,3.76,Chennai
2020-11-13,18.37,27.01,29.26,25.37,85.95,4.71,Chennai
2020-11-14,7.16,26.96,29.68,25.08,83.91,5.47,Chennai
2020-11-15,42.06,26.95,28.48,25.64,90.59,4.85,Chennai
2020-11-16,31.04,26.0,27.05,24.49,90.29,3.81,Chennai
2020-11-17,6.67,26.34,28.71,24.15,87.79,3.42,Chennai
2020-11-18,4.03,26.55,28.93,24.77,86.12,2.88,Chennai
2020-11-19,0.69,26.24,28.58,24.39,85.04,3.3,Chennai
2020-11-20,0.01,26.03,29.36,23.64,80.61,3.22,Chennai
2020-11-21,0.0,24.86,28.54,21.46,79.48,3.07,Chennai
2020-11-22,0.0,24.69,28.26,21.06,77.54,2.87,Chennai
2020-11-23,3.21,25.55,28.74,22.65,80.76,5.09,Chennai
2020-11-24,62.58,25.99,27.75,24.79,87.92,7.06,Chennai
2020-11-25,79.03,25.81,26.97,24.89,88.7,9.51,Chennai
2020-11-26,115.52,26.17,27.49,25.14,89.28,11.27,Chennai
2020-11-27,8.0,25.28,26.84,23.88,87.9,5.34,Chennai
2020-11-28,2.01,25.84,28.0,24.03,86.38,3.46,Chennai
2020-11-29,2.75,25.5,27.59,23.56,88.72,4.33,Chennai
2020-11-30,0.75,25.73,28.45,24.18,84.16,5.4,Chennai
2020-12-01,0.3,25.43,28.08,23.5,80.17,5.73,Chennai
2020-12-02,17.72,25.42,27.71,23.49,87.23,7.5,Chennai
2020-12-03,60.75,25.92,27.28,24.99,92.49,5.6,Chennai
2020-12-04,33.79,25.47,26.34,24.82,92.3,5.57,Chennai
2020-12-05,18.74,25.29,26.48,24.48,92.12,5.16,Chennai
2020-12-06,15.12,25.37,26.85,24.27,91.26,4.81,Chennai
2020-12-07,22.26,25.8,27.78,24.36,89.73,4.44,Chennai
2020-12-08,6.99,25.75,27.67,24.45,88.98,3.66,Chennai
2020-12-09,5.65,25.23,27.61,22.93,85.12,4.06,Chennai
2020-12-10,0.11,24.29,27.2,22.23,78.86,3.14,Chennai
2020-12-11,0.15,24.24,27.24,21.71,76.47,3.32,Chennai
2020-12-12,0.03,24.55,27.74,22.01,74.35,3.31,Chennai
2020-12-13,0.01,24.63,28.09,21.95,72.11,2.99,Chennai
2020-12-14,0.05,24.75,27.58,22.5,71.36,3.08,Chennai
2020-12-15,1.74,24.64,27.75,21.87,80.98,4.61,Chennai
2020-12-16,12.82,25.22,27.73,23.36,86.14,5.38,Chennai
2020-12-17,8.32,25.17,27.14,24.07,86.75,5.15,Chennai
2020-12-18,0.74,25.05,27.74,23.24,82.78,5.09,Chennai
2020-12-19,0.28,24.88,27.47,23.24,83.05,5.42,Chennai
2020-12-20,0.03,24.21,26.98,22.33,79.45,5.23,Chennai
2020-12-21,0.02,23.32,26.29,21.28,78.14,4.72,Chennai
2020-12-22,0.0,23.11,26.6,20.61,78.34,4.18,Chennai
2020-12-23,0.0,23.34,26.79,20.69,78.72,3.72,Chennai
2020-12-24,0.0,23.48,26.94,20.6,79.93,3.73,Chennai
2020-12-25,0.01,23.57,27.01,21.2,76.08,3.79,Chennai
2020-12-26,0.0,23.53,27.14,20.88,75.91,4.05,Chennai
2020-12-27,0.04,23.74,27.3,21.27,78.02,4.51,Chennai
2020-12-28,0.04,23.55,26.96,21.05,77.76,4.39,Chennai
2020-12-29,0.08,24.19,27.18,21.93,81.72,4.76,Chennai
2020-12-30,4.21,24.81,27.52,22.92,84.81,5.33,Chennai
2020-12-31,3.65,24.61,27.31,22.41,85.05,5.54,Chennai
2021-01-01,0.81,23.66,26.51,21.74,80.7,4.6,Chennai
2021-01-02,8.12,24.05,26.52,22.04,85.8,5.27,Chennai
2021-01-03,2.08,24.61,27.52,22.54,84.67,4.97,Chennai
2021-01-04,8.29,24.93,27.91,22.45,84.78,4.55,Chennai
2021-01-05,49.85,24.85,26.54,23.55,92.6,3.7,Chennai
2021-01-06,40.12,25.04,26.67,23.64,93.15,3.46,Chennai
2021-01-07,5.7,25.12,27.22,23.84,89.82,3.72,Chennai
2021-01-08,2.18,25.43,28.11,23.45,88.69,3.77,Chennai
2021-01-09,0.3,25.18,27.64,23.51,86.05,3.81,Chennai
2021-01-10,0.79,25.21,27.91,23.61,86.9,4.28,Chennai
2021-01-11,1.1,25.26,27.74,23.68,88.24,4.53,Chennai
2021-01-12,0.72,25.31,27.93,23.54,84.98,5.05,Chennai
2021-01-13,0.23,25.21,28.2,22.84,82.87,4.46,Chennai
2021-01-14,1.36,24.91,27.88,23.02,83.99,4.35,Chennai
2021-01-15,0.16,24.54,27.75,22.12,81.17,3.96,Chennai
2021-01-16,0.0,23.98,27.83,20.94,76.56,3.05,Chennai
2021-01-17,0.0,23.77,27.32,21.52,76.78,3.47,Chennai
2021-01-18,0.0,24.03,27.54,21.13,74.98,4.14,Chennai
2021-01-19,0.0,23.99,27.54,21.41,77.33,3.87,Chennai
2021-01-20,0.01,24.47,28.33,21.25,81.58,3.57,Chennai
2021-01-21,0.0,25.46,29.28,22.32,83.88,2.34,Chennai
2021-01-22,0.0,25.33,28.65,22.73,84.5,2.63,Chennai
2021-01-23,0.0,24.61,28.31,22.09,81.15,2.66,Chennai
2021-01-24,0.0,24.41,28.19,21.57,74.19,2.09,Chennai
2021-01-25,0.0,24.55,28.35,21.44,71.81,2.19,Chennai
2021-01-26,0.0,24.14,27.98,21.05,72.46,2.68,Chennai
2021-01-27,0.02,24.1,27.6,21.43,75.69,2.23,Chennai
2021-01-28,0.03,24.31,27.85,21.59,78.7,3.74,Chennai
2021-01-29,0.09,24.56,28.22,22.28,75.09,3.88,Chennai
2021-01-30,0.0,24.49,28.44,21.2,77.96,3.39,Chennai
2021-01-31,0.0,24.29,28.44,21.3,81.14,3.93,Chennai
2021-02-01,0.0,24.37,28.37,20.72,78.76,4.45,Chennai
2021-02-02,0.34,24.53,28.07,21.64,79.32,4.16,Chennai
2021-02-03,0.2,24.29,27.94,21.86,74.34,4.37,Chennai
2021-02-04,0.0,23.75,27.86,20.9,71.75,4.04,Chennai
2021-02-05,0.0,23.31,27.57,19.96,74.17,3.97,Chennai
2021-02-06,0.0,23.33,28.01,19.84,73.86,3.97,Chennai
2021-02-07,0.0,23.23,28.15,19.14,74.93,4.5,Chennai
2021-02-08,0.0,23.78,28.39,20.11,73.74,5.09,Chennai
2021-02-09,0.0,23.41,27.41,20.37,73.06,4.33,Chennai
2021-02-10,0.0,22.96,27.45,19.27,73.07,3.1,Chennai
2021-02-11,0.0,23.05,27.5,19.93,71.29,2.86,Chennai
2021-02-12,0.0,23.28,27.57,20.06,70.24,2.6,Chennai
2021-02-13,0.0,23.5,28.04,20.19,71.32,2.75,Chennai
2021-02-14,0.0,23.24,28.21,18.82,72.04,2.17,Chennai
2021-02-15,0.0,23.68,29.25,18.97,71.58,2.5,Chennai
2021-02-16,0.0,23.88,28.61,20.34,74.22,2.2,Chennai
2021-02-17,0.0,24.38,28.93,21.16,74.76,3.0,Chennai
2021-02-18,0.0,24.42,28.63,21.13,74.63,4.18,Chennai
2021-02-19,2.22,25.13,28.94,21.91,77.02,4.35,Chennai
2021-02-20,4.31,25.38,28.54,23.29,82.76,5.76,Chennai
2021-02-21,16.57,25.14,27.62,23.4,83.59,5.32,Chennai
2021-02-22,0.17,25.44,29.28,22.85,79.29,3.94,Chennai
2021-02-23,0.0,25.11,29.84,22.02,78.3,3.02,Chennai
2021-02-24,0.0,25.0,30.17,21.13,74.23,2.11,Chennai
2021-02-25,0.0,25.21,31.4,20.48,70.83,2.02,Chennai
2021-02-26,0.0,25.26,32.23,19.34,71.58,2.63,Chennai
2021-02-27,0.0,25.35,32.13,20.18,76.26,3.08,Chennai
2021-02-28,0.0,25.31,31.66,20.32,77.26,3.13,Chennai
2021-03-01,0.0,26.05,32.8,21.01,75.21,3.01,Chennai
2021-03-02,0.0,25.73,31.61,21.35,73.84,2.98,Chennai
2021-03-03,0.0,25.52,31.99,20.74,71.13,2.76,Chennai
2021-03-04,0.0,25.64,31.38,21.54,71.19,2.64,Chennai
2021-03-05,0.0,25.56,31.57,20.33,71.3,2.23,Chennai
2021-03-06,0.0,26.38,33.35,20.45,70.72,2.35,Chennai
2021-03-07,0.0,26.48,32.9,21.08,73.74,2.57,Chennai
2021-03-08,0.0,26.69,32.01,23.44,75.07,2.79,Chennai
2021-03-09,0.01,26.8,31.75,23.37,75.29,2.73,Chennai
2021-03-10,0.0,27.19,32.36,23.53,76.99,3.06,Chennai
2021-03-11,0.0,27.25,32.56,23.53,73.2,3.08,Chennai
2021-03-12,0.0,26.05,31.3,22.77,69.28,2.72,Chennai
2021-03-13,0.0,26.75,32.64,21.95,65.68,2.68,Chennai
2021-03-14,0.0,27.07,33.3,21.76,66.33,2.6,Chennai
2021-03-15,0.0,27.6,34.05,22.42,66.3,2.63,Chennai
2021-03-16,0.0,27.36,34.05,22.64,67.1,2.43,Chennai
2021-03-17,0.0,27.66,33.63,22.8,68.3,2.64,Chennai
2021-03-18,0.0,27.14,31.83,23.73,70.58,2.65,Chennai
2021-03-19,0.0,27.39,33.28,23.79,66.81,2.62,Chennai
2021-03-20,0.0,27.23,32.65,23.04,68.57,2.42,Chennai
2021-03-21,0.0,27.81,33.89,23.01,65.82,2.6,Chennai
2021-03-22,0.0,28.18,34.33,23.94,67.38,2.81,Chennai
2021-03-23,0.0,28.05,34.06,24.07,69.18,2.75,Chennai
2021-03-24,0.0,28.32,34.26,23.85,67.15,2.48,Chennai
2021-03-25,0.0,28.49,34.62,23.71,67.19,2.64,Chennai
2021-03-26,0.0,28.34,33.88,24.04,71.11,2.73,Chennai
2021-03-27,0.0,29.16,34.9,24.83,68.84,2.46,Chennai
2021-03-28,0.01,29.4,35.62,24.37,68.27,3.66,Chennai
2021-03-29,0.0,29.75,36.25,24.81,67.09,4.04,Chennai
2021-03-30,0.0,30.43,38.23,24.38,62.89,4.0,Chennai
2021-03-31,0.0,31.29,38.35,25.98,64.73,5.02,Chennai
2021-04-01,0.0,31.69,38.5,26.75,62.34,4.7,Chennai
2021-04-02,0.0,32.34,40.03,26.95,60.03,4.33,Chennai
2021-04-03,0.0,31.69,38.27,27.0,64.22,4.67,Chennai
2021-04-04,0.0,31.45,37.69,26.63,64.25,3.4,Chennai
2021-04-05,0.0,30.34,36.05,26.23,68.14,3.56,Chennai
2021-04-06,0.01,29.56,34.79,26.1,68.6,3.55,Chennai
2021-04-07,0.0,29.35,35.47,24.94,65.17,3.6,Chennai
2021-04-08,0.0,29.06,35.54,23.94,65.42,4.42,Chennai
2021-04-09,0.0,28.9,34.89,24.5,67.68,3.99,Chennai
2021-04-10,0.01,29.41,34.84,25.45,67.02,3.85,Chennai
2021-04-11,0.69,29.83,35.26,26.07,65.22,3.56,Chennai
2021-04-12,0.58,29.77,34.59,26.32,67.39,3.35,Chennai
2021-04-13,0.57,30.03,35.55,25.9,65.59,3.15,Chennai
2021-04-14,11.08,29.45,34.05,26.3,70.36,3.29,Chennai
2021-04-15,9.8,28.66,32.26,26.24,73.87,2.87,Chennai
2021-04-16,0.46,29.59,34.98,26.01,68.16,3.2,Chennai
2021-04-17,0.0,30.0,34.99,26.31,70.4,2.98,Chennai
2021-04-18,0.0,30.25,35.9,26.33,70.11,3.19,Chennai
2021-04-19,0.02,30.66,36.94,25.91,68.93,3.53,Chennai
2021-04-20,0.03,30.57,35.74,27.05,70.44,3.45,Chennai
2021-04-21,0.03,30.6,35.66,27.42,70.54,3.47,Chennai
2021-04-22,0.0,30.39,35.95,26.43,68.68,3.84,Chennai
2021-04-23,0.26,30.9,36.16,26.7,66.19,2.82,Chennai
2021-04-24,0.91,29.6,32.5,27.49,72.84,2.56,Chennai
2021-04-25,0.04,30.59,35.71,26.7,67.81,3.26,Chennai
2021-04-26,0.0,30.49,34.55,27.14,68.04,3.8,Chennai
2021-04-27,0.0,30.48,35.1,26.93,68.14,3.48,Chennai
2021-04-28,0.01,30.79,36.07,26.78,67.24,3.59,Chennai
2021-04-29,0.02,30.85,36.68,26.68,66.53,3.55,Chennai
2021-04-30,0.09,31.04,36.09,27.17,66.18,3.53,Chennai
2021-05-01,0.18,31.03,35.85,27.42,66.44,3.82,Chennai
2021-05-02,0.77,30.57,35.05,27.41,68.32,3.28,Chennai
2021-05-03,1.06,30.8,35.89,27.12,66.1,3.43,Chennai
2021-05-04,1.27,31.11,36.3,27.28,63.15,3.5,Chennai
2021-05-05,0.06,31.47,36.95,27.14,62.35,3.91,Chennai
2021-05-06,0.07,31.32,36.19,27.68,64.2,3.98,Chennai
2021-05-07,1.33,30.89,35.35,27.82,67.21,3.98,Chennai
2021-05-08,0.93,30.34,33.89,27.84,67.41,2.94,Chennai
2021-05-09,0.03,31.05,35.84,27.68,65.35,3.4,Chennai
2021-05-10,0.04,31.66,37.18,27.74,63.83,4.22,Chennai
2021-05-11,0.26,32.33,37.7,28.59,64.26,4.21,Chennai
2021-05-12,0.8,32.48,37.7,28.96,64.75,4.22,Chennai
2021-05-13,0.75,31.67,35.57,29.17,68.77,4.51,Chennai
2021-05-14,2.04,31.8,37.09,28.37,66.72,5.14,Chennai
2021-05-15,1.3,31.14,34.77,28.41,65.6,6.5,Chennai
2021-05-16,3.05,30.24,33.85,27.93,69.94,6.35,Chennai
2021-05-17,0.71,30.97,35.22,27.95,68.59,4.88,Chennai
2021-05-18,0.31,30.82,34.36,28.53,71.57,5.27,Chennai
2021-05-19,1.81,30.36,32.58,28.5,74.5,5.02,Chennai
2021-05-20,4.82,30.14,33.65,27.4,72.95,3.26,Chennai
2021-05-21,10.51,28.62,31.55,26.47,75.67,5.26,Chennai
2021-05-22,4.07,29.41,33.14,26.14,72.53,3.33,Chennai
2021-05-23,0.38,30.07,34.28,26.65,69.84,3.89,Chennai
2021-05-24,3.67,29.32,31.58,27.69,70.51,4.8,Chennai
2021-05-25,5.19,28.57,31.32,26.67,75.73,6.04,Chennai
2021-05-26,0.06,31.53,38.4,25.5,61.47,5.18,Chennai
2021-05-27,0.46,30.92,35.82,27.13,61.35,5.05,Chennai
2021-05-28,0.07,31.24,37.38,26.36,61.36,3.94,Chennai
2021-05-29,0.12,31.68,37.91,26.8,63.14,3.64,Chennai
2021-05-30,4.67,31.89,37.43,27.3,63.15,3.66,Chennai
2021-05-31,1.86,31.56,36.39,27.2,64.6,4.32,Chennai
2021-06-01,0.11,31.7,37.12,27.5,65.24,3.59,Chennai
2021-06-02,0.01,31.1,35.81,28.0,65.79,2.98,Chennai
2021-06-03,0.04,30.49,34.4,27.47,71.1,4.03,Chennai
2021-06-04,0.51,29.31,33.54,26.37,69.93,3.45,Chennai
2021-06-05,12.49,29.57,32.13,27.32,71.3,2.07,Chennai
2021-06-06,0.27,29.77,33.48,26.33,68.45,2.06,Chennai
2021-06-07,8.54,30.41,35.02,26.89,69.79,3.25,Chennai
2021-06-08,3.75,30.19,35.2,26.22,69.18,3.72,Chennai
2021-06-09,4.9,30.32,35.56,26.89,68.16,3.71,Chennai
2021-06-10,1.39,30.73,36.09,26.64,65.28,3.81,Chennai
2021-06-11,0.07,30.16,34.69,26.37,62.14,5.32,Chennai
2021-06-12,1.78,30.51,36.24,25.82,58.87,5.71,Chennai
2021-06-13,0.26,29.6,35.63,25.11,62.29,5.58,Chennai
2021-06-14,0.4,29.95,35.21,25.77,60.72,6.44,Chennai
2021-06-15,0.26,30.54,36.19,25.88,57.15,6.78,Chennai
2021-06-16,0.52,30.86,36.07,26.53,59.46,5.83,Chennai
2021-06-17,0.46,31.15,36.17,26.77,58.94,5.78,Chennai
2021-06-18,0.26,30.98,35.91,26.61,57.52,5.58,Chennai
2021-06-19,1.83,30.36,34.55,26.63,62.02,4.59,Chennai
2021-06-20,0.81,30.51,35.45,26.22,61.99,4.15,Chennai
2021-06-21,0.54,30.36,35.64,25.69,62.24,3.44,Chennai
2021-06-22,3.93,29.53,33.02,26.79,70.58,3.46,Chennai
2021-06-23,2.72,29.63,34.29,26.59,70.11,3.87,Chennai
2021-06-24,9.96,29.91,34.78,26.31,71.51,3.38,Chennai
2021-06-25,0.6,30.79,36.49,26.29,63.05,3.11,Chennai
2021-06-26,1.89,31.01,36.9,26.51,61.63,3.59,Chennai
2021-06-27,8.9,29.12,32.59,26.69,66.84,4.26,Chennai
2021-06-28,2.16,29.34,34.11,25.42,67.78,4.03,Chennai
2021-06-29,0.54,29.81,34.61,26.13,70.88,5.57,Chennai
2021-06-30,3.03,30.22,34.88,26.72,73.42,4.92,Chennai
2021-07-01,4.58,29.44,32.2,27.42,79.59,4.02,Chennai
2021-07-02,16.13,29.19,32.16,26.91,79.81,2.6,Chennai
2021-07-03,9.11,28.93,31.2,27.22,81.02,2.17,Chennai
2021-07-04,4.88,28.55,31.02,26.37,77.94,2.93,Chennai
2021-07-05,1.7,29.33,33.28,25.59,73.9,3.03,Chennai
2021-07-06,1.71,29.41,32.88,27.15,77.28,3.79,Chennai
2021-07-07,1.06,29.18,31.88,26.88,77.31,3.49,Chennai
2021-07-08,15.69,28.67,31.59,26.69,77.17,3.4,Chennai
2021-07-09,18.56,28.63,31.73,26.17,80.28,3.56,Chennai
2021-07-10,11.85,27.85,30.78,25.68,78.27,3.94,Chennai
2021-07-11,3.17,27.55,30.77,24.45,76.29,4.34,Chennai
2021-07-12,2.4,27.49,30.92,24.7,75.01,4.81,Chennai
2021-07-13,1.38,28.35,33.0,24.91,74.71,3.89,Chennai
2021-07-14,11.24,28.09,31.86,25.71,78.8,3.07,Chennai
2021-07-15,7.01,28.56,32.59,25.53,76.84,4.1,Chennai
2021-07-16,8.77,28.84,32.4,26.13,76.77,3.92,Chennai
2021-07-17,33.34,27.61,29.91,25.67,83.03,3.34,Chennai
2021-07-18,24.12,27.36,29.8,25.59,86.67,4.43,Chennai
2021-07-19,10.49,28.86,34.16,24.72,76.36,4.49,Chennai
2021-07-20,2.56,28.71,33.41,24.79,77.43,5.03,Chennai
2021-07-21,1.63,28.68,32.97,25.08,76.66,5.08,Chennai
2021-07-22,2.77,27.57,30.46,25.08,79.63,6.44,Chennai
2021-07-23,0.79,28.29,32.74,25.06,77.11,5.04,Chennai
2021-07-24,0.91,29.23,33.96,25.43,75.12,4.39,Chennai
2021-07-25,3.91,28.76,32.45,26.09,77.89,5.09,Chennai
2021-07-26,3.03,28.21,31.82,25.04,77.62,4.27,Chennai
2021-07-27,1.7,28.33,33.25,24.8,76.84,5.1,Chennai
2021-07-28,0.11,29.61,34.96,25.1,71.14,5.47,Chennai
2021-07-29,0.25,29.4,34.59,24.85,71.61,4.85,Chennai
2021-07-30,0.4,29.46,34.44,25.1,72.52,4.62,Chennai
2021-07-31,4.41,29.73,34.76,25.13,70.59,4.61,Chennai
2021-08-01,1.9,28.93,33.02,24.97,73.64,4.02,Chennai
2021-08-02,0.66,29.41,34.53,24.94,69.89,4.69,Chennai
2021-08-03,0.6,29.44,34.7,24.55,69.42,4.16,Chennai
2021-08-04,0.5,29.77,34.86,25.36,70.39,4.97,Chennai
2021-08-05,2.46,30.08,35.2,25.93,70.68,4.39,Chennai
2021-08-06,2.42,29.7,34.63,25.59,72.35,4.79,Chennai
2021-08-07,4.07,29.57,33.55,26.1,75.8,3.95,Chennai
2021-08-08,3.13,29.64,33.41,26.34,76.39,3.27,Chennai
2021-08-09,8.96,29.76,33.24,26.59,77.23,2.87,Chennai
2021-08-10,5.9,28.37,30.46,26.46,80.01,4.31,Chennai
2021-08-11,2.64,27.04,28.27,26.13,85.5,3.39,Chennai
2021-08-12,3.18,27.5,30.02,25.76,83.95,3.6,Chennai
2021-08-13,2.72,28.27,31.89,25.32,78.55,3.07,Chennai
2021-08-14,1.83,28.63,32.4,25.68,74.76,3.99,Chennai
2021-08-15,2.47,28.18,32.47,24.88,74.48,4.25,Chennai
2021-08-16,3.57,28.91,33.17,24.98,71.41,3.23,Chennai
2021-08-17,2.72,28.96,33.45,25.13,74.16,4.54,Chennai
2021-08-18,0.18,28.86,32.71,25.12,72.53,3.69,Chennai
2021-08-19,2.56,29.18,33.8,24.98,71.49,3.56,Chennai
2021-08-20,3.84,28.16,31.72,25.49,75.33,3.32,Chennai
2021-08-21,13.32,26.1,27.81,24.68,84.9,3.76,Chennai
2021-08-22,5.64,26.74,30.26,23.81,81.52,2.73,Chennai
2021-08-23,1.42,27.37,30.3,24.87,81.11,4.27,Chennai
2021-08-24,4.75,28.6,32.52,24.82,77.94,4.63,Chennai
2021-08-25,2.59,28.65,32.64,25.4,78.84,4.22,Chennai
2021-08-26,3.66,28.7,31.52,25.77,78.3,2.48,Chennai
2021-08-27,21.55,26.93,28.17,25.92,87.39,2.23,Chennai
2021-08-28,16.04,27.5,30.14,25.18,80.44,3.31,Chennai
2021-08-29,8.29,27.1,30.44,24.79,78.95,4.25,Chennai
2021-08-30,0.44,27.7,31.68,24.28,75.72,4.38,Chennai
2021-08-31,0.99,27.87,30.82,25.09,72.92,3.09,Chennai
2021-09-01,1.4,27.53,30.25,25.58,80.84,1.92,Chennai
2021-09-02,7.02,27.25,30.12,24.79,81.85,3.28,Chennai
2021-09-03,8.8,27.14,30.64,24.77,80.63,3.89,Chennai
2021-09-04,12.16,26.38,28.79,24.7,86.49,5.12,Chennai
2021-09-05,7.22,28.22,32.86,24.75,78.62,3.69,Chennai
2021-09-06,6.91,27.37,31.59,24.68,79.09,4.65,Chennai
2021-09-07,0.43,26.66,30.21,23.9,79.28,4.62,Chennai
2021-09-08,0.06,27.55,31.12,24.06,81.28,4.16,Chennai
2021-09-09,0.15,28.13,31.9,24.5,78.28,4.09,Chennai
2021-09-10,0.53,28.07,31.47,25.0,79.24,3.87,Chennai
2021-09-11,0.06,28.14,32.0,24.91,79.05,4.56,Chennai
2021-09-12,0.17,28.09,31.35,25.1,80.56,4.62,Chennai
2021-09-13,0.05,28.44,32.55,24.86,77.69,5.65,Chennai
2021-09-14,0.04,28.42,32.47,24.89,79.69,4.88,Chennai
2021-09-15,1.77,28.82,32.84,25.34,79.57,3.33,Chennai
2021-09-16,2.6,27.99,31.04,26.0,82.21,3.28,Chennai
2021-09-17,1.42,27.61,30.02,26.07,85.69,2.95,Chennai
2021-09-18,5.01,28.29,31.98,25.53,80.48,2.95,Chennai
2021-09-19,6.04,28.44,31.7,25.43,80.78,2.85,Chennai
2021-09-20,3.03,28.69,31.52,25.89,80.77,2.38,Chennai
2021-09-21,4.59,28.26,31.54,25.78,81.32,3.28,Chennai
2021-09-22,21.25,28.19,31.58,25.08,79.6,3.18,Chennai
2021-09-23,1.37,28.25,30.72,25.86,81.59,3.06,Chennai
2021-09-24,1.87,28.12,30.83,25.89,79.09,2.48,Chennai
2021-09-25,7.28,28.31,31.25,25.69,82.06,2.49,Chennai
2021-09-26,7.13,27.3,29.4,25.9,83.09,2.6,Chennai
2021-09-27,0.08,28.63,33.44,24.52,76.31,4.64,Chennai
2021-09-28,2.25,27.5,30.95,24.52,79.6,4.48,Chennai
2021-09-29,1.48,28.04,32.06,23.84,75.62,2.67,Chennai
2021-09-30,3.93,28.16,31.44,25.59,77.95,2.17,Chennai
2021-10-01,2.28,28.04,30.83,25.97,81.28,2.28,Chennai
2021-10-02,5.59,27.43,29.21,26.12,87.9,2.94,Chennai
2021-10-03,4.45,27.94,30.62,26.21,82.9,1.94,Chennai
2021-10-04,4.71,27.92,30.71,25.8,82.95,2.43,Chennai
2021-10-05,37.11,27.14,28.77,25.87,88.45,3.12,Chennai
2021-10-06,8.39,27.99,30.95,25.95,86.03,2.96,Chennai
2021-10-07,3.17,27.58,29.78,25.41,85.61,3.15,Chennai
2021-10-08,3.81,28.44,31.6,25.76,83.88,3.12,Chennai
2021-10-09,5.3,27.3,28.75,25.89,86.85,2.04,Chennai
2021-10-10,9.41,27.76,30.74,25.44,82.77,3.0,Chennai
2021-10-11,4.31,27.07,29.68,24.98,85.11,2.19,Chennai
2021-10-12,4.16,27.19,30.04,25.1,82.65,2.13,Chennai
2021-10-13,6.49,28.25,32.16,24.98,79.51,2.74,Chennai
2021-10-14,0.24,27.8,30.47,25.18,83.46,3.36,Chennai
2021-10-15,2.84,28.15,30.79,26.07,82.88,2.23,Chennai
2021-10-16,1.62,27.82,30.67,25.16,86.08,3.36,Chennai
2021-10-17,3.02,28.06,29.94,26.41,86.34,2.55,Chennai
2021-10-18,0.37,28.07,30.9,25.9,81.65,3.16,Chennai
2021-10-19,3.3,27.66,29.79,25.78,83.27,2.53,Chennai
2021-10-20,1.74,27.49,29.96,25.42,82.14,1.78,Chennai
2021-10-21,1.85,27.36,28.94,25.89,83.06,1.41,Chennai
2021-10-22,0.51,27.32,29.39,25.15,83.57,1.67,Chennai
2021-10-23,0.54,27.19,29.12,25.55,85.22,2.07,Chennai
2021-10-24,5.98,27.63,30.61,24.71,78.27,2.08,Chennai
2021-10-25,0.93,26.63,28.61,25.03,84.65,3.75,Chennai
2021-10-26,0.98,27.14,30.21,25.03,79.82,3.43,Chennai
2021-10-27,0.75,26.86,30.22,24.34,81.23,4.13,Chennai
2021-10-28,6.67,26.41,28.87,24.2,82.03,5.46,Chennai
2021-10-29,25.07,26.71,28.72,25.33,86.27,3.22,Chennai
2021-10-30,17.88,26.48,28.19,24.93,89.13,3.63,Chennai
2021-10-31,16.09,26.97,28.79,25.75,86.98,4.23,Chennai
2021-11-01,21.37,26.41,27.86,25.45,88.91,3.88,Chennai
2021-11-02,23.68,26.42,28.14,25.29,86.5,3.88,Chennai
2021-11-03,30.77,25.71,26.87,24.89,90.13,3.17,Chennai
2021-11-04,18.47,25.87,27.37,24.71,90.86,3.66,Chennai
2021-11-05,16.95,25.94,28.03,24.74,88.54,2.92,Chennai
2021-11-06,49.77,26.12,28.05,24.25,89.51,2.85,Chennai
2021-11-07,40.64,26.64,28.61,25.22,87.96,3.2,Chennai
2021-11-08,36.4,26.05,27.2,24.51,89.87,5.45,Chennai
2021-11-09,16.97,25.26,26.97,24.0,88.64,5.88,Chennai
2021-11-10,84.05,24.09,25.24,23.4,92.22,8.1,Chennai
2021-11-11,75.19,24.83,27.04,22.99,93.4,8.96,Chennai
2021-11-12,3.63,26.11,28.64,23.63,86.87,5.79,Chennai
2021-11-13,3.72,26.85,28.99,25.26,85.99,1.69,Chennai
2021-11-14,4.74,26.53,28.69,24.79,87.73,2.14,Chennai
2021-11-15,4.57,26.59,28.63,24.97,86.79,2.14,Chennai
2021-11-16,2.4,26.83,28.93,25.23,86.29,1.91,Chennai
2021-11-17,11.0,26.46,28.15,25.27,90.25,3.43,Chennai
2021-11-18,74.21,26.52,27.44,25.27,94.08,8.82,Chennai
2021-11-19,20.62,26.72,27.69,25.58,89.65,7.25,Chennai
2021-11-20,16.63,26.91,28.88,25.53,89.41,5.24,Chennai
2021-11-21,7.5,26.66,28.54,25.38,88.16,2.35,Chennai
2021-11-22,5.0,26.3,28.29,24.84,89.74,2.88,Chennai
2021-11-23,2.29,26.64,29.09,25.0,88.2,3.55,Chennai
2021-11-24,2.87,26.34,28.35,24.7,87.86,3.81,Chennai
2021-11-25,18.25,26.46,28.01,25.23,88.38,5.56,Chennai
2021-11-26,58.61,26.09,27.64,24.85,90.36,6.4,Chennai
2021-11-27,29.98,25.83,26.88,24.92,92.6,5.53,Chennai
2021-11-28,61.12,25.53,26.64,24.68,92.82,4.06,Chennai
2021-11-29,12.76,25.44,26.91,24.09,91.47,2.51,Chennai
2021-11-30,9.8,26.06,27.14,25.14,91.13,4.65,Chennai
2021-12-01,1.22,26.09,28.34,24.5,86.45,4.89,Chennai
2021-12-02,0.03,24.96,27.38,23.08,82.33,4.51,Chennai
2021-12-03,0.14,24.43,26.54,22.73,89.59,4.38,Chennai
2021-12-04,0.01,26.0,29.31,22.73,81.81,2.28,Chennai
2021-12-05,0.15,26.58,30.19,23.16,82.01,1.82,Chennai
2021-12-06,1.22,26.55,29.25,24.76,84.54,2.18,Chennai
2021-12-07,0.09,25.87,28.55,24.07,85.08,3.44,Chennai
2021-12-08,0.38,25.65,28.19,23.39,87.43,3.77,Chennai
2021-12-09,3.98,25.84,27.88,24.23,86.13,4.15,Chennai
2021-12-10,2.35,25.77,28.78,23.24,84.35,4.43,Chennai
2021-12-11,3.71,25.88,28.53,24.08,85.41,5.24,Chennai
2021-12-12,6.0,25.7,27.98,24.23,85.87,5.16,Chennai
2021-12-13,6.87,25.99,28.38,24.47,84.01,5.71,Chennai
2021-12-14,2.34,25.32,27.47,23.96,83.63,5.49,Chennai
2021-12-15,1.6,24.96,27.6,23.21,82.85,5.48,Chennai
2021-12-16,0.48,24.66,27.55,22.65,80.87,5.58,Chennai
2021-12-17,0.15,24.2,26.82,22.11,81.65,5.13,Chennai
2021-12-18,0.0,23.89,26.67,22.13,80.05,5.38,Chennai
2021-12-19,0.0,23.5,26.67,20.96,77.93,5.18,Chennai
2021-12-20,0.0,23.58,27.16,21.07,76.0,4.33,Chennai
2021-12-21,0.0,23.25,27.11,20.31,74.54,3.32,Chennai
2021-12-22,0.0,22.74,26.66,19.77,73.44,2.51,Chennai
2021-12-23,0.0,22.4,26.61,18.83,72.27,2.45,Chennai
2021-12-24,0.0,23.46,27.51,20.33,72.72,2.0,Chennai
2021-12-25,0.0,23.62,27.32,20.79,73.36,2.19,Chennai
2021-12-26,0.0,23.94,27.65,20.75,76.97,2.2,Chennai
2021-12-27,0.41,24.25,27.98,20.9,78.07,2.86,Chennai
2021-12-28,0.87,24.0,27.43,21.19,81.99,3.63,Chennai
2021-12-29,0.92,24.37,28.09,21.67,79.08,3.45,Chennai
2021-12-30,55.65,24.55,27.01,21.98,86.17,5.18,Chennai
2021-12-31,42.52,25.22,27.52,23.66,87.17,6.2,Chennai
2022-01-01,8.69,25.03,27.1,23.55,86.38,6.15,Chennai
2022-01-02,0.5,24.61,27.37,22.9,83.33,5.05,Chennai
2022-01-03,0.02,24.37,27.48,22.24,81.09,4.38,Chennai
2022-01-04,0.01,23.36,26.36,21.21,81.46,4.57,Chennai
2022-01-05,0.02,23.6,27.12,20.55,80.24,3.29,Chennai
2022-01-06,0.04,23.94,27.23,21.11,83.68,3.59,Chennai
2022-01-07,0.03,24.16,27.25,21.26,84.08,3.53,Chennai
2022-01-08,0.0,24.29,27.24,22.17,80.79,3.81,Chennai
2022-01-09,0.0,24.23,27.77,21.7,80.86,2.83,Chennai
2022-01-10,0.0,24.65,28.5,21.63,81.06,2.54,Chennai
2022-01-11,0.02,25.14,28.58,22.23,79.24,2.96,Chennai
2022-01-12,0.14,25.29,28.38,23.03,80.42,2.82,Chennai
2022-01-13,0.95,25.63,28.79,23.1,81.42,2.81,Chennai
2022-01-14,0.68,25.84,28.85,23.54,83.07,2.47,Chennai
2022-01-15,0.64,25.44,28.44,23.24,84.49,2.88,Chennai
2022-01-16,5.86,25.15,27.84,23.02,84.51,4.63,Chennai
2022-01-17,6.17,25.03,27.8,23.05,80.99,4.89,Chennai
2022-01-18,1.52,24.18,27.02,22.0,81.09,4.22,Chennai
2022-01-19,0.47,23.85,27.5,21.44,76.83,3.51,Chennai
2022-01-20,0.0,23.8,27.82,20.33,72.09,1.87,Chennai
2022-01-21,0.0,24.17,28.71,20.29,76.9,2.46,Chennai
2022-01-22,0.0,25.02,29.94,21.08,80.42,2.81,Chennai
2022-01-23,0.59,25.48,29.25,22.13,83.85,3.26,Chennai
2022-01-24,3.1,25.37,28.96,23.04,82.98,2.88,Chennai
2022-01-25,1.19,25.15,28.49,22.52,80.89,2.65,Chennai
2022-01-26,0.7,24.8,27.16,23.35,79.43,2.3,Chennai
2022-01-27,0.19,24.84,27.99,22.3,76.53,3.37,Chennai
2022-01-28,0.26,24.43,27.64,21.96,82.84,4.99,Chennai
2022-01-29,0.08,24.64,27.81,22.59,81.67,5.65,Chennai
2022-01-30,0.0,24.52,28.25,21.37,82.15,3.65,Chennai
2022-01-31,0.0,24.98,28.95,22.35,80.62,2.48,Chennai
2022-02-01,0.0,24.13,28.12,21.79,74.41,2.26,Chennai
2022-02-02,0.0,23.63,28.26,19.82,71.91,1.96,Chennai
2022-02-03,0.0,23.78,28.15,19.48,74.14,2.26,Chennai
2022-02-04,0.0,25.03,29.82,21.02,76.79,2.83,Chennai
2022-02-05,0.04,25.45,29.09,22.44,81.05,2.94,Chennai
2022-02-06,0.0,25.08,28.61,22.43,77.66,3.52,Chennai
2022-02-07,0.0,24.4,28.64,21.32,75.11,3.55,Chennai
2022-02-08,0.0,23.98,28.42,20.39,75.69,3.64,Chennai
2022-02-09,0.0,23.72,28.17,20.75,75.92,4.07,Chennai
2022-02-10,0.13,24.2,28.53,20.5,75.63,4.12,Chennai
2022-02-11,0.25,24.9,28.91,21.85,75.48,4.55,Chennai
2022-02-12,0.07,25.15,29.34,22.21,75.76,4.63,Chennai
2022-02-13,0.0,24.62,28.98,21.36,79.75,4.01,Chennai
2022-02-14,0.03,24.73,29.03,21.79,74.78,4.21,Chennai
2022-02-15,0.01,24.13,28.42,20.85,71.62,4.05,Chennai
2022-02-16,0.0,24.34,28.94,20.98,70.88,3.62,Chennai
2022-02-17,0.0,24.73,29.45,21.35,72.42,3.12,Chennai
2022-02-18,0.0,25.13,29.85,21.92,74.94,3.83,Chennai
2022-02-19,0.0,25.37,30.23,21.76,74.38,3.54,Chennai
2022-02-20,0.0,25.9,31.3,22.17,73.12,2.58,Chennai
2022-02-21,0.0,26.3,32.68,21.04,75.22,2.91,Chennai
2022-02-22,0.03,26.59,31.93,23.12,76.7,2.94,Chennai
2022-02-23,0.0,25.98,31.2,22.68,75.9,3.68,Chennai
2022-02-24,0.0,25.46,30.45,21.93,70.74,3.05,Chennai
2022-02-25,0.0,24.43,29.72,20.49,72.71,3.58,Chennai
2022-02-26,0.01,25.33,30.45,20.96,74.88,3.69,Chennai
2022-02-27,0.0,25.72,30.81,22.26,72.09,3.96,Chennai
2022-02-28,0.0,26.06,31.98,21.56,69.11,3.35,Chennai
2022-03-01,0.0,26.31,32.68,21.59,66.33,3.79,Chennai
2022-03-02,0.0,25.89,31.92,21.15,66.79,4.01,Chennai
2022-03-03,0.0,26.0,30.85,22.47,73.5,4.48,Chennai
2022-03-04,0.06,26.86,31.41,23.47,71.74,5.53,Chennai
2022-03-05,0.01,26.68,30.52,23.66,71.33,4.91,Chennai
2022-03-06,0.89,26.69,31.11,23.82,71.49,5.36,Chennai
2022-03-07,0.21,27.01,31.54,24.09,72.29,3.8,Chennai
2022-03-08,0.0,27.16,32.73,23.63,68.69,2.64,Chennai
2022-03-09,0.0,27.19,33.96,21.8,64.58,2.78,Chennai
2022-03-10,0.0,26.85,33.02,22.57,66.52,3.11,Chennai
2022-03-11,0.0,26.67,32.92,21.82,67.02,3.19,Chennai
2022-03-12,0.0,26.85,33.4,21.66,63.83,2.96,Chennai
2022-03-13,0.01,27.08,32.86,22.66,65.23,2.92,Chennai
2022-03-14,0.0,27.78,33.91,23.55,63.89,2.72,Chennai
2022-03-15,0.0,27.68,34.74,22.02,63.14,2.6,Chennai
2022-03-16,0.0,28.08,36.2,21.57,58.62,3.11,Chennai
2022-03-17,0.0,28.36,36.41,21.59,62.5,3.34,Chennai
2022-03-18,0.0,28.51,36.04,22.67,67.68,3.56,Chennai
2022-03-19,0.01,29.0,35.51,23.84,69.51,3.25,Chennai
2022-03-20,0.08,30.19,36.34,25.3,66.81,2.44,Chennai
2022-03-21,0.49,30.81,37.2,26.39,64.07,2.98,Chennai
2022-03-22,0.87,30.41,36.65,25.47,64.9,2.87,Chennai
2022-03-23,0.01,30.09,34.93,26.48,71.17,3.19,Chennai
2022-03-24,0.01,29.75,34.96,25.96,71.76,3.6,Chennai
2022-03-25,0.0,29.46,34.85,25.75,70.2,3.66,Chennai
2022-03-26,0.0,29.66,35.42,25.26,68.63,3.83,Chennai
2022-03-27,0.0,29.98,35.75,25.46,69.34,4.19,Chennai
2022-03-28,0.0,30.17,35.98,25.93,70.12,4.59,Chennai
2022-03-29,0.0,30.24,36.3,26.09,70.47,4.89,Chennai
2022-03-30,0.0,30.39,36.68,26.05,69.13,5.47,Chennai
2022-03-31,0.01,30.23,35.71,26.74,71.13,5.18,Chennai
2022-04-01,0.0,29.6,34.57,26.44,73.45,5.34,Chennai
2022-04-02,0.01,29.99,35.82,26.32,68.64,4.51,Chennai
2022-04-03,0.0,29.8,35.4,26.02,68.05,4.28,Chennai
2022-04-04,0.01,29.69,35.66,25.49,68.85,4.13,Chennai
2022-04-05,0.0,29.78,36.2,24.84,63.99,3.59,Chennai
2022-04-06,0.05,29.49,35.02,25.15,66.73,2.94,Chennai
2022-04-07,0.1,29.97,35.59,25.47,65.47,3.2,Chennai
2022-04-08,0.14,29.98,34.77,26.45,65.25,2.88,Chennai
2022-04-09,0.14,29.9,34.7,26.68,66.68,2.79,Chennai
2022-04-10,0.66,29.9,35.03,25.81,67.45,2.92,Chennai
2022-04-11,0.26,29.78,34.1,26.33,69.04,2.62,Chennai
2022-04-12,0.07,29.12,32.16,26.41,73.83,2.34,Chennai
2022-04-13,0.11,29.6,32.76,27.24,72.01,2.58,Chennai
2022-04-14,0.02,30.35,35.34,26.87,67.51,3.79,Chennai
2022-04-15,0.02,31.24,37.09,26.82,62.06,4.66,Chennai
2022-04-16,0.03,31.33,37.11,27.66,67.65,4.72,Chennai
2022-04-17,0.42,31.29,36.58,27.89,68.04,3.4,Chennai
2022-04-18,0.33,30.48,34.14,27.78,67.98,2.69,Chennai
2022-04-19,0.03,30.64,35.91,26.93,68.35,3.18,Chennai
2022-04-20,0.02,30.61,35.97,26.58,69.23,3.6,Chennai
2022-04-21,0.01,30.29,34.93,27.6,71.05,4.66,Chennai
2022-04-22,0.02,30.9,36.39,26.84,64.82,3.92,Chennai
2022-04-23,0.04,30.28,34.02,27.69,66.41,3.8,Chennai
2022-04-24,0.0,31.79,38.31,26.79,58.48,3.46,Chennai
2022-04-25,0.0,31.23,37.41,26.86,63.44,4.65,Chennai
2022-04-26,0.0,31.01,36.8,26.76,65.24,4.8,Chennai
2022-04-27,0.0,31.26,37.0,27.15,65.49,4.33,Chennai
2022-04-28,0.0,31.23,37.27,26.81,67.49,4.52,Chennai
2022-04-29,0.02,31.46,37.44,27.26,66.74,4.23,Chennai
2022-04-30,0.01,32.25,38.69,27.84,63.21,4.21,Chennai
2022-05-01,0.38,31.53,36.7,28.07,70.08,4.52,Chennai
2022-05-02,0.99,31.16,36.26,28.07,70.49,3.63,Chennai
2022-05-03,0.48,30.69,34.24,27.87,74.56,3.72,Chennai
2022-05-04,1.98,30.28,33.45,28.0,75.33,3.19,Chennai
2022-05-05,1.93,30.56,34.88,27.27,69.34,2.5,Chennai
2022-05-06,4.02,31.06,36.49,27.37,64.87,3.79,Chennai
2022-05-07,8.16,30.73,36.2,26.74,68.71,2.77,Chennai
2022-05-08,0.52,31.12,37.17,27.3,67.73,2.91,Chennai
2022-05-09,1.28,30.63,34.0,27.57,68.48,2.18,Chennai
2022-05-10,10.74,29.78,33.94,26.91,68.11,4.37,Chennai
2022-05-11,6.44,30.39,35.81,25.82,65.48,6.19,Chennai
2022-05-12,8.99,29.95,33.91,26.75,72.1,5.99,Chennai
2022-05-13,1.16,28.94,31.65,26.37,75.67,4.74,Chennai
2022-05-14,1.15,30.42,35.44,26.68,72.58,3.59,Chennai
2022-05-15,7.5,28.6,31.04,26.58,83.04,4.66,Chennai
2022-05-16,6.12,29.29,32.3,26.9,80.9,2.66,Chennai
2022-05-17,2.55,29.08,31.98,26.57,80.26,3.37,Chennai
2022-05-18,1.4,29.3,32.27,27.16,80.04,3.65,Chennai
2022-05-19,0.45,29.28,31.92,26.95,75.88,5.7,Chennai
2022-05-20,0.4,28.45,32.51,25.61,69.84,5.42,Chennai
2022-05-21,0.02,30.58,36.25,24.98,63.4,4.9,Chennai
2022-05-22,0.03,31.38,37.05,26.26,60.97,4.79,Chennai
2022-05-23,0.01,31.94,38.92,25.93,61.99,4.57,Chennai
2022-05-24,0.07,32.05,38.36,27.45,65.36,3.72,Chennai
2022-05-25,2.43,31.23,34.99,28.31,69.08,3.8,Chennai
2022-05-26,3.13,30.34,33.95,27.48,73.62,3.66,Chennai
2022-05-27,1.93,30.33,34.61,26.92,68.42,4.34,Chennai
2022-05-28,0.08,30.67,36.19,26.37,66.71,3.71,Chennai
2022-05-29,0.13,30.83,35.98,26.26,62.61,3.89,Chennai
2022-05-30,0.09,31.03,37.17,25.89,62.73,4.22,Chennai
2022-05-31,0.03,31.0,36.31,26.68,66.15,3.78,Chennai
2022-06-01,0.01,31.01,35.6,26.56,64.24,2.98,Chennai
2022-06-02,0.0,31.0,35.81,26.89,63.91,2.48,Chennai
2022-06-03,0.01,31.22,36.16,27.64,65.58,3.78,Chennai
2022-06-04,0.01,29.71,32.12,27.55,62.64,3.62,Chennai
2022-06-05,1.81,30.59,35.24,27.09,63.2,2.79,Chennai
2022-06-06,3.7,29.17,32.07,26.89,73.57,3.26,Chennai
2022-06-07,2.57,29.96,34.88,25.95,70.36,5.07,Chennai
2022-06-08,0.38,30.65,35.71,26.7,66.61,4.07,Chennai
2022-06-09,0.26,30.33,35.27,27.15,66.24,4.77,Chennai
2022-06-10,0.21,30.45,35.59,26.58,66.34,4.16,Chennai
2022-06-11,1.31,30.27,34.1,26.8,64.94,3.14,Chennai
2022-06-12,1.97,30.7,35.65,27.27,60.43,3.15,Chennai
2022-06-13,1.48,30.57,35.3,26.89,66.07,3.51,Chennai
2022-06-14,1.54,30.66,35.02,27.03,67.57,3.23,Chennai
2022-06-15,8.16,29.77,33.26,27.3,70.59,3.62,Chennai
2022-06-16,8.64,28.98,32.0,26.77,76.29,2.22,Chennai
2022-06-17,7.47,29.22,33.18,26.42,74.08,3.83,Chennai
2022-06-18,4.74,29.32,33.65,26.1,72.21,4.6,Chennai
2022-06-19,28.85,28.87,32.08,26.38,78.1,3.88,Chennai
2022-06-20,18.31,28.7,31.83,26.13,77.28,3.19,Chennai
2022-06-21,23.54,28.77,31.83,25.56,76.61,3.36,Chennai
2022-06-22,9.51,28.39,31.98,25.64,76.72,2.59,Chennai
2022-06-23,3.63,28.65,32.22,25.83,76.02,3.21,Chennai
2022-06-24,2.55,28.98,32.66,25.99,75.38,3.89,Chennai
2022-06-25,1.99,28.63,33.06,25.03,73.15,4.29,Chennai
2022-06-26,0.65,28.93,33.27,25.61,72.4,3.82,Chennai
2022-06-27,2.44,29.62,33.85,25.52,69.16,2.84,Chennai
2022-06-28,2.59,30.28,34.99,26.07,68.3,2.65,Chennai
2022-06-29,5.16,30.59,35.43,26.42,69.83,2.89,Chennai
2022-06-30,5.14,30.0,33.92,26.96,73.97,3.37,Chennai
2022-07-01,4.5,29.98,34.3,26.21,72.3,3.72,Chennai
2022-07-02,3.0,29.85,34.0,26.39,72.19,4.1,Chennai
2022-07-03,3.04,29.55,33.15,26.61,73.91,3.25,Chennai
2022-07-04,3.24,29.68,34.32,26.03,70.08,4.67,Chennai
2022-07-05,6.45,28.93,32.72,25.82,72.68,4.17,Chennai
2022-07-06,4.59,28.77,32.63,25.29,73.58,3.42,Chennai
2022-07-07,1.75,28.59,33.07,25.33,73.43,4.71,Chennai
2022-07-08,3.76,28.96,33.33,25.27,71.85,4.54,Chennai
2022-07-09,2.01,29.07,33.51,25.52,70.96,5.12,Chennai
2022-07-10,2.79,29.1,33.7,25.34,70.16,5.54,Chennai
2022-07-11,1.15,29.27,34.2,25.75,68.64,6.34,Chennai
2022-07-12,1.38,29.38,34.55,25.2,67.03,6.67,Chennai
2022-07-13,2.29,29.21,33.82,25.5,67.36,7.17,Chennai
2022-07-14,0.31,29.52,34.96,24.98,63.32,7.55,Chennai
2022-07-15,0.09,29.92,35.28,24.79,64.32,5.91,Chennai
2022-07-16,5.09,29.97,35.07,25.95,70.15,4.52,Chennai
2022-07-17,9.42,29.51,33.79,26.27,75.18,3.56,Chennai
2022-07-18,2.0,28.48,31.95,25.53,74.31,3.56,Chennai
2022-07-19,0.94,29.5,33.98,25.87,73.25,2.7,Chennai
2022-07-20,10.14,28.94,31.64,26.78,79.3,2.82,Chennai
2022-07-21,5.89,28.65,30.86,26.62,79.45,2.82,Chennai
2022-07-22,15.58,27.1,28.48,25.86,86.36,2.27,Chennai
2022-07-23,1.46,28.68,32.96,25.31,75.05,2.75,Chennai
2022-07-24,3.4,28.71,32.86,25.5,73.78,2.91,Chennai
2022-07-25,3.46,28.45,32.26,25.11,75.63,2.98,Chennai
2022-07-26,7.74,27.11,28.86,25.84,83.97,2.33,Chennai
2022-07-27,0.2,27.76,30.66,25.15,80.18,2.17,Chennai
2022-07-28,0.75,28.1,30.8,26.02,78.64,1.68,Chennai
2022-07-29,0.73,28.49,31.51,26.08,77.08,1.71,Chennai
2022-07-30,1.37,29.21,33.28,26.01,75.32,3.01,Chennai
2022-07-31,4.17,28.87,32.04,26.32,78.92,3.03,Chennai
2022-08-01,8.36,29.2,33.24,26.35,77.4,2.09,Chennai
2022-08-02,6.98,29.35,33.13,26.75,74.09,2.28,Chennai
2022-08-03,14.47,27.64,29.46,26.0,80.85,1.96,Chennai
2022-08-04,6.52,27.68,30.43,25.18,79.7,2.92,Chennai
2022-08-05,3.08,28.33,32.46,25.31,78.14,5.16,Chennai
2022-08-06,1.04,27.99,32.56,24.51,79.09,5.16,Chennai
2022-08-07,0.62,28.1,32.24,24.88,77.96,5.71,Chennai
2022-08-08,0.33,28.31,31.79,25.09,76.48,6.45,Chennai
2022-08-09,0.02,28.67,33.25,24.68,72.24,6.67,Chennai
2022-08-10,0.0,28.89,34.34,24.23,69.3,6.52,Chennai
2022-08-11,0.02,29.22,33.85,25.11,69.98,5.41,Chennai
2022-08-12,0.02,29.83,35.43,25.23,69.58,4.36,Chennai
2022-08-13,0.04,29.28,34.07,25.41,70.75,3.79,Chennai
2022-08-14,0.02,29.8,35.99,25.18,65.72,3.67,Chennai
2022-08-15,2.09,29.36,34.14,26.08,70.5,3.0,Chennai
2022-08-16,8.22,28.55,32.05,25.97,79.44,3.51,Chennai
2022-08-17,8.62,27.3,29.09,26.08,85.51,3.85,Chennai
2022-08-18,4.21,28.0,31.38,26.13,79.58,3.17,Chennai
2022-08-19,4.58,27.74,30.73,25.25,78.77,3.54,Chennai
2022-08-20,1.33,29.32,33.74,25.68,72.62,3.62,Chennai
2022-08-21,9.65,29.3,34.21,25.49,73.23,4.09,Chennai
2022-08-22,10.86,29.01,33.46,25.68,77.63,4.42,Chennai
2022-08-23,21.98,29.32,34.24,24.94,74.8,3.45,Chennai
2022-08-24,9.93,27.76,30.54,25.68,79.67,3.3,Chennai
2022-08-25,9.94,28.38,31.1,25.44,78.55,2.49,Chennai
2022-08-26,12.99,27.11,29.9,25.1,84.17,2.33,Chennai
2022-08-27,12.65,27.81,31.11,24.85,80.77,2.84,Chennai
2022-08-28,8.91,28.01,31.19,25.43,81.4,2.4,Chennai
2022-08-29,9.02,27.93,30.44,25.89,81.98,1.57,Chennai
2022-08-30,1.29,28.09,31.11,25.98,80.06,2.02,Chennai
2022-08-31,10.69,27.45,28.86,26.32,79.65,1.37,Chennai
2022-09-01,12.54,27.5,30.48,25.35,77.82,1.21,Chennai
2022-09-02,2.58,27.39,30.23,24.95,81.54,1.9,Chennai
2022-09-03,0.26,28.13,31.72,25.3,80.48,2.1,Chennai
2022-09-04,1.19,28.06,30.84,25.92,84.68,2.4,Chennai
2022-09-05,0.73,28.31,31.58,25.87,83.29,2.62,Chennai
2022-09-06,11.67,28.18,31.38,25.83,81.79,2.53,Chennai
2022-09-07,2.75,27.52,30.27,25.64,80.29,2.6,Chennai
2022-09-08,6.67,26.86,29.07,24.97,84.31,2.53,Chennai
2022-09-09,1.36,28.32,31.39,25.66,81.35,3.35,Chennai
2022-09-10,1.35,28.27,32.07,25.62,81.64,4.48,Chennai
2022-09-11,0.42,28.06,31.88,24.99,80.24,5.35,Chennai
2022-09-12,0.11,27.93,31.99,24.7,80.49,5.2,Chennai
2022-09-13,0.17,28.29,32.28,24.5,78.92,4.38,Chennai
2022-09-14,1.25,28.57,31.89,25.86,79.78,3.59,Chennai
2022-09-15,2.04,27.11,28.84,26.04,82.01,3.32,Chennai
2022-09-16,1.29,28.16,31.53,25.27,78.55,2.76,Chennai
2022-09-17,2.85,28.64,32.11,25.89,78.48,2.8,Chennai
2022-09-18,1.23,28.64,32.12,25.6,78.27,3.25,Chennai
2022-09-19,2.23,27.82,30.75,25.52,79.47,3.46,Chennai
2022-09-20,0.78,28.01,32.41,24.49,72.64,3.69,Chennai
2022-09-21,0.04,27.97,32.96,22.81,70.4,3.13,Chennai
2022-09-22,0.13,28.75,32.61,25.37,72.72,2.49,Chennai
2022-09-23,0.14,28.48,32.78,24.7,69.53,3.07,Chennai
2022-09-24,0.83,28.92,33.71,24.68,72.72,3.24,Chennai
2022-09-25,0.82,28.65,32.99,24.55,75.29,2.74,Chennai
2022-09-26,4.23,29.05,32.62,25.85,76.43,1.8,Chennai
2022-09-27,9.48,28.27,31.38,26.34,79.9,1.94,Chennai
2022-09-28,5.7,26.83,28.34,25.79,86.66,3.13,Chennai
2022-09-29,4.56,27.5,30.3,25.08,80.75,3.21,Chennai
2022-09-30,5.21,26.9,29.28,25.34,83.63,3.7,Chennai
2022-10-01,5.77,26.05,28.71,24.34,83.85,6.66,Chennai
2022-10-02,0.6,27.05,30.9,23.97,77.79,5.08,Chennai
2022-10-03,0.21,27.96,31.68,24.66,77.2,4.1,Chennai
2022-10-04,0.44,27.06,29.73,25.23,82.87,3.31,Chennai
2022-10-05,10.79,26.19,27.48,25.23,86.75,2.82,Chennai
2022-10-06,22.41,26.75,29.61,24.66,84.4,2.0,Chennai
2022-10-07,3.22,27.3,30.11,25.18,80.74,1.88,Chennai
2022-10-08,10.59,27.5,30.82,25.03,82.6,2.45,Chennai
2022-10-09,17.43,27.17,29.83,25.5,85.88,3.03,Chennai
2022-10-10,5.37,27.3,29.69,25.39,84.96,3.38,Chennai
2022-10-11,9.35,27.46,29.65,25.71,84.91,4.23,Chennai
2022-10-12,2.27,27.45,29.61,25.57,83.99,2.42,Chennai
2022-10-13,2.18,27.48,30.1,25.55,82.14,1.94,Chennai
2022-10-14,2.34,27.59,31.13,25.37,81.03,2.03,Chennai
2022-10-15,4.78,27.18,30.13,24.94,83.7,2.66,Chennai
2022-10-16,5.46,27.4,29.59,25.58,84.12,2.73,Chennai
2022-10-17,2.69,27.86,30.39,26.02,82.1,2.51,Chennai
2022-10-18,6.35,27.66,29.8,25.82,81.16,1.92,Chennai
2022-10-19,5.85,27.67,30.53,25.36,80.37,2.44,Chennai
2022-10-20,16.88,27.17,28.99,25.74,85.87,2.8,Chennai
2022-10-21,6.6,27.25,29.3,25.72,85.29,3.34,Chennai
2022-10-22,2.64,27.3,29.36,25.9,86.71,4.4,Chennai
2022-10-23,1.41,27.44,30.87,24.54,76.08,4.49,Chennai
2022-10-24,0.0,26.14,31.42,21.7,65.99,3.62,Chennai
2022-10-25,0.0,26.1,31.03,21.3,64.27,2.9,Chennai
2022-10-26,0.02,26.31,30.52,23.19,65.69,3.7,Chennai
2022-10-27,2.07,26.44,30.57,22.97,75.1,4.17,Chennai
2022-10-28,10.41,26.62,29.76,24.53,83.52,4.6,Chennai
2022-10-29,3.87,27.01,30.02,24.92,80.51,5.02,Chennai
2022-10-30,7.56,26.81,29.9,24.84,81.9,5.37,Chennai
2022-10-31,25.66,25.71,26.81,24.8,90.31,4.47,Chennai
2022-11-01,54.46,25.65,27.1,24.3,85.84,3.23,Chennai
2022-11-02,28.46,25.63,27.92,23.91,88.37,3.93,Chennai
2022-11-03,24.99,25.67,28.23,23.9,86.58,3.68,Chennai
2022-11-04,4.36,25.79,28.27,23.8,84.38,2.78,Chennai
2022-11-05,3.45,26.43,29.19,24.12,85.01,3.7,Chennai
2022-11-06,2.51,26.37,29.02,24.64,83.12,4.83,Chennai
2022-11-07,8.51,26.06,28.83,24.14,84.97,4.45,Chennai
2022-11-08,4.0,26.05,28.42,24.37,86.01,4.8,Chennai
2022-11-09,1.51,26.32,29.09,24.49,83.88,4.82,Chennai
2022-11-10,3.84,26.27,28.63,24.4,83.05,6.08,Chennai
2022-11-11,67.26,26.09,27.15,24.89,90.35,7.4,Chennai
2022-11-12,35.62,26.44,27.71,24.96,87.95,4.6,Chennai
2022-11-13,35.91,25.77,27.61,24.47,88.67,3.0,Chennai
2022-11-14,7.69,26.26,28.77,24.32,85.98,4.28,Chennai
2022-11-15,7.45,25.97,28.78,23.86,82.74,4.23,Chennai
2022-11-16,0.01,24.62,27.38,22.56,80.42,4.25,Chennai
2022-11-17,0.0,24.14,28.04,21.22,76.68,5.12,Chennai
2022-11-18,0.0,24.47,28.2,21.91,76.51,5.4,Chennai
2022-11-19,0.0,24.13,27.66,21.52,77.35,5.9,Chennai
2022-11-20,0.35,23.07,25.99,20.85,78.95,6.15,Chennai
2022-11-21,2.31,23.62,25.85,22.09,91.87,5.24,Chennai
2022-11-22,5.68,25.39,27.94,23.47,92.14,4.5,Chennai
2022-11-23,9.63,26.18,28.91,24.16,90.48,2.89,Chennai
2022-11-24,3.0,25.91,28.42,23.97,87.32,2.75,Chennai
2022-11-25,0.3,25.54,28.07,23.7,86.6,2.64,Chennai
2022-11-26,0.14,25.84,28.9,23.6,84.6,2.4,Chennai
2022-11-27,1.01,25.96,28.96,24.17,83.83,1.8,Chennai
2022-11-28,0.05,25.71,28.72,23.62,81.23,2.63,Chennai
2022-11-29,0.0,24.69,28.26,22.1,77.56,3.82,Chennai
2022-11-30,1.28,24.64,27.98,21.22,83.2,3.48,Chennai
2022-12-01,2.14,25.96,28.68,23.79,86.61,3.47,Chennai
2022-12-02,0.14,26.07,28.99,24.05,83.68,3.13,Chennai
2022-12-03,2.59,26.05,28.64,23.86,86.39,4.21,Chennai
2022-12-04,1.1,25.82,27.5,24.44,86.35,4.81,Chennai
2022-12-05,0.7,25.87,29.05,23.8,83.06,4.34,Chennai
2022-12-06,0.02,25.36,28.45,23.13,79.81,5.07,Chennai
2022-12-07,0.01,23.77,26.75,21.79,81.29,6.2,Chennai
2022-12-08,14.41,22.52,24.75,20.96,81.86,9.06,Chennai
2022-12-09,58.41,23.96,26.5,21.86,88.93,9.84,Chennai
2022-12-10,59.93,25.03,25.79,24.53,89.81,6.75,Chennai
2022-12-11,14.22,25.37,27.52,23.94,87.25,4.96,Chennai
2022-12-12,23.63,25.26,26.91,23.99,90.18,4.77,Chennai
2022-12-13,5.64,25.5,27.68,23.85,87.95,3.32,Chennai
2022-12-14,0.8,25.36,28.04,23.19,86.71,3.13,Chennai
2022-12-15,0.01,24.34,27.73,21.9,83.55,3.0,Chennai
2022-12-16,0.03,24.39,28.27,20.8,84.08,3.38,Chennai
2022-12-17,0.03,25.2,28.42,22.26,84.58,3.81,Chennai
2022-12-18,0.03,24.86,27.58,22.64,81.93,5.41,Chennai
2022-12-19,0.04,23.97,26.43,21.91,82.3,5.29,Chennai
2022-12-20,0.04,24.21,27.56,22.01,82.48,5.55,Chennai
2022-12-21,0.07,24.31,27.28,22.22,86.31,5.6,Chennai
2022-12-22,0.52,24.32,26.72,22.67,83.39,5.8,Chennai
2022-12-23,0.22,24.63,27.36,22.7,88.43,5.78,Chennai
2022-12-24,6.68,25.34,28.26,23.13,87.36,6.26,Chennai
2022-12-25,13.2,25.88,28.47,24.3,89.15,5.09,Chennai
2022-12-26,3.62,25.58,28.3,23.54,89.34,3.76,Chennai
2022-12-27,0.41,25.1,27.82,23.1,89.17,3.07,Chennai
2022-12-28,0.02,25.59,28.77,23.47,83.74,2.43,Chennai
2022-12-29,0.0,25.27,28.66,22.76,82.49,1.94,Chennai
2022-12-30,0.0,25.01,28.86,22.38,79.06,1.8,Chennai
2022-12-31,0.0,24.7,29.14,21.23,78.67,1.73,Chennai
2023-01-01,0.0,24.36,27.99,21.69,80.51,2.13,Chennai
2023-01-02,0.0,24.74,27.84,22.58,76.93,3.08,Chennai
2023-01-03,0.01,24.67,27.84,22.3,77.4,3.53,Chennai
2023-01-04,0.0,24.68,27.76,22.65,77.54,4.14,Chennai
2023-01-05,0.01,24.6,27.8,22.08,74.79,5.25,Chennai
2023-01-06,0.01,24.69,27.67,22.87,77.4,5.82,Chennai
2023-01-07,0.21,24.44,27.54,22.44,80.41,5.02,Chennai
2023-01-08,0.21,23.99,27.38,21.37,78.94,4.41,Chennai
2023-01-09,0.0,22.92,26.71,19.67,72.99,4.36,Chennai
2023-01-10,0.07,23.08,26.84,19.87,75.06,4.21,Chennai
2023-01-11,0.0,23.16,27.61,19.55,76.15,3.27,Chennai
2023-01-12,0.0,23.24,27.88,19.66,74.67,2.24,Chennai
2023-01-13,0.0,23.15,27.48,20.19,75.4,2.06,Chennai
2023-01-14,0.0,22.67,27.32,19.31,74.14,2.25,Chennai
2023-01-15,0.0,22.54,26.67,19.25,75.5,2.18,Chennai
2023-01-16,0.0,22.55,26.89,18.62,74.95,2.79,Chennai
2023-01-17,0.0,23.2,27.29,20.46,73.37,2.55,Chennai
2023-01-18,0.0,23.44,27.38,20.53,72.48,3.18,Chennai
2023-01-19,0.0,23.68,27.55,21.24,71.9,3.0,Chennai
2023-01-20,0.08,23.98,27.22,21.38,79.81,3.54,Chennai
2023-01-21,0.02,24.24,28.26,21.25,78.13,4.28,Chennai
2023-01-22,0.0,23.75,27.46,20.69,77.83,4.07,Chennai
2023-01-23,0.02,24.59,27.55,22.54,78.83,4.11,Chennai
2023-01-24,0.01,24.54,28.42,21.63,75.5,3.53,Chennai
2023-01-25,0.0,23.71,27.63,20.92,73.95,3.44,Chennai
2023-01-26,0.02,24.11,28.04,21.14,72.82,3.57,Chennai
2023-01-27,0.0,23.7,27.91,20.45,75.02,3.59,Chennai
2023-01-28,0.03,23.93,28.42,20.42,78.0,3.91,Chennai
2023-01-29,0.5,24.8,28.44,21.52,80.23,4.65,Chennai
2023-01-30,1.86,25.5,28.63,23.38,82.63,4.66,Chennai
2023-01-31,0.52,24.98,27.81,23.3,82.17,4.85,Chennai
2023-02-01,0.5,25.47,29.14,23.0,76.48,5.43,Chennai
2023-02-02,0.18,25.57,28.92,23.17,78.36,5.06,Chennai
2023-02-03,0.34,25.8,29.51,23.39,78.3,4.96,Chennai
2023-02-04,0.14,25.43,29.65,22.6,75.58,4.37,Chennai
2023-02-05,0.0,25.0,29.98,21.27,72.68,3.56,Chennai
2023-02-06,0.0,24.88,30.54,20.87,73.16,3.09,Chennai
2023-02-07,0.0,24.75,29.85,21.19,73.56,2.16,Chennai
2023-02-08,0.0,24.95,30.42,21.19,73.76,2.76,Chennai
2023-02-09,0.0,25.08,30.22,21.28,74.52,2.35,Chennai
2023-02-10,0.0,25.19,30.85,20.78,71.65,2.37,Chennai
2023-02-11,0.0,25.14,31.12,20.64,68.28,2.09,Chennai
2023-02-12,0.0,25.19,31.29,20.53,65.17,2.53,Chennai
2023-02-13,0.0,25.12,31.57,19.95,64.43,2.68,Chennai
2023-02-14,0.0,25.01,30.63,20.19,69.76,2.55,Chennai
2023-02-15,0.0,24.71,30.4,20.01,72.74,2.64,Chennai
2023-02-16,0.0,24.7,30.05,20.78,74.12,2.56,Chennai
2023-02-17,0.0,24.7,30.02,20.78,73.6,2.73,Chennai
2023-02-18,0.0,25.17,30.81,21.08,71.33,3.1,Chennai
2023-02-19,0.0,25.52,31.42,21.64,69.58,3.13,Chennai
2023-02-20,0.0,25.76,31.92,21.26,65.54,2.47,Chennai
2023-02-21,0.0,25.78,31.71,20.95,63.99,2.43,Chennai
2023-02-22,0.0,25.77,31.49,22.09,65.33,2.93,Chennai
2023-02-23,0.0,25.06,30.87,21.06,67.8,2.95,Chennai
2023-02-24,0.0,25.32,32.06,20.69,63.89,2.44,Chennai
2023-02-25,0.0,25.52,32.06,20.39,64.98,2.73,Chennai
2023-02-26,0.0,25.42,31.1,20.66,67.37,3.07,Chennai
2023-02-27,0.0,25.82,31.64,22.02,60.33,2.95,Chennai
2023-02-28,0.0,26.06,31.58,21.55,71.67,3.77,Chennai
2023-03-01,0.01,26.55,31.84,22.92,72.45,4.29,Chennai
2023-03-02,0.0,25.92,31.51,21.82,63.85,3.97,Chennai
2023-03-03,0.0,25.88,31.88,21.49,68.59,3.71,Chennai
2023-03-04,0.0,26.41,32.59,21.96,66.97,3.85,Chennai
2023-03-05,0.0,26.45,32.64,21.77,69.87,3.89,Chennai
2023-03-06,0.0,26.47,32.66,22.18,67.86,3.42,Chennai
2023-03-07,0.0,26.36,31.66,22.61,68.22,3.18,Chennai
2023-03-08,0.0,26.7,32.23,22.58,65.56,4.15,Chennai
2023-03-09,0.0,27.22,32.62,23.18,64.5,3.73,Chennai
2023-03-10,0.0,26.98,32.07,22.98,69.71,3.8,Chennai
2023-03-11,0.0,26.76,32.03,23.27,70.07,3.94,Chennai
2023-03-12,0.01,27.49,33.04,22.84,69.92,3.88,Chennai
2023-03-13,0.01,27.91,34.0,23.49,66.41,3.51,Chennai
2023-03-14,0.02,27.75,33.71,23.5,68.25,3.34,Chennai
2023-03-15,0.04,27.95,33.68,24.11,71.71,3.76,Chennai
2023-03-16,0.13,28.21,33.28,24.43,71.36,4.22,Chennai
2023-03-17,10.01,27.93,32.13,25.31,75.24,3.53,Chennai
2023-03-18,10.1,27.82,32.0,24.96,77.04,4.18,Chennai
2023-03-19,19.92,27.49,31.33,25.14,77.8,3.1,Chennai
2023-03-20,11.9,27.52,32.07,24.76,78.1,3.83,Chennai
2023-03-21,1.79,28.24,33.25,24.47,75.92,3.3,Chennai
2023-03-22,0.39,29.03,33.86,25.28,73.18,3.72,Chennai
2023-03-23,2.02,28.81,33.15,25.76,76.23,4.04,Chennai
2023-03-24,2.69,28.76,33.19,25.49,74.99,4.26,Chennai
2023-03-25,0.03,29.04,33.93,25.39,72.38,3.83,Chennai
2023-03-26,0.13,28.96,33.46,25.6,73.4,3.35,Chennai
2023-03-27,0.16,29.63,34.76,25.94,70.9,3.32,Chennai
2023-03-28,0.03,29.31,34.3,25.72,71.86,3.94,Chennai
2023-03-29,0.01,28.95,34.7,24.98,70.78,3.91,Chennai
2023-03-30,0.01,28.58,34.4,24.31,70.01,3.63,Chennai
2023-03-31,0.01,28.98,35.37,24.31,67.71,4.44,Chennai
2023-04-01,0.02,29.27,34.75,25.15,71.17,4.35,Chennai
2023-04-02,0.97,29.27,33.26,26.58,73.05,4.87,Chennai
2023-04-03,0.26,29.34,33.74,26.45,74.12,4.67,Chennai
2023-04-04,0.03,29.51,34.22,25.9,71.28,4.07,Chennai
2023-04-05,0.03,28.95,32.63,26.53,73.8,3.98,Chennai
2023-04-06,0.01,29.48,35.47,25.53,70.09,3.58,Chennai
2023-04-07,0.0,29.29,34.73,25.12,68.71,3.43,Chennai
2023-04-08,0.0,29.16,34.46,25.65,65.65,3.32,Chennai
2023-04-09,0.01,28.94,34.27,25.27,68.3,3.38,Chennai
2023-04-10,0.0,29.01,35.0,24.83,67.22,2.65,Chennai
2023-04-11,0.0,29.23,36.4,23.45,62.6,2.33,Chennai
2023-04-12,0.0,29.74,36.73,23.7,57.99,2.59,Chennai
2023-04-13,0.0,30.69,37.94,24.66,52.62,2.99,Chennai
2023-04-14,0.0,30.61,37.86,24.33,57.99,3.61,Chennai
2023-04-15,0.0,31.07,38.25,25.22,55.87,3.28,Chennai
2023-04-16,0.0,30.31,37.02,25.14,59.96,3.57,Chennai
2023-04-17,0.0,31.03,37.95,25.43,57.25,4.0,Chennai
2023-04-18,0.0,30.78,38.02,25.09,60.54,3.38,Chennai
2023-04-19,0.0,30.8,38.27,24.66,61.09,3.75,Chennai
2023-04-20,0.0,31.59,38.58,26.12,65.28,4.67,Chennai
2023-04-21,0.12,31.85,38.54,26.71,64.69,4.96,Chennai
2023-04-22,0.67,31.62,37.67,26.94,65.45,4.3,Chennai
2023-04-23,3.5,31.64,36.86,28.38,65.07,5.33,Chennai
2023-04-24,2.17,30.84,35.75,27.76,67.85,5.09,Chennai
2023-04-25,2.14,30.07,33.96,27.53,70.92,3.83,Chennai
2023-04-26,0.07,30.48,35.11,27.37,63.51,3.24,Chennai
2023-04-27,0.09,30.59,34.95,27.19,65.16,3.29,Chennai
2023-04-28,0.32,30.92,36.02,27.09,65.36,3.69,Chennai
2023-04-29,1.27,30.77,35.31,27.49,67.18,3.53,Chennai
2023-04-30,0.55,30.83,35.82,27.12,64.38,3.72,Chennai
2023-05-01,14.52,29.21,32.48,26.83,73.13,3.15,Chennai
2023-05-02,12.13,28.1,30.6,26.53,81.9,3.47,Chennai
2023-05-03,1.28,27.83,29.13,26.75,82.81,3.32,Chennai
2023-05-04,0.98,29.45,33.78,26.28,72.96,2.32,Chennai
2023-05-05,6.0,28.25,29.97,26.67,78.33,1.9,Chennai
2023-05-06,7.4,29.45,33.51,26.45,71.08,1.66,Chennai
2023-05-07,3.23,29.32,33.3,25.94,73.2,2.66,Chennai
2023-05-08,8.36,29.32,32.87,26.77,76.05,2.66,Chennai
2023-05-09,0.14,29.95,34.48,26.08,71.53,2.88,Chennai
2023-05-10,0.15,29.88,33.8,26.68,71.05,2.6,Chennai
2023-05-11,0.07,30.41,35.29,27.19,70.36,2.48,Chennai
2023-05-12,0.06,31.64,37.8,26.62,66.11,3.07,Chennai
2023-05-13,0.02,33.29,39.96,27.56,59.36,4.09,Chennai
2023-05-14,0.01,34.15,41.13,28.27,55.34,4.49,Chennai
2023-05-15,1.03,33.52,40.22,28.07,59.98,3.98,Chennai
2023-05-16,0.18,33.34,40.74,28.26,59.73,3.8,Chennai
2023-05-17,0.19,32.65,38.56,28.73,66.61,4.0,Chennai
2023-05-18,0.1,31.37,35.98,28.4,71.2,3.81,Chennai
2023-05-19,0.12,30.9,35.02,28.16,74.06,4.52,Chennai
2023-05-20,0.07,31.24,36.57,27.1,71.64,3.93,Chennai
2023-05-21,0.17,30.29,33.97,27.66,76.56,3.73,Chennai
2023-05-22,0.16,30.38,34.12,27.5,76.47,4.04,Chennai
2023-05-23,0.06,30.76,35.86,27.02,72.5,4.1,Chennai
2023-05-24,0.06,31.92,37.3,27.26,65.54,5.04,Chennai
2023-05-25,0.5,33.23,39.34,28.4,57.15,3.7,Chennai
2023-05-26,0.27,33.36,39.89,28.53,55.67,3.95,Chennai
2023-05-27,2.46,33.84,40.61,28.82,55.62,3.33,Chennai
2023-05-28,0.84,32.91,38.58,28.09,58.07,4.63,Chennai
2023-05-29,0.35,32.38,37.68,28.23,63.99,4.04,Chennai
2023-05-30,2.08,31.44,35.77,28.76,68.69,3.57,Chennai
2023-05-31,0.58,31.25,34.4,28.1,69.9,2.35,Chennai
2023-06-01,0.5,32.34,38.19,27.44,63.01,4.86,Chennai
2023-06-02,0.17,33.1,38.75,28.57,57.72,3.95,Chennai
2023-06-03,0.04,33.76,40.75,28.64,54.76,5.35,Chennai
2023-06-04,0.03,33.53,39.69,28.74,55.26,4.29,Chennai
2023-06-05,2.71,31.66,36.42,28.09,62.43,6.44,Chennai
2023-06-06,1.2,32.2,37.42,28.18,59.27,5.69,Chennai
2023-06-07,3.04,28.61,30.24,26.81,75.89,6.33,Chennai
2023-06-08,0.35,31.11,36.29,27.37,66.19,5.96,Chennai
2023-06-09,5.24,30.34,34.8,27.67,69.86,5.0,Chennai
2023-06-10,6.7,31.31,37.36,26.51,65.1,2.99,Chennai
2023-06-11,0.01,31.81,38.47,26.86,59.37,5.35,Chennai
2023-06-12,4.57,31.78,36.58,27.68,63.28,4.64,Chennai
2023-06-13,2.31,31.16,36.16,27.1,66.78,3.53,Chennai
2023-06-14,2.5,30.27,33.47,27.51,71.26,4.47,Chennai
2023-06-15,0.73,31.3,36.78,27.77,65.04,4.19,Chennai
2023-06-16,1.61,32.16,37.73,27.49,64.13,3.84,Chennai
2023-06-17,8.83,29.26,31.77,27.03,72.75,5.26,Chennai
2023-06-18,48.9,27.98,31.05,25.98,80.55,4.93,Chennai
2023-06-19,21.5,29.47,33.5,25.68,75.81,4.49,Chennai
2023-06-20,12.83,29.48,33.76,26.1,76.98,3.35,Chennai
2023-06-21,1.73,27.48,29.46,26.28,81.24,2.75,Chennai
2023-06-22,8.34,28.79,31.82,26.88,79.69,2.23,Chennai
2023-06-23,6.08,29.25,32.75,26.5,77.83,2.77,Chennai
2023-06-24,3.76,29.23,33.14,26.02,74.83,3.22,Chennai
2023-06-25,7.82,28.27,31.31,25.85,80.21,4.09,Chennai
2023-06-26,0.15,29.75,34.96,26.03,70.56,2.97,Chennai
2023-06-27,0.15,30.14,34.73,26.12,69.05,2.63,Chennai
2023-06-28,0.16,29.66,34.56,25.42,68.03,3.96,Chennai
2023-06-29,1.62,30.08,34.74,25.94,69.4,3.0,Chennai
2023-06-30,0.56,30.74,36.71,25.6,66.42,3.25,Chennai
2023-07-01,3.01,30.25,34.31,26.75,69.37,2.75,Chennai
2023-07-02,3.24,27.44,29.26,25.56,78.47,5.22,Chennai
2023-07-03,4.82,27.97,31.38,25.24,80.12,4.31,Chennai
2023-07-04,3.92,28.23,31.39,25.94,79.22,3.75,Chennai
2023-07-05,1.34,29.46,34.5,25.53,67.13,5.83,Chennai
2023-07-06,0.15,29.09,33.85,25.58,69.75,5.49,Chennai
2023-07-07,0.22,29.37,33.9,25.39,68.08,4.49,Chennai
2023-07-08,1.94,29.72,33.65,26.15,69.84,3.44,Chennai
2023-07-09,4.36,29.79,34.33,25.74,70.06,2.82,Chennai
2023-07-10,8.05,28.83,33.01,26.3,77.62,3.34,Chennai
2023-07-11,3.13,28.86,32.56,25.99,76.32,3.62,Chennai
2023-07-12,12.22,29.08,33.68,26.02,73.82,3.1,Chennai
2023-07-13,11.25,29.26,34.68,24.61,72.59,4.03,Chennai
2023-07-14,0.46,29.93,35.14,25.48,71.98,3.84,Chennai
2023-07-15,0.14,29.79,34.5,25.69,68.5,4.02,Chennai
2023-07-16,0.06,30.05,34.78,26.44,71.23,2.8,Chennai
2023-07-17,0.11,30.07,34.69,26.32,71.34,4.14,Chennai
2023-07-18,0.04,30.27,35.03,26.26,68.44,5.0,Chennai
2023-07-19,0.54,30.18,35.03,26.25,64.86,5.65,Chennai
2023-07-20,0.03,30.02,35.11,26.23,65.02,6.73,Chennai
2023-07-21,0.55,29.98,35.2,25.78,67.67,5.94,Chennai
2023-07-22,6.07,29.94,34.72,26.0,68.46,5.46,Chennai
2023-07-23,2.07,29.18,33.45,25.91,73.19,4.42,Chennai
2023-07-24,7.47,27.96,31.06,25.71,79.37,4.97,Chennai
2023-07-25,6.91,27.46,30.69,25.26,79.23,4.8,Chennai
2023-07-26,6.64,28.81,33.6,24.88,74.17,5.61,Chennai
2023-07-27,0.02,29.15,33.8,25.34,68.17,6.08,Chennai
2023-07-28,0.03,30.39,36.6,24.67,64.83,5.06,Chennai
2023-07-29,0.1,31.12,36.97,25.81,62.34,5.86,Chennai
2023-07-30,0.33,31.32,37.09,25.99,63.59,4.87,Chennai
2023-07-31,0.18,30.94,35.94,26.96,67.77,4.11,Chennai
2023-08-01,0.07,31.57,37.29,26.69,64.38,4.49,Chennai
2023-08-02,0.03,31.14,37.03,26.21,62.46,4.26,Chennai
2023-08-03,0.23,31.04,36.23,26.12,66.03,3.74,Chennai
2023-08-04,0.7,31.02,36.36,26.63,66.32,3.61,Chennai
2023-08-05,0.21,31.2,36.74,26.73,65.45,3.36,Chennai
2023-08-06,0.17,30.97,35.45,27.38,67.26,3.6,Chennai
2023-08-07,0.49,30.64,36.19,27.15,67.78,3.75,Chennai
2023-08-08,0.21,30.4,35.3,27.01,67.4,2.99,Chennai
2023-08-09,2.38,30.0,34.43,27.03,71.83,2.98,Chennai
2023-08-10,7.97,29.62,33.74,26.76,73.72,2.87,Chennai
2023-08-11,7.84,29.61,34.26,25.85,72.25,2.41,Chennai
2023-08-12,7.11,30.08,34.46,26.13,72.1,3.22,Chennai
2023-08-13,11.98,29.8,33.1,26.85,73.46,2.63,Chennai
2023-08-14,23.59,29.1,33.09,26.1,78.19,2.43,Chennai
2023-08-15,10.31,28.94,32.76,26.13,77.09,2.93,Chennai
2023-08-16,7.46,29.24,33.08,26.16,76.21,3.13,Chennai
2023-08-17,23.85,28.76,32.29,26.57,80.85,3.3,Chennai
2023-08-18,2.91,29.81,34.32,26.07,73.07,3.1,Chennai
2023-08-19,5.86,29.82,34.14,26.24,70.72,2.59,Chennai
2023-08-20,1.54,29.92,35.37,25.5,71.66,2.95,Chennai
2023-08-21,3.55,29.73,34.18,26.76,74.99,3.12,Chennai
2023-08-22,10.89,29.22,32.29,26.74,78.93,3.19,Chennai
2023-08-23,16.42,28.65,31.38,26.42,81.11,3.19,Chennai
2023-08-24,20.33,27.85,29.65,26.45,84.03,2.35,Chennai
2023-08-25,1.48,28.26,30.72,26.31,82.66,2.65,Chennai
2023-08-26,5.42,28.51,31.58,26.41,81.71,3.17,Chennai
2023-08-27,16.61,28.78,31.88,26.32,79.99,2.34,Chennai
2023-08-28,4.07,28.63,32.63,26.21,79.26,3.83,Chennai
2023-08-29,10.59,28.29,31.86,26.14,81.77,3.14,Chennai
2023-08-30,5.64,28.74,33.19,25.43,79.96,2.92,Chennai
2023-08-31,3.02,28.18,30.7,26.23,84.84,2.83,Chennai
2023-09-01,2.24,28.75,33.08,25.22,80.74,4.07,Chennai
2023-09-02,5.46,28.18,31.56,25.96,84.27,3.71,Chennai
2023-09-03,32.16,27.46,29.83,25.19,83.87,2.96,Chennai
2023-09-04,2.04,27.68,30.79,25.29,79.72,3.95,Chennai
2023-09-05,2.52,28.08,32.72,24.08,75.87,4.76,Chennai
2023-09-06,4.57,28.21,32.23,25.21,80.55,4.49,Chennai
2023-09-07,19.19,28.23,32.79,25.1,79.55,4.82,Chennai
2023-09-08,1.06,28.23,32.76,24.39,77.26,4.64,Chennai
2023-09-09,0.3,27.93,31.8,24.33,78.56,4.1,Chennai
2023-09-10,0.66,26.91,29.11,25.35,84.83,3.61,Chennai
2023-09-11,0.55,28.06,31.96,24.84,78.55,3.21,Chennai
2023-09-12,1.8,28.81,34.03,24.88,76.71,2.96,Chennai
2023-09-13,8.37,28.81,33.43,25.8,77.87,2.84,Chennai
2023-09-14,4.99,28.94,34.09,24.75,77.34,3.96,Chennai
2023-09-15,4.02,28.48,32.46,25.41,77.47,4.49,Chennai
2023-09-16,27.6,27.63,31.05,25.21,82.93,4.42,Chennai
2023-09-17,7.4,28.13,31.75,25.49,82.79,3.42,Chennai
2023-09-18,6.86,28.22,32.0,25.86,82.13,3.53,Chennai
2023-09-19,4.7,27.92,31.04,25.92,82.96,3.76,Chennai
2023-09-20,3.42,27.75,30.72,25.72,82.64,3.02,Chennai
2023-09-21,4.08,27.15,29.77,25.27,84.23,3.43,Chennai
2023-09-22,0.91,28.22,31.81,25.38,82.57,3.54,Chennai
2023-09-23,4.18,28.61,31.78,26.03,84.47,3.93,Chennai
2023-09-24,13.01,28.3,30.72,26.21,84.45,3.54,Chennai
2023-09-25,16.03,26.79,28.06,25.91,88.59,3.35,Chennai
2023-09-26,10.41,27.58,30.86,25.07,85.21,3.64,Chennai
2023-09-27,4.95,27.77,30.84,25.71,82.77,3.22,Chennai
2023-09-28,12.18,28.02,31.19,25.55,82.37,3.07,Chennai
2023-09-29,9.79,27.59,30.68,25.12,85.03,4.45,Chennai
2023-09-30,8.53,27.72,31.26,24.66,80.61,3.91,Chennai
2023-10-01,1.19,27.44,31.4,23.9,82.99,4.73,Chennai
2023-10-02,0.69,27.53,31.95,23.94,82.8,5.1,Chennai
2023-10-03,0.64,28.57,32.98,24.28,78.69,4.02,Chennai
2023-10-04,5.0,28.87,32.92,25.4,80.29,3.02,Chennai
2023-10-05,3.78,28.96,32.69,25.74,80.17,2.34,Chennai
2023-10-06,2.56,28.36,31.51,26.09,82.18,2.35,Chennai
2023-10-07,1.1,28.68,32.37,25.89,82.33,2.22,Chennai
2023-10-08,0.63,28.23,31.05,26.32,85.94,3.08,Chennai
2023-10-09,0.4,28.05,30.88,25.79,85.96,2.71,Chennai
2023-10-10,2.95,28.03,30.51,25.9,86.32,2.4,Chennai
2023-10-11,2.44,28.04,31.16,25.89,82.89,2.2,Chennai
2023-10-12,0.04,27.62,31.39,25.01,80.09,2.63,Chennai
2023-10-13,0.7,27.16,30.55,23.74,79.15,2.48,Chennai
2023-10-14,3.96,27.58,30.19,25.23,81.34,2.25,Chennai
2023-10-15,0.86,27.34,29.62,25.29,83.92,2.03,Chennai
2023-10-16,0.7,27.73,30.37,25.89,82.46,2.61,Chennai
2023-10-17,0.24,27.83,31.03,25.74,79.77,3.29,Chennai
2023-10-18,0.01,27.73,31.17,25.03,75.35,3.4,Chennai
2023-10-19,0.0,27.62,31.06,24.71,77.26,3.05,Chennai
2023-10-20,0.26,27.65,31.15,24.97,78.06,2.76,Chennai
2023-10-21,7.89,27.74,31.78,25.09,81.5,4.06,Chennai
2023-10-22,0.46,27.78,31.05,25.31,79.91,3.98,Chennai
2023-10-23,0.01,27.41,31.69,24.54,68.17,3.11,Chennai
2023-10-24,0.0,27.22,31.21,23.63,69.26,2.18,Chennai
2023-10-25,0.01,27.61,32.01,23.72,71.58,2.51,Chennai
2023-10-26,0.01,27.34,31.14,23.58,76.89,2.84,Chennai
2023-10-27,0.03,27.55,31.1,24.78,78.88,3.08,Chennai
2023-10-28,1.34,27.89,31.36,25.63,78.68,2.56,Chennai
2023-10-29,7.24,27.43,29.82,25.58,83.19,2.79,Chennai
2023-10-30,8.84,26.63,28.24,25.4,85.25,2.84,Chennai
2023-10-31,1.3,27.41,29.64,25.69,80.58,4.28,Chennai
2023-11-01,5.87,27.75,30.48,25.95,83.84,4.78,Chennai
2023-11-02,5.84,27.78,30.41,25.75,82.65,3.41,Chennai
2023-11-03,18.86,26.99,28.5,25.76,88.05,2.43,Chennai
2023-11-04,24.68,26.95,29.39,25.5,86.19,3.05,Chennai
2023-11-05,9.19,26.7,28.94,25.09,85.35,1.78,Chennai
2023-11-06,8.74,27.14,29.79,25.52,83.1,1.9,Chennai
2023-11-07,4.44,26.96,29.26,25.13,85.91,3.03,Chennai
2023-11-08,5.75,26.76,28.73,25.37,86.15,2.75,Chennai
2023-11-09,12.07,26.59,28.62,24.84,87.36,2.72,Chennai
2023-11-10,1.73,27.06,29.71,25.16,83.34,4.02,Chennai
2023-11-11,0.01,26.6,29.75,23.95,78.08,4.46,Chennai
2023-11-12,0.03,26.87,30.09,24.61,75.52,4.83,Chennai
2023-11-13,5.77,27.06,29.93,24.89,81.36,5.47,Chennai
2023-11-14,40.48,26.14,27.41,25.21,88.39,5.38,Chennai
2023-11-15,10.98,26.13,27.83,25.14,90.77,5.64,Chennai
2023-11-16,3.49,26.8,30.05,24.58,84.68,4.61,Chennai
2023-11-17,0.9,26.74,30.04,24.05,85.04,4.28,Chennai
2023-11-18,0.76,27.01,30.13,25.18,84.42,5.13,Chennai
2023-11-19,0.38,27.0,29.7,25.15,84.85,5.13,Chennai
2023-11-20,18.5,26.57,27.89,25.82,90.63,5.46,Chennai
2023-11-21,14.95,27.01,29.29,25.48,86.09,3.6,Chennai
2023-11-22,11.15,26.8,28.73,25.29,85.57,2.9,Chennai
2023-11-23,11.14,26.93,29.55,24.93,86.25,1.8,Chennai
2023-11-24,14.33,26.66,28.3,25.35,89.94,3.52,Chennai
2023-11-25,11.86,26.91,29.03,25.58,86.08,4.77,Chennai
2023-11-26,7.68,26.71,29.23,25.06,85.85,5.02,Chennai
2023-11-27,18.5,26.82,29.22,25.23,86.53,3.99,Chennai
2023-11-28,14.1,26.89,29.42,25.19,85.59,4.33,Chennai
2023-11-29,45.11,26.36,28.62,24.74,87.08,3.8,Chennai
2023-11-30,19.95,26.02,28.56,24.31,88.69,3.75,Chennai
2023-12-01,13.28,26.32,28.63,24.78,86.66,5.04,Chennai
2023-12-02,35.1,26.38,28.46,24.9,88.14,6.97,Chennai
2023-12-03,50.09,26.28,27.92,25.15,90.4,8.93,Chennai
2023-12-04,187.88,24.8,26.13,23.62,89.68,14.75,Chennai
2023-12-05,2.58,25.84,29.99,23.43,86.3,5.96,Chennai
2023-12-06,1.83,27.07,30.09,24.59,87.78,2.22,Chennai
2023-12-07,1.35,27.07,29.72,25.27,87.08,2.14,Chennai
2023-12-08,0.69,26.38,28.68,24.81,89.08,3.92,Chennai
2023-12-09,0.34,26.1,28.51,24.49,86.13,4.65,Chennai
2023-12-10,0.07,25.51,28.43,23.41,84.14,4.44,Chennai
2023-12-11,0.08,25.1,28.35,22.59,84.5,4.22,Chennai
2023-12-12,0.12,24.49,27.44,22.38,81.09,4.08,Chennai
2023-12-13,0.02,24.29,27.67,21.61,77.51,4.57,Chennai
2023-12-14,0.03,24.53,27.33,22.29,80.25,5.24,Chennai
2023-12-15,7.0,25.18,27.46,23.39,88.2,5.7,Chennai
2023-12-16,1.85,25.99,28.6,24.68,86.69,5.83,Chennai
2023-12-17,0.13,25.5,27.88,24.0,83.44,5.47,Chennai
2023-12-18,0.04,25.15,27.5,23.77,81.4,5.69,Chennai
2023-12-19,0.01,24.75,27.37,23.29,81.44,5.58,Chennai
2023-12-20,0.01,24.69,27.55,22.69,82.83,5.31,Chennai
2023-12-21,0.02,24.69,27.34,22.94,83.89,4.66,Chennai
2023-12-22,0.0,24.23,27.73,21.58,80.25,3.69,Chennai
2023-12-23,0.0,23.75,27.3,20.91,77.38,3.47,Chennai
2023-12-24,0.01,24.62,27.85,21.93,84.37,5.4,Chennai
2023-12-25,0.02,25.17,28.34,22.71,85.29,5.39,Chennai
2023-12-26,0.0,24.53,28.04,22.04,82.05,4.65,Chennai
2023-12-27,0.02,24.45,27.62,22.2,80.46,5.21,Chennai
2023-12-28,0.15,25.1,28.4,22.95,84.87,5.2,Chennai
2023-12-29,0.21,25.2,28.4,23.22,84.25,5.25,Chennai
2023-12-30,0.01,24.34,27.58,21.97,80.46,4.36,Chennai
2023-12-31,0.01,24.46,27.79,21.96,77.83,3.85,Chennai
2024-01-01,0.23,24.34,27.64,22.04,77.47,3.59,Chennai
2024-01-02,0.04,24.28,27.54,21.47,77.42,3.94,Chennai
2024-01-03,1.01,24.57,27.71,22.4,81.63,4.18,Chennai
2024-01-04,2.55,25.06,28.04,22.8,80.49,3.94,Chennai
2024-01-05,1.07,25.03,27.96,23.35,80.22,4.33,Chennai
2024-01-06,2.85,25.18,28.26,23.24,81.29,5.05,Chennai
2024-01-07,40.16,24.68,26.71,23.52,87.52,6.51,Chennai
2024-01-08,8.1,25.39,27.98,23.72,83.75,5.71,Chennai
2024-01-09,0.68,25.29,28.05,23.68,80.62,5.4,Chennai
2024-01-10,0.02,24.91,27.76,22.99,79.34,4.51,Chennai
2024-01-11,0.0,24.61,27.73,22.37,80.75,4.51,Chennai
2024-01-12,0.0,25.09,28.17,22.79,81.21,4.18,Chennai
2024-01-13,0.0,24.89,27.96,22.51,83.2,3.68,Chennai
2024-01-14,0.0,24.31,28.08,21.61,83.35,3.16,Chennai
2024-01-15,0.0,24.4,28.33,21.77,80.62,2.75,Chennai
2024-01-16,0.0,23.97,27.88,21.39,75.78,2.88,Chennai
2024-01-17,0.0,24.11,27.78,21.39,74.92,2.21,Chennai
2024-01-18,0.0,24.49,28.16,21.61,76.36,2.35,Chennai
2024-01-19,0.01,25.01,28.71,22.17,81.61,3.06,Chennai
2024-01-20,0.0,24.89,28.41,22.33,81.47,3.74,Chennai
2024-01-21,0.0,24.68,28.59,21.79,78.16,2.82,Chennai
2024-01-22,0.0,24.93,28.7,22.55,78.55,2.76,Chennai
2024-01-23,0.0,24.96,28.3,22.6,79.42,3.12,Chennai
2024-01-24,0.0,25.06,28.99,22.43,77.54,3.09,Chennai
2024-01-25,0.0,25.07,28.94,22.28,76.96,3.06,Chennai
2024-01-26,0.02,24.64,28.1,22.31,79.5,3.73,Chennai
2024-01-27,0.05,24.82,28.38,22.21,82.07,4.4,Chennai
2024-01-28,0.0,24.73,28.34,22.0,80.17,4.43,Chennai
2024-01-29,0.0,24.16,28.39,20.95,75.11,4.52,Chennai
2024-01-30,0.0,24.13,28.26,20.29,80.26,3.29,Chennai
2024-01-31,0.0,25.19,29.31,21.65,78.98,2.81,Chennai
2024-02-01,0.02,26.1,29.89,23.35,80.4,2.3,Chennai
2024-02-02,0.02,26.56,30.15,24.15,79.65,2.86,Chennai
2024-02-03,0.0,26.23,30.54,23.31,77.72,3.21,Chennai
2024-02-04,0.0,25.56,30.05,22.66,76.29,3.25,Chennai
2024-02-05,0.0,25.42,30.09,22.29,77.48,3.34,Chennai
2024-02-06,0.0,25.28,29.88,22.09,77.52,2.96,Chennai
2024-02-07,0.0,25.35,30.55,21.27,75.18,2.58,Chennai
2024-02-08,0.0,25.48,31.24,21.05,77.01,2.52,Chennai
2024-02-09,0.0,25.84,30.52,22.46,78.03,2.58,Chennai
2024-02-10,0.0,26.17,30.33,23.15,78.56,4.01,Chennai
2024-02-11,0.0,25.8,29.79,22.83,75.23,4.4,Chennai
2024-02-12,0.0,25.5,30.31,22.35,73.01,4.33,Chennai
2024-02-13,0.0,26.01,30.27,22.75,78.03,4.21,Chennai
2024-02-14,0.0,26.1,30.47,22.93,74.59,4.29,Chennai
2024-02-15,0.0,25.65,30.54,22.2,73.76,4.21,Chennai
2024-02-16,0.0,25.85,30.64,22.2,74.93,4.64,Chennai
2024-02-17,0.0,25.81,31.12,22.16,74.64,4.19,Chennai
2024-02-18,0.0,25.97,31.59,22.17,71.31,2.96,Chennai
2024-02-19,0.0,26.67,31.89,22.96,70.53,3.11,Chennai
2024-02-20,0.0,26.95,32.56,23.53,68.57,2.78,Chennai
2024-02-21,0.0,26.98,32.82,22.33,70.2,3.45,Chennai
2024-02-22,0.0,27.77,32.92,24.17,72.86,4.33,Chennai
2024-02-23,0.01,28.41,33.44,25.26,76.63,4.65,Chennai
2024-02-24,0.0,28.0,32.31,25.49,75.11,4.05,Chennai
2024-02-25,0.0,27.35,31.92,24.9,74.06,3.73,Chennai
2024-02-26,0.0,27.31,31.8,24.34,72.45,4.9,Chennai
2024-02-27,0.0,27.15,31.67,24.13,72.99,4.66,Chennai
2024-02-28,0.0,26.59,32.24,22.53,70.5,3.88,Chennai
2024-02-29,0.0,27.01,33.06,21.88,68.36,3.02,Chennai
2024-03-01,0.0,27.48,33.31,23.4,67.99,3.14,Chennai
2024-03-02,0.0,27.65,33.86,23.36,65.42,2.73,Chennai
2024-03-03,0.0,27.46,33.59,23.68,66.14,3.19,Chennai
2024-03-04,0.0,27.14,32.95,22.77,66.98,3.2,Chennai
2024-03-05,0.0,27.56,33.91,22.84,66.59,2.84,Chennai
2024-03-06,0.0,27.74,34.24,22.71,66.87,2.87,Chennai
2024-03-07,0.0,27.87,34.37,23.05,65.88,3.49,Chennai
2024-03-08,0.0,27.96,33.85,23.18,67.66,4.34,Chennai
2024-03-09,0.0,28.49,34.9,23.77,67.63,3.93,Chennai
2024-03-10,0.0,28.55,34.4,24.62,67.62,3.64,Chennai
2024-03-11,0.01,28.76,34.61,24.77,68.19,3.6,Chennai
2024-03-12,0.0,28.95,35.42,24.09,66.64,3.52,Chennai
2024-03-13,0.0,29.33,36.06,24.05,64.06,4.88,Chennai
2024-03-14,0.0,29.38,35.71,25.17,62.11,4.58,Chennai
2024-03-15,0.0,28.98,34.89,24.98,65.0,4.22,Chennai
2024-03-16,0.0,29.0,34.83,25.07,69.5,4.43,Chennai
2024-03-17,0.0,29.02,35.15,24.24,65.29,3.87,Chennai
2024-03-18,0.0,29.04,35.55,23.86,63.23,3.55,Chennai
2024-03-19,0.0,29.06,35.41,24.34,62.8,3.88,Chennai
2024-03-20,0.0,28.56,34.18,23.91,67.19,4.22,Chennai
2024-03-21,0.02,29.23,33.77,25.92,66.99,4.52,Chennai
2024-03-22,0.0,29.56,34.88,25.79,64.87,3.69,Chennai
2024-03-23,0.0,29.25,35.72,24.21,64.19,3.62,Chennai
2024-03-24,0.0,29.34,35.87,24.32,64.0,4.24,Chennai
2024-03-25,0.0,29.39,35.69,24.63,60.89,3.9,Chennai
2024-03-26,0.0,29.14,36.11,23.8,55.98,4.01,Chennai
2024-03-27,0.0,29.3,36.6,23.6,53.68,3.64,Chennai
2024-03-28,0.0,30.12,37.38,23.8,56.08,3.2,Chennai
2024-03-29,0.0,30.39,37.05,25.09,61.32,4.23,Chennai
2024-03-30,0.0,30.17,37.12,24.9,57.79,4.02,Chennai
2024-03-31,0.0,30.04,36.91,24.36,61.77,3.68,Chennai
2024-04-01,0.0,30.65,37.33,25.7,64.24,3.46,Chennai
2024-04-02,0.0,30.71,38.07,25.0,63.11,3.64,Chennai
2024-04-03,0.0,30.49,37.22,25.64,66.31,4.81,Chennai
2024-04-04,0.0,30.88,38.08,25.34,61.89,4.14,Chennai
2024-04-05,0.0,31.29,38.65,24.77,58.27,3.63,Chennai
2024-04-06,0.0,31.85,39.04,25.82,57.48,4.29,Chennai
2024-04-07,0.0,31.75,38.66,26.83,58.15,4.31,Chennai
2024-04-08,0.0,30.84,38.04,25.38,65.34,4.9,Chennai
2024-04-09,0.0,30.85,36.86,26.29,63.48,4.26,Chennai
2024-04-10,0.0,30.95,36.47,26.97,63.93,3.71,Chennai
2024-04-11,0.03,31.41,37.31,26.81,60.35,3.63,Chennai
2024-04-12,0.05,31.39,37.1,27.31,61.52,4.42,Chennai
2024-04-13,0.06,31.33,37.09,27.02,59.2,3.56,Chennai
2024-04-14,0.04,31.25,37.03,26.93,59.78,3.59,Chennai
2024-04-15,0.0,31.41,37.65,26.35,58.94,3.19,Chennai
2024-04-16,0.0,31.61,37.96,25.97,59.97,4.01,Chennai
2024-04-17,0.0,32.22,38.75,27.15,60.26,5.19,Chennai
2024-04-18,0.0,32.5,39.25,27.89,63.08,5.38,Chennai
2024-04-19,0.0,32.59,39.36,28.4,64.21,5.58,Chennai
2024-04-20,0.01,32.29,39.03,27.93,65.69,4.89,Chennai
2024-04-21,0.01,32.18,38.41,27.57,65.82,4.16,Chennai
2024-04-22,0.0,32.05,38.69,27.15,64.6,4.2,Chennai
2024-04-23,0.0,31.95,38.42,27.29,60.03,4.22,Chennai
2024-04-24,0.0,32.32,39.36,26.12,59.06,3.98,Chennai
2024-04-25,0.0,32.51,38.67,27.7,58.56,3.49,Chennai
2024-04-26,0.0,32.34,38.76,27.53,57.77,4.14,Chennai
2024-04-27,0.0,32.01,38.7,26.74,56.99,3.52,Chennai
2024-04-28,0.0,32.16,39.23,26.56,57.51,3.78,Chennai
2024-04-29,0.0,32.14,39.33,26.65,59.37,3.65,Chennai
2024-04-30,0.0,32.17,39.58,26.37,59.07,4.73,Chennai
2024-05-01,0.01,33.78,41.06,28.23,61.59,5.69,Chennai
2024-05-02,0.01,33.83,40.05,29.56,62.58,6.17,Chennai
2024-05-03,0.03,33.53,38.85,29.89,60.39,6.08,Chennai
2024-05-04,0.86,33.14,39.08,29.47,63.57,5.89,Chennai
2024-05-05,0.29,33.5,39.65,29.48,63.15,6.72,Chennai
2024-05-06,0.64,33.43,39.47,29.77,64.07,6.14,Chennai
2024-05-07,2.35,32.48,37.26,29.78,67.03,5.16,Chennai
2024-05-08,4.73,31.53,36.16,28.43,67.79,3.26,Chennai
2024-05-09,0.83,31.37,35.92,28.18,67.06,3.94,Chennai
2024-05-10,0.98,31.75,36.43,28.59,65.08,4.3,Chennai
2024-05-11,0.31,31.72,35.77,29.09,66.29,4.25,Chennai
2024-05-12,0.41,31.54,35.15,28.46,65.15,3.72,Chennai
2024-05-13,0.64,31.32,34.89,28.51,65.51,3.27,Chennai
2024-05-14,0.59,31.12,34.54,28.78,65.17,2.73,Chennai
2024-05-15,0.4,31.48,36.26,28.29,63.61,3.42,Chennai
2024-05-16,7.7,28.92,30.53,26.68,76.75,2.94,Chennai
2024-05-17,2.99,29.78,34.33,26.37,70.49,3.15,Chennai
2024-05-18,1.74,30.2,33.8,27.28,72.19,3.06,Chennai
2024-05-19,2.76,30.71,34.89,27.59,70.55,2.5,Chennai
2024-05-20,4.13,30.12,32.81,28.34,74.04,2.75,Chennai
2024-05-21,1.98,30.2,33.5,27.87,74.55,2.62,Chennai
2024-05-22,0.73,30.97,34.94,27.8,70.72,2.95,Chennai
2024-05-23,0.34,31.09,35.6,28.1,71.27,2.75,Chennai
2024-05-24,0.03,31.75,36.44,28.05,67.1,3.78,Chennai
2024-05-25,1.18,31.53,36.31,28.66,64.34,4.92,Chennai
2024-05-26,0.05,33.33,39.16,27.76,56.5,3.69,Chennai
2024-05-27,0.01,34.14,39.75,29.3,54.07,4.19,Chennai
2024-05-28,0.01,33.79,38.53,30.02,53.24,3.75,Chennai
2024-05-29,0.01,34.6,40.94,29.33,49.91,3.47,Chennai
2024-05-30,0.26,34.53,40.01,30.45,54.25,3.46,Chennai
2024-05-31,0.29,34.06,39.22,30.57,58.58,4.0,Chennai
2024-06-01,6.81,33.33,37.33,30.2,65.18,3.02,Chennai
2024-06-02,12.36,29.65,31.31,27.87,74.94,3.04,Chennai
2024-06-03,1.7,29.58,32.78,27.19,73.79,2.61,Chennai
2024-06-04,5.73,30.56,34.12,27.6,75.36,3.47,Chennai
2024-06-05,22.77,29.74,32.29,27.86,81.18,3.09,Chennai
2024-06-06,13.65,28.47,29.96,27.35,85.94,3.46,Chennai
2024-06-07,11.92,28.78,31.8,26.27,77.28,4.17,Chennai
2024-06-08,4.97,30.3,35.03,26.88,72.86,5.45,Chennai
2024-06-09,2.93,29.9,33.93,26.69,73.69,5.17,Chennai
2024-06-10,1.81,30.54,35.6,26.11,66.07,5.85,Chennai
2024-06-11,4.55,29.07,33.5,26.13,66.51,4.81,Chennai
2024-06-12,6.39,28.93,33.34,25.6,69.65,4.82,Chennai
2024-06-13,1.3,30.14,35.77,25.78,65.37,4.03,Chennai
2024-06-14,0.07,29.67,33.88,25.46,61.42,4.83,Chennai
2024-06-15,0.96,30.09,35.65,24.79,62.99,3.62,Chennai
2024-06-16,6.97,30.79,35.98,26.89,68.94,3.45,Chennai
2024-06-17,13.08,29.86,33.91,26.91,72.78,3.18,Chennai
2024-06-18,36.01,29.65,33.6,26.21,73.75,3.79,Chennai
2024-06-19,5.54,28.99,32.78,25.93,75.37,3.33,Chennai
2024-06-20,2.52,29.83,35.19,25.59,72.24,4.0,Chennai
2024-06-21,4.92,29.72,35.02,25.52,69.58,5.59,Chennai
2024-06-22,3.38,30.01,35.37,25.37,68.53,4.97,Chennai
2024-06-23,2.96,29.25,32.74,26.38,74.27,4.37,Chennai
2024-06-24,1.01,29.67,34.26,25.74,72.8,4.7,Chennai
2024-06-25,0.63,29.23,33.32,25.76,67.57,5.92,Chennai
2024-06-26,0.66,28.91,32.68,25.7,65.4,6.31,Chennai
2024-06-27,0.07,28.09,32.59,25.17,67.12,4.6,Chennai
2024-06-28,0.0,29.3,34.86,24.26,63.67,4.25,Chennai
2024-06-29,0.04,29.76,35.27,24.7,64.76,4.65,Chennai
2024-06-30,17.07,29.05,33.18,26.61,73.1,5.0,Chennai
2024-07-01,2.41,29.29,33.32,26.32,72.12,5.46,Chennai
2024-07-02,0.89,30.42,36.72,25.43,64.9,4.52,Chennai
2024-07-03,19.5,29.93,35.87,24.75,72.07,3.63,Chennai
2024-07-04,2.61,30.04,35.19,25.92,73.88,3.39,Chennai
2024-07-05,22.96,29.45,33.75,26.59,75.22,3.31,Chennai
2024-07-06,9.82,28.28,32.46,25.35,76.22,4.32,Chennai
2024-07-07,11.48,28.85,33.16,25.66,74.79,3.2,Chennai
2024-07-08,2.77,29.3,33.83,25.85,73.46,3.43,Chennai
2024-07-09,3.48,28.35,31.4,25.98,77.08,3.7,Chennai
2024-07-10,4.31,28.81,31.96,26.38,76.83,3.95,Chennai
2024-07-11,17.07,28.65,32.3,25.89,75.74,3.97,Chennai
2024-07-12,29.31,28.79,32.13,26.53,76.31,3.89,Chennai
2024-07-13,8.48,28.81,33.77,24.72,73.49,3.58,Chennai
2024-07-14,7.89,28.79,33.91,25.17,74.02,5.83,Chennai
2024-07-15,5.31,27.74,31.69,25.0,80.34,5.56,Chennai
2024-07-16,1.88,28.61,33.17,25.75,78.81,6.31,Chennai
2024-07-17,1.21,28.87,33.93,25.09,73.91,6.35,Chennai
2024-07-18,4.56,28.36,33.11,25.3,76.66,6.32,Chennai
2024-07-19,0.46,28.4,33.18,25.26,74.5,6.68,Chennai
2024-07-20,0.36,29.03,34.58,24.97,74.0,5.52,Chennai
2024-07-21,0.18,29.88,35.53,25.31,71.0,5.82,Chennai
2024-07-22,0.02,29.76,34.34,25.53,70.01,5.65,Chennai
2024-07-23,0.66,29.69,35.45,24.84,67.65,5.56,Chennai
2024-07-24,0.27,29.28,34.39,25.66,69.45,5.4,Chennai
2024-07-25,0.05,29.53,35.05,25.35,69.27,5.99,Chennai
2024-07-26,0.47,29.73,34.38,25.73,67.69,6.3,Chennai
2024-07-27,0.02,30.47,36.67,25.41,63.94,6.71,Chennai
2024-07-28,0.01,30.16,35.61,25.81,65.5,5.84,Chennai
2024-07-29,1.08,30.07,35.61,25.69,69.7,5.12,Chennai
2024-07-30,3.44,29.47,33.73,26.2,72.67,4.71,Chennai
2024-07-31,0.93,29.7,33.54,26.33,72.79,3.7,Chennai
2024-08-01,1.33,30.32,35.39,26.44,71.42,3.21,Chennai
2024-08-02,3.04,29.87,34.48,26.28,69.3,4.4,Chennai
2024-08-03,4.58,29.53,33.49,26.01,71.76,3.06,Chennai
2024-08-04,14.82,28.79,32.39,25.83,77.17,3.19,Chennai
2024-08-05,15.59,28.59,32.62,25.8,77.07,3.16,Chennai
2024-08-06,25.91,27.85,29.92,25.92,83.47,2.78,Chennai
2024-08-07,9.33,27.62,30.04,25.62,83.01,2.44,Chennai
2024-08-08,12.35,28.45,31.53,25.5,80.87,3.01,Chennai
2024-08-09,10.74,28.82,33.06,25.54,79.72,3.1,Chennai
2024-08-10,11.65,28.92,31.53,26.42,81.53,2.69,Chennai
2024-08-11,19.28,29.06,32.01,26.53,81.33,2.11,Chennai
2024-08-12,16.13,29.06,31.67,26.91,83.85,2.58,Chennai
2024-08-13,0.35,29.07,32.01,26.93,82.64,2.43,Chennai
2024-08-14,0.63,28.85,31.44,26.65,83.68,2.91,Chennai
2024-08-15,0.6,28.86,32.02,26.59,82.27,2.95,Chennai
2024-08-16,0.24,28.96,31.77,27.04,83.2,3.91,Chennai
2024-08-17,0.94,28.64,30.84,26.73,86.35,2.28,Chennai
2024-08-18,1.34,28.71,31.28,26.68,85.42,2.27,Chennai
2024-08-19,0.21,28.92,31.32,27.19,84.86,3.9,Chennai
2024-08-20,1.12,28.62,30.82,26.57,85.41,4.06,Chennai
2024-08-21,0.49,28.59,31.2,26.75,81.24,6.79,Chennai
2024-08-22,0.04,28.01,30.71,25.26,81.11,5.23,Chennai
2024-08-23,0.03,28.69,32.34,25.95,79.15,4.79,Chennai
2024-08-24,0.06,28.62,32.33,25.87,79.36,4.97,Chennai
2024-08-25,0.05,28.7,32.98,25.37,77.48,4.69,Chennai
2024-08-26,0.05,28.92,33.07,25.62,77.31,5.02,Chennai
2024-08-27,2.37,28.65,32.11,25.02,76.36,3.11,Chennai
2024-08-28,1.33,28.09,31.33,25.6,78.39,2.67,Chennai
2024-08-29,1.95,28.07,32.13,25.09,79.48,3.73,Chennai
2024-08-30,12.54,27.91,31.24,25.43,83.13,3.82,Chennai
2024-08-31,4.11,27.7,32.1,25.15,76.29,5.66,Chennai
2024-09-01,0.87,28.48,33.53,24.63,73.65,5.18,Chennai
2024-09-02,8.19,28.42,33.06,24.23,77.05,3.93,Chennai
2024-09-03,5.58,28.64,31.92,25.63,77.75,2.49,Chennai
2024-09-04,1.23,28.76,32.76,25.64,80.19,3.44,Chennai
2024-09-05,3.24,28.51,31.97,25.54,79.38,3.54,Chennai
2024-09-06,3.45,28.21,31.42,25.82,81.4,3.75,Chennai
2024-09-07,0.82,28.29,31.79,25.25,79.81,3.76,Chennai
2024-09-08,0.16,28.71,33.16,25.03,76.4,4.13,Chennai
2024-09-09,0.95,28.52,32.84,24.92,77.46,4.34,Chennai
2024-09-10,0.04,28.91,33.28,24.71,77.27,4.8,Chennai
2024-09-11,0.04,28.77,33.12,25.01,75.81,3.97,Chennai
2024-09-12,0.01,29.1,33.36,24.71,73.28,3.2,Chennai
2024-09-13,0.01,29.73,34.13,25.77,70.78,2.34,Chennai
2024-09-14,0.02,29.85,34.85,25.64,69.48,2.74,Chennai
2024-09-15,0.01,29.8,35.04,25.0,68.51,3.59,Chennai
2024-09-16,0.01,29.93,35.52,25.12,67.6,4.13,Chennai
2024-09-17,0.14,30.24,35.76,25.11,67.92,3.57,Chennai
2024-09-18,4.48,29.75,33.8,26.08,73.11,3.46,Chennai
2024-09-19,0.56,29.73,33.55,26.43,72.38,2.88,Chennai
2024-09-20,1.55,29.08,32.83,26.33,75.14,2.91,Chennai
2024-09-21,5.32,29.75,33.99,26.05,67.62,1.63,Chennai
2024-09-22,2.59,30.01,34.75,25.52,70.61,3.4,Chennai
2024-09-23,6.34,29.2,32.88,25.4,76.86,2.6,Chennai
2024-09-24,19.09,28.53,31.07,26.54,82.71,3.16,Chennai
2024-09-25,23.58,28.14,31.44,26.4,83.51,2.81,Chennai
2024-09-26,4.18,28.53,31.8,26.26,79.77,2.58,Chennai
2024-09-27,2.41,28.28,31.23,26.22,77.9,2.56,Chennai
2024-09-28,3.84,27.94,30.66,25.99,81.87,2.21,Chennai
2024-09-29,0.39,27.97,31.52,25.66,82.37,3.0,Chennai
2024-09-30,0.21,28.39,31.85,25.87,79.7,2.72,Chennai
2024-10-01,0.1,28.73,32.76,25.5,78.62,3.34,Chennai
2024-10-02,1.93,29.5,33.82,25.89,78.02,4.21,Chennai
2024-10-03,7.28,29.42,32.77,25.77,78.79,2.8,Chennai
2024-10-04,4.02,28.44,31.14,26.35,80.7,2.3,Chennai
2024-10-05,4.03,28.44,31.2,25.75,80.84,2.48,Chennai
2024-10-06,1.16,28.09,30.42,26.08,80.09,1.34,Chennai
2024-10-07,2.79,27.83,30.57,25.56,79.74,1.85,Chennai
2024-10-08,5.44,27.76,30.44,25.57,81.35,2.07,Chennai
2024-10-09,7.55,27.84,30.83,25.64,81.8,2.22,Chennai
2024-10-10,7.17,27.75,30.28,25.88,81.75,1.95,Chennai
2024-10-11,8.53,27.86,30.47,25.83,82.75,2.57,Chennai
2024-10-12,6.25,27.59,29.25,26.34,85.6,2.42,Chennai
2024-10-13,5.78,27.87,29.95,26.39,83.74,2.64,Chennai
2024-10-14,43.95,27.1,28.92,25.59,87.72,4.11,Chennai
2024-10-15,69.18,26.88,29.02,25.55,86.71,3.09,Chennai
2024-10-16,42.95,27.02,29.12,25.19,86.95,2.58,Chennai
2024-10-17,6.4,27.72,30.24,25.68,83.82,3.92,Chennai
2024-10-18,11.4,28.16,30.93,26.23,78.81,2.45,Chennai
2024-10-19,15.22,27.44,29.04,25.67,82.57,1.57,Chennai
2024-10-20,4.84,27.53,29.96,25.72,84.62,1.64,Chennai
2024-10-21,2.64,28.06,30.7,26.26,82.52,1.98,Chennai
2024-10-22,1.8,28.03,30.83,25.95,81.95,1.53,Chennai
2024-10-23,1.17,28.3,31.67,25.17,78.7,1.93,Chennai
2024-10-24,0.63,28.32,31.0,25.39,77.11,1.61,Chennai
2024-10-25,0.45,28.77,32.42,25.31,72.84,2.42,Chennai
2024-10-26,0.0,28.25,32.65,23.93,71.29,2.97,Chennai
2024-10-27,0.05,28.56,32.56,25.22,71.41,2.14,Chennai
2024-10-28,0.21,29.05,32.28,26.17,73.78,1.72,Chennai
2024-10-29,2.6,28.46,31.98,25.81,76.59,2.21,Chennai
2024-10-30,16.49,27.49,30.06,25.38,84.93,2.55,Chennai
2024-10-31,8.62,27.54,29.94,25.86,83.35,1.95,Chennai
2024-11-01,4.86,27.25,29.49,25.51,84.74,1.97,Chennai
2024-11-02,6.99,27.24,29.81,25.37,83.48,2.58,Chennai
2024-11-03,4.73,26.85,28.98,24.88,84.75,2.83,Chennai
2024-11-04,0.1,27.39,30.7,25.13,78.66,3.31,Chennai
2024-11-05,0.34,27.14,30.51,24.63,77.86,4.01,Chennai
2024-11-06,9.46,26.88,29.76,24.48,85.08,5.31,Chennai
2024-11-07,12.07,27.46,30.28,25.83,85.02,5.13,Chennai
2024-11-08,1.3,27.45,30.44,25.42,81.44,4.78,Chennai
2024-11-09,0.71,27.15,29.65,25.41,79.39,4.87,Chennai
2024-11-10,0.21,26.97,29.84,24.63,78.44,5.25,Chennai
2024-11-11,4.45,26.71,29.74,24.53,79.57,5.74,Chennai
2024-11-12,32.81,26.0,28.1,24.15,89.56,4.19,Chennai
2024-11-13,21.94,26.86,28.49,25.86,88.95,4.12,Chennai
2024-11-14,19.89,27.15,29.17,25.6,86.77,3.4,Chennai
2024-11-15,14.61,26.95,28.66,25.95,87.81,3.51,Chennai
2024-11-16,22.68,26.97,28.76,25.87,88.54,4.31,Chennai
2024-11-17,2.12,26.65,29.12,25.02,83.19,4.96,Chennai
2024-11-18,0.03,26.46,29.53,24.4,81.52,5.11,Chennai
2024-11-19,0.02,25.89,28.67,23.98,81.47,5.3,Chennai
2024-11-20,0.01,25.33,28.41,23.23,80.88,4.58,Chennai
2024-11-21,0.01,25.17,28.62,22.62,80.14,4.73,Chennai
2024-11-22,0.07,24.83,28.06,22.22,82.32,4.91,Chennai
2024-11-23,1.37,25.76,29.11,23.28,85.16,4.64,Chennai
2024-11-24,0.5,25.78,28.17,23.93,83.61,4.88,Chennai
2024-11-25,2.11,25.47,28.07,23.37,84.26,5.82,Chennai
2024-11-26,41.96,26.02,27.14,24.96,91.71,6.3,Chennai
2024-11-27,2.84,25.47,27.01,24.11,86.7,8.31,Chennai
2024-11-28,33.16,24.85,26.45,22.92,90.87,8.62,Chennai
2024-11-29,13.71,26.41,27.84,25.35,92.11,8.33,Chennai
2024-11-30,128.29,26.57,26.89,26.22,93.29,13.02,Chennai
2024-12-01,26.52,26.63,27.27,26.3,92.89,9.83,Chennai
2024-12-02,15.65,26.87,28.43,25.87,90.96,6.94,Chennai
2024-12-03,3.13,26.69,29.1,25.23,87.36,3.94,Chennai
2024-12-04,9.92,26.47,28.8,24.81,89.4,2.93,Chennai
2024-12-05,3.32,26.63,29.58,24.66,86.05,2.16,Chennai
2024-12-06,1.01,26.1,28.79,24.22,87.42,2.17,Chennai
2024-12-07,0.12,26.4,29.32,24.41,82.96,2.45,Chennai
2024-12-08,0.03,26.13,29.07,24.3,82.18,2.47,Chennai
2024-12-09,0.11,26.38,29.59,24.0,83.05,2.83,Chennai
2024-12-10,0.17,26.37,29.1,24.37,83.97,4.9,Chennai
2024-12-11,20.16,25.99,27.85,24.72,87.97,5.79,Chennai
2024-12-12,79.36,26.07,27.64,24.99,90.69,5.6,Chennai
2024-12-13,1.73,25.43,27.74,23.73,84.59,5.15,Chennai
2024-12-14,0.64,24.6,26.97,23.07,82.29,5.05,Chennai
2024-12-15,0.26,24.02,26.81,22.04,79.73,5.35,Chennai
2024-12-16,4.15,23.5,26.6,20.67,80.4,5.37,Chennai
2024-12-17,3.95,22.36,24.46,20.34,86.65,7.1,Chennai
2024-12-18,9.15,24.25,27.86,20.52,90.2,5.69,Chennai
2024-12-19,4.99,25.7,28.19,24.16,90.44,4.62,Chennai
2024-12-20,1.4,26.26,29.2,24.06,88.48,4.12,Chennai
2024-12-21,0.26,26.19,29.08,24.2,89.27,4.3,Chennai
2024-12-22,0.08,25.17,27.95,22.66,88.55,4.76,Chennai
2024-12-23,0.4,24.85,28.66,21.77,88.42,5.75,Chennai
2024-12-24,4.83,24.96,27.41,23.09,90.49,6.38,Chennai
2024-12-25,7.4,25.17,28.52,22.35,89.41,4.67,Chennai
2024-12-26,11.98,25.94,28.4,24.1,89.08,4.96,Chennai
2024-12-27,12.62,25.67,28.18,23.89,84.66,5.32,Chennai
2024-12-28,0.23,25.21,28.05,23.33,82.48,4.2,Chennai
2024-12-29,1.31,25.14,28.02,23.04,85.57,5.29,Chennai
2024-12-30,1.47,25.49,28.28,23.61,85.18,5.34,Chennai
2024-12-31,0.0,25.13,27.85,23.17,83.91,4.97,Chennai
2025-01-01,0.0,24.48,27.49,22.28,83.31,4.32,Chennai
2025-01-02,0.03,24.06,27.22,21.54,82.63,4.01,Chennai
2025-01-03,0.01,23.63,27.07,21.43,79.01,4.18,Chennai
2025-01-04,0.02,23.48,26.76,20.62,77.78,3.36,Chennai
2025-01-05,0.0,23.74,27.3,20.81,76.19,2.79,Chennai
2025-01-06,0.0,24.22,27.85,21.58,71.06,2.67,Chennai
2025-01-07,0.0,23.66,27.47,20.71,76.78,3.41,Chennai
2025-01-08,0.0,23.06,26.8,19.72,76.7,4.11,Chennai
2025-01-09,0.05,23.51,26.82,20.8,78.76,4.59,Chennai
2025-01-10,0.13,24.06,26.98,22.03,82.27,5.18,Chennai
2025-01-11,0.04,24.16,27.31,22.04,80.1,5.0,Chennai
2025-01-12,1.95,24.71,27.59,22.21,85.27,5.0,Chennai
2025-01-13,4.08,25.21,27.82,23.52,87.43,5.4,Chennai
2025-01-14,0.23,24.6,27.53,22.56,82.34,4.99,Chennai
2025-01-15,0.07,24.69,27.34,23.06,80.15,5.49,Chennai
2025-01-16,0.16,24.39,27.34,22.36,79.37,4.81,Chennai
2025-01-17,0.36,23.77,26.65,22.07,80.39,5.03,Chennai
2025-01-18,14.07,24.12,27.0,21.91,83.58,5.83,Chennai
2025-01-19,23.57,24.59,27.0,22.17,87.98,5.88,Chennai
2025-01-20,0.04,23.63,27.36,20.78,82.93,4.44,Chennai
2025-01-21,0.04,23.35,27.08,20.03,81.76,3.71,Chennai
2025-01-22,0.01,24.12,27.41,21.65,81.12,3.83,Chennai
2025-01-23,0.02,23.91,27.45,21.37,78.92,3.24,Chennai
2025-01-24,0.03,23.29,26.28,20.74,79.83,3.37,Chennai
2025-01-25,0.01,22.94,26.91,20.14,79.53,3.9,Chennai
2025-01-26,0.0,23.26,27.5,19.37,81.58,3.28,Chennai
2025-01-27,0.0,23.78,27.98,20.36,78.0,2.83,Chennai
2025-01-28,0.0,23.85,27.86,21.19,75.23,2.56,Chennai
2025-01-29,0.0,23.36,27.33,20.59,77.17,3.84,Chennai
2025-01-30,0.0,23.99,27.95,20.11,81.55,2.78,Chennai
2025-01-31,0.08,25.19,29.05,22.02,85.87,2.56,Chennai
2025-02-01,0.03,25.22,29.42,22.21,81.17,2.41,Chennai
2025-02-02,0.02,24.56,28.93,21.67,77.3,1.88,Chennai
2025-02-03,0.0,24.12,28.64,20.16,72.48,1.55,Chennai
2025-02-04,0.0,24.82,29.69,20.07,66.46,1.69,Chennai
2025-02-05,0.0,25.27,29.78,22.05,68.85,2.09,Chennai
2025-02-06,0.0,25.14,29.57,22.26,78.54,2.26,Chennai
2025-02-07,0.0,24.88,29.4,21.42,76.16,1.88,Chennai
2025-02-08,0.0,24.93,28.97,21.04,77.13,2.22,Chennai
2025-02-09,0.0,24.97,28.93,21.4,80.02,2.67,Chennai
2025-02-10,0.0,25.01,29.17,22.15,78.3,2.89,Chennai
2025-02-11,0.0,24.45,28.74,21.63,74.09,1.97,Chennai
2025-02-12,0.0,24.47,29.47,20.66,73.4,1.79,Chennai
2025-02-13,0.0,24.19,29.6,19.21,72.31,2.0,Chennai
2025-02-14,0.0,24.12,29.63,19.49,74.71,2.25,Chennai
2025-02-15,0.0,24.57,30.12,19.94,76.41,2.51,Chennai
2025-02-16,0.0,25.13,30.1,21.33,76.24,2.51,Chennai
2025-02-17,0.0,25.52,30.41,22.3,77.4,2.6,Chennai
2025-02-18,0.0,25.2,30.19,21.73,76.6,2.32,Chennai
2025-02-19,0.0,25.32,30.61,21.21,75.61,2.58,Chennai
2025-02-20,0.0,25.53,30.64,21.74,76.83,2.78,Chennai
2025-02-21,0.0,25.9,30.84,22.68,76.47,2.6,Chennai
2025-02-22,0.0,26.4,32.02,22.75,72.18,2.31,Chennai
2025-02-23,0.0,26.22,32.26,21.61,70.42,2.71,Chennai
2025-02-24,0.0,26.29,31.51,22.48,73.72,3.41,Chennai
2025-02-25,0.0,26.53,31.34,22.63,75.32,4.74,Chennai
2025-02-26,0.0,26.63,31.61,23.16,74.61,5.32,Chennai
2025-02-27,0.0,26.25,31.66,22.3,72.07,4.74,Chennai
2025-02-28,0.05,26.3,31.42,21.77,71.62,4.29,Chennai
2025-03-01,1.14,27.19,32.08,23.58,75.13,3.91,Chennai
2025-03-02,0.04,27.15,32.55,23.18,75.12,2.44,Chennai
2025-03-03,0.0,27.41,33.6,23.16,70.23,2.41,Chennai
2025-03-04,0.0,27.25,34.17,21.91,69.77,2.9,Chennai
2025-03-05,0.0,27.57,34.09,22.82,65.97,2.51,Chennai
2025-03-06,0.0,27.61,34.88,22.2,64.66,3.48,Chennai
2025-03-07,0.0,26.27,33.46,19.96,64.28,2.65,Chennai
2025-03-08,0.0,26.24,32.97,21.13,69.98,2.97,Chennai
2025-03-09,0.0,26.26,32.22,21.58,70.88,3.3,Chennai
2025-03-10,0.07,27.18,32.66,23.16,71.13,4.18,Chennai
2025-03-11,10.2,27.26,31.29,24.07,80.24,4.86,Chennai
2025-03-12,2.97,28.2,32.31,25.16,78.25,2.82,Chennai
2025-03-13,0.01,28.51,34.47,24.45,71.74,2.25,Chennai
2025-03-14,0.0,27.85,34.31,23.39,74.28,3.35,Chennai
2025-03-15,0.0,27.73,34.35,23.05,72.15,3.4,Chennai
2025-03-16,0.0,28.22,34.27,23.7,72.86,2.57,Chennai
2025-03-17,0.0,28.36,33.42,24.46,76.39,3.11,Chennai
2025-03-18,0.01,28.32,32.88,24.75,77.5,3.41,Chennai
2025-03-19,0.01,28.47,33.71,24.6,75.0,4.09,Chennai
2025-03-20,0.01,28.77,34.0,24.98,70.4,3.86,Chennai
2025-03-21,0.0,28.85,34.13,24.92,71.53,3.86,Chennai
2025-03-22,0.02,28.98,33.54,25.37,74.4,4.09,Chennai
2025-03-23,0.02,29.2,33.04,26.65,71.74,3.81,Chennai
2025-03-24,0.0,29.0,33.86,25.31,67.7,3.07,Chennai
2025-03-25,0.02,28.84,35.33,24.03,65.61,2.61,Chennai
2025-03-26,0.01,29.08,35.48,23.87,65.6,3.36,Chennai
2025-03-27,0.02,29.74,36.52,24.19,60.12,2.98,Chennai
2025-03-28,0.0,29.82,37.35,23.73,61.56,3.88,Chennai
2025-03-29,0.0,29.61,37.0,23.5,61.22,3.75,Chennai
2025-03-30,0.0,28.82,35.18,23.74,66.86,4.11,Chennai
2025-03-31,0.0,28.65,34.12,24.4,67.54,3.98,Chennai
2025-04-01,0.01,27.75,32.65,23.99,66.18,3.43,Chennai
2025-04-02,1.78,29.07,34.54,24.57,65.6,3.65,Chennai
2025-04-03,4.87,29.33,34.36,26.01,67.5,3.65,Chennai
2025-04-04,0.32,29.5,35.44,24.31,62.76,3.38,Chennai
2025-04-05,1.57,29.77,35.2,25.23,66.74,2.88,Chennai
2025-04-06,0.07,30.37,36.05,26.11,64.81,3.1,Chennai
2025-04-07,0.04,29.96,35.3,26.26,67.5,2.97,Chennai
2025-04-08,0.04,29.82,34.99,25.9,67.23,3.12,Chennai
2025-04-09,0.12,29.92,35.37,25.77,68.98,4.08,Chennai
2025-04-10,0.32,31.1,37.38,26.0,62.73,2.91,Chennai
2025-04-11,2.77,31.72,37.74,27.87,63.85,3.74,Chennai
2025-04-12,0.69,32.04,38.83,27.34,59.71,3.8,Chennai
2025-04-13,2.15,31.72,37.68,26.94,61.11,3.03,Chennai
2025-04-14,0.53,30.94,36.58,26.73,62.42,3.12,Chennai
2025-04-15,1.65,30.04,35.29,25.89,67.09,3.92,Chennai
2025-04-16,8.33,29.82,34.45,26.79,70.27,3.95,Chennai
2025-04-17,2.91,29.97,35.22,26.34,70.63,3.82,Chennai
2025-04-18,0.45,30.46,35.22,27.06,70.69,4.42,Chennai
2025-04-19,2.5,30.85,36.12,27.35,71.11,3.83,Chennai
2025-04-20,3.16,30.83,36.13,27.48,72.42,4.16,Chennai
2025-04-21,0.46,29.78,33.63,26.77,75.62,2.95,Chennai
2025-04-22,0.0,30.65,36.15,26.2,67.73,3.75,Chennai
2025-04-23,0.0,30.66,36.24,26.67,65.8,4.08,Chennai
2025-04-24,0.0,30.14,34.06,26.72,70.33,3.84,Chennai
2025-04-25,0.0,30.84,35.97,27.1,70.33,4.22,Chennai
2025-04-26,0.01,30.63,35.87,26.57,70.76,4.62,Chennai
2025-04-27,0.08,30.39,34.68,27.41,71.0,4.07,Chennai
2025-04-28,0.01,30.57,35.03,27.24,66.59,3.72,Chennai
2025-04-29,0.01,31.2,36.55,27.17,63.72,3.45,Chennai
2025-04-30,0.01,31.33,36.81,27.07,65.41,4.1,Chennai
2025-05-01,0.2,31.77,37.03,28.04,64.5,4.52,Chennai
2025-05-02,0.24,31.55,36.73,27.96,65.66,4.46,Chennai
2025-05-03,0.4,31.55,37.21,27.68,65.08,4.38,Chennai
2025-05-04,4.57,31.12,35.64,28.23,66.83,4.37,Chennai
2025-05-05,2.52,29.86,33.94,26.9,73.2,3.67,Chennai
2025-05-06,3.14,29.83,33.63,27.31,75.56,4.02,Chennai
2025-05-07,5.05,29.7,33.25,27.02,74.4,3.04,Chennai
2025-05-08,2.69,30.18,34.4,26.44,71.49,3.5,Chennai
2025-05-09,3.37,29.94,34.39,27.05,72.56,2.21,Chennai
2025-05-10,0.39,30.55,35.67,26.59,70.2,3.33,Chennai
2025-05-11,0.51,30.16,33.66,27.66,72.71,3.11,Chennai
2025-05-12,0.22,31.39,36.88,27.43,66.17,2.8,Chennai
2025-05-13,0.09,31.78,37.31,28.07,63.41,3.3,Chennai
2025-05-14,0.39,31.35,36.09,27.55,66.91,2.31,Chennai
2025-05-15,0.48,32.0,37.26,28.51,67.21,2.46,Chennai
2025-05-16,1.55,30.27,32.81,27.79,61.58,2.54,Chennai
2025-05-17,7.68,30.96,36.7,26.33,59.45,3.07,Chennai
2025-05-18,8.05,30.09,34.28,27.23,72.24,2.64,Chennai
2025-05-19,8.72,30.07,33.61,27.52,73.72,2.48,Chennai
2025-05-20,15.23,29.27,32.01,27.1,78.6,3.36,Chennai
2025-05-21,3.43,30.16,34.39,26.61,73.33,3.27,Chennai
2025-05-22,0.22,30.68,35.27,26.84,67.37,3.78,Chennai
2025-05-23,4.82,31.0,36.04,26.64,67.84,4.45,Chennai
2025-05-24,3.01,30.96,36.1,27.18,69.27,5.78,Chennai
2025-05-25,2.32,30.16,33.95,27.25,72.13,6.15,Chennai
2025-05-26,1.7,29.89,34.57,26.55,67.9,7.15,Chennai
2025-05-27,0.86,30.83,36.78,26.39,62.07,6.23,Chennai
2025-05-28,1.02,30.66,35.49,26.73,63.14,5.99,Chennai
2025-05-29,0.66,30.54,35.65,26.99,65.21,5.47,Chennai
2025-05-30,12.93,29.59,33.84,26.35,69.36,4.88,Chennai
2025-05-31,0.1,29.68,34.05,26.17,62.37,4.36,Chennai
2025-06-01,0.03,30.9,37.9,25.88,59.46,4.34,Chennai
2025-06-02,0.53,31.43,37.91,25.52,60.29,4.01,Chennai
2025-06-03,3.77,31.52,37.32,26.89,60.9,4.22,Chennai
2025-06-04,1.65,30.88,36.75,25.41,61.03,3.52,Chennai
2025-06-05,1.14,31.08,36.34,27.11,64.34,3.36,Chennai
2025-06-06,0.75,30.97,36.69,26.53,64.91,3.54,Chennai
2025-06-07,1.99,31.24,35.89,27.65,68.52,3.16,Chennai
2025-06-08,1.5,31.21,34.96,27.97,68.14,3.51,Chennai
2025-06-09,3.45,30.33,33.31,27.43,71.65,3.74,Chennai
2025-06-10,2.86,29.9,34.61,26.96,73.29,4.01,Chennai
2025-06-11,7.73,29.47,32.86,26.97,77.09,3.38,Chennai
2025-06-12,5.97,29.64,33.93,26.91,73.62,4.21,Chennai
2025-06-13,5.61,29.97,33.94,26.54,73.21,5.74,Chennai
2025-06-14,1.56,28.62,31.25,26.29,78.38,5.07,Chennai
2025-06-15,0.63,29.5,33.15,26.43,68.32,6.48,Chennai
2025-06-16,0.01,29.66,34.39,25.84,63.83,6.79,Chennai
2025-06-17,0.07,30.19,35.83,25.47,61.49,5.46,Chennai
2025-06-18,0.39,30.44,35.63,25.98,64.59,4.67,Chennai
2025-06-19,0.55,30.95,36.07,26.42,65.1,4.41,Chennai
2025-06-20,3.09,30.9,36.18,26.7,66.07,4.42,Chennai
2025-06-21,1.3,30.82,35.74,26.41,66.11,3.76,Chennai
2025-06-22,6.11,30.67,35.85,26.81,65.81,3.93,Chennai
2025-06-23,0.74,30.7,36.8,25.98,61.7,5.36,Chennai
2025-06-24,0.37,30.26,35.77,25.58,55.23,6.45,Chennai
2025-06-25,0.52,29.39,33.34,26.05,62.47,5.03,Chennai
2025-06-26,0.14,30.36,35.86,25.69,64.32,4.55,Chennai
2025-06-27,0.33,30.17,34.97,26.15,63.92,4.43,Chennai
2025-06-28,1.9,30.08,34.27,26.26,66.73,3.76,Chennai
2025-06-29,0.16,31.2,37.09,26.48,62.96,4.11,Chennai
2025-06-30,1.05,30.53,35.48,26.39,62.4,3.89,Chennai
2025-07-01,0.43,30.11,34.07,26.04,64.28,3.59,Chennai
2025-07-02,3.16,30.37,35.12,26.15,62.62,3.96,Chennai
2025-07-03,1.29,29.83,34.89,25.76,63.71,4.67,Chennai
2025-07-04,0.35,31.08,37.33,25.62,57.66,4.93,Chennai
2025-07-05,0.44,31.62,38.13,26.31,56.62,4.67,Chennai
2025-07-06,0.47,31.43,36.86,27.13,57.79,5.34,Chennai
2025-07-07,0.27,31.57,36.44,26.96,57.02,5.37,Chennai
2025-07-08,4.39,31.78,38.36,27.29,59.73,4.61,Chennai
2025-07-09,0.94,31.12,36.56,26.73,63.85,3.08,Chennai
2025-07-10,0.79,31.34,37.21,27.16,62.9,3.37,Chennai
2025-07-11,2.88,31.3,36.22,27.58,62.46,3.59,Chennai
2025-07-12,8.4,30.7,35.84,27.15,66.26,3.81,Chennai
2025-07-13,3.24,30.67,35.79,26.87,63.87,4.27,Chennai
2025-07-14,3.44,30.03,34.6,26.42,68.19,4.36,Chennai
2025-07-15,2.87,30.13,34.93,26.0,67.46,4.54,Chennai
2025-07-16,16.17,30.09,34.54,26.76,69.47,3.9,Chennai
2025-07-17,8.42,29.77,33.84,26.51,72.96,3.78,Chennai
2025-07-18,19.59,28.52,31.57,26.23,77.94,2.95,Chennai
2025-07-19,13.86,29.28,33.07,25.54,72.88,2.39,Chennai
2025-07-20,3.97,29.17,33.23,25.59,70.4,4.37,Chennai
2025-07-21,4.67,27.8,32.21,24.39,70.93,6.08,Chennai
2025-07-22,0.62,29.07,34.31,24.88,62.24,5.68,Chennai
2025-07-23,3.52,28.55,32.78,25.39,69.52,4.39,Chennai
2025-07-24,1.54,29.08,33.62,24.98,70.59,4.31,Chennai
2025-07-25,0.88,29.18,33.7,25.58,66.97,5.19,Chennai
2025-07-26,0.6,28.97,33.11,25.29,67.05,5.86,Chennai
2025-07-27,0.01,29.67,34.5,25.16,64.46,5.31,Chennai
2025-07-28,0.01,30.21,36.04,24.95,61.67,5.18,Chennai
2025-07-29,0.07,30.58,36.68,24.85,61.03,4.86,Chennai
2025-07-30,0.2,30.68,37.17,25.0,62.34,3.62,Chennai
2025-07-31,0.12,30.27,35.27,26.32,65.8,3.09,Chennai
2025-08-01,0.69,30.61,36.29,26.64,67.01,3.24,Chennai
2025-08-02,3.41,29.62,33.07,26.7,72.46,3.24,Chennai
2025-08-03,2.9,29.15,32.63,26.29,75.7,3.16,Chennai
2025-08-04,10.4,28.92,32.64,25.9,76.78,2.58,Chennai
2025-08-05,3.79,28.77,32.54,25.75,76.26,2.9,Chennai
2025-08-06,7.22,29.23,32.88,26.33,76.68,1.82,Chennai
2025-08-07,8.47,29.3,33.36,26.1,75.25,3.4,Chennai
2025-08-08,13.42,27.79,29.6,26.45,84.46,1.61,Chennai
2025-08-09,2.09,28.43,32.56,25.45,75.56,3.67,Chennai
2025-08-10,6.63,27.31,29.56,25.58,82.9,4.13,Chennai
2025-08-11,5.99,27.05,30.03,25.06,81.25,3.76,Chennai
2025-08-12,3.55,27.7,31.77,24.9,75.63,4.09,Chennai
2025-08-13,3.22,27.85,31.43,24.7,71.61,4.09,Chennai
2025-08-14,1.13,28.66,32.81,24.83,73.63,3.68,Chennai
2025-08-15,5.37,28.48,32.59,24.46,73.35,4.24,Chennai
2025-08-16,6.26,27.97,31.74,24.86,75.82,4.41,Chennai
2025-08-17,12.03,27.01,30.56,24.69,83.03,4.34,Chennai
2025-08-18,1.55,27.91,32.05,25.06,77.24,5.31,Chennai
2025-08-19,1.86,28.49,33.83,24.16,71.99,5.3,Chennai
2025-08-20,0.31,28.7,33.57,23.98,69.85,3.86,Chennai
2025-08-21,5.29,28.97,33.0,25.37,73.15,2.69,Chennai
2025-08-22,25.69,27.99,30.17,26.0,80.44,3.29,Chennai
2025-08-23,17.58,26.76,28.12,25.91,85.26,3.48,Chennai
2025-08-24,4.46,28.77,33.52,25.38,75.33,2.91,Chennai
2025-08-25,0.06,28.7,32.33,25.15,73.42,2.88,Chennai
2025-08-26,0.21,28.88,31.85,25.15,73.59,2.87,Chennai
2025-08-27,0.93,28.31,31.4,25.61,77.58,3.22,Chennai
2025-08-28,0.76,28.59,32.35,25.5,77.68,3.67,Chennai
2025-08-29,0.97,28.89,32.92,25.28,74.17,3.81,Chennai
2025-08-30,13.45,29.37,33.91,24.84,73.78,3.04,Chennai
2025-08-31,10.11,29.12,33.17,25.5,75.18,2.9,Chennai
2025-09-01,8.21,28.44,32.04,25.61,77.94,3.73,Chennai
2025-09-02,3.33,28.55,32.54,25.5,76.56,3.4,Chennai
2025-09-03,2.16,28.86,33.13,25.38,76.6,4.09,Chennai
2025-09-04,1.66,28.81,32.72,25.61,76.85,4.01,Chennai
2025-09-05,1.34,28.98,33.05,25.73,75.57,2.75,Chennai
2025-09-06,3.3,29.35,33.49,26.06,75.0,2.71,Chennai
2025-09-07,4.69,29.14,32.42,26.19,76.44,2.9,Chennai
2025-09-08,2.33,29.01,32.73,25.64,75.91,2.91,Chennai
2025-09-09,0.34,28.91,32.38,26.17,76.44,2.95,Chennai
2025-09-10,4.93,28.77,32.03,26.3,79.14,3.51,Chennai
2025-09-11,4.48,27.8,30.1,25.34,81.77,2.66,Chennai
2025-09-12,4.13,28.26,31.49,25.59,78.02,2.17,Chennai
2025-09-13,5.7,27.78,30.12,25.88,82.38,2.17,Chennai
2025-09-14,2.34,28.24,31.69,25.83,79.39,3.38,Chennai
2025-09-15,2.9,28.43,31.77,25.81,79.06,3.35,Chennai
2025-09-16,23.12,28.66,31.7,26.07,80.27,2.76,Chennai
2025-09-17,10.36,27.65,29.51,26.03,85.2,3.49,Chennai
2025-09-18,12.65,27.18,29.51,25.66,86.08,2.32,Chennai
2025-09-19,32.99,27.27,29.78,24.99,84.36,2.95,Chennai
2025-09-20,2.88,28.19,31.75,24.92,79.98,3.42,Chennai
2025-09-21,2.84,27.89,30.0,25.45,80.96,2.18,Chennai
2025-09-22,6.84,28.36,31.61,25.26,80.22,2.77,Chennai
2025-09-23,3.03,28.0,31.36,25.42,79.78,3.42,Chennai
2025-09-24,0.07,27.84,31.61,25.09,76.68,4.16,Chennai
2025-09-25,3.02,28.44,32.4,24.42,76.85,3.9,Chennai
2025-09-26,1.68,28.13,32.31,24.68,78.72,4.37,Chennai
2025-09-27,2.89,27.69,32.39,24.22,76.8,4.8,Chennai
2025-09-28,1.08,28.06,32.25,24.18,79.27,4.16,Chennai
2025-09-29,2.11,28.73,32.47,24.57,75.92,3.17,Chennai
2025-09-30,1.05,28.48,32.21,24.72,72.8,3.06,Chennai
2025-10-01,0.73,28.57,32.46,25.52,74.45,3.33,Chennai
2025-10-02,4.88,28.64,32.65,25.45,76.65,3.05,Chennai
2025-10-03,15.28,28.16,30.84,25.65,78.8,2.36,Chennai
2025-10-04,3.09,28.23,31.11,25.19,77.69,2.48,Chennai
2025-10-05,8.16,28.24,31.78,24.37,78.79,3.02,Chennai
2025-10-06,6.04,28.18,30.83,25.75,78.76,2.26,Chennai
2025-10-07,2.45,28.65,31.74,25.86,74.91,1.53,Chennai
2025-10-08,1.86,28.03,31.58,25.32,80.7,2.83,Chennai
2025-10-09,2.08,27.61,30.75,24.93,82.53,2.64,Chennai
2025-10-10,3.36,27.22,29.89,25.24,80.24,1.8,Chennai
2025-10-11,1.78,27.74,31.71,23.98,78.52,2.34,Chennai
2025-10-12,5.67,27.78,30.82,25.59,81.11,2.12,Chennai
2025-10-13,5.7,27.68,31.08,25.13,80.11,2.37,Chennai
2025-10-14,5.44,27.63,30.59,25.43,81.23,2.71,Chennai
2025-10-15,8.9,27.48,30.01,25.48,83.57,3.83,Chennai
2025-10-16,11.8,27.46,29.62,26.23,86.73,3.34,Chennai
2025-10-17,15.75,27.18,29.08,25.52,87.12,3.47,Chennai
2025-10-18,16.69,26.75,28.81,25.12,86.6,2.0,Chennai
2025-10-19,3.9,26.65,28.36,25.02,86.09,2.5,Chennai
2025-10-20,30.24,26.53,27.98,25.46,88.73,3.26,Chennai
2025-10-21,46.95,27.01,29.27,25.66,87.08,4.98,Chennai
2025-10-22,41.19,26.73,27.74,25.87,90.14,3.96,Chennai
2025-10-23,12.37,26.94,28.63,25.6,88.5,2.26,Chennai
2025-10-24,20.42,26.32,27.58,25.17,87.32,1.41,Chennai
2025-10-25,7.48,26.27,28.12,24.88,86.75,2.35,Chennai
2025-10-26,6.08,26.38,27.98,24.84,87.4,2.42,Chennai
2025-10-27,16.29,25.93,27.92,24.21,87.71,5.1,Chennai
2025-10-28,26.33,25.79,29.28,23.67,85.41,5.84,Chennai
2025-10-29,0.04,26.66,31.06,22.29,84.37,4.75,Chennai
2025-10-30,0.13,27.39,31.52,23.09,81.01,2.6,Chennai
2025-10-31,0.07,27.86,31.48,24.92,81.1,2.24,Chennai
2025-11-01,0.02,27.86,31.1,24.99,82.24,2.38,Chennai
2025-11-02,0.39,27.66,29.92,25.28,81.91,2.74,Chennai
2025-11-03,0.86,27.92,31.3,25.05,79.96,2.49,Chennai
2025-11-04,4.18,27.1,29.6,24.42,82.39,3.06,Chennai
2025-11-05,4.79,27.3,30.3,24.4,81.73,2.07,Chennai
2025-11-06,10.41,27.21,29.64,25.24,81.81,1.98,Chennai
2025-11-07,0.94,27.12,30.42,24.68,79.57,3.04,Chennai
2025-11-08,0.35,26.19,30.07,23.58,76.93,4.1,Chennai
2025-11-09,0.02,25.22,28.23,22.39,80.07,4.34,Chennai
2025-11-10,0.05,25.99,29.04,23.33,80.46,4.2,Chennai
2025-11-11,0.07,26.21,29.15,23.71,82.85,4.15,Chennai
2025-11-12,0.02,26.72,29.74,24.57,81.94,4.22,Chennai
2025-11-13,0.65,26.6,29.56,24.75,82.63,4.54,Chennai
2025-11-14,0.02,25.16,28.27,22.97,74.82,5.15,Chennai
2025-11-15,0.4,25.35,28.69,22.87,78.07,4.77,Chennai
2025-11-16,3.91,25.39,27.79,23.94,84.68,6.09,Chennai
2025-11-17,11.36,24.4,26.0,23.2,87.62,6.87,Chennai
2025-11-18,24.32,25.27,27.66,23.4,88.16,4.14,Chennai
2025-11-19,1.21,25.66,29.08,23.29,80.32,4.95,Chennai
2025-11-20,2.51,25.15,28.04,22.33,84.71,5.46,Chennai
2025-11-21,7.87,26.53,29.06,24.51,87.17,4.02,Chennai
2025-11-22,7.69,26.72,28.8,25.59,86.99,4.73,Chennai
2025-11-23,6.74,26.55,28.26,25.45,86.86,4.69,Chennai
2025-11-24,2.33,25.92,27.93,24.24,84.46,5.06,Chennai
2025-11-25,0.32,25.25,27.56,23.72,80.07,4.96,Chennai
2025-11-26,0.04,25.01,27.13,23.67,79.42,5.14,Chennai
2025-11-27,0.15,25.29,27.8,23.61,75.94,5.92,Chennai
2025-11-28,0.83,24.85,27.33,23.39,78.44,6.32,Chennai
2025-11-29,18.97,25.08,27.17,23.65,86.83,7.18,Chennai
2025-11-30,19.99,25.24,26.56,24.22,91.14,9.59,Chennai
2025-12-01,18.38,25.29,26.83,24.11,90.03,9.21,Chennai
2025-12-02,97.64,25.51,27.57,23.59,91.62,7.76,Chennai
2025-12-03,10.99,25.91,27.31,24.7,90.53,4.6,Chennai
2025-12-04,17.1,25.86,28.55,24.15,87.82,4.46,Chennai
2025-12-05,3.6,25.55,27.69,24.36,86.28,5.59,Chennai
2025-12-06,0.7,25.3,28.13,23.43,84.64,5.07,Chennai
2025-12-07,0.08,24.55,27.24,22.45,83.54,4.69,Chennai
2025-12-08,0.03,24.09,27.14,21.96,82.71,5.32,Chennai
2025-12-09,0.29,24.33,27.11,22.49,84.61,5.59,Chennai
2025-12-10,0.0,24.06,27.07,21.59,79.54,5.34,Chennai
2025-12-11,0.0,24.42,27.47,22.14,78.99,5.29,Chennai
2025-12-12,0.06,23.73,26.87,20.93,76.75,4.78,Chennai
2025-12-13,0.0,22.57,26.44,19.38,75.02,4.26,Chennai
2025-12-14,0.0,22.78,26.56,19.96,74.27,4.19,Chennai
2025-12-15,0.03,23.34,27.04,20.16,77.67,4.56,Chennai
2025-12-16,6.23,24.93,28.13,22.48,87.34,5.55,Chennai
2025-12-17,0.35,24.36,26.89,21.48,83.73,5.54,Chennai
2025-12-18,0.0,23.22,26.6,20.72,80.39,4.52,Chennai
2025-12-19,0.0,22.93,26.48,20.11,75.22,3.5,Chennai
2025-12-20,0.01,22.72,26.22,19.56,74.68,2.94,Chennai
2025-12-21,0.0,23.17,26.97,20.53,77.23,3.48,Chennai
2025-12-22,0.0,23.58,27.43,20.46,76.88,3.88,Chennai
2025-12-23,0.0,23.41,27.18,20.11,75.26,3.53,Chennai
2025-12-24,0.0,23.32,27.01,20.62,71.04,3.59,Chennai
2025-12-25,0.03,23.38,27.31,20.0,79.71,4.17,Chennai
2025-12-26,0.0,23.7,27.11,21.06,73.93,4.14,Chennai
2025-12-27,0.01,23.83,27.53,21.06,72.36,3.65,Chennai
2025-12-28,0.02,23.68,27.45,20.94,72.97,3.71,Chennai
2025-12-29,0.02,23.45,27.14,20.9,78.82,4.4,Chennai
2025-12-30,0.33,23.7,26.95,20.37,85.17,3.7,Chennai
2025-12-31,5.15,24.67,27.82,22.14,86.75,3.79,Chennai
